csv_row,isbn13,label,source,status,fields_found,fields_total,missing_fields,covers_written,reviews_written,genres_written,blurb_chars,warnings,book_url,error,out_dir
2,9780821716595,,goodreads,skipped,0,0,,0,0,0,0,1,,,data
3,9780312954154,,goodreads,skipped,0,0,,0,0,0,0,1,,,data
4,9780553259100,,goodreads,skipped,0,0,,0,0,0,0,1,,,data
5,9780671729592,,goodreads,skipped,0,0,,0,0,0,0,1,,,data
6,9780671736743,,goodreads,skipped,0,0,,0,0,0,0,1,,,data
7,9780671674885,,goodreads,skipped,0,0,,0,0,0,0,1,,,data
8,9780671730918,,goodreads,skipped,0,0,,0,0,0,0,1,,,data
9,9780394805719,,goodreads,skipped,0,0,,0,0,0,0,1,,,data
10,9780671740849,,goodreads,skipped,0,0,,0,0,0,0,1,,,data
11,9780590462280,,goodreads,skipped,0,0,,0,0,0,0,1,,,data
12,9780140341683,,goodreads,skipped,0,0,,0,0,0,0,1,,,data
13,9780380777624,,goodreads,skipped,0,0,,0,0,0,0,1,,,data
14,9780525465218,,goodreads,skipped,0,0,,0,0,0,0,1,,,data
15,9780515107319,,goodreads,skipped,0,0,,0,0,0,0,1,,,data
16,9780345280336,,goodreads,skipped,0,0,,0,0,0,0,1,,,data
17,9780553283457,,goodreads,skipped,0,0,,0,0,0,0,1,,,data
18,9781558175594,,goodreads,skipped,0,0,,0,0,0,0,1,,,data
19,9780060804848,,goodreads,skipped,0,0,,0,0,0,0,1,,,data
20,9780881501322,,goodreads,skipped,0,0,,0,0,0,0,1,,,data
21,9780345364203,,goodreads,skipped,0,0,,0,0,0,0,1,,,data
22,9780449126820,,goodreads,skipped,0,0,,0,0,0,0,1,,,data
23,9780804102292,,goodreads,skipped,0,0,,0,0,0,0,1,,,data
24,9780441001347,,goodreads,skipped,0,0,,0,0,0,0,1,,,data
25,9780345353986,,goodreads,skipped,0,0,,0,0,0,0,1,,,data
26,9780553117660,,goodreads,skipped,0,0,,0,0,0,0,1,,,data
27,9780671476991,,goodreads,skipped,0,0,,0,0,0,0,1,,,data
28,9780440208778,,goodreads,skipped,0,0,,0,0,0,0,1,,,data
29,9780553202694,,goodreads,skipped,0,0,,0,0,0,0,1,,,data
30,9780812582703,,goodreads,skipped,0,0,,0,0,0,0,1,,,data
31,9780394740799,,goodreads,skipped,0,0,,0,0,0,0,1,,,data
32,9780380475308,,goodreads,skipped,0,0,,0,0,0,0,1,,,data
33,9780373642243,,goodreads,skipped,0,0,,0,0,0,0,1,,,data
34,9780380008926,,goodreads,skipped,0,0,,0,0,0,0,1,,,data
35,9780373075270,,goodreads,skipped,0,0,,0,0,0,0,1,,,data
36,9780373500710,,goodreads,skipped,0,0,,0,0,0,0,1,,,data
37,9780451163318,,goodreads,skipped,0,0,,0,0,0,0,1,,,data
38,9780821771334,,goodreads,skipped,0,0,,0,0,0,0,1,,,data
39,9780553133646,,goodreads,skipped,0,0,,0,0,0,0,1,,,data
40,9780373483419,,goodreads,skipped,0,0,,0,0,0,0,1,,,data
41,9780449234020,,goodreads,skipped,0,0,,0,0,0,0,1,,,data
42,9780380768769,,goodreads,skipped,0,0,,0,0,0,0,1,,,data
43,9780821754245,,goodreads,skipped,0,0,,0,0,0,0,1,,,data
44,9780373260973,,goodreads,skipped,0,0,,0,0,0,0,1,,,data
45,9780523405155,,goodreads,skipped,0,0,,0,0,0,0,1,,,data
46,9780446895576,,goodreads,skipped,0,0,,0,0,0,0,1,,,data
47,9780441106035,,goodreads,skipped,0,0,,0,0,0,0,1,,,data
48,9780939391295,,goodreads,skipped,0,0,,0,0,0,0,1,,,data
49,9780920501924,,goodreads,skipped,0,0,,0,0,0,0,1,,,data
50,9780425045268,,goodreads,skipped,0,0,,0,0,0,0,1,,,data
51,9780890849330,,goodreads,skipped,0,0,,0,0,0,0,1,,,data
52,9780671672645,,goodreads,skipped,0,0,,0,0,0,0,1,,,data
53,9780373056224,,goodreads,skipped,0,0,,0,0,0,0,1,,,data
54,9780373270460,,goodreads,skipped,0,0,,0,0,0,0,1,,,data
55,9780452270275,,goodreads,skipped,0,0,,0,0,0,0,1,,,data
56,9780373760039,,goodreads,skipped,0,0,,0,0,0,0,1,,,data
57,9780373650088,,goodreads,skipped,0,0,,0,0,0,0,1,,,data
58,9780373166190,,goodreads,skipped,0,0,,0,0,0,0,1,,,data
59,9780373243846,,goodreads,skipped,0,0,,0,0,0,0,1,,,data
60,9780373056941,,goodreads,skipped,0,0,,0,0,0,0,1,,,data
61,9780671731328,,goodreads,skipped,0,0,,0,0,0,0,1,,,data
62,9780373287956,,goodreads,skipped,0,0,,0,0,0,0,1,,,data
63,9780373166312,,goodreads,skipped,0,0,,0,0,0,0,1,,,data
64,9780671702687,,goodreads,skipped,0,0,,0,0,0,0,1,,,data
65,9780449146934,,goodreads,skipped,0,0,,0,0,0,0,1,,,data
66,9780440205302,,goodreads,skipped,0,0,,0,0,0,0,1,,,data
67,9780449220856,,goodreads,skipped,0,0,,0,0,0,0,1,,,data
68,9780812542950,,goodreads,skipped,0,0,,0,0,0,0,1,,,data
69,9780812551594,,goodreads,skipped,0,0,,0,0,0,0,1,,,data
70,9780515064261,,goodreads,skipped,0,0,,0,0,0,0,1,,,data
71,9781551668024,,goodreads,skipped,0,0,,0,0,0,0,1,,,data
72,9780373483631,,goodreads,skipped,0,0,,0,0,0,0,1,,,data
73,9780380802487,,goodreads,skipped,0,0,,0,0,0,0,1,,,data
74,9780912376011,,goodreads,skipped,0,0,,0,0,0,0,1,,,data
75,9780525672890,,goodreads,skipped,0,0,,0,0,0,0,1,,,data
76,9780822942207,,goodreads,skipped,0,0,,0,0,0,0,1,,,data
77,9780821770054,,goodreads,skipped,0,0,,0,0,0,0,1,,,data
78,9780373288762,,goodreads,skipped,0,0,,0,0,0,0,1,,,data
79,9781572970366,,goodreads,skipped,0,0,,0,0,0,0,1,,,data
80,9780590053877,,goodreads,skipped,0,0,,0,0,0,0,1,,,data
81,9780380009572,,goodreads,skipped,0,0,,0,0,0,0,1,,,data
82,9780440176336,,goodreads,skipped,0,0,,0,0,0,0,1,,,data
83,9780307105554,,goodreads,skipped,0,0,,0,0,0,0,1,,,data
84,9780486286914,,goodreads,skipped,0,0,,0,0,0,0,1,,,data
85,9780570050247,,goodreads,skipped,0,0,,0,0,0,0,1,,,data
86,9780590431019,,goodreads,skipped,0,0,,0,0,0,0,1,,,data
87,9780307126894,,goodreads,skipped,0,0,,0,0,0,0,1,,,data
88,9780812527445,,goodreads,skipped,0,0,,0,0,0,0,1,,,data
89,9780553141429,,goodreads,skipped,0,0,,0,0,0,0,1,,,data
90,9780553158106,,goodreads,skipped,0,0,,0,0,0,0,1,,,data
91,9780671741884,,goodreads,skipped,0,0,,0,0,0,0,1,,,data
92,9780817300319,,goodreads,skipped,0,0,,0,0,0,0,1,,,data
93,9780451160577,,goodreads,skipped,0,0,,0,0,0,0,1,,,data
94,9780671439378,,goodreads,skipped,0,0,,0,0,0,0,1,,,data
95,9780425056523,,goodreads,skipped,0,0,,0,0,0,0,1,,,data
96,9780671789626,,goodreads,skipped,0,0,,0,0,0,0,1,,,data
97,9780590428040,,goodreads,skipped,0,0,,0,0,0,0,1,,,data
98,9780590098908,,goodreads,skipped,0,0,,0,0,0,0,1,,,data
99,9780590863704,,goodreads,skipped,0,0,,0,0,0,0,1,,,data
100,9780553285604,,goodreads,skipped,0,0,,0,0,0,0,1,,,data
101,9780425145326,,goodreads,skipped,0,0,,0,0,0,0,1,,,data
102,9780553285079,,goodreads,skipped,0,0,,0,0,0,0,1,,,data
103,9780440171676,,goodreads,skipped,0,0,,0,0,0,0,1,,,data
104,9780515076387,,goodreads,skipped,0,0,,0,0,0,0,1,,,data
105,9780380713189,,goodreads,skipped,0,0,,0,0,0,0,1,,,data
106,9780812517828,,goodreads,skipped,0,0,,0,0,0,0,1,,,data
107,9780061043949,,goodreads,skipped,0,0,,0,0,0,0,1,,,data
108,9780821743164,,goodreads,skipped,0,0,,0,0,0,0,1,,,data
109,9780944276761,,goodreads,skipped,0,0,,0,0,0,0,1,,,data
110,9780446352314,,goodreads,skipped,0,0,,0,0,0,0,1,,,data
111,9780505522351,,goodreads,skipped,0,0,,0,0,0,0,1,,,data
112,9780590453455,,goodreads,skipped,0,0,,0,0,0,0,1,,,data
113,9780553578034,,goodreads,skipped,0,0,,0,0,0,0,1,,,data
114,9780671669409,,goodreads,skipped,0,0,,0,0,0,0,1,,,data
115,9781558176133,,goodreads,skipped,0,0,,0,0,0,0,1,,,data
116,9780932294098,,goodreads,skipped,0,0,,0,0,0,0,1,,,data
117,9780802730824,,goodreads,skipped,0,0,,0,0,0,0,1,,,data
118,9781878624444,,goodreads,skipped,0,0,,0,0,0,0,1,,,data
119,9780394836645,,goodreads,skipped,0,0,,0,0,0,0,1,,,data
120,9780307681034,,goodreads,skipped,0,0,,0,0,0,0,1,,,data
121,9780445405257,,goodreads,skipped,0,0,,0,0,0,0,1,,,data
122,9780523413198,,goodreads,skipped,0,0,,0,0,0,0,1,,,data
123,9780373074419,,goodreads,skipped,0,0,,0,0,0,0,1,,,data
124,9780395409275,,goodreads,skipped,0,0,,0,0,0,0,1,,,data
125,9780515105148,,goodreads,skipped,0,0,,0,0,0,0,1,,,data
126,9780373291977,,goodreads,skipped,0,0,,0,0,0,0,1,,,data
127,9780553572810,,goodreads,skipped,0,0,,0,0,0,0,1,,,data
128,9780843944754,,goodreads,skipped,0,0,,0,0,0,0,1,,,data
129,9780843924978,,goodreads,skipped,0,0,,0,0,0,0,1,,,data
130,9780373217328,,goodreads,skipped,0,0,,0,0,0,0,1,,,data
131,9780373225156,,goodreads,skipped,0,0,,0,0,0,0,1,,,data
132,9780373224319,,goodreads,skipped,0,0,,0,0,0,0,1,,,data
133,9780812514131,,goodreads,skipped,0,0,,0,0,0,0,1,,,data
134,9780373224401,,goodreads,skipped,0,0,,0,0,0,0,1,,,data
135,9780373223664,,goodreads,skipped,0,0,,0,0,0,0,1,,,data
136,9780373221950,,goodreads,skipped,0,0,,0,0,0,0,1,,,data
137,9780553120189,,goodreads,skipped,0,0,,0,0,0,0,1,,,data
138,9780373223275,,goodreads,skipped,0,0,,0,0,0,0,1,,,data
139,9780373221356,,goodreads,skipped,0,0,,0,0,0,0,1,,,data
140,9780812533187,,goodreads,skipped,0,0,,0,0,0,0,1,,,data
141,9780812524932,,goodreads,skipped,0,0,,0,0,0,0,1,,,data
142,9780812509625,,goodreads,skipped,0,0,,0,0,0,0,1,,,data
143,9780812507140,,goodreads,skipped,0,0,,0,0,0,0,1,,,data
144,9780671039868,,goodreads,skipped,0,0,,0,0,0,0,1,,,data
145,9780373703852,,goodreads,skipped,0,0,,0,0,0,0,1,,,data
146,9780553444858,,goodreads,skipped,0,0,,0,0,0,0,1,,,data
147,9780446351478,,goodreads,skipped,0,0,,0,0,0,0,1,,,data
148,9780373078271,,goodreads,skipped,0,0,,0,0,0,0,1,,,data
149,9780837898582,,goodreads,skipped,0,0,,0,0,0,0,1,,,data
150,9780679874379,,goodreads,skipped,0,0,,0,0,0,0,1,,,data
151,9780816743971,,goodreads,skipped,0,0,,0,0,0,0,1,,,data
152,9780590519250,,goodreads,skipped,0,0,,0,0,0,0,1,,,data
153,9780816748129,,goodreads,skipped,0,0,,0,0,0,0,1,,,data
154,9780439082099,,goodreads,skipped,0,0,,0,0,0,0,1,,,data
155,9780849934728,,goodreads,skipped,0,0,,0,0,0,0,1,,,data
156,9780440401964,,goodreads,skipped,0,0,,0,0,0,0,1,,,data
157,9781556613883,,goodreads,skipped,0,0,,0,0,0,0,1,,,data
158,9780590407496,,goodreads,skipped,0,0,,0,0,0,0,1,,,data
159,9780717283347,,goodreads,skipped,0,0,,0,0,0,0,1,,,data
160,9780769605630,,goodreads,skipped,0,0,,0,0,0,0,1,,,data
161,9780140375138,,goodreads,skipped,0,0,,0,0,0,0,1,,,data
162,9780380763504,,goodreads,skipped,0,0,,0,0,0,0,1,,,data
163,9780425161906,,goodreads,skipped,0,0,,0,0,0,0,1,,,data
164,9780679811817,,goodreads,skipped,0,0,,0,0,0,0,1,,,data
165,9780553212655,,goodreads,skipped,0,0,,0,0,0,0,1,,,data
166,9780671722258,,goodreads,skipped,0,0,,0,0,0,0,1,,,data
167,9780399210808,,goodreads,skipped,0,0,,0,0,0,0,1,,,data
168,9780345274922,,goodreads,skipped,0,0,,0,0,0,0,1,,,data
169,9780821743386,,goodreads,skipped,0,0,,0,0,0,0,1,,,data
170,9780373114559,,goodreads,skipped,0,0,,0,0,0,0,1,,,data
171,9780373034543,,goodreads,skipped,0,0,,0,0,0,0,1,,,data
172,9780373706051,,goodreads,skipped,0,0,,0,0,0,0,1,,,data
173,9780373170630,,goodreads,skipped,0,0,,0,0,0,0,1,,,data
174,9780373105052,,goodreads,skipped,0,0,,0,0,0,0,1,,,data
175,9780373252527,,goodreads,skipped,0,0,,0,0,0,0,1,,,data
176,9780373108305,,goodreads,skipped,0,0,,0,0,0,0,1,,,data
177,9780373160549,,goodreads,skipped,0,0,,0,0,0,0,1,,,data
178,9780373110469,,goodreads,skipped,0,0,,0,0,0,0,1,,,data
179,9780373104789,,goodreads,skipped,0,0,,0,0,0,0,1,,,data
180,9780373104895,,goodreads,skipped,0,0,,0,0,0,0,1,,,data
181,9780373161102,,goodreads,skipped,0,0,,0,0,0,0,1,,,data
182,9780373161881,,goodreads,skipped,0,0,,0,0,0,0,1,,,data
183,9780373110940,,goodreads,skipped,0,0,,0,0,0,0,1,,,data
184,9780373161218,,goodreads,skipped,0,0,,0,0,0,0,1,,,data
185,9780373028573,,goodreads,skipped,0,0,,0,0,0,0,1,,,data
186,9780307100214,,goodreads,skipped,0,0,,0,0,0,0,1,,,data
187,9780373027866,,goodreads,skipped,0,0,,0,0,0,0,1,,,data
188,9780373707331,,goodreads,skipped,0,0,,0,0,0,0,1,,,data
189,9780373108893,,goodreads,skipped,0,0,,0,0,0,0,1,,,data
190,9780373029792,,goodreads,skipped,0,0,,0,0,0,0,1,,,data
191,9780373109494,,goodreads,skipped,0,0,,0,0,0,0,1,,,data
192,9780840751225,,goodreads,skipped,0,0,,0,0,0,0,1,,,data
193,9780805021394,,goodreads,skipped,0,0,,0,0,0,0,1,,,data
194,9780394873046,,goodreads,skipped,0,0,,0,0,0,0,1,,,data
195,9780307106520,,goodreads,skipped,0,0,,0,0,0,0,1,,,data
196,9780687078165,,goodreads,skipped,0,0,,0,0,0,0,1,,,data
197,9780590481571,,goodreads,skipped,0,0,,0,0,0,0,1,,,data
198,9780717282890,,goodreads,skipped,0,0,,0,0,0,0,1,,,data
199,9780679890485,,goodreads,skipped,0,0,,0,0,0,0,1,,,data
200,9780590445757,,goodreads,skipped,0,0,,0,0,0,0,1,,,data
201,9780345316806,,goodreads,skipped,0,0,,0,0,0,0,1,,,data
202,9780440969778,,goodreads,skipped,0,0,,0,0,0,0,1,,,data
203,9780939979219,,goodreads,skipped,0,0,,0,0,0,0,1,,,data
204,9780373104369,,goodreads,skipped,0,0,,0,0,0,0,1,,,data
205,9780373705085,,goodreads,skipped,0,0,,0,0,0,0,1,,,data
206,9780373027903,,goodreads,skipped,0,0,,0,0,0,0,1,,,data
207,9780373110810,,goodreads,skipped,0,0,,0,0,0,0,1,,,data
208,9780373028528,,goodreads,skipped,0,0,,0,0,0,0,1,,,data
209,9780373107698,,goodreads,skipped,0,0,,0,0,0,0,1,,,data
210,9780373105861,,goodreads,skipped,0,0,,0,0,0,0,1,,,data
211,9780373706945,,goodreads,skipped,0,0,,0,0,0,0,1,,,data
212,9780373111299,,goodreads,skipped,0,0,,0,0,0,0,1,,,data
213,9780373704293,,goodreads,skipped,0,0,,0,0,0,0,1,,,data
214,9780373104178,,goodreads,skipped,0,0,,0,0,0,0,1,,,data
215,9780373111398,,goodreads,skipped,0,0,,0,0,0,0,1,,,data
216,9780373116027,,goodreads,skipped,0,0,,0,0,0,0,1,,,data
217,9780373251377,,goodreads,skipped,0,0,,0,0,0,0,1,,,data
218,9780373107087,,goodreads,skipped,0,0,,0,0,0,0,1,,,data
219,9780373106462,,goodreads,skipped,0,0,,0,0,0,0,1,,,data
220,9780373106493,,goodreads,skipped,0,0,,0,0,0,0,1,,,data
221,9780373028160,,goodreads,skipped,0,0,,0,0,0,0,1,,,data
222,9780373104567,,goodreads,skipped,0,0,,0,0,0,0,1,,,data
223,9780373707171,,goodreads,skipped,0,0,,0,0,0,0,1,,,data
224,9780373251681,,goodreads,skipped,0,0,,0,0,0,0,1,,,data
225,9780373106431,,goodreads,skipped,0,0,,0,0,0,0,1,,,data
226,9780373028481,,goodreads,skipped,0,0,,0,0,0,0,1,,,data
227,9780373112111,,goodreads,skipped,0,0,,0,0,0,0,1,,,data
228,9780373111992,,goodreads,skipped,0,0,,0,0,0,0,1,,,data
229,9780373105083,,goodreads,skipped,0,0,,0,0,0,0,1,,,data
230,9780373112296,,goodreads,skipped,0,0,,0,0,0,0,1,,,data
231,9780373112197,,goodreads,skipped,0,0,,0,0,0,0,1,,,data
232,9780373105250,,goodreads,skipped,0,0,,0,0,0,0,1,,,data
233,9780373112890,,goodreads,skipped,0,0,,0,0,0,0,1,,,data
234,9780307123398,,goodreads,skipped,0,0,,0,0,0,0,1,,,data
235,9780373704279,,goodreads,skipped,0,0,,0,0,0,0,1,,,data
236,9780373093380,,goodreads,skipped,0,0,,0,0,0,0,1,,,data
237,9780821738146,,goodreads,skipped,0,0,,0,0,0,0,1,,,data
238,9780515058659,,goodreads,skipped,0,0,,0,0,0,0,1,,,data
239,9780373092901,,goodreads,skipped,0,0,,0,0,0,0,1,,,data
240,9780380419210,,goodreads,skipped,0,0,,0,0,0,0,1,,,data
241,9780821727126,,goodreads,skipped,0,0,,0,0,0,0,1,,,data
242,9780373030804,,goodreads,skipped,0,0,,0,0,0,0,1,,,data
243,9780373289707,,goodreads,skipped,0,0,,0,0,0,0,1,,,data
244,9780310466529,,goodreads,skipped,0,0,,0,0,0,0,1,,,data
245,9780821748473,,goodreads,skipped,0,0,,0,0,0,0,1,,,data
246,9780671496524,,goodreads,skipped,0,0,,0,0,0,0,1,,,data
247,9780684174709,,goodreads,skipped,0,0,,0,0,0,0,1,,,data
248,9780671028428,,goodreads,skipped,0,0,,0,0,0,0,1,,,data
249,9780671015404,,goodreads,skipped,0,0,,0,0,0,0,1,,,data
250,9780812530094,,goodreads,skipped,0,0,,0,0,0,0,1,,,data
251,9780821721919,,goodreads,skipped,0,0,,0,0,0,0,1,,,data
252,9780821732571,,goodreads,skipped,0,0,,0,0,0,0,1,,,data
253,9780821730980,,goodreads,skipped,0,0,,0,0,0,0,1,,,data
254,9780786844319,,goodreads,skipped,0,0,,0,0,0,0,1,,,data
255,9781887734011,,goodreads,skipped,0,0,,0,0,0,0,1,,,data
256,9780152321598,,goodreads,skipped,0,0,,0,0,0,0,1,,,data
257,9780553055771,,goodreads,skipped,0,0,,0,0,0,0,1,,,data
258,9780448030944,,goodreads,skipped,0,0,,0,0,0,0,1,,,data
259,9780816714667,,goodreads,skipped,0,0,,0,0,0,0,1,,,data
260,9780307200136,,goodreads,skipped,0,0,,0,0,0,0,1,,,data
261,9780590101769,,goodreads,skipped,0,0,,0,0,0,0,1,,,data
262,9780689821721,,goodreads,skipped,0,0,,0,0,0,0,1,,,data
263,9780874036886,,goodreads,skipped,0,0,,0,0,0,0,1,,,data
264,9780816703807,,goodreads,skipped,0,0,,0,0,0,0,1,,,data
265,9780425153406,,goodreads,skipped,0,0,,0,0,0,0,1,,,data
266,9780684176604,,goodreads,skipped,0,0,,0,0,0,0,1,,,data
267,9780679822370,,goodreads,skipped,0,0,,0,0,0,0,1,,,data
268,9780373024568,,goodreads,skipped,0,0,,0,0,0,0,1,,,data
269,9780688137557,,goodreads,skipped,0,0,,0,0,0,0,1,,,data
270,9780399228179,,goodreads,skipped,0,0,,0,0,0,0,1,,,data
271,9780374367800,,goodreads,skipped,0,0,,0,0,0,0,1,,,data
272,9780385013932,,goodreads,skipped,0,0,,0,0,0,0,1,,,data
273,9780809244096,,goodreads,skipped,0,0,,0,0,0,0,1,,,data
274,9780689849640,,goodreads,skipped,0,0,,0,0,0,0,1,,,data
275,9780816431618,,goodreads,skipped,0,0,,0,0,0,0,1,,,data
276,9780307121097,,goodreads,skipped,0,0,,0,0,0,0,1,,,data
277,9780394834603,,goodreads,skipped,0,0,,0,0,0,0,1,,,data
278,9780590337786,,goodreads,skipped,0,0,,0,0,0,0,1,,,data
279,9780395670644,,goodreads,skipped,0,0,,0,0,0,0,1,,,data
280,9780816732630,,goodreads,skipped,0,0,,0,0,0,0,1,,,data
281,9780763616137,,goodreads,skipped,0,0,,0,0,0,0,1,,,data
282,9780899193366,,goodreads,skipped,0,0,,0,0,0,0,1,,,data
283,9780870442438,,goodreads,skipped,0,0,,0,0,0,0,1,,,data
284,9781562882235,,goodreads,skipped,0,0,,0,0,0,0,1,,,data
285,9780930323998,,goodreads,skipped,0,0,,0,0,0,0,1,,,data
286,9780679894568,,goodreads,skipped,0,0,,0,0,0,0,1,,,data
287,9780440005339,,goodreads,skipped,0,0,,0,0,0,0,1,,,data
288,9780064450935,,goodreads,skipped,0,0,,0,0,0,0,1,,,data
289,9780819310675,,goodreads,skipped,0,0,,0,0,0,0,1,,,data
290,9780553152517,,goodreads,skipped,0,0,,0,0,0,0,1,,,data
291,9780064451130,,goodreads,skipped,0,0,,0,0,0,0,1,,,data
292,9780307130228,,goodreads,skipped,0,0,,0,0,0,0,1,,,data
293,9780394841090,,goodreads,skipped,0,0,,0,0,0,0,1,,,data
294,9780590423120,,goodreads,skipped,0,0,,0,0,0,0,1,,,data
295,9780690044812,,goodreads,skipped,0,0,,0,0,0,0,1,,,data
296,9780316119597,,goodreads,skipped,0,0,,0,0,0,0,1,,,data
297,9780060208004,,goodreads,skipped,0,0,,0,0,0,0,1,,,data
298,9780064450942,,goodreads,skipped,0,0,,0,0,0,0,1,,,data
299,9780679891246,,goodreads,skipped,0,0,,0,0,0,0,1,,,data
300,9780934426794,,goodreads,skipped,0,0,,0,0,0,0,1,,,data
301,9780373263622,,goodreads,skipped,0,0,,0,0,0,0,1,,,data
302,9780451405395,,goodreads,skipped,0,0,,0,0,0,0,1,,,data
303,9780312982874,,goodreads,skipped,0,0,,0,0,0,0,1,,,data
304,9780446314350,,goodreads,skipped,0,0,,0,0,0,0,1,,,data
305,9780451188656,,goodreads,skipped,0,0,,0,0,0,0,1,,,data
306,9780380798735,,goodreads,skipped,0,0,,0,0,0,0,1,,,data
307,9780553248852,,goodreads,skipped,0,0,,0,0,0,0,1,,,data
308,9780061043987,,goodreads,skipped,0,0,,0,0,0,0,1,,,data
309,9780061043970,,goodreads,skipped,0,0,,0,0,0,0,1,,,data
310,9781565121621,,goodreads,skipped,0,0,,0,0,0,0,1,,,data
311,9780553256246,,goodreads,skipped,0,0,,0,0,0,0,1,,,data
312,9780449219997,,goodreads,skipped,0,0,,0,0,0,0,1,,,data
313,9780515110104,,goodreads,skipped,0,0,,0,0,0,0,1,,,data
314,9780312960957,,goodreads,skipped,0,0,,0,0,0,0,1,,,data
315,9780307116543,,goodreads,skipped,0,0,,0,0,0,0,1,,,data
316,9781570641282,,goodreads,skipped,0,0,,0,0,0,0,1,,,data
317,9780448411026,,goodreads,skipped,0,0,,0,0,0,0,1,,,data
318,9780448191157,,goodreads,skipped,0,0,,0,0,0,0,1,,,data
319,9780140549928,,goodreads,skipped,0,0,,0,0,0,0,1,,,data
320,9780934323123,,goodreads,skipped,0,0,,0,0,0,0,1,,,data
321,9781577593447,,goodreads,skipped,0,0,,0,0,0,0,1,,,data
322,9780451174246,,goodreads,skipped,0,0,,0,0,0,0,1,,,data
323,9780310415510,,goodreads,skipped,0,0,,0,0,0,0,1,,,data
324,9780769604343,,goodreads,skipped,0,0,,0,0,0,0,1,,,data
325,9780439105965,,goodreads,skipped,0,0,,0,0,0,0,1,,,data
326,9780962954115,,goodreads,skipped,0,0,,0,0,0,0,1,,,data
327,9780307123305,,goodreads,skipped,0,0,,0,0,0,0,1,,,data
328,9780451521132,,goodreads,skipped,0,0,,0,0,0,0,1,,,data
329,9780440182610,,goodreads,skipped,0,0,,0,0,0,0,1,,,data
330,9780671784614,,goodreads,skipped,0,0,,0,0,0,0,1,,,data
331,9780837818245,,goodreads,skipped,0,0,,0,0,0,0,1,,,data
332,9780140360028,,goodreads,skipped,0,0,,0,0,0,0,1,,,data
333,9781573248532,,goodreads,skipped,0,0,,0,0,0,0,1,,,data
334,9780446610049,,goodreads,skipped,0,0,,0,0,0,0,1,,,data
335,9781558742956,,goodreads,skipped,0,0,,0,0,0,0,1,,,data
336,9780823049004,,goodreads,skipped,0,0,,0,0,0,0,1,,,data
337,9783423124485,,goodreads,skipped,0,0,,0,0,0,0,1,,,data
338,9783548254401,,goodreads,skipped,0,0,,0,0,0,0,1,,,data
339,9783442133413,,goodreads,skipped,0,0,,0,0,0,0,1,,,data
340,9783442442720,,goodreads,skipped,0,0,,0,0,0,0,1,,,data
341,9783453178113,,goodreads,skipped,0,0,,0,0,0,0,1,,,data
342,9783404142361,,goodreads,skipped,0,0,,0,0,0,0,1,,,data
343,9783453196124,,goodreads,skipped,0,0,,0,0,0,0,1,,,data
344,9783442151370,,goodreads,skipped,0,0,,0,0,0,0,1,,,data
345,9783442098231,,goodreads,skipped,0,0,,0,0,0,0,1,,,data
346,9783406502712,,goodreads,skipped,0,0,,0,0,0,0,1,,,data
347,9780843935189,,goodreads,skipped,0,0,,0,0,0,0,1,,,data
348,9780812538236,,goodreads,skipped,0,0,,0,0,0,0,1,,,data
349,9780721408491,,goodreads,skipped,0,0,,0,0,0,0,1,,,data
350,9780385510097,,goodreads,skipped,0,0,,0,0,0,0,1,,,data
351,9780785810735,,goodreads,skipped,0,0,,0,0,0,0,1,,,data
352,9780679438311,,goodreads,skipped,0,0,,0,0,0,0,1,,,data
353,9781414049397,,goodreads,skipped,0,0,,0,0,0,0,1,,,data
354,9781853753374,,goodreads,skipped,0,0,,0,0,0,0,1,,,data
355,9780263826982,,goodreads,skipped,0,0,,0,0,0,0,1,,,data
356,9780533102082,,goodreads,skipped,0,0,,0,0,0,0,1,,,data
357,9783257232707,,goodreads,skipped,0,0,,0,0,0,0,1,,,data
358,9780812590425,,goodreads,skipped,0,0,,0,0,0,0,1,,,data
359,9780595209309,,goodreads,skipped,0,0,,0,0,0,0,1,,,data
360,9783608875157,,goodreads,skipped,0,0,,0,0,0,0,1,,,data
361,9780465098385,,goodreads,skipped,0,0,,0,0,0,0,1,,,data
362,9780684825625,,goodreads,skipped,0,0,,0,0,0,0,1,,,data
363,9781887053068,,goodreads,skipped,0,0,,0,0,0,0,1,,,data
364,9781575420240,,goodreads,skipped,0,0,,0,0,0,0,1,,,data
365,9781890612139,,goodreads,skipped,0,0,,0,0,0,0,1,,,data
366,9782070368655,,goodreads,skipped,0,0,,0,0,0,0,1,,,data
367,9780752837260,,goodreads,skipped,0,0,,0,0,0,0,1,,,data
368,9780740738371,,goodreads,skipped,0,0,,0,0,0,0,1,,,data
369,9780340861707,,goodreads,skipped,0,0,,0,0,0,0,1,,,data
370,9781577311652,,goodreads,skipped,0,0,,0,0,0,0,1,,,data
371,9780795152399,,goodreads,skipped,0,0,,0,0,0,0,1,,,data
372,9780312929084,,goodreads,skipped,0,0,,0,0,0,0,1,,,data
373,9780440219170,,goodreads,skipped,0,0,,0,0,0,0,1,,,data
374,9783257233711,,goodreads,skipped,0,0,,0,0,0,0,1,,,data
375,9783257233445,,goodreads,skipped,0,0,,0,0,0,0,1,,,data
376,9788811666783,,goodreads,skipped,0,0,,0,0,0,0,1,,,data
377,9781568582221,,goodreads,skipped,0,0,,0,0,0,0,1,,,data
378,9783423201889,,goodreads,skipped,0,0,,0,0,0,0,1,,,data
379,9783442724062,,goodreads,skipped,0,0,,0,0,0,0,1,,,data
380,9780727841933,,goodreads,skipped,0,0,,0,0,0,0,1,,,data
381,9780553813760,,goodreads,skipped,0,0,,0,0,0,0,1,,,data
382,9780973119701,,goodreads,skipped,0,0,,0,0,0,0,1,,,data
383,9780752535463,,goodreads,skipped,0,0,,0,0,0,0,1,,,data
384,9781400030668,,goodreads,skipped,0,0,,0,0,0,0,1,,,data
385,9780871401748,,goodreads,skipped,0,0,,0,0,0,0,1,,,data
386,9780006280835,,goodreads,skipped,0,0,,0,0,0,0,1,,,data
387,9780156949521,,goodreads,skipped,0,0,,0,0,0,0,1,,,data
388,9780156572040,,goodreads,skipped,0,0,,0,0,0,0,1,,,data
389,9780883683828,,goodreads,skipped,0,0,,0,0,0,0,1,,,data
390,9780140440331,,goodreads,skipped,0,0,,0,0,0,0,1,,,data
391,9780060935740,,goodreads,skipped,0,0,,0,0,0,0,1,,,data
392,9780553251616,,goodreads,skipped,0,0,,0,0,0,0,1,,,data
393,9780415213684,,goodreads,skipped,0,0,,0,0,0,0,1,,,data
394,9780140122879,,goodreads,skipped,0,0,,0,0,0,0,1,,,data
395,9780671630904,,goodreads,skipped,0,0,,0,0,0,0,1,,,data
396,9781561792214,,goodreads,skipped,0,0,,0,0,0,0,1,,,data
397,9780140281637,,goodreads,skipped,0,0,,0,0,0,0,1,,,data
398,9780345426390,,goodreads,skipped,0,0,,0,0,0,0,1,,,data
399,9782290302958,,goodreads,skipped,0,0,,0,0,0,0,1,,,data
400,9782070372188,,goodreads,skipped,0,0,,0,0,0,0,1,,,data
401,9782266113984,,goodreads,skipped,0,0,,0,0,0,0,1,,,data
402,9783453206342,,goodreads,skipped,0,0,,0,0,0,0,1,,,data
403,9780595185023,,goodreads,skipped,0,0,,0,0,0,0,1,,,data
404,9780595187287,,goodreads,skipped,0,0,,0,0,0,0,1,,,data
405,9780307062536,,goodreads,skipped,0,0,,0,0,0,0,1,,,data
406,9780525462330,,goodreads,skipped,0,0,,0,0,0,0,1,,,data
407,9780140095753,,goodreads,skipped,0,0,,0,0,0,0,1,,,data
408,9789053330562,,goodreads,skipped,0,0,,0,0,0,0,1,,,data
409,9780156167741,,goodreads,skipped,0,0,,0,0,0,0,1,,,data
410,9789060126462,,goodreads,skipped,0,0,,0,0,0,0,1,,,data
411,9780394744551,,goodreads,skipped,0,0,,0,0,0,0,1,,,data
412,9780300065954,,goodreads,skipped,0,0,,0,0,0,0,1,,,data
413,9789038845432,,goodreads,skipped,0,0,,0,0,0,0,1,,,data
414,9789073978966,,goodreads,skipped,0,0,,0,0,0,0,1,,,data
415,9780395521052,,goodreads,skipped,0,0,,0,0,0,0,1,,,data
416,9780140007367,,goodreads,skipped,0,0,,0,0,0,0,1,,,data
417,9789023438847,,goodreads,skipped,0,0,,0,0,0,0,1,,,data
418,9781400032525,,goodreads,skipped,0,0,,0,0,0,0,1,,,data
419,9780826414793,,goodreads,skipped,0,0,,0,0,0,0,1,,,data
420,9780413696809,,goodreads,skipped,0,0,,0,0,0,0,1,,,data
421,9780553285055,,goodreads,skipped,0,0,,0,0,0,0,1,,,data
422,9780749396084,,goodreads,skipped,0,0,,0,0,0,0,1,,,data
423,9780807219966,,goodreads,skipped,0,0,,0,0,0,0,1,,,data
424,9780812036039,,goodreads,skipped,0,0,,0,0,0,0,1,,,data
425,9789029535946,,goodreads,skipped,0,0,,0,0,0,0,1,,,data
426,9781860492525,,goodreads,skipped,0,0,,0,0,0,0,1,,,data
427,9780671871161,,goodreads,skipped,0,0,,0,0,0,0,1,,,data
428,9780135197295,,goodreads,skipped,0,0,,0,0,0,0,1,,,data
429,9780766829299,,goodreads,skipped,0,0,,0,0,0,0,1,,,data
430,9780743528559,,goodreads,skipped,0,0,,0,0,0,0,1,,,data
431,9780714528755,,goodreads,skipped,0,0,,0,0,0,0,1,,,data
432,9780755101924,,goodreads,skipped,0,0,,0,0,0,0,1,,,data
433,9780061051104,,goodreads,skipped,0,0,,0,0,0,0,1,,,data
434,9780380977024,,goodreads,skipped,0,0,,0,0,0,0,1,,,data
435,9781410100320,,goodreads,skipped,0,0,,0,0,0,0,1,,,data
436,9780684189574,,goodreads,skipped,0,0,,0,0,0,0,1,,,data
437,9780618258024,,goodreads,skipped,0,0,,0,0,0,0,1,,,data
438,9780765306739,,goodreads,skipped,0,0,,0,0,0,0,1,,,data
439,9781578152674,,goodreads,skipped,0,0,,0,0,0,0,1,,,data
440,9780007116249,,goodreads,skipped,0,0,,0,0,0,0,1,,,data
441,9780345420794,,goodreads,skipped,0,0,,0,0,0,0,1,,,data
442,9780345320223,,goodreads,skipped,0,0,,0,0,0,0,1,,,data
443,9781561797950,,goodreads,skipped,0,0,,0,0,0,0,1,,,data
444,9780486223056,,goodreads,skipped,0,0,,0,0,0,0,1,,,data
445,9781594130021,,goodreads,skipped,0,0,,0,0,0,0,1,,,data
446,9780786222735,,goodreads,skipped,0,0,,0,0,0,0,1,,,data
447,9785845105127,,goodreads,skipped,0,0,,0,0,0,0,1,,,data
448,9780553561982,,goodreads,skipped,0,0,,0,0,0,0,1,,,data
449,9780759600560,,goodreads,skipped,0,0,,0,0,0,0,1,,,data
450,9788806117849,,goodreads,skipped,0,0,,0,0,0,0,1,,,data
451,9781574090741,,goodreads,skipped,0,0,,0,0,0,0,1,,,data
452,9780553232721,,goodreads,skipped,0,0,,0,0,0,0,1,,,data
453,9780671002749,,goodreads,skipped,0,0,,0,0,0,0,1,,,data
454,9780399121197,,goodreads,skipped,0,0,,0,0,0,0,1,,,data
455,9780380007387,,goodreads,skipped,0,0,,0,0,0,0,1,,,data
456,9780806998558,,goodreads,skipped,0,0,,0,0,0,0,1,,,data
457,9780821721377,,goodreads,skipped,0,0,,0,0,0,0,1,,,data
458,9780821721797,,goodreads,skipped,0,0,,0,0,0,0,1,,,data
459,9780385195775,,goodreads,skipped,0,0,,0,0,0,0,1,,,data
460,9780373055968,,goodreads,skipped,0,0,,0,0,0,0,1,,,data
461,9780373252879,,goodreads,skipped,0,0,,0,0,0,0,1,,,data
462,9781570361401,,goodreads,skipped,0,0,,0,0,0,0,1,,,data
463,9780316352505,,goodreads,skipped,0,0,,0,0,0,0,1,,,data
464,9781558582200,,goodreads,skipped,0,0,,0,0,0,0,1,,,data
465,9780895656179,,goodreads,skipped,0,0,,0,0,0,0,1,,,data
466,9780060265533,,goodreads,skipped,0,0,,0,0,0,0,1,,,data
467,9780394856407,,goodreads,skipped,0,0,,0,0,0,0,1,,,data
468,9780679812494,,goodreads,skipped,0,0,,0,0,0,0,1,,,data
469,9781891327032,,goodreads,skipped,0,0,,0,0,0,0,1,,,data
470,9780064430180,,goodreads,skipped,0,0,,0,0,0,0,1,,,data
471,9780060170325,,goodreads,skipped,0,0,,0,0,0,0,1,,,data
472,9780743429696,,goodreads,skipped,0,0,,0,0,0,0,1,,,data
473,9780764105692,,goodreads,skipped,0,0,,0,0,0,0,1,,,data
474,9781555216979,,goodreads,skipped,0,0,,0,0,0,0,1,,,data
475,9780316109222,,goodreads,skipped,0,0,,0,0,0,0,1,,,data
476,9780373898053,,goodreads,skipped,0,0,,0,0,0,0,1,,,data
477,9780316112468,,goodreads,skipped,0,0,,0,0,0,0,1,,,data
478,9780316110471,,goodreads,skipped,0,0,,0,0,0,0,1,,,data
479,9780394931272,,goodreads,skipped,0,0,,0,0,0,0,1,,,data
480,9780060205270,,goodreads,skipped,0,0,,0,0,0,0,1,,,data
481,9780060224660,,goodreads,skipped,0,0,,0,0,0,0,1,,,data
482,9780689821257,,goodreads,skipped,0,0,,0,0,0,0,1,,,data
483,9780310329619,,goodreads,skipped,0,0,,0,0,0,0,1,,,data
484,9780394831305,,goodreads,skipped,0,0,,0,0,0,0,1,,,data
485,9780864421463,,goodreads,skipped,0,0,,0,0,0,0,1,,,data
486,9780374403447,,goodreads,skipped,0,0,,0,0,0,0,1,,,data
487,9780448149226,,goodreads,skipped,0,0,,0,0,0,0,1,,,data
488,9780307128201,,goodreads,skipped,0,0,,0,0,0,0,1,,,data
489,9780307126375,,goodreads,skipped,0,0,,0,0,0,0,1,,,data
490,9780307127662,,goodreads,skipped,0,0,,0,0,0,0,1,,,data
491,9780307682703,,goodreads,skipped,0,0,,0,0,0,0,1,,,data
492,9780671506926,,goodreads,skipped,0,0,,0,0,0,0,1,,,data
493,9780312928445,,goodreads,skipped,0,0,,0,0,0,0,1,,,data
494,9780310591634,,goodreads,skipped,0,0,,0,0,0,0,1,,,data
495,9780830057566,,goodreads,skipped,0,0,,0,0,0,0,1,,,data
496,9780060245870,,goodreads,skipped,0,0,,0,0,0,0,1,,,data
497,9780694010424,,goodreads,skipped,0,0,,0,0,0,0,1,,,data
498,9780001821323,,goodreads,skipped,0,0,,0,0,0,0,1,,,data
499,9780679881278,,goodreads,skipped,0,0,,0,0,0,0,1,,,data
500,9780064440325,,goodreads,skipped,0,0,,0,0,0,0,1,,,data
501,9780194218207,,goodreads,skipped,0,0,,0,0,0,0,1,,,data
502,9780194218214,,goodreads,skipped,0,0,,0,0,0,0,1,,,data
503,9780307140043,,goodreads,skipped,0,0,,0,0,0,0,1,,,data
504,9780723237761,,goodreads,skipped,0,0,,0,0,0,0,1,,,data
505,9780064432511,,goodreads,skipped,0,0,,0,0,0,0,1,,,data
506,9780064432542,,goodreads,skipped,0,0,,0,0,0,0,1,,,data
507,9780425162415,,goodreads,skipped,0,0,,0,0,0,0,1,,,data
508,9780316140539,,goodreads,skipped,0,0,,0,0,0,0,1,,,data
509,9780064420563,,goodreads,skipped,0,0,,0,0,0,0,1,,,data
510,9780553345568,,goodreads,skipped,0,0,,0,0,0,0,1,,,data
511,9780874065862,,goodreads,skipped,0,0,,0,0,0,0,1,,,data
512,9780449001585,,goodreads,skipped,0,0,,0,0,0,0,1,,,data
513,9780816742011,,goodreads,skipped,0,0,,0,0,0,0,1,,,data
514,9780786801091,,goodreads,skipped,0,0,,0,0,0,0,1,,,data
515,9780789429605,,goodreads,skipped,0,0,,0,0,0,0,1,,,data
516,9780192641601,,goodreads,skipped,0,0,,0,0,0,0,1,,,data
517,9780446670364,,goodreads,skipped,0,0,,0,0,0,0,1,,,data
518,9780849916946,,goodreads,skipped,0,0,,0,0,0,0,1,,,data
519,9780448092836,,goodreads,skipped,0,0,,0,0,0,0,1,,,data
520,9780590427586,,goodreads,skipped,0,0,,0,0,0,0,1,,,data
521,9780595223718,,goodreads,skipped,0,0,,0,0,0,0,1,,,data
522,9780743411509,,goodreads,skipped,0,0,,0,0,0,0,1,,,data
523,9780806523408,,goodreads,skipped,0,0,,0,0,0,0,1,,,data
524,9780806580166,,goodreads,skipped,0,0,,0,0,0,0,1,,,data
525,9780449132807,,goodreads,skipped,0,0,,0,0,0,0,1,,,data
526,9780821728383,,goodreads,skipped,0,0,,0,0,0,0,1,,,data
527,9780451628244,,goodreads,skipped,0,0,,0,0,0,0,1,,,data
528,9780931128028,,goodreads,skipped,0,0,,0,0,0,0,1,,,data
529,9780689831218,,goodreads,skipped,0,0,,0,0,0,0,1,,,data
530,9780881923766,,goodreads,skipped,0,0,,0,0,0,0,1,,,data
531,9780060928728,,goodreads,skipped,0,0,,0,0,0,0,1,,,data
532,9780505519870,,goodreads,skipped,0,0,,0,0,0,0,1,,,data
533,9780671460556,,goodreads,skipped,0,0,,0,0,0,0,1,,,data
534,9780689843013,,goodreads,skipped,0,0,,0,0,0,0,1,,,data
535,9780821744222,,goodreads,skipped,0,0,,0,0,0,0,1,,,data
536,9780307165480,,goodreads,skipped,0,0,,0,0,0,0,1,,,data
537,9780307103840,,goodreads,skipped,0,0,,0,0,0,0,1,,,data
538,9780030402418,,goodreads,skipped,0,0,,0,0,0,0,1,,,data
539,9780030402463,,goodreads,skipped,0,0,,0,0,0,0,1,,,data
540,9780030449567,,goodreads,skipped,0,0,,0,0,0,0,1,,,data
541,9780819310910,,goodreads,skipped,0,0,,0,0,0,0,1,,,data
542,9780060202491,,goodreads,skipped,0,0,,0,0,0,0,1,,,data
543,9780590420310,,goodreads,skipped,0,0,,0,0,0,0,1,,,data
544,9780786701056,,goodreads,skipped,0,0,,0,0,0,0,1,,,data
545,9780861128167,,goodreads,skipped,0,0,,0,0,0,0,1,,,data
546,9780874494983,,goodreads,skipped,0,0,,0,0,0,0,1,,,data
547,9780887080265,,goodreads,skipped,0,0,,0,0,0,0,1,,,data
548,9781570822797,,goodreads,skipped,0,0,,0,0,0,0,1,,,data
549,9781888444186,,goodreads,skipped,0,0,,0,0,0,0,1,,,data
550,9780688112899,,goodreads,skipped,0,0,,0,0,0,0,1,,,data
551,9780689820472,,goodreads,skipped,0,0,,0,0,0,0,1,,,data
552,9781885211460,,goodreads,skipped,0,0,,0,0,0,0,1,,,data
553,9780575072404,,goodreads,skipped,0,0,,0,0,0,0,1,,,data
554,9780375507939,,goodreads,skipped,0,0,,0,0,0,0,1,,,data
555,9780202010823,,goodreads,skipped,0,0,,0,0,0,0,1,,,data
556,9780609604908,,goodreads,skipped,0,0,,0,0,0,0,1,,,data
557,9781577660590,,goodreads,skipped,0,0,,0,0,0,0,1,,,data
558,9780140086041,,goodreads,skipped,0,0,,0,0,0,0,1,,,data
559,9780435988326,,goodreads,skipped,0,0,,0,0,0,0,1,,,data
560,9780374528348,,goodreads,skipped,0,0,,0,0,0,0,1,,,data
561,9780374505967,,goodreads,skipped,0,0,,0,0,0,0,1,,,data
562,9780140106619,,goodreads,skipped,0,0,,0,0,0,0,1,,,data
563,9780060971489,,goodreads,skipped,0,0,,0,0,0,0,1,,,data
564,9780671201531,,goodreads,skipped,0,0,,0,0,0,0,1,,,data
565,9780864420053,,goodreads,skipped,0,0,,0,0,0,0,1,,,data
566,9780553050967,,goodreads,skipped,0,0,,0,0,0,0,1,,,data
567,9780030623288,,goodreads,skipped,0,0,,0,0,0,0,1,,,data
568,9780385042383,,goodreads,skipped,0,0,,0,0,0,0,1,,,data
569,9780451618719,,goodreads,skipped,0,0,,0,0,0,0,1,,,data
570,9780380848225,,goodreads,skipped,0,0,,0,0,0,0,1,,,data
571,9780804103794,,goodreads,skipped,0,0,,0,0,0,0,1,,,data
572,9780716719564,,goodreads,skipped,0,0,,0,0,0,0,1,,,data
573,9780395369111,,goodreads,skipped,0,0,,0,0,0,0,1,,,data
574,9780671420413,,goodreads,skipped,0,0,,0,0,0,0,1,,,data
575,9780672602184,,goodreads,skipped,0,0,,0,0,0,0,1,,,data
576,9781559635332,,goodreads,skipped,0,0,,0,0,0,0,1,,,data
577,9780691083612,,goodreads,skipped,0,0,,0,0,0,0,1,,,data
578,9780201632248,,goodreads,skipped,0,0,,0,0,0,0,1,,,data
579,9780435905361,,goodreads,skipped,0,0,,0,0,0,0,1,,,data
580,9780394722160,,goodreads,skipped,0,0,,0,0,0,0,1,,,data
581,9780882899404,,goodreads,skipped,0,0,,0,0,0,0,1,,,data
582,9781885352675,,goodreads,skipped,0,0,,0,0,0,0,1,,,data
583,9780140441604,,goodreads,skipped,0,0,,0,0,0,0,1,,,data
584,9780380691463,,goodreads,skipped,0,0,,0,0,0,0,1,,,data
585,9780764507335,,goodreads,skipped,0,0,,0,0,0,0,1,,,data
586,9780299131548,,goodreads,skipped,0,0,,0,0,0,0,1,,,data
587,9780060638450,,goodreads,skipped,0,0,,0,0,0,0,1,,,data
588,9780688103262,,goodreads,skipped,0,0,,0,0,0,0,1,,,data
589,9780195094121,,goodreads,skipped,0,0,,0,0,0,0,1,,,data
590,9780521367745,,goodreads,skipped,0,0,,0,0,0,0,1,,,data
591,9780299131203,,goodreads,skipped,0,0,,0,0,0,0,1,,,data
592,9780810464506,,goodreads,skipped,0,0,,0,0,0,0,1,,,data
593,9780030494932,,goodreads,skipped,0,0,,0,0,0,0,1,,,data
594,9780471879015,,goodreads,skipped,0,0,,0,0,0,0,1,,,data
595,9780340203804,,goodreads,skipped,0,0,,0,0,0,0,1,,,data
596,9784311700026,,goodreads,skipped,0,0,,0,0,0,0,1,,,data
597,9780393092981,,goodreads,skipped,0,0,,0,0,0,0,1,,,data
598,9780139358913,,goodreads,skipped,0,0,,0,0,0,0,1,,,data
599,9780030069567,,goodreads,skipped,0,0,,0,0,0,0,1,,,data
600,9780122603402,,goodreads,skipped,0,0,,0,0,0,0,1,,,data
601,9780226767161,,goodreads,skipped,0,0,,0,0,0,0,1,,,data
602,9780674116634,,goodreads,skipped,0,0,,0,0,0,0,1,,,data
603,9780226102450,,goodreads,skipped,0,0,,0,0,0,0,1,,,data
604,9780791405536,,goodreads,skipped,0,0,,0,0,0,0,1,,,data
605,9780521423717,,goodreads,skipped,0,0,,0,0,0,0,1,,,data
606,9780300050295,,goodreads,skipped,0,0,,0,0,0,0,1,,,data
607,9780226474847,,goodreads,skipped,0,0,,0,0,0,0,1,,,data
608,9780140195996,,goodreads,skipped,0,0,,0,0,0,0,1,,,data
609,9780451625625,,goodreads,skipped,0,0,,0,0,0,0,1,,,data
610,9780449240113,,goodreads,skipped,0,0,,0,0,0,0,1,,,data
611,9780140074659,,goodreads,skipped,0,0,,0,0,0,0,1,,,data
612,9781575660424,,goodreads,skipped,0,0,,0,0,0,0,1,,,data
613,9781886910782,,goodreads,skipped,0,0,,0,0,0,0,1,,,data
614,9780805009682,,goodreads,skipped,0,0,,0,0,0,0,1,,,data
615,9780804713368,,goodreads,skipped,0,0,,0,0,0,0,1,,,data
616,9780312185190,,goodreads,skipped,0,0,,0,0,0,0,1,,,data
617,9780449906330,,goodreads,skipped,0,0,,0,0,0,0,1,,,data
618,9780446525367,,goodreads,skipped,0,0,,0,0,0,0,1,,,data
619,9780451458162,,goodreads,skipped,0,0,,0,0,0,0,1,,,data
620,9780792276838,,goodreads,skipped,0,0,,0,0,0,0,1,,,data
621,9780802111166,,goodreads,skipped,0,0,,0,0,0,0,1,,,data
622,9780312530105,,goodreads,skipped,0,0,,0,0,0,0,1,,,data
623,9780670845811,,goodreads,skipped,0,0,,0,0,0,0,1,,,data
624,9780441002092,,goodreads,skipped,0,0,,0,0,0,0,1,,,data
625,9780446513913,,goodreads,skipped,0,0,,0,0,0,0,1,,,data
626,9780786704149,,goodreads,skipped,0,0,,0,0,0,0,1,,,data
627,9781887178150,,goodreads,skipped,0,0,,0,0,0,0,1,,,data
628,9780241127001,,goodreads,skipped,0,0,,0,0,0,0,1,,,data
629,9780151269303,,goodreads,skipped,0,0,,0,0,0,0,1,,,data
630,9780307161819,,goodreads,skipped,0,0,,0,0,0,0,1,,,data
631,9780553157772,,goodreads,skipped,0,0,,0,0,0,0,1,,,data
632,9780816737819,,goodreads,skipped,0,0,,0,0,0,0,1,,,data
633,9780590603812,,goodreads,skipped,0,0,,0,0,0,0,1,,,data
634,9780816734382,,goodreads,skipped,0,0,,0,0,0,0,1,,,data
635,9780816735822,,goodreads,skipped,0,0,,0,0,0,0,1,,,data
636,9780396070184,,goodreads,skipped,0,0,,0,0,0,0,1,,,data
637,9788571644823,,goodreads,skipped,0,0,,0,0,0,0,1,,,data
638,9780752820781,,goodreads,skipped,0,0,,0,0,0,0,1,,,data
639,9780356206585,,goodreads,skipped,0,0,,0,0,0,0,1,,,data
640,9783453152717,,goodreads,skipped,0,0,,0,0,0,0,1,,,data
641,9783462032550,,goodreads,skipped,0,0,,0,0,0,0,1,,,data
642,9780064410250,,goodreads,skipped,0,0,,0,0,0,0,1,,,data
643,9780671876517,,goodreads,skipped,0,0,,0,0,0,0,1,,,data
644,9780743443067,,goodreads,skipped,0,0,,0,0,0,0,1,,,data
645,9783257700015,,goodreads,skipped,0,0,,0,0,0,0,1,,,data
646,9780373288977,,goodreads,skipped,0,0,,0,0,0,0,1,,,data
647,9780821733301,,goodreads,skipped,0,0,,0,0,0,0,1,,,data
648,9780895771858,,goodreads,skipped,0,0,,0,0,0,0,1,,,data
649,9780895774149,,goodreads,skipped,0,0,,0,0,0,0,1,,,data
650,9780671528294,,goodreads,skipped,0,0,,0,0,0,0,1,,,data
651,9781573222617,,goodreads,skipped,0,0,,0,0,0,0,1,,,data
652,9782831578491,,goodreads,skipped,0,0,,0,0,0,0,1,,,data
653,9780002557290,,goodreads,skipped,0,0,,0,0,0,0,1,,,data
654,9781550549805,,goodreads,skipped,0,0,,0,0,0,0,1,,,data
655,9780965451796,,goodreads,skipped,0,0,,0,0,0,0,1,,,data
656,9780886451882,,goodreads,skipped,0,0,,0,0,0,0,1,,,data
657,9780679758280,,goodreads,skipped,0,0,,0,0,0,0,1,,,data
658,9781851681945,,goodreads,skipped,0,0,,0,0,0,0,1,,,data
659,9780373791040,,goodreads,skipped,0,0,,0,0,0,0,1,,,data
660,9780889951679,,goodreads,skipped,0,0,,0,0,0,0,1,,,data
661,9780385258074,,goodreads,skipped,0,0,,0,0,0,0,1,,,data
662,9781571685483,,goodreads,skipped,0,0,,0,0,0,0,1,,,data
663,9780451521125,,goodreads,skipped,0,0,,0,0,0,0,1,,,data
664,9780385503839,,goodreads,skipped,0,0,,0,0,0,0,1,,,data
665,9782709623186,,goodreads,skipped,0,0,,0,0,0,0,1,,,data
666,9780744561012,,goodreads,skipped,0,0,,0,0,0,0,1,,,data
667,9780735812994,,goodreads,skipped,0,0,,0,0,0,0,1,,,data
668,9783426615263,,goodreads,skipped,0,0,,0,0,0,0,1,,,data
669,9780374195625,,goodreads,skipped,0,0,,0,0,0,0,1,,,data
670,9780881849134,,goodreads,skipped,0,0,,0,0,0,0,1,,,data
671,9781557780386,,goodreads,skipped,0,0,,0,0,0,0,1,,,data
672,9780713726558,,goodreads,skipped,0,0,,0,0,0,0,1,,,data
673,9780373244409,,goodreads,skipped,0,0,,0,0,0,0,1,,,data
674,9780849914560,,goodreads,skipped,0,0,,0,0,0,0,1,,,data
675,9781576737873,,goodreads,skipped,0,0,,0,0,0,0,1,,,data
676,9780741412942,,goodreads,skipped,0,0,,0,0,0,0,1,,,data
677,9780452267763,,goodreads,skipped,0,0,,0,0,0,0,1,,,data
678,9780836236644,,goodreads,skipped,0,0,,0,0,0,0,1,,,data
679,9780740705557,,goodreads,skipped,0,0,,0,0,0,0,1,,,data
680,9780060582579,,goodreads,skipped,0,0,,0,0,0,0,1,,,data
681,9780060564469,,goodreads,skipped,0,0,,0,0,0,0,1,,,data
682,9780060510626,,goodreads,skipped,0,0,,0,0,0,0,1,,,data
683,9780060595012,,goodreads,skipped,0,0,,0,0,0,0,1,,,data
684,9780786817986,,goodreads,skipped,0,0,,0,0,0,0,1,,,data
685,9780425094549,,goodreads,skipped,0,0,,0,0,0,0,1,,,data
686,9780786817979,,goodreads,skipped,0,0,,0,0,0,0,1,,,data
687,9780786817955,,goodreads,skipped,0,0,,0,0,0,0,1,,,data
688,9780786817320,,goodreads,skipped,0,0,,0,0,0,0,1,,,data
689,9780786817313,,goodreads,skipped,0,0,,0,0,0,0,1,,,data
690,9780786817306,,goodreads,skipped,0,0,,0,0,0,0,1,,,data
691,9780786817290,,goodreads,skipped,0,0,,0,0,0,0,1,,,data
692,9780786852574,,goodreads,skipped,0,0,,0,0,0,0,1,,,data
693,9780786703395,,goodreads,skipped,0,0,,0,0,0,0,1,,,data
694,9780736634151,,goodreads,skipped,0,0,,0,0,0,0,1,,,data
695,9780060923969,,goodreads,skipped,0,0,,0,0,0,0,1,,,data
696,9780553762952,,goodreads,skipped,0,0,,0,0,0,0,1,,,data
697,9781842327371,,goodreads,skipped,0,0,,0,0,0,0,1,,,data
698,9782800100104,,goodreads,skipped,0,0,,0,0,0,0,1,,,data
699,9782800100081,,goodreads,skipped,0,0,,0,0,0,0,1,,,data
700,9782800100111,,goodreads,skipped,0,0,,0,0,0,0,1,,,data
701,9782800100067,,goodreads,skipped,0,0,,0,0,0,0,1,,,data
702,9782800100142,,goodreads,skipped,0,0,,0,0,0,0,1,,,data
703,9780340796474,,goodreads,skipped,0,0,,0,0,0,0,1,,,data
704,9780340796443,,goodreads,skipped,0,0,,0,0,0,0,1,,,data
705,9780749719821,,goodreads,skipped,0,0,,0,0,0,0,1,,,data
706,9780749719807,,goodreads,skipped,0,0,,0,0,0,0,1,,,data
707,9780749719791,,goodreads,skipped,0,0,,0,0,0,0,1,,,data
708,9780749719753,,goodreads,skipped,0,0,,0,0,0,0,1,,,data
709,9780749719838,,goodreads,skipped,0,0,,0,0,0,0,1,,,data
710,9780749719739,,goodreads,skipped,0,0,,0,0,0,0,1,,,data
711,9780749719722,,goodreads,skipped,0,0,,0,0,0,0,1,,,data
712,9780749719715,,goodreads,skipped,0,0,,0,0,0,0,1,,,data
713,9780749719692,,goodreads,skipped,0,0,,0,0,0,0,1,,,data
714,9780749719708,,goodreads,skipped,0,0,,0,0,0,0,1,,,data
715,9780749719678,,goodreads,skipped,0,0,,0,0,0,0,1,,,data
716,9780749719685,,goodreads,skipped,0,0,,0,0,0,0,1,,,data
717,9780749719142,,goodreads,skipped,0,0,,0,0,0,0,1,,,data
718,9780749719135,,goodreads,skipped,0,0,,0,0,0,0,1,,,data
719,9780749719128,,goodreads,skipped,0,0,,0,0,0,0,1,,,data
720,9780749719111,,goodreads,skipped,0,0,,0,0,0,0,1,,,data
721,9780749719104,,goodreads,skipped,0,0,,0,0,0,0,1,,,data
722,9780749719098,,goodreads,skipped,0,0,,0,0,0,0,1,,,data
723,9780749744854,,goodreads,skipped,0,0,,0,0,0,0,1,,,data
724,9780749744847,,goodreads,skipped,0,0,,0,0,0,0,1,,,data
725,9780749744830,,goodreads,skipped,0,0,,0,0,0,0,1,,,data
726,9780754061137,,goodreads,skipped,0,0,,0,0,0,0,1,,,data
727,9780340796276,,goodreads,skipped,0,0,,0,0,0,0,1,,,data
728,9780340796269,,goodreads,skipped,0,0,,0,0,0,0,1,,,data
729,9780340796252,,goodreads,skipped,0,0,,0,0,0,0,1,,,data
730,9780340796245,,goodreads,skipped,0,0,,0,0,0,0,1,,,data
731,9780340796238,,goodreads,skipped,0,0,,0,0,0,0,1,,,data
732,9780340796221,,goodreads,skipped,0,0,,0,0,0,0,1,,,data
733,9780340796214,,goodreads,skipped,0,0,,0,0,0,0,1,,,data
734,9780340796207,,goodreads,skipped,0,0,,0,0,0,0,1,,,data
735,9780340796191,,goodreads,skipped,0,0,,0,0,0,0,1,,,data
736,9780340796184,,goodreads,skipped,0,0,,0,0,0,0,1,,,data
737,9780340796153,,goodreads,skipped,0,0,,0,0,0,0,1,,,data
738,9780340796146,,goodreads,skipped,0,0,,0,0,0,0,1,,,data
739,9780553762990,,goodreads,skipped,0,0,,0,0,0,0,1,,,data
740,9780553762969,,goodreads,skipped,0,0,,0,0,0,0,1,,,data
741,9781572702325,,goodreads,skipped,0,0,,0,0,0,0,1,,,data
742,9780553763041,,goodreads,skipped,0,0,,0,0,0,0,1,,,data
743,9780156551328,,goodreads,skipped,0,0,,0,0,0,0,1,,,data
744,9781572701045,,goodreads,skipped,0,0,,0,0,0,0,1,,,data
745,9781572700390,,goodreads,skipped,0,0,,0,0,0,0,1,,,data
746,9780425130261,,goodreads,skipped,0,0,,0,0,0,0,1,,,data
747,9780755102112,,goodreads,skipped,0,0,,0,0,0,0,1,,,data
748,9780755102068,,goodreads,skipped,0,0,,0,0,0,0,1,,,data
749,9780755102051,,goodreads,skipped,0,0,,0,0,0,0,1,,,data
750,9781572702103,,goodreads,skipped,0,0,,0,0,0,0,1,,,data
751,9782253142942,,goodreads,skipped,0,0,,0,0,0,0,1,,,data
752,9780786704460,,goodreads,skipped,0,0,,0,0,0,0,1,,,data
753,9781842326664,,goodreads,skipped,0,0,,0,0,0,0,1,,,data
754,9781883402082,,goodreads,skipped,0,0,,0,0,0,0,1,,,data
755,9781570714825,,goodreads,skipped,0,0,,0,0,0,0,1,,,data
756,9780679642848,,goodreads,skipped,0,0,,0,0,0,0,1,,,data
757,9780304366316,,goodreads,skipped,0,0,,0,0,0,0,1,,,data
758,9780312265052,,goodreads,skipped,0,0,,0,0,0,0,1,,,data
759,9783446200395,,goodreads,skipped,0,0,,0,0,0,0,1,,,data
760,9780316358446,,goodreads,skipped,0,0,,0,0,0,0,1,,,data
761,9780867199024,,goodreads,skipped,0,0,,0,0,0,0,1,,,data
762,9781857543865,,goodreads,skipped,0,0,,0,0,0,0,1,,,data
763,9780789483492,,goodreads,skipped,0,0,,0,0,0,0,1,,,data
764,9780789483515,,goodreads,skipped,0,0,,0,0,0,0,1,,,data
765,9780789483508,,goodreads,skipped,0,0,,0,0,0,0,1,,,data
766,9780805794397,,goodreads,skipped,0,0,,0,0,0,0,1,,,data
767,9780812966930,,goodreads,skipped,0,0,,0,0,0,0,1,,,data
768,9780811205566,,goodreads,skipped,0,0,,0,0,0,0,1,,,data
769,9780816621125,,goodreads,skipped,0,0,,0,0,0,0,1,,,data
770,9780374526511,,goodreads,skipped,0,0,,0,0,0,0,1,,,data
771,9789681905859,,goodreads,skipped,0,0,,0,0,0,0,1,,,data
772,9780375418419,,goodreads,skipped,0,0,,0,0,0,0,1,,,data
773,9780684813134,,goodreads,skipped,0,0,,0,0,0,0,1,,,data
774,9780879518011,,goodreads,skipped,0,0,,0,0,0,0,1,,,data
775,9781564780010,,goodreads,skipped,0,0,,0,0,0,0,1,,,data
776,9780399131271,,goodreads,skipped,0,0,,0,0,0,0,1,,,data
777,9780811209984,,goodreads,skipped,0,0,,0,0,0,0,1,,,data
778,9780679444732,,goodreads,skipped,0,0,,0,0,0,0,1,,,data
779,9780803264045,,goodreads,skipped,0,0,,0,0,0,0,1,,,data
780,9789721040168,,goodreads,skipped,0,0,,0,0,0,0,1,,,data
781,9780385492102,,goodreads,skipped,0,0,,0,0,0,0,1,,,data
782,9780316825849,,goodreads,skipped,0,0,,0,0,0,0,1,,,data
783,9780802117328,,goodreads,skipped,0,0,,0,0,0,0,1,,,data
784,9780802134769,,goodreads,skipped,0,0,,0,0,0,0,1,,,data
785,9782264011091,,goodreads,skipped,0,0,,0,0,0,0,1,,,data
786,9780679457978,,goodreads,skipped,0,0,,0,0,0,0,1,,,data
787,9780312870362,,goodreads,skipped,0,0,,0,0,0,0,1,,,data
788,9780340794920,,goodreads,skipped,0,0,,0,0,0,0,1,,,data
789,9780153022319,,goodreads,skipped,0,0,,0,0,0,0,1,,,data
790,9780764505942,,goodreads,skipped,0,0,,0,0,0,0,1,,,data
791,9780873585866,,goodreads,skipped,0,0,,0,0,0,0,1,,,data
792,9781404802193,,goodreads,skipped,0,0,,0,0,0,0,1,,,data
793,9781404803183,,goodreads,skipped,0,0,,0,0,0,0,1,,,data
794,9780736413220,,goodreads,skipped,0,0,,0,0,0,0,1,,,data
795,9780736480093,,goodreads,skipped,0,0,,0,0,0,0,1,,,data
796,9780521599788,,goodreads,skipped,0,0,,0,0,0,0,1,,,data
797,9780595653188,,goodreads,skipped,0,0,,0,0,0,0,1,,,data
798,9780140433173,,goodreads,skipped,0,0,,0,0,0,0,1,,,data
799,9782867441387,,goodreads,skipped,0,0,,0,0,0,0,1,,,data
800,9780446307840,,goodreads,skipped,0,0,,0,0,0,0,1,,,data
801,9780340766293,,goodreads,skipped,0,0,,0,0,0,0,1,,,data
802,9780740711572,,goodreads,skipped,0,0,,0,0,0,0,1,,,data
803,9782207249499,,goodreads,skipped,0,0,,0,0,0,0,1,,,data
804,9782207250327,,goodreads,skipped,0,0,,0,0,0,0,1,,,data
805,9782207251072,,goodreads,skipped,0,0,,0,0,0,0,1,,,data
806,9782207304921,,goodreads,skipped,0,0,,0,0,0,0,1,,,data
807,9782207304815,,goodreads,skipped,0,0,,0,0,0,0,1,,,data
808,9782207505366,,goodreads,skipped,0,0,,0,0,0,0,1,,,data
809,9782207249192,,goodreads,skipped,0,0,,0,0,0,0,1,,,data
810,9782207304327,,goodreads,skipped,0,0,,0,0,0,0,1,,,data
811,9782207303931,,goodreads,skipped,0,0,,0,0,0,0,1,,,data
812,9782207304297,,goodreads,skipped,0,0,,0,0,0,0,1,,,data
813,9782207303337,,goodreads,skipped,0,0,,0,0,0,0,1,,,data
814,9782207303320,,goodreads,skipped,0,0,,0,0,0,0,1,,,data
815,9782207303580,,goodreads,skipped,0,0,,0,0,0,0,1,,,data
816,9782207304754,,goodreads,skipped,0,0,,0,0,0,0,1,,,data
817,9782207505069,,goodreads,skipped,0,0,,0,0,0,0,1,,,data
818,9782207303832,,goodreads,skipped,0,0,,0,0,0,0,1,,,data
819,9782290316306,,goodreads,skipped,0,0,,0,0,0,0,1,,,data
820,9782207247341,,goodreads,skipped,0,0,,0,0,0,0,1,,,data
821,9782207503065,,goodreads,skipped,0,0,,0,0,0,0,1,,,data
822,9782207250891,,goodreads,skipped,0,0,,0,0,0,0,1,,,data
823,9782207305577,,goodreads,skipped,0,0,,0,0,0,0,1,,,data
824,9782207301999,,goodreads,skipped,0,0,,0,0,0,0,1,,,data
825,9782207249376,,goodreads,skipped,0,0,,0,0,0,0,1,,,data
826,9782207503850,,goodreads,skipped,0,0,,0,0,0,0,1,,,data
827,9782207250433,,goodreads,skipped,0,0,,0,0,0,0,1,,,data
828,9782207305997,,goodreads,skipped,0,0,,0,0,0,0,1,,,data
829,9788845248665,,goodreads,skipped,0,0,,0,0,0,0,1,,,data
830,9780679428176,,goodreads,skipped,0,0,,0,0,0,0,1,,,data
831,9780553578225,,goodreads,skipped,0,0,,0,0,0,0,1,,,data
832,9780307121417,,goodreads,skipped,0,0,,0,0,0,0,1,,,data
833,9780373035946,,goodreads,skipped,0,0,,0,0,0,0,1,,,data
834,9780373708871,,goodreads,skipped,0,0,,0,0,0,0,1,,,data
835,9780738702223,,goodreads,skipped,0,0,,0,0,0,0,1,,,data
836,9780373611614,,goodreads,skipped,0,0,,0,0,0,0,1,,,data
837,9780373610655,,goodreads,skipped,0,0,,0,0,0,0,1,,,data
838,9780373614011,,goodreads,skipped,0,0,,0,0,0,0,1,,,data
839,9780523004037,,goodreads,skipped,0,0,,0,0,0,0,1,,,data
840,9780060804169,,goodreads,skipped,0,0,,0,0,0,0,1,,,data
841,9780373610402,,goodreads,skipped,0,0,,0,0,0,0,1,,,data
842,9780523401669,,goodreads,skipped,0,0,,0,0,0,0,1,,,data
843,9780553147124,,goodreads,skipped,0,0,,0,0,0,0,1,,,data
844,9780553147087,,goodreads,skipped,0,0,,0,0,0,0,1,,,data
845,9780373258185,,goodreads,skipped,0,0,,0,0,0,0,1,,,data
846,9780373240388,,goodreads,skipped,0,0,,0,0,0,0,1,,,data
847,9780373760510,,goodreads,skipped,0,0,,0,0,0,0,1,,,data
848,9780553219135,,goodreads,skipped,0,0,,0,0,0,0,1,,,data
849,9780373052585,,goodreads,skipped,0,0,,0,0,0,0,1,,,data
850,9780373034130,,goodreads,skipped,0,0,,0,0,0,0,1,,,data
851,9780373033324,,goodreads,skipped,0,0,,0,0,0,0,1,,,data
852,9780373191017,,goodreads,skipped,0,0,,0,0,0,0,1,,,data
853,9780373111701,,goodreads,skipped,0,0,,0,0,0,0,1,,,data
854,9780373114146,,goodreads,skipped,0,0,,0,0,0,0,1,,,data
855,9780373033393,,goodreads,skipped,0,0,,0,0,0,0,1,,,data
856,9780373104345,,goodreads,skipped,0,0,,0,0,0,0,1,,,data
857,9780380975556,,goodreads,skipped,0,0,,0,0,0,0,1,,,data
858,9780061084164,,goodreads,skipped,0,0,,0,0,0,0,1,,,data
859,9780940685383,,goodreads,skipped,0,0,,0,0,0,0,1,,,data
860,9780679720485,,goodreads,skipped,0,0,,0,0,0,0,1,,,data
861,9780866222815,,goodreads,skipped,0,0,,0,0,0,0,1,,,data
862,9780399217807,,goodreads,skipped,0,0,,0,0,0,0,1,,,data
863,9780448401782,,goodreads,skipped,0,0,,0,0,0,0,1,,,data
864,9780553252033,,goodreads,skipped,0,0,,0,0,0,0,1,,,data
865,9780345295545,,goodreads,skipped,0,0,,0,0,0,0,1,,,data
866,9780516419664,,goodreads,skipped,0,0,,0,0,0,0,1,,,data
867,9780812526424,,goodreads,skipped,0,0,,0,0,0,0,1,,,data
868,9780440194712,,goodreads,skipped,0,0,,0,0,0,0,1,,,data
869,9780380009923,,goodreads,skipped,0,0,,0,0,0,0,1,,,data
870,9780439429887,,goodreads,skipped,0,0,,0,0,0,0,1,,,data
871,9780876668764,,goodreads,skipped,0,0,,0,0,0,0,1,,,data
872,9780809242764,,goodreads,skipped,0,0,,0,0,0,0,1,,,data
873,9780671671556,,goodreads,skipped,0,0,,0,0,0,0,1,,,data
874,9780385189262,,goodreads,skipped,0,0,,0,0,0,0,1,,,data
875,9780671619268,,goodreads,skipped,0,0,,0,0,0,0,1,,,data
876,9780316115445,,goodreads,skipped,0,0,,0,0,0,0,1,,,data
877,9780439194464,,goodreads,skipped,0,0,,0,0,0,0,1,,,data
878,9780768102093,,goodreads,skipped,0,0,,0,0,0,0,1,,,data
879,9780531180471,,goodreads,skipped,0,0,,0,0,0,0,1,,,data
880,9780824980351,,goodreads,skipped,0,0,,0,0,0,0,1,,,data
881,9780439573757,,goodreads,skipped,0,0,,0,0,0,0,1,,,data
882,9780439662154,,goodreads,skipped,0,0,,0,0,0,0,1,,,data
883,9780439568296,,goodreads,skipped,0,0,,0,0,0,0,1,,,data
884,9780060514099,,goodreads,skipped,0,0,,0,0,0,0,1,,,data
885,9780451821898,,goodreads,skipped,0,0,,0,0,0,0,1,,,data
886,9781889540818,,goodreads,skipped,0,0,,0,0,0,0,1,,,data
887,9780345412874,,goodreads,skipped,0,0,,0,0,0,0,1,,,data
888,9780590457163,,goodreads,blocked,0,7,title; authors; publisher; origin; date_of_publication; language; genres,0,0,0,0,15,,,data
889,9780887434181,,goodreads,skipped,0,0,,0,0,0,0,1,,,data
890,9781558741034,,goodreads,skipped,0,0,,0,0,0,0,1,,,data
891,9780689823862,,goodreads,skipped,0,0,,0,0,0,0,1,,,data
892,9780448403878,,goodreads,skipped,0,0,,0,0,0,0,1,,,data
893,9780689828409,,goodreads,skipped,0,0,,0,0,0,0,1,,,data
894,9780689828416,,goodreads,skipped,0,0,,0,0,0,0,1,,,data
895,9780140465655,,goodreads,skipped,0,0,,0,0,0,0,1,,,data
896,9780425158111,,goodreads,skipped,0,0,,0,0,0,0,1,,,data
897,9780385471428,,goodreads,skipped,0,0,,0,0,0,0,1,,,data
898,9780786844173,,goodreads,skipped,0,0,,0,0,0,0,1,,,data
899,9780679873853,,goodreads,skipped,0,0,,0,0,0,0,1,,,data
900,9780440428107,,goodreads,skipped,0,0,,0,0,0,0,1,,,data
901,9780523403113,,goodreads,skipped,0,0,,0,0,0,0,1,,,data
902,9780380581498,,goodreads,skipped,0,0,,0,0,0,0,1,,,data
903,9780689847530,,goodreads,skipped,0,0,,0,0,0,0,1,,,data
904,9780445085367,,goodreads,skipped,0,0,,0,0,0,0,1,,,data
905,9780440186892,,goodreads,skipped,0,0,,0,0,0,0,1,,,data
906,9780441919703,,goodreads,skipped,0,0,,0,0,0,0,1,,,data
907,9780553372120,,goodreads,skipped,0,0,,0,0,0,0,1,,,data
908,9780394874203,,goodreads,skipped,0,0,,0,0,0,0,1,,,data
909,9780590260244,,goodreads,skipped,0,0,,0,0,0,0,1,,,data
910,9780140254464,,goodreads,skipped,0,0,,0,0,0,0,1,,,data
911,9780671024383,,goodreads,skipped,0,0,,0,0,0,0,1,,,data
912,9780448060200,,goodreads,skipped,0,0,,0,0,0,0,1,,,data
913,9780879234317,,goodreads,skipped,0,0,,0,0,0,0,1,,,data
914,9780696018992,,goodreads,skipped,0,0,,0,0,0,0,1,,,data
915,9780873586870,,goodreads,skipped,0,0,,0,0,0,0,1,,,data
916,9780679890508,,goodreads,skipped,0,0,,0,0,0,0,1,,,data
917,9780887065415,,goodreads,skipped,0,0,,0,0,0,0,1,,,data
918,9789723703665,,goodreads,skipped,0,0,,0,0,0,0,1,,,data
919,9780758204998,,goodreads,skipped,0,0,,0,0,0,0,1,,,data
920,9781555973100,,goodreads,skipped,0,0,,0,0,0,0,1,,,data
921,9781855380455,,goodreads,skipped,0,0,,0,0,0,0,1,,,data
922,9780895941824,,goodreads,skipped,0,0,,0,0,0,0,1,,,data
923,9781852741112,,goodreads,skipped,0,0,,0,0,0,0,1,,,data
924,9781578631131,,goodreads,skipped,0,0,,0,0,0,0,1,,,data
925,9781840860016,,goodreads,skipped,0,0,,0,0,0,0,1,,,data
926,9780940262850,,goodreads,skipped,0,0,,0,0,0,0,1,,,data
927,9781587680021,,goodreads,skipped,0,0,,0,0,0,0,1,,,data
928,9781555837655,,goodreads,skipped,0,0,,0,0,0,0,1,,,data
929,9780953663132,,goodreads,skipped,0,0,,0,0,0,0,1,,,data
930,9780747531005,,goodreads,skipped,0,0,,0,0,0,0,1,,,data
931,9780735200937,,goodreads,skipped,0,0,,0,0,0,0,1,,,data
932,9780373054374,,goodreads,skipped,0,0,,0,0,0,0,1,,,data
933,9780373054213,,goodreads,skipped,0,0,,0,0,0,0,1,,,data
934,9780920459379,,goodreads,skipped,0,0,,0,0,0,0,1,,,data
935,9780446611022,,goodreads,skipped,0,0,,0,0,0,0,1,,,data
936,9780449210932,,goodreads,skipped,0,0,,0,0,0,0,1,,,data
937,9780819311092,,goodreads,skipped,0,0,,0,0,0,0,1,,,data
938,9781883642334,,goodreads,skipped,0,0,,0,0,0,0,1,,,data
939,9780553294323,,goodreads,skipped,0,0,,0,0,0,0,1,,,data
940,9780380765164,,goodreads,skipped,0,0,,0,0,0,0,1,,,data
941,9780553481914,,goodreads,skipped,0,0,,0,0,0,0,1,,,data
942,9780821723036,,goodreads,skipped,0,0,,0,0,0,0,1,,,data
943,9780856540301,,goodreads,skipped,0,0,,0,0,0,0,1,,,data
944,9780723229384,,goodreads,skipped,0,0,,0,0,0,0,1,,,data
945,9780061054570,,goodreads,skipped,0,0,,0,0,0,0,1,,,data
946,9780394751641,,goodreads,skipped,0,0,,0,0,0,0,1,,,data
947,9780679400165,,goodreads,skipped,0,0,,0,0,0,0,1,,,data
948,9780440219194,,goodreads,skipped,0,0,,0,0,0,0,1,,,data
949,9780195405729,,goodreads,skipped,0,0,,0,0,0,0,1,,,data
950,9780140433449,,goodreads,skipped,0,0,,0,0,0,0,1,,,data
951,9780140188172,,goodreads,skipped,0,0,,0,0,0,0,1,,,data
952,9780140024494,,goodreads,skipped,0,0,,0,0,0,0,1,,,data
953,9780395845417,,goodreads,skipped,0,0,,0,0,0,0,1,,,data
954,9780394833415,,goodreads,skipped,0,0,,0,0,0,0,1,,,data
955,9781856979313,,goodreads,skipped,0,0,,0,0,0,0,1,,,data
956,9780843105520,,goodreads,skipped,0,0,,0,0,0,0,1,,,data
957,9780671617493,,goodreads,skipped,0,0,,0,0,0,0,1,,,data
958,9780553282153,,goodreads,skipped,0,0,,0,0,0,0,1,,,data
959,9781854250872,,goodreads,skipped,0,0,,0,0,0,0,1,,,data
960,9780871564719,,goodreads,skipped,0,0,,0,0,0,0,1,,,data
961,9780062554109,,goodreads,skipped,0,0,,0,0,0,0,1,,,data
962,9780843105872,,goodreads,skipped,0,0,,0,0,0,0,1,,,data
963,9781854718105,,goodreads,skipped,0,0,,0,0,0,0,1,,,data
964,9780553247817,,goodreads,skipped,0,0,,0,0,0,0,1,,,data
965,9780440910176,,goodreads,skipped,0,0,,0,0,0,0,1,,,data
966,9780590847438,,goodreads,skipped,0,0,,0,0,0,0,1,,,data
967,9781551531533,,goodreads,skipped,0,0,,0,0,0,0,1,,,data
968,9780060219987,,goodreads,skipped,0,0,,0,0,0,0,1,,,data
969,9780723205975,,goodreads,skipped,0,0,,0,0,0,0,1,,,data
970,9780723205968,,goodreads,skipped,0,0,,0,0,0,0,1,,,data
971,9780723205944,,goodreads,skipped,0,0,,0,0,0,0,1,,,data
972,9780723206033,,goodreads,skipped,0,0,,0,0,0,0,1,,,data
973,9780553155051,,goodreads,skipped,0,0,,0,0,0,0,1,,,data
974,9780312971885,,goodreads,skipped,0,0,,0,0,0,0,1,,,data
975,9780393306651,,goodreads,skipped,0,0,,0,0,0,0,1,,,data
976,9780590402996,,goodreads,skipped,0,0,,0,0,0,0,1,,,data
977,9780590416221,,goodreads,skipped,0,0,,0,0,0,0,1,,,data
978,9780679810490,,goodreads,skipped,0,0,,0,0,0,0,1,,,data
979,9780307119452,,goodreads,skipped,0,0,,0,0,0,0,1,,,data
980,9780394837888,,goodreads,skipped,0,0,,0,0,0,0,1,,,data
981,9780027780260,,goodreads,skipped,0,0,,0,0,0,0,1,,,data
982,9781551105055,,goodreads,skipped,0,0,,0,0,0,0,1,,,data
983,9780553278569,,goodreads,skipped,0,0,,0,0,0,0,1,,,data
984,9780553269512,,goodreads,skipped,0,0,,0,0,0,0,1,,,data
985,9780553287660,,goodreads,skipped,0,0,,0,0,0,0,1,,,data
986,9780553152432,,goodreads,skipped,0,0,,0,0,0,0,1,,,data
987,9780553156362,,goodreads,skipped,0,0,,0,0,0,0,1,,,data
988,9780553274158,,goodreads,skipped,0,0,,0,0,0,0,1,,,data
989,9780679826590,,goodreads,skipped,0,0,,0,0,0,0,1,,,data
990,9780439544108,,goodreads,skipped,0,0,,0,0,0,0,1,,,data
991,9780441663972,,goodreads,skipped,0,0,,0,0,0,0,1,,,data
992,9781853261602,,goodreads,skipped,0,0,,0,0,0,0,1,,,data
993,9780671876227,,goodreads,skipped,0,0,,0,0,0,0,1,,,data
994,9780523485843,,goodreads,skipped,0,0,,0,0,0,0,1,,,data
995,9780723234869,,goodreads,skipped,0,0,,0,0,0,0,1,,,data
996,9780874063950,,goodreads,skipped,0,0,,0,0,0,0,1,,,data
997,9780307118448,,goodreads,skipped,0,0,,0,0,0,0,1,,,data
998,9781561734955,,goodreads,skipped,0,0,,0,0,0,0,1,,,data
999,9780553292350,,goodreads,skipped,0,0,,0,0,0,0,1,,,data
1000,9780140350340,,goodreads,skipped,0,0,,0,0,0,0,1,,,data
1001,9780888940063,,goodreads,skipped,0,0,,0,0,0,0,1,,,data
1002,9780771075568,,goodreads,skipped,0,0,,0,0,0,0,1,,,data
1003,9780446392259,,goodreads,skipped,0,0,,0,0,0,0,1,,,data
1004,9780920953259,,goodreads,skipped,0,0,,0,0,0,0,1,,,data
1005,9781550502039,,goodreads,skipped,0,0,,0,0,0,0,1,,,data
1006,9780449131732,,goodreads,skipped,0,0,,0,0,0,0,1,,,data
1007,9780394845333,,goodreads,skipped,0,0,,0,0,0,0,1,,,data
1008,9780001961722,,goodreads,skipped,0,0,,0,0,0,0,1,,,data
1009,9780723234876,,goodreads,skipped,0,0,,0,0,0,0,1,,,data
1010,9780888302526,,goodreads,skipped,0,0,,0,0,0,0,1,,,data
1011,9780590138581,,goodreads,skipped,0,0,,0,0,0,0,1,,,data
1012,9780773672161,,goodreads,skipped,0,0,,0,0,0,0,1,,,data
1013,9780888993823,,goodreads,skipped,0,0,,0,0,0,0,1,,,data
1014,9780920236918,,goodreads,skipped,0,0,,0,0,0,0,1,,,data
1015,9780395390313,,goodreads,skipped,0,0,,0,0,0,0,1,,,data
1016,9780307125835,,goodreads,skipped,0,0,,0,0,0,0,1,,,data
1017,9780425130735,,goodreads,skipped,0,0,,0,0,0,0,1,,,data
1018,9780307158499,,goodreads,skipped,0,0,,0,0,0,0,1,,,data
1019,9780723237686,,goodreads,skipped,0,0,,0,0,0,0,1,,,data
1020,9780140092189,,goodreads,skipped,0,0,,0,0,0,0,1,,,data
1021,9780520066151,,goodreads,skipped,0,0,,0,0,0,0,1,,,data
1022,9780231096256,,goodreads,skipped,0,0,,0,0,0,0,1,,,data
1023,9789171491718,,goodreads,skipped,0,0,,0,0,0,0,1,,,data
1024,9780867241259,,goodreads,skipped,0,0,,0,0,0,0,1,,,data
1025,9780812046953,,goodreads,skipped,0,0,,0,0,0,0,1,,,data
1026,9780553256499,,goodreads,skipped,0,0,,0,0,0,0,1,,,data
1027,9780307118202,,goodreads,skipped,0,0,,0,0,0,0,1,,,data
1028,9780882664910,,goodreads,skipped,0,0,,0,0,0,0,1,,,data
1029,9780770421748,,goodreads,skipped,0,0,,0,0,0,0,1,,,data
1030,9781550744637,,goodreads,skipped,0,0,,0,0,0,0,1,,,data
1031,9781550376265,,goodreads,skipped,0,0,,0,0,0,0,1,,,data
1032,9780590414784,,goodreads,skipped,0,0,,0,0,0,0,1,,,data
1033,9780553208924,,goodreads,skipped,0,0,,0,0,0,0,1,,,data
1034,9780603556876,,goodreads,skipped,0,0,,0,0,0,0,1,,,data
1035,9780380581566,,goodreads,skipped,0,0,,0,0,0,0,1,,,data
1036,9780813011943,,goodreads,skipped,0,0,,0,0,0,0,1,,,data
1037,9780719043949,,goodreads,skipped,0,0,,0,0,0,0,1,,,data
1038,9780312216597,,goodreads,skipped,0,0,,0,0,0,0,1,,,data
1039,9780571198641,,goodreads,skipped,0,0,,0,0,0,0,1,,,data
1040,9780671657598,,goodreads,skipped,0,0,,0,0,0,0,1,,,data
1041,9780809001330,,goodreads,skipped,0,0,,0,0,0,0,1,,,data
1042,9780872200746,,goodreads,skipped,0,0,,0,0,0,0,1,,,data
1043,9780751525427,,goodreads,skipped,0,0,,0,0,0,0,1,,,data
1044,9780915144457,,goodreads,skipped,0,0,,0,0,0,0,1,,,data
1045,9780307987549,,goodreads,skipped,0,0,,0,0,0,0,1,,,data
1046,9780553560039,,goodreads,skipped,0,0,,0,0,0,0,1,,,data
1047,9780889950818,,goodreads,skipped,0,0,,0,0,0,0,1,,,data
1048,9780590711883,,goodreads,skipped,0,0,,0,0,0,0,1,,,data
1049,9780146001079,,goodreads,skipped,0,0,,0,0,0,0,1,,,data
1050,9780877437017,,goodreads,skipped,0,0,,0,0,0,0,1,,,data
1051,9780743434980,,goodreads,skipped,0,0,,0,0,0,0,1,,,data
1052,9780553481686,,goodreads,skipped,0,0,,0,0,0,0,1,,,data
1053,9780451526854,,goodreads,skipped,0,0,,0,0,0,0,1,,,data
1054,9780380835683,,goodreads,skipped,0,0,,0,0,0,0,1,,,data
1055,9780440967668,,goodreads,skipped,0,0,,0,0,0,0,1,,,data
1056,9780590509527,,goodreads,skipped,0,0,,0,0,0,0,1,,,data
1057,9780140340488,,goodreads,skipped,0,0,,0,0,0,0,1,,,data
1058,9780745910314,,goodreads,skipped,0,0,,0,0,0,0,1,,,data
1059,9780394858272,,goodreads,skipped,0,0,,0,0,0,0,1,,,data
1060,9780590424431,,goodreads,skipped,0,0,,0,0,0,0,1,,,data
1061,9780590120708,,goodreads,skipped,0,0,,0,0,0,0,1,,,data
1062,9780590535298,,goodreads,skipped,0,0,,0,0,0,0,1,,,data
1063,9780689713873,,goodreads,skipped,0,0,,0,0,0,0,1,,,data
1064,9780553211351,,goodreads,skipped,0,0,,0,0,0,0,1,,,data
1065,9780136639480,,goodreads,skipped,0,0,,0,0,0,0,1,,,data
1066,9780425043042,,goodreads,skipped,0,0,,0,0,0,0,1,,,data
1067,9780307105622,,goodreads,skipped,0,0,,0,0,0,0,1,,,data
1068,9780373058631,,goodreads,skipped,0,0,,0,0,0,0,1,,,data
1069,9780373194155,,goodreads,skipped,0,0,,0,0,0,0,1,,,data
1070,9780373079605,,goodreads,skipped,0,0,,0,0,0,0,1,,,data
1071,9780373190195,,goodreads,skipped,0,0,,0,0,0,0,1,,,data
1072,9780373223282,,goodreads,skipped,0,0,,0,0,0,0,1,,,data
1073,9780373166848,,goodreads,skipped,0,0,,0,0,0,0,1,,,data
1074,9780715626108,,goodreads,skipped,0,0,,0,0,0,0,1,,,data
1075,9781853264061,,goodreads,skipped,0,0,,0,0,0,0,1,,,data
1076,9780307110565,,goodreads,skipped,0,0,,0,0,0,0,1,,,data
1077,9780671835323,,goodreads,skipped,0,0,,0,0,0,0,1,,,data
1078,9780345271594,,goodreads,skipped,0,0,,0,0,0,0,1,,,data
1079,9780871561992,,goodreads,skipped,0,0,,0,0,0,0,1,,,data
1080,9780689803628,,goodreads,skipped,0,0,,0,0,0,0,1,,,data
1081,9780843112078,,goodreads,skipped,0,0,,0,0,0,0,1,,,data
1082,9780307105509,,goodreads,skipped,0,0,,0,0,0,0,1,,,data
1083,9780446320047,,goodreads,skipped,0,0,,0,0,0,0,1,,,data
1084,9780869755211,,goodreads,skipped,0,0,,0,0,0,0,1,,,data
1085,9780553228786,,goodreads,skipped,0,0,,0,0,0,0,1,,,data
1086,9780449702659,,goodreads,skipped,0,0,,0,0,0,0,1,,,data
1087,9780385254229,,goodreads,skipped,0,0,,0,0,0,0,1,,,data
1088,9780316562034,,goodreads,skipped,0,0,,0,0,0,0,1,,,data
1089,9780671788025,,goodreads,skipped,0,0,,0,0,0,0,1,,,data
1090,9780394844947,,goodreads,skipped,0,0,,0,0,0,0,1,,,data
1091,9781562933371,,goodreads,skipped,0,0,,0,0,0,0,1,,,data
1092,9780307118943,,goodreads,skipped,0,0,,0,0,0,0,1,,,data
1093,9780394887821,,goodreads,skipped,0,0,,0,0,0,0,1,,,data
1094,9780764150371,,goodreads,skipped,0,0,,0,0,0,0,1,,,data
1095,9780689718793,,goodreads,skipped,0,0,,0,0,0,0,1,,,data
1096,9780486288598,,goodreads,skipped,0,0,,0,0,0,0,1,,,data
1097,9780307101730,,goodreads,skipped,0,0,,0,0,0,0,1,,,data
1098,9780307592613,,goodreads,skipped,0,0,,0,0,0,0,1,,,data
1099,9780140059540,,goodreads,skipped,0,0,,0,0,0,0,1,,,data
1100,9780945575764,,goodreads,skipped,0,0,,0,0,0,0,1,,,data
1101,9780375706493,,goodreads,skipped,0,0,,0,0,0,0,1,,,data
1102,9780872862708,,goodreads,skipped,0,0,,0,0,0,0,1,,,data
1103,9780679407775,,goodreads,skipped,0,0,,0,0,0,0,1,,,data
1104,9780889610064,,goodreads,skipped,0,0,,0,0,0,0,1,,,data
1105,9780684189062,,goodreads,skipped,0,0,,0,0,0,0,1,,,data
1106,9780385318228,,goodreads,skipped,0,0,,0,0,0,0,1,,,data
1107,9781565121782,,goodreads,skipped,0,0,,0,0,0,0,1,,,data
1108,9780679817215,,goodreads,skipped,0,0,,0,0,0,0,1,,,data
1109,9780843109979,,goodreads,skipped,0,0,,0,0,0,0,1,,,data
1110,9780140714012,,goodreads,skipped,0,0,,0,0,0,0,1,,,data
1111,9780671606497,,goodreads,skipped,0,0,,0,0,0,0,1,,,data
1112,9780941121040,,goodreads,skipped,0,0,,0,0,0,0,1,,,data
1113,9780553211641,,goodreads,skipped,0,0,,0,0,0,0,1,,,data
1114,9780440468028,,goodreads,skipped,0,0,,0,0,0,0,1,,,data
1115,9780920080733,,goodreads,skipped,0,0,,0,0,0,0,1,,,data
1116,9780394174303,,goodreads,skipped,0,0,,0,0,0,0,1,,,data
1117,9780919143326,,goodreads,skipped,0,0,,0,0,0,0,1,,,data
1118,9780891076025,,goodreads,skipped,0,0,,0,0,0,0,1,,,data
1119,9780060922672,,goodreads,skipped,0,0,,0,0,0,0,1,,,data
1120,9780803798960,,goodreads,skipped,0,0,,0,0,0,0,1,,,data
1121,9780582526525,,goodreads,skipped,0,0,,0,0,0,0,1,,,data
1122,9780241002506,,goodreads,skipped,0,0,,0,0,0,0,1,,,data
1123,9780448054582,,goodreads,skipped,0,0,,0,0,0,0,1,,,data
1124,9780140502299,,goodreads,skipped,0,0,,0,0,0,0,1,,,data
1125,9780843105766,,goodreads,skipped,0,0,,0,0,0,0,1,,,data
1126,9780609801963,,goodreads,skipped,0,0,,0,0,0,0,1,,,data
1127,9780671604134,,goodreads,skipped,0,0,,0,0,0,0,1,,,data
1128,9780582205444,,goodreads,skipped,0,0,,0,0,0,0,1,,,data
1129,9780380698509,,goodreads,skipped,0,0,,0,0,0,0,1,,,data
1130,9780723205920,,goodreads,skipped,0,0,,0,0,0,0,1,,,data
1131,9780771595660,,goodreads,skipped,0,0,,0,0,0,0,1,,,data
1132,9780811201629,,goodreads,skipped,0,0,,0,0,0,0,1,,,data
1133,9780440424857,,goodreads,skipped,0,0,,0,0,0,0,1,,,data
1134,9780750015813,,goodreads,skipped,0,0,,0,0,0,0,1,,,data
1135,9780679425434,,goodreads,skipped,0,0,,0,0,0,0,1,,,data
1136,9780671017163,,goodreads,skipped,0,0,,0,0,0,0,1,,,data
1137,9780571194742,,goodreads,skipped,0,0,,0,0,0,0,1,,,data
1138,9783426640098,,goodreads,skipped,0,0,,0,0,0,0,1,,,data
1139,9783442540686,,goodreads,skipped,0,0,,0,0,0,0,1,,,data
1140,9783502146681,,goodreads,skipped,0,0,,0,0,0,0,1,,,data
1141,9783453160798,,goodreads,skipped,0,0,,0,0,0,0,1,,,data
1142,9783406421013,,goodreads,skipped,0,0,,0,0,0,0,1,,,data
1143,9783404144679,,goodreads,skipped,0,0,,0,0,0,0,1,,,data
1144,9783726005382,,goodreads,skipped,0,0,,0,0,0,0,1,,,data
1145,9783471770313,,goodreads,skipped,0,0,,0,0,0,0,1,,,data
1146,9783442126804,,goodreads,skipped,0,0,,0,0,0,0,1,,,data
1147,9783404148486,,goodreads,skipped,0,0,,0,0,0,0,1,,,data
1148,9783453212053,,goodreads,skipped,0,0,,0,0,0,0,1,,,data
1149,9783404129102,,goodreads,skipped,0,0,,0,0,0,0,1,,,data
1150,9783442133116,,goodreads,skipped,0,0,,0,0,0,0,1,,,data
1151,9783442439645,,goodreads,skipped,0,0,,0,0,0,0,1,,,data
1152,9783442432721,,goodreads,skipped,0,0,,0,0,0,0,1,,,data
1153,9783453162792,,goodreads,skipped,0,0,,0,0,0,0,1,,,data
1154,9783442437740,,goodreads,skipped,0,0,,0,0,0,0,1,,,data
1155,9783442434244,,goodreads,skipped,0,0,,0,0,0,0,1,,,data
1156,9783821830605,,goodreads,skipped,0,0,,0,0,0,0,1,,,data
1157,9783453870857,,goodreads,skipped,0,0,,0,0,0,0,1,,,data
1158,9783100052209,,goodreads,skipped,0,0,,0,0,0,0,1,,,data
1159,9783446202221,,goodreads,skipped,0,0,,0,0,0,0,1,,,data
1160,9783100463180,,goodreads,skipped,0,0,,0,0,0,0,1,,,data
1161,9783596145836,,goodreads,skipped,0,0,,0,0,0,0,1,,,data
1162,9783442443222,,goodreads,skipped,0,0,,0,0,0,0,1,,,data
1163,9783442442911,,goodreads,skipped,0,0,,0,0,0,0,1,,,data
1164,9783442442737,,goodreads,skipped,0,0,,0,0,0,0,1,,,data
1165,9788472452787,,goodreads,skipped,0,0,,0,0,0,0,1,,,data
1166,9780805211061,,goodreads,skipped,0,0,,0,0,0,0,1,,,data
1167,9780553577464,,goodreads,skipped,0,0,,0,0,0,0,1,,,data
1168,9780345246004,,goodreads,skipped,0,0,,0,0,0,0,1,,,data
1169,9780771032134,,goodreads,skipped,0,0,,0,0,0,0,1,,,data
1170,9780830819553,,goodreads,skipped,0,0,,0,0,0,0,1,,,data
1171,9780920792339,,goodreads,skipped,0,0,,0,0,0,0,1,,,data
1172,9780972319171,,goodreads,skipped,0,0,,0,0,0,0,1,,,data
1173,9780800870225,,goodreads,skipped,0,0,,0,0,0,0,1,,,data
1174,9780394711898,,goodreads,skipped,0,0,,0,0,0,0,1,,,data
1175,9780060161569,,goodreads,skipped,0,0,,0,0,0,0,1,,,data
1176,9780140177886,,goodreads,skipped,0,0,,0,0,0,0,1,,,data
1177,9780820319612,,goodreads,skipped,0,0,,0,0,0,0,1,,,data
1178,9780871137579,,goodreads,skipped,0,0,,0,0,0,0,1,,,data
1179,9780671884390,,goodreads,skipped,0,0,,0,0,0,0,1,,,data
1180,9780440504047,,goodreads,skipped,0,0,,0,0,0,0,1,,,data
1181,9780449231685,,goodreads,skipped,0,0,,0,0,0,0,1,,,data
1182,9781860743993,,goodreads,skipped,0,0,,0,0,0,0,1,,,data
1183,9788432207785,,goodreads,skipped,0,0,,0,0,0,0,1,,,data
1184,9780201742169,,goodreads,skipped,0,0,,0,0,0,0,1,,,data
1185,9783499231582,,goodreads,skipped,0,0,,0,0,0,0,1,,,data
1186,9783426612743,,goodreads,skipped,0,0,,0,0,0,0,1,,,data
1187,9783462029505,,goodreads,skipped,0,0,,0,0,0,0,1,,,data
1188,9783596136193,,goodreads,skipped,0,0,,0,0,0,0,1,,,data
1189,9783442351961,,goodreads,skipped,0,0,,0,0,0,0,1,,,data
1190,9783442353446,,goodreads,skipped,0,0,,0,0,0,0,1,,,data
1191,9783612273598,,goodreads,skipped,0,0,,0,0,0,0,1,,,data
1192,9783404120437,,goodreads,skipped,0,0,,0,0,0,0,1,,,data
1193,9780380729098,,goodreads,skipped,0,0,,0,0,0,0,1,,,data
1194,9780689866999,,goodreads,skipped,0,0,,0,0,0,0,1,,,data
1195,9780345417787,,goodreads,skipped,0,0,,0,0,0,0,1,,,data
1196,9781552780855,,goodreads,skipped,0,0,,0,0,0,0,1,,,data
1197,9780743217347,,goodreads,skipped,0,0,,0,0,0,0,1,,,data
1198,9780743247726,,goodreads,skipped,0,0,,0,0,0,0,1,,,data
1199,9781558851986,,goodreads,skipped,0,0,,0,0,0,0,1,,,data
1200,9780773759909,,goodreads,skipped,0,0,,0,0,0,0,1,,,data
1201,9781572971158,,goodreads,skipped,0,0,,0,0,0,0,1,,,data
1202,9780140098822,,goodreads,skipped,0,0,,0,0,0,0,1,,,data
1203,9781888604108,,goodreads,skipped,0,0,,0,0,0,0,1,,,data
1204,9780806997612,,goodreads,skipped,0,0,,0,0,0,0,1,,,data
1205,9780967673769,,goodreads,skipped,0,0,,0,0,0,0,1,,,data
1206,9780448025490,,goodreads,skipped,0,0,,0,0,0,0,1,,,data
1207,9780582765757,,goodreads,skipped,0,0,,0,0,0,0,1,,,data
1208,9780553125795,,goodreads,skipped,0,0,,0,0,0,0,1,,,data
1209,9780528823220,,goodreads,skipped,0,0,,0,0,0,0,1,,,data
1210,9781551665726,,goodreads,skipped,0,0,,0,0,0,0,1,,,data
1211,9780316771641,,goodreads,skipped,0,0,,0,0,0,0,1,,,data
1212,9780773761056,,goodreads,skipped,0,0,,0,0,0,0,1,,,data
1213,9780590338462,,goodreads,skipped,0,0,,0,0,0,0,1,,,data
1214,9780590308441,,goodreads,skipped,0,0,,0,0,0,0,1,,,data
1215,9780931580390,,goodreads,skipped,0,0,,0,0,0,0,1,,,data
1216,9780312982478,,goodreads,skipped,0,0,,0,0,0,0,1,,,data
1217,9780787102265,,goodreads,skipped,0,0,,0,0,0,0,1,,,data
1218,9780380725847,,goodreads,skipped,0,0,,0,0,0,0,1,,,data
1219,9780590332101,,goodreads,skipped,0,0,,0,0,0,0,1,,,data
1220,9780760721056,,goodreads,skipped,0,0,,0,0,0,0,1,,,data
1221,9780528913662,,goodreads,skipped,0,0,,0,0,0,0,1,,,data
1222,9780689841743,,goodreads,skipped,0,0,,0,0,0,0,1,,,data
1223,9780373037476,,goodreads,skipped,0,0,,0,0,0,0,1,,,data
1224,9780345385727,,goodreads,skipped,0,0,,0,0,0,0,1,,,data
1225,9780374262235,,goodreads,skipped,0,0,,0,0,0,0,1,,,data
1226,9780671019396,,goodreads,skipped,0,0,,0,0,0,0,1,,,data
1227,9780312305543,,goodreads,skipped,0,0,,0,0,0,0,1,,,data
1228,9780373225651,,goodreads,skipped,0,0,,0,0,0,0,1,,,data
1229,9780373225781,,goodreads,skipped,0,0,,0,0,0,0,1,,,data
1230,9780373225798,,goodreads,blocked,0,7,title; authors; publisher; origin; date_of_publication; language; genres,0,0,0,0,15,,,data
1231,9780525938675,,goodreads,skipped,0,0,,0,0,0,0,1,,,data
1232,9780875420516,,goodreads,skipped,0,0,,0,0,0,0,1,,,data
1233,9780962655678,,goodreads,skipped,0,0,,0,0,0,0,1,,,data
1234,9780373520855,,goodreads,skipped,0,0,,0,0,0,0,1,,,data
1235,9780373118229,,goodreads,skipped,0,0,,0,0,0,0,1,,,data
1236,9780201384079,,goodreads,skipped,0,0,,0,0,0,0,1,,,data
1237,9781572594227,,goodreads,skipped,0,0,,0,0,0,0,1,,,data
1238,9780768911763,,goodreads,skipped,0,0,,0,0,0,0,1,,,data
1239,9780373225743,,goodreads,skipped,0,0,,0,0,0,0,1,,,data
1240,9780679421696,,goodreads,skipped,0,0,,0,0,0,0,1,,,data
1241,9780375413803,,goodreads,skipped,0,0,,0,0,0,0,1,,,data
1242,9780060565497,,goodreads,skipped,0,0,,0,0,0,0,1,,,data
1243,9780060179915,,goodreads,skipped,0,0,,0,0,0,0,1,,,data
1244,9780471158929,,goodreads,skipped,0,0,,0,0,0,0,1,,,data
1245,9780374299866,,goodreads,skipped,0,0,,0,0,0,0,1,,,data
1246,9780553276831,,goodreads,skipped,0,0,,0,0,0,0,1,,,data
1247,9780375759062,,goodreads,skipped,0,0,,0,0,0,0,1,,,data
1248,9780516012759,,goodreads,skipped,0,0,,0,0,0,0,1,,,data
1249,9780140327748,,goodreads,skipped,0,0,,0,0,0,0,1,,,data
1250,9780064404860,,goodreads,skipped,0,0,,0,0,0,0,1,,,data
1251,9780688135768,,goodreads,skipped,0,0,,0,0,0,0,1,,,data
1252,9780553155211,,goodreads,skipped,0,0,,0,0,0,0,1,,,data
1253,9780916941345,,goodreads,skipped,0,0,,0,0,0,0,1,,,data
1254,9780440406525,,goodreads,skipped,0,0,,0,0,0,0,1,,,data
1255,9780877191506,,goodreads,skipped,0,0,,0,0,0,0,1,,,data
1256,9780452282056,,goodreads,skipped,0,0,,0,0,0,0,1,,,data
1257,9780877193036,,goodreads,skipped,0,0,,0,0,0,0,1,,,data
1258,9780679864271,,goodreads,skipped,0,0,,0,0,0,0,1,,,data
1259,9780399210730,,goodreads,skipped,0,0,,0,0,0,0,1,,,data
1260,9780590436298,,goodreads,skipped,0,0,,0,0,0,0,1,,,data
1261,9780440087595,,goodreads,skipped,0,0,,0,0,0,0,1,,,data
1262,9780824516468,,goodreads,skipped,0,0,,0,0,0,0,1,,,data
1263,9780606069571,,goodreads,skipped,0,0,,0,0,0,0,1,,,data
1264,9780152004316,,goodreads,skipped,0,0,,0,0,0,0,1,,,data
1265,9780440800125,,goodreads,skipped,0,0,,0,0,0,0,1,,,data
1266,9780452009295,,goodreads,skipped,0,0,,0,0,0,0,1,,,data
1267,9780060084530,,goodreads,skipped,0,0,,0,0,0,0,1,,,data
1268,9781555611224,,goodreads,skipped,0,0,,0,0,0,0,1,,,data
1269,9780380876358,,goodreads,skipped,0,0,,0,0,0,0,1,,,data
1270,9780927545709,,goodreads,skipped,0,0,,0,0,0,0,1,,,data
1271,9780064402835,,goodreads,skipped,0,0,,0,0,0,0,1,,,data
1272,9780345320612,,goodreads,skipped,0,0,,0,0,0,0,1,,,data
1273,9780345353887,,goodreads,skipped,0,0,,0,0,0,0,1,,,data
1274,9780345379597,,goodreads,skipped,0,0,,0,0,0,0,1,,,data
1275,9780345337962,,goodreads,skipped,0,0,,0,0,0,0,1,,,data
1276,9781563522284,,goodreads,skipped,0,0,,0,0,0,0,1,,,data
1277,9788470820793,,goodreads,skipped,0,0,,0,0,0,0,1,,,data
1278,9780875791784,,goodreads,skipped,0,0,,0,0,0,0,1,,,data
1279,9780142301005,,goodreads,skipped,0,0,,0,0,0,0,1,,,data
1280,9780142300992,,goodreads,skipped,0,0,,0,0,0,0,1,,,data
1281,9781593100650,,goodreads,skipped,0,0,,0,0,0,0,1,,,data
1282,9780736913249,,goodreads,skipped,0,0,,0,0,0,0,1,,,data
1283,9781929125005,,goodreads,skipped,0,0,,0,0,0,0,1,,,data
1284,9781565079458,,goodreads,skipped,0,0,,0,0,0,0,1,,,data
1285,9781577489757,,goodreads,skipped,0,0,,0,0,0,0,1,,,data
1286,9780333905081,,goodreads,skipped,0,0,,0,0,0,0,1,,,data
1287,9781558538115,,goodreads,skipped,0,0,,0,0,0,0,1,,,data
1288,9781551664682,,goodreads,skipped,0,0,,0,0,0,0,1,,,data
1289,9780060201142,,goodreads,skipped,0,0,,0,0,0,0,1,,,data
1290,9780784705414,,goodreads,skipped,0,0,,0,0,0,0,1,,,data
1291,9780784705421,,goodreads,skipped,0,0,,0,0,0,0,1,,,data
1292,9780689826696,,goodreads,skipped,0,0,,0,0,0,0,1,,,data
1293,9780689824401,,goodreads,skipped,0,0,,0,0,0,0,1,,,data
1294,9780688104801,,goodreads,skipped,0,0,,0,0,0,0,1,,,data
1295,9780553566932,,goodreads,skipped,0,0,,0,0,0,0,1,,,data
1296,9780671510350,,goodreads,skipped,0,0,,0,0,0,0,1,,,data
1297,9780553566925,,goodreads,skipped,0,0,,0,0,0,0,1,,,data
1298,9780553566574,,goodreads,skipped,0,0,,0,0,0,0,1,,,data
1299,9780373115099,,goodreads,skipped,0,0,,0,0,0,0,1,,,data
1300,9780842382243,,goodreads,skipped,0,0,,0,0,0,0,1,,,data
1301,9780553566987,,goodreads,skipped,0,0,,0,0,0,0,1,,,data
1302,9780425138410,,goodreads,skipped,0,0,,0,0,0,0,1,,,data
1303,9780373115051,,goodreads,skipped,0,0,,0,0,0,0,1,,,data
1304,9780671510343,,goodreads,skipped,0,0,,0,0,0,0,1,,,data
1305,9780553566994,,goodreads,skipped,0,0,,0,0,0,0,1,,,data
1306,9780553567014,,goodreads,skipped,0,0,,0,0,0,0,1,,,data
1307,9780553279139,,goodreads,skipped,0,0,,0,0,0,0,1,,,data
1308,9780061062599,,goodreads,skipped,0,0,,0,0,0,0,1,,,data
1309,9780373115068,,goodreads,skipped,0,0,,0,0,0,0,1,,,data
1310,9780373115082,,goodreads,skipped,0,0,,0,0,0,0,1,,,data
1311,9780822000204,,goodreads,skipped,0,0,,0,0,0,0,1,,,data
1312,9780590407755,,goodreads,skipped,0,0,,0,0,0,0,1,,,data
1313,9780553563092,,goodreads,skipped,0,0,,0,0,0,0,1,,,data
1314,9780553566963,,goodreads,skipped,0,0,,0,0,0,0,1,,,data
1315,9780451164964,,goodreads,skipped,0,0,,0,0,0,0,1,,,data
1316,9780440190240,,goodreads,skipped,0,0,,0,0,0,0,1,,,data
1317,9780451133649,,goodreads,skipped,0,0,,0,0,0,0,1,,,data
1318,9780373077090,,goodreads,skipped,0,0,,0,0,0,0,1,,,data
1319,9780451410337,,goodreads,skipped,0,0,,0,0,0,0,1,,,data
1320,9780792452454,,goodreads,skipped,0,0,,0,0,0,0,1,,,data
1321,9780140063639,,goodreads,skipped,0,0,,0,0,0,0,1,,,data
1322,9780373832736,,goodreads,skipped,0,0,,0,0,0,0,1,,,data
1323,9780425142950,,goodreads,skipped,0,0,,0,0,0,0,1,,,data
1324,9780671669973,,goodreads,skipped,0,0,,0,0,0,0,1,,,data
1325,9780897931779,,goodreads,skipped,0,0,,0,0,0,0,1,,,data
1326,9780312963576,,goodreads,skipped,0,0,,0,0,0,0,1,,,data
1327,9780440185116,,goodreads,skipped,0,0,,0,0,0,0,1,,,data
1328,9780671736033,,goodreads,skipped,0,0,,0,0,0,0,1,,,data
1329,9780060186678,,goodreads,skipped,0,0,,0,0,0,0,1,,,data
1330,9780671556037,,goodreads,skipped,0,0,,0,0,0,0,1,,,data
1331,9780440204268,,goodreads,skipped,0,0,,0,0,0,0,1,,,data
1332,9780441000883,,goodreads,skipped,0,0,,0,0,0,0,1,,,data
1333,9780441000746,,goodreads,skipped,0,0,,0,0,0,0,1,,,data
1334,9780441000678,,goodreads,skipped,0,0,,0,0,0,0,1,,,data
1335,9780865531635,,goodreads,skipped,0,0,,0,0,0,0,1,,,data
1336,9780771079542,,goodreads,skipped,0,0,,0,0,0,0,1,,,data
1337,9780812521641,,goodreads,skipped,0,0,,0,0,0,0,1,,,data
1338,9780373076147,,goodreads,skipped,0,0,,0,0,0,0,1,,,data
1339,9780843924343,,goodreads,skipped,0,0,,0,0,0,0,1,,,data
1340,9780553272451,,goodreads,skipped,0,0,,0,0,0,0,1,,,data
1341,9780842302142,,goodreads,skipped,0,0,,0,0,0,0,1,,,data
1342,9780553136852,,goodreads,skipped,0,0,,0,0,0,0,1,,,data
1343,9780373885428,,goodreads,skipped,0,0,,0,0,0,0,1,,,data
1344,9780060108564,,goodreads,skipped,0,0,,0,0,0,0,1,,,data
1345,9780312960414,,goodreads,skipped,0,0,,0,0,0,0,1,,,data
1346,9780393322231,,goodreads,skipped,0,0,,0,0,0,0,1,,,data
1347,9780312856335,,goodreads,skipped,0,0,,0,0,0,0,1,,,data
1348,9780671733810,,goodreads,skipped,0,0,,0,0,0,0,1,,,data
1349,9780881038675,,goodreads,skipped,0,0,,0,0,0,0,1,,,data
1350,9780373482627,,goodreads,skipped,0,0,,0,0,0,0,1,,,data
1351,9780373076840,,goodreads,skipped,0,0,,0,0,0,0,1,,,data
1352,9780446347174,,goodreads,skipped,0,0,,0,0,0,0,1,,,data
1354,9780843935820,,goodreads,skipped,0,0,,0,0,0,0,1,,,data
1355,9780821733363,,goodreads,skipped,0,0,,0,0,0,0,1,,,data
1356,9780449147696,,goodreads,skipped,0,0,,0,0,0,0,1,,,data
1357,9780373251407,,goodreads,skipped,0,0,,0,0,0,0,1,,,data
1358,9780595003990,,goodreads,skipped,0,0,,0,0,0,0,1,,,data
1359,9780373287543,,goodreads,skipped,0,0,,0,0,0,0,1,,,data
1360,9780373705849,,goodreads,skipped,0,0,,0,0,0,0,1,,,data
1361,9780373058891,,goodreads,skipped,0,0,,0,0,0,0,1,,,data
1362,9780743435369,,goodreads,skipped,0,0,,0,0,0,0,1,,,data
1363,9780671003111,,goodreads,skipped,0,0,,0,0,0,0,1,,,data
1364,9780451401328,,goodreads,skipped,0,0,,0,0,0,0,1,,,data
1365,9780451169693,,goodreads,skipped,0,0,,0,0,0,0,1,,,data
1366,9780525939450,,goodreads,skipped,0,0,,0,0,0,0,1,,,data
1367,9780739404782,,goodreads,skipped,0,0,,0,0,0,0,1,,,data
1368,9780385077255,,goodreads,skipped,0,0,,0,0,0,0,1,,,data
1369,9780449215180,,goodreads,skipped,0,0,,0,0,0,0,1,,,data
1370,9780439147736,,goodreads,skipped,0,0,,0,0,0,0,1,,,data
1371,9780375812774,,goodreads,skipped,0,0,,0,0,0,0,1,,,data
1372,9780440210245,,goodreads,skipped,0,0,,0,0,0,0,1,,,data
1373,9780553487053,,goodreads,skipped,0,0,,0,0,0,0,1,,,data
1374,9780912696119,,goodreads,skipped,0,0,,0,0,0,0,1,,,data
1375,9781580863353,,goodreads,skipped,0,0,,0,0,0,0,1,,,data
1376,9780801987755,,goodreads,skipped,0,0,,0,0,0,0,1,,,data
1377,9781558749559,,goodreads,skipped,0,0,,0,0,0,0,1,,,data
1378,9780312114367,,goodreads,skipped,0,0,,0,0,0,0,1,,,data
1379,9780671897949,,goodreads,skipped,0,0,,0,0,0,0,1,,,data
1380,9780762408078,,goodreads,skipped,0,0,,0,0,0,0,1,,,data
1381,9780060969141,,goodreads,skipped,0,0,,0,0,0,0,1,,,data
1382,9780671676575,,goodreads,skipped,0,0,,0,0,0,0,1,,,data
1383,9780785303282,,goodreads,skipped,0,0,,0,0,0,0,1,,,data
1384,9780785311430,,goodreads,skipped,0,0,,0,0,0,0,1,,,data
1385,9781579730192,,goodreads,skipped,0,0,,0,0,0,0,1,,,data
1386,9780375803864,,goodreads,skipped,0,0,,0,0,0,0,1,,,data
1387,9780307166043,,goodreads,skipped,0,0,,0,0,0,0,1,,,data
1388,9780375825064,,goodreads,skipped,0,0,,0,0,0,0,1,,,data
1389,9780307302687,,goodreads,skipped,0,0,,0,0,0,0,1,,,data
1390,9780307301314,,goodreads,skipped,0,0,,0,0,0,0,1,,,data
1391,9780679873525,,goodreads,skipped,0,0,,0,0,0,0,1,,,data
1392,9780769612720,,goodreads,skipped,0,0,,0,0,0,0,1,,,data
1393,9780307162618,,goodreads,skipped,0,0,,0,0,0,0,1,,,data
1394,9781558851832,,goodreads,skipped,0,0,,0,0,0,0,1,,,data
1395,9780307231253,,goodreads,skipped,0,0,,0,0,0,0,1,,,data
1396,9780439332460,,goodreads,skipped,0,0,,0,0,0,0,1,,,data
1397,9780394877112,,goodreads,skipped,0,0,,0,0,0,0,1,,,data
1398,9780064450164,,goodreads,skipped,0,0,,0,0,0,0,1,,,data
1399,9780590428057,,goodreads,skipped,0,0,,0,0,0,0,1,,,data
1400,9780679875918,,goodreads,skipped,0,0,,0,0,0,0,1,,,data
1401,9780394829111,,goodreads,skipped,0,0,,0,0,0,0,1,,,data
1402,9780307131560,,goodreads,skipped,0,0,,0,0,0,0,1,,,data
1403,9780786843145,,goodreads,skipped,0,0,,0,0,0,0,1,,,data
1404,9780310704621,,goodreads,skipped,0,0,,0,0,0,0,1,,,data
1405,9780803726710,,goodreads,skipped,0,0,,0,0,0,0,1,,,data
1406,9781561447268,,goodreads,skipped,0,0,,0,0,0,0,1,,,data
1407,9780844276304,,goodreads,skipped,0,0,,0,0,0,0,1,,,data
1408,9780060271633,,goodreads,skipped,0,0,,0,0,0,0,1,,,data
1409,9780060292850,,goodreads,skipped,0,0,,0,0,0,0,1,,,data
1410,9780307305015,,goodreads,skipped,0,0,,0,0,0,0,1,,,data
1411,9780689810657,,goodreads,skipped,0,0,,0,0,0,0,1,,,data
1412,9780679857112,,goodreads,skipped,0,0,,0,0,0,0,1,,,data
1413,9780394828183,,goodreads,skipped,0,0,,0,0,0,0,1,,,data
1414,9780786803040,,goodreads,skipped,0,0,,0,0,0,0,1,,,data
1415,9780060244057,,goodreads,skipped,0,0,,0,0,0,0,1,,,data
1416,9780786831784,,goodreads,skipped,0,0,,0,0,0,0,1,,,data
1417,9780060266868,,goodreads,skipped,0,0,,0,0,0,0,1,,,data
1418,9781579730048,,goodreads,skipped,0,0,,0,0,0,0,1,,,data
1419,9781579730116,,goodreads,skipped,0,0,,0,0,0,0,1,,,data
1420,9781579730109,,goodreads,skipped,0,0,,0,0,0,0,1,,,data
1421,9781579730055,,goodreads,skipped,0,0,,0,0,0,0,1,,,data
1422,9781579730086,,goodreads,skipped,0,0,,0,0,0,0,1,,,data
1423,9781579730154,,goodreads,skipped,0,0,,0,0,0,0,1,,,data
1424,9781579730000,,goodreads,skipped,0,0,,0,0,0,0,1,,,data
1425,9781579730079,,goodreads,skipped,0,0,,0,0,0,0,1,,,data
1426,9781579730093,,goodreads,skipped,0,0,,0,0,0,0,1,,,data
1427,9781579730031,,goodreads,skipped,0,0,,0,0,0,0,1,,,data
1428,9781579730017,,goodreads,skipped,0,0,,0,0,0,0,1,,,data
1429,9781579730130,,goodreads,skipped,0,0,,0,0,0,0,1,,,data
1430,9781579730147,,goodreads,skipped,0,0,,0,0,0,0,1,,,data
1431,9781579730024,,goodreads,skipped,0,0,,0,0,0,0,1,,,data
1432,9781579730123,,goodreads,skipped,0,0,,0,0,0,0,1,,,data
1433,9781885222985,,goodreads,skipped,0,0,,0,0,0,0,1,,,data
1434,9780895774279,,goodreads,skipped,0,0,,0,0,0,0,1,,,data
1435,9780895774248,,goodreads,skipped,0,0,,0,0,0,0,1,,,data
1436,9780895774200,,goodreads,skipped,0,0,,0,0,0,0,1,,,data
1437,9780895774170,,goodreads,skipped,0,0,,0,0,0,0,1,,,data
1438,9780895775443,,goodreads,skipped,0,0,,0,0,0,0,1,,,data
1439,9780895775030,,goodreads,skipped,0,0,,0,0,0,0,1,,,data
1440,9780895775436,,goodreads,skipped,0,0,,0,0,0,0,1,,,data
1441,9780895775023,,goodreads,skipped,0,0,,0,0,0,0,1,,,data
1442,9780895774187,,goodreads,skipped,0,0,,0,0,0,0,1,,,data
1443,9780895775054,,goodreads,skipped,0,0,,0,0,0,0,1,,,data
1444,9780895775429,,goodreads,skipped,0,0,,0,0,0,0,1,,,data
1445,9780895775412,,goodreads,skipped,0,0,,0,0,0,0,1,,,data
1446,9780783513515,,goodreads,skipped,0,0,,0,0,0,0,1,,,data
1447,9780849959790,,goodreads,skipped,0,0,,0,0,0,0,1,,,data
1448,9780849958304,,goodreads,skipped,0,0,,0,0,0,0,1,,,data
1449,9780688163785,,goodreads,skipped,0,0,,0,0,0,0,1,,,data
1450,9780399508028,,goodreads,skipped,0,0,,0,0,0,0,1,,,data
1451,9780942802931,,goodreads,skipped,0,0,,0,0,0,0,1,,,data
1452,9780385242271,,goodreads,skipped,0,0,,0,0,0,0,1,,,data
1453,9780696209765,,goodreads,skipped,0,0,,0,0,0,0,1,,,data
1454,9781556612176,,goodreads,skipped,0,0,,0,0,0,0,1,,,data
1455,9781556612169,,goodreads,skipped,0,0,,0,0,0,0,1,,,data
1456,9780440551843,,goodreads,skipped,0,0,,0,0,0,0,1,,,data
1457,9781840384352,,goodreads,skipped,0,0,,0,0,0,0,1,,,data
1458,9780789204172,,goodreads,skipped,0,0,,0,0,0,0,1,,,data
1459,9781569874233,,goodreads,skipped,0,0,,0,0,0,0,1,,,data
1460,9780486232973,,goodreads,skipped,0,0,,0,0,0,0,1,,,data
1461,9780600369264,,goodreads,skipped,0,0,,0,0,0,0,1,,,data
1462,9780312076696,,goodreads,skipped,0,0,,0,0,0,0,1,,,data
1463,9780440405788,,goodreads,skipped,0,0,,0,0,0,0,1,,,data
1464,9780590023900,,goodreads,skipped,0,0,,0,0,0,0,1,,,data
1465,9780140369984,,goodreads,skipped,0,0,,0,0,0,0,1,,,data
1466,9780440904939,,goodreads,skipped,0,0,,0,0,0,0,1,,,data
1467,9780679885603,,goodreads,skipped,0,0,,0,0,0,0,1,,,data
1468,9780020421900,,goodreads,skipped,0,0,,0,0,0,0,1,,,data
1469,9781576734025,,goodreads,skipped,0,0,,0,0,0,0,1,,,data
1470,9783548256771,,goodreads,skipped,0,0,,0,0,0,0,1,,,data
1471,9783499224706,,goodreads,skipped,0,0,,0,0,0,0,1,,,data
1472,9783453867628,,goodreads,skipped,0,0,,0,0,0,0,1,,,data
1473,9783442553211,,goodreads,skipped,0,0,,0,0,0,0,1,,,data
1474,9783442439904,,goodreads,skipped,0,0,,0,0,0,0,1,,,data
1475,9783423202077,,goodreads,skipped,0,0,,0,0,0,0,1,,,data
1476,9783548680460,,goodreads,skipped,0,0,,0,0,0,0,1,,,data
1477,9783257232813,,goodreads,skipped,0,0,,0,0,0,0,1,,,data
1478,9781582432373,,goodreads,skipped,0,0,,0,0,0,0,1,,,data
1479,9780691049199,,goodreads,skipped,0,0,,0,0,0,0,1,,,data
1480,9780691016191,,goodreads,skipped,0,0,,0,0,0,0,1,,,data
1481,9780691069500,,goodreads,skipped,0,0,,0,0,0,0,1,,,data
1482,9780375414671,,goodreads,skipped,0,0,,0,0,0,0,1,,,data
1483,9780316601030,,goodreads,skipped,0,0,,0,0,0,0,1,,,data
1484,9780671864354,,goodreads,skipped,0,0,,0,0,0,0,1,,,data
1485,9780671000677,,goodreads,skipped,0,0,,0,0,0,0,1,,,data
1486,9780440222453,,goodreads,skipped,0,0,,0,0,0,0,1,,,data
1487,9780804101660,,goodreads,skipped,0,0,,0,0,0,0,1,,,data
1488,9780671020613,,goodreads,skipped,0,0,,0,0,0,0,1,,,data
1489,9780439130752,,goodreads,skipped,0,0,,0,0,0,0,1,,,data
1490,9780590638791,,goodreads,skipped,0,0,,0,0,0,0,1,,,data
1491,9780785326021,,goodreads,skipped,0,0,,0,0,0,0,1,,,data
1492,9780671668167,,goodreads,skipped,0,0,,0,0,0,0,1,,,data
1493,9780446347624,,goodreads,skipped,0,0,,0,0,0,0,1,,,data
1494,9780425042946,,goodreads,skipped,0,0,,0,0,0,0,1,,,data
1495,9780060807610,,goodreads,skipped,0,0,,0,0,0,0,1,,,data
1496,9780812548488,,goodreads,skipped,0,0,,0,0,0,0,1,,,data
1497,9783492223003,,goodreads,skipped,0,0,,0,0,0,0,1,,,data
1498,9780307155573,,goodreads,skipped,0,0,,0,0,0,0,1,,,data
1499,9783770147816,,goodreads,skipped,0,0,,0,0,0,0,1,,,data
1500,9783404148080,,goodreads,skipped,0,0,,0,0,0,0,1,,,data
1501,9783442434596,,goodreads,skipped,0,0,,0,0,0,0,1,,,data
1502,9780006161523,,goodreads,skipped,0,0,,0,0,0,0,1,,,data
1503,9780006935193,,goodreads,skipped,0,0,,0,0,0,0,1,,,data
1504,9780312865191,,goodreads,skipped,0,0,,0,0,0,0,1,,,data
1505,9780812571578,,goodreads,skipped,0,0,,0,0,0,0,1,,,data
1506,9780064301381,,goodreads,skipped,0,0,,0,0,0,0,1,,,data
1507,9780025002432,,goodreads,skipped,0,0,,0,0,0,0,1,,,data
1508,9780070342507,,goodreads,skipped,0,0,,0,0,0,0,1,,,data
1509,9780486222011,,goodreads,skipped,0,0,,0,0,0,0,1,,,data
1510,9780898025507,,goodreads,skipped,0,0,,0,0,0,0,1,,,data
1511,9781569752784,,goodreads,skipped,0,0,,0,0,0,0,1,,,data
1512,9780525933434,,goodreads,skipped,0,0,,0,0,0,0,1,,,data
1513,9780671246921,,goodreads,skipped,0,0,,0,0,0,0,1,,,data
1514,9780345309235,,goodreads,skipped,0,0,,0,0,0,0,1,,,data
1515,9780670878611,,goodreads,skipped,0,0,,0,0,0,0,1,,,data
1516,9780849909658,,goodreads,skipped,0,0,,0,0,0,0,1,,,data
1517,9781879418295,,goodreads,skipped,0,0,,0,0,0,0,1,,,data
1518,9780385292870,,goodreads,skipped,0,0,,0,0,0,0,1,,,data
1519,9780806935638,,goodreads,skipped,0,0,,0,0,0,0,1,,,data
1520,9780312252564,,goodreads,skipped,0,0,,0,0,0,0,1,,,data
1521,9780385487191,,goodreads,skipped,0,0,,0,0,0,0,1,,,data
1522,9783492237772,,goodreads,skipped,0,0,,0,0,0,0,1,,,data
1523,9783766837196,,goodreads,skipped,0,0,,0,0,0,0,1,,,data
1524,9783596151820,,goodreads,skipped,0,0,,0,0,0,0,1,,,data
1525,9780340369074,,goodreads,skipped,0,0,,0,0,0,0,1,,,data
1526,9780471420057,,goodreads,skipped,0,0,,0,0,0,0,1,,,data
1527,9780785804390,,goodreads,skipped,0,0,,0,0,0,0,1,,,data
1528,9780871138590,,goodreads,skipped,0,0,,0,0,0,0,1,,,data
1529,9781580622424,,goodreads,skipped,0,0,,0,0,0,0,1,,,data
1530,9780786710379,,goodreads,skipped,0,0,,0,0,0,0,1,,,data
1531,9780395194898,,goodreads,skipped,0,0,,0,0,0,0,1,,,data
1532,9780679747567,,goodreads,skipped,0,0,,0,0,0,0,1,,,data
1533,9780684830452,,goodreads,skipped,0,0,,0,0,0,0,1,,,data
1534,9780671884581,,goodreads,skipped,0,0,,0,0,0,0,1,,,data
1535,9780340672228,,goodreads,skipped,0,0,,0,0,0,0,1,,,data
1536,9780771035463,,goodreads,skipped,0,0,,0,0,0,0,1,,,data
1537,9780771035456,,goodreads,skipped,0,0,,0,0,0,0,1,,,data
1538,9780312660222,,goodreads,skipped,0,0,,0,0,0,0,1,,,data
1539,9780380896479,,goodreads,skipped,0,0,,0,0,0,0,1,,,data
1540,9780449007167,,goodreads,skipped,0,0,,0,0,0,0,1,,,data
1541,9780373264773,,goodreads,skipped,0,0,,0,0,0,0,1,,,data
1542,9780450419041,,goodreads,skipped,0,0,,0,0,0,0,1,,,data
1543,9780671645267,,goodreads,skipped,0,0,,0,0,0,0,1,,,data
1544,9781592230204,,goodreads,skipped,0,0,,0,0,0,0,1,,,data
1545,9780821730959,,goodreads,skipped,0,0,,0,0,0,0,1,,,data
1546,9781580080941,,goodreads,skipped,0,0,,0,0,0,0,1,,,data
1547,9780425057339,,goodreads,skipped,0,0,,0,0,0,0,1,,,data
1548,9780922915422,,goodreads,skipped,0,0,,0,0,0,0,1,,,data
1549,9780425160909,,goodreads,skipped,0,0,,0,0,0,0,1,,,data
1550,9780440187042,,goodreads,skipped,0,0,,0,0,0,0,1,,,data
1551,9780590452465,,goodreads,skipped,0,0,,0,0,0,0,1,,,data
1552,9780449222010,,goodreads,skipped,0,0,,0,0,0,0,1,,,data
1553,9780910034975,,goodreads,skipped,0,0,,0,0,0,0,1,,,data
1554,9780877736271,,goodreads,skipped,0,0,,0,0,0,0,1,,,data
1555,9780394492193,,goodreads,skipped,0,0,,0,0,0,0,1,,,data
1556,9781557831279,,goodreads,skipped,0,0,,0,0,0,0,1,,,data
1557,9780671436094,,goodreads,skipped,0,0,,0,0,0,0,1,,,data
1558,9780786700318,,goodreads,skipped,0,0,,0,0,0,0,1,,,data
1559,9781880032374,,goodreads,skipped,0,0,,0,0,0,0,1,,,data
1560,9780749314422,,goodreads,skipped,0,0,,0,0,0,0,1,,,data
1561,9780330291156,,goodreads,skipped,0,0,,0,0,0,0,1,,,data
1562,9783453115484,,goodreads,skipped,0,0,,0,0,0,0,1,,,data
1563,9780060243098,,goodreads,skipped,0,0,,0,0,0,0,1,,,data
1564,9781930844025,,goodreads,skipped,0,0,,0,0,0,0,1,,,data
1565,9780394812885,,goodreads,skipped,0,0,,0,0,0,0,1,,,data
1566,9780396070047,,goodreads,skipped,0,0,,0,0,0,0,1,,,data
1567,9780804104845,,goodreads,skipped,0,0,,0,0,0,0,1,,,data
1568,9780821773703,,goodreads,skipped,0,0,,0,0,0,0,1,,,data
1569,9780821774045,,goodreads,skipped,0,0,,0,0,0,0,1,,,data
1570,9780061010200,,goodreads,skipped,0,0,,0,0,0,0,1,,,data
1571,9780941423861,,goodreads,skipped,0,0,,0,0,0,0,1,,,data
1572,9780749910860,,goodreads,skipped,0,0,,0,0,0,0,1,,,data
1573,9780716723141,,goodreads,skipped,0,0,,0,0,0,0,1,,,data
1574,9781852425586,,goodreads,skipped,0,0,,0,0,0,0,1,,,data
1575,9780140116373,,goodreads,skipped,0,0,,0,0,0,0,1,,,data
1576,9780241141540,,goodreads,skipped,0,0,,0,0,0,0,1,,,data
1577,9780413158703,,goodreads,skipped,0,0,,0,0,0,0,1,,,data
1578,9780747560319,,goodreads,skipped,0,0,,0,0,0,0,1,,,data
1579,9789684110182,,goodreads,skipped,0,0,,0,0,0,0,1,,,data
1580,9789684063167,,goodreads,skipped,0,0,,0,0,0,0,1,,,data
1581,9788420633336,,goodreads,skipped,0,0,,0,0,0,0,1,,,data
1582,9788433914934,,goodreads,skipped,0,0,,0,0,0,0,1,,,data
1583,9788423901005,,goodreads,skipped,0,0,,0,0,0,0,1,,,data
1584,9782010024818,,goodreads,skipped,0,0,,0,0,0,0,1,,,data
1585,9788408048367,,goodreads,skipped,0,0,,0,0,0,0,1,,,data
1586,9788466310680,,goodreads,skipped,0,0,,0,0,0,0,1,,,data
1587,9788484502050,,goodreads,skipped,0,0,,0,0,0,0,1,,,data
1588,9783446161870,,goodreads,skipped,0,0,,0,0,0,0,1,,,data
1589,9783896021847,,goodreads,skipped,0,0,,0,0,0,0,1,,,data
1590,9780452274129,,goodreads,skipped,0,0,,0,0,0,0,1,,,data
1591,9780345428752,,goodreads,skipped,0,0,,0,0,0,0,1,,,data
1592,9780553089301,,goodreads,skipped,0,0,,0,0,0,0,1,,,data
1593,9780299165406,,goodreads,skipped,0,0,,0,0,0,0,1,,,data
1594,9780070466142,,goodreads,skipped,0,0,,0,0,0,0,1,,,data
1595,9780375410772,,goodreads,skipped,0,0,,0,0,0,0,1,,,data
1596,9780671582708,,goodreads,skipped,0,0,,0,0,0,0,1,,,data
1597,9780816147403,,goodreads,skipped,0,0,,0,0,0,0,1,,,data
1598,9780060560119,,goodreads,skipped,0,0,,0,0,0,0,1,,,data
1599,9781559702478,,goodreads,skipped,0,0,,0,0,0,0,1,,,data
1600,9780451141460,,goodreads,skipped,0,0,,0,0,0,0,1,,,data
1601,9780451153319,,goodreads,skipped,0,0,,0,0,0,0,1,,,data
1602,9780060177386,,goodreads,skipped,0,0,,0,0,0,0,1,,,data
1603,9783596112982,,goodreads,skipped,0,0,,0,0,0,0,1,,,data
1604,9789074336994,,goodreads,skipped,0,0,,0,0,0,0,1,,,data
1605,9783407807625,,goodreads,skipped,0,0,,0,0,0,0,1,,,data
1606,9780307201652,,goodreads,skipped,0,0,,0,0,0,0,1,,,data
1607,9780307201607,,goodreads,skipped,0,0,,0,0,0,0,1,,,data
1608,9780307201669,,goodreads,skipped,0,0,,0,0,0,0,1,,,data
1609,9781570649448,,goodreads,skipped,0,0,,0,0,0,0,1,,,data
1610,9780915396382,,goodreads,skipped,0,0,,0,0,0,0,1,,,data
1611,9781587170829,,goodreads,skipped,0,0,,0,0,0,0,1,,,data
1612,9781587171024,,goodreads,skipped,0,0,,0,0,0,0,1,,,data
1613,9781586605131,,goodreads,skipped,0,0,,0,0,0,0,1,,,data
1614,9788441401174,,goodreads,skipped,0,0,,0,0,0,0,1,,,data
1615,9788484502203,,goodreads,skipped,0,0,,0,0,0,0,1,,,data
1616,9780451458230,,goodreads,skipped,0,0,,0,0,0,0,1,,,data
1617,9780449200896,,goodreads,skipped,0,0,,0,0,0,0,1,,,data
1618,9780449205303,,goodreads,skipped,0,0,,0,0,0,0,1,,,data
1619,9780553251418,,goodreads,skipped,0,0,,0,0,0,0,1,,,data
1620,9780451516831,,goodreads,skipped,0,0,,0,0,0,0,1,,,data
1621,9780192822765,,goodreads,skipped,0,0,,0,0,0,0,1,,,data
1622,9780373790135,,goodreads,skipped,0,0,,0,0,0,0,1,,,data
1623,9780380899432,,goodreads,skipped,0,0,,0,0,0,0,1,,,data
1624,9783423204354,,goodreads,skipped,0,0,,0,0,0,0,1,,,data
1625,9783401019413,,goodreads,skipped,0,0,,0,0,0,0,1,,,data
1626,9783570260951,,goodreads,skipped,0,0,,0,0,0,0,1,,,data
1627,9783425068626,,goodreads,skipped,0,0,,0,0,0,0,1,,,data
1628,9783425068619,,goodreads,skipped,0,0,,0,0,0,0,1,,,data
1629,9783129295229,,goodreads,skipped,0,0,,0,0,0,0,1,,,data
1630,9783129295199,,goodreads,skipped,0,0,,0,0,0,0,1,,,data
1631,9783518374580,,goodreads,skipped,0,0,,0,0,0,0,1,,,data
1632,9783257204131,,goodreads,skipped,0,0,,0,0,0,0,1,,,data
1633,9783453303324,,goodreads,skipped,0,0,,0,0,0,0,1,,,data
1634,9780394578477,,goodreads,skipped,0,0,,0,0,0,0,1,,,data
1635,9780393318203,,goodreads,skipped,0,0,,0,0,0,0,1,,,data
1636,9781401069049,,goodreads,skipped,0,0,,0,0,0,0,1,,,data
1637,9780140622584,,goodreads,skipped,0,0,,0,0,0,0,1,,,data
1638,9783446146501,,goodreads,skipped,0,0,,0,0,0,0,1,,,data
1639,9783499112232,,goodreads,skipped,0,0,,0,0,0,0,1,,,data
1640,9783518386422,,goodreads,skipped,0,0,,0,0,0,0,1,,,data
1641,9783492270458,,goodreads,skipped,0,0,,0,0,0,0,1,,,data
1642,9783502120605,,goodreads,skipped,0,0,,0,0,0,0,1,,,data
1643,9783518067086,,goodreads,skipped,0,0,,0,0,0,0,1,,,data
1644,9783596153923,,goodreads,skipped,0,0,,0,0,0,0,1,,,data
1645,9783857910487,,goodreads,skipped,0,0,,0,0,0,0,1,,,data
1646,9780140022230,,goodreads,skipped,0,0,,0,0,0,0,1,,,data
1647,9783453160606,,goodreads,skipped,0,0,,0,0,0,0,1,,,data
1648,9783770108091,,goodreads,skipped,0,0,,0,0,0,0,1,,,data
1649,9783442422739,,goodreads,skipped,0,0,,0,0,0,0,1,,,data
1650,9783871735370,,goodreads,skipped,0,0,,0,0,0,0,1,,,data
1651,9783442447107,,goodreads,skipped,0,0,,0,0,0,0,1,,,data
1652,9783596247219,,goodreads,skipped,0,0,,0,0,0,0,1,,,data
1653,9783499205378,,goodreads,skipped,0,0,,0,0,0,0,1,,,data
1654,9780786003358,,goodreads,skipped,0,0,,0,0,0,0,1,,,data
1655,9780582419186,,goodreads,skipped,0,0,,0,0,0,0,1,,,data
1656,9783150005590,,goodreads,skipped,0,0,,0,0,0,0,1,,,data
1657,9783454521802,,goodreads,skipped,0,0,,0,0,0,0,1,,,data
1658,9783442118045,,goodreads,skipped,0,0,,0,0,0,0,1,,,data
1659,9783423017664,,goodreads,skipped,0,0,,0,0,0,0,1,,,data
1660,9783802527159,,goodreads,skipped,0,0,,0,0,0,0,1,,,data
1661,9783802527005,,goodreads,skipped,0,0,,0,0,0,0,1,,,data
1662,9783802526992,,goodreads,skipped,0,0,,0,0,0,0,1,,,data
1663,9780486202471,,goodreads,skipped,0,0,,0,0,0,0,1,,,data
1664,9783462035117,,goodreads,skipped,0,0,,0,0,0,0,1,,,data
1665,9783499207983,,goodreads,skipped,0,0,,0,0,0,0,1,,,data
1666,9783791504575,,goodreads,skipped,0,0,,0,0,0,0,1,,,data
1667,9780563388319,,goodreads,skipped,0,0,,0,0,0,0,1,,,data
1668,9783442433766,,goodreads,skipped,0,0,,0,0,0,0,1,,,data
1669,9780003300277,,goodreads,skipped,0,0,,0,0,0,0,1,,,data
1670,9780441859474,,goodreads,skipped,0,0,,0,0,0,0,1,,,data
1671,9780439224208,,goodreads,skipped,0,0,,0,0,0,0,1,,,data
1672,9780306456275,,goodreads,skipped,0,0,,0,0,0,0,1,,,data
1673,9783453179264,,goodreads,skipped,0,0,,0,0,0,0,1,,,data
1674,9780440319450,,goodreads,skipped,0,0,,0,0,0,0,1,,,data
1675,9780679457015,,goodreads,skipped,0,0,,0,0,0,0,1,,,data
1676,9780345427519,,goodreads,skipped,0,0,,0,0,0,0,1,,,data
1677,9780440220022,,goodreads,skipped,0,0,,0,0,0,0,1,,,data
1678,9781570710025,,goodreads,skipped,0,0,,0,0,0,0,1,,,data
1679,9780773513877,,goodreads,skipped,0,0,,0,0,0,0,1,,,data
1680,9780849940279,,goodreads,skipped,0,0,,0,0,0,0,1,,,data
1681,9780721675527,,goodreads,skipped,0,0,,0,0,0,0,1,,,data
1682,9780295954547,,goodreads,skipped,0,0,,0,0,0,0,1,,,data
1683,9780851312309,,goodreads,skipped,0,0,,0,0,0,0,1,,,data
1684,9780851315003,,goodreads,skipped,0,0,,0,0,0,0,1,,,data
1685,9780671493318,,goodreads,skipped,0,0,,0,0,0,0,1,,,data
1686,9780805011852,,goodreads,skipped,0,0,,0,0,0,0,1,,,data
1687,9780517563458,,goodreads,skipped,0,0,,0,0,0,0,1,,,data
1688,9780394726199,,goodreads,skipped,0,0,,0,0,0,0,1,,,data
1689,9780898155938,,goodreads,skipped,0,0,,0,0,0,0,1,,,data
1690,9781591450559,,goodreads,skipped,0,0,,0,0,0,0,1,,,data
1691,9780849939181,,goodreads,skipped,0,0,,0,0,0,0,1,,,data
1692,9781577487128,,goodreads,skipped,0,0,,0,0,0,0,1,,,data
1693,9780449701577,,goodreads,skipped,0,0,,0,0,0,0,1,,,data
1694,9780965624763,,goodreads,skipped,0,0,,0,0,0,0,1,,,data
1695,9780553801606,,goodreads,skipped,0,0,,0,0,0,0,1,,,data
1696,9788420485249,,goodreads,skipped,0,0,,0,0,0,0,1,,,data
1697,9780195861389,,goodreads,skipped,0,0,,0,0,0,0,1,,,data
1698,9780435286187,,goodreads,skipped,0,0,,0,0,0,0,1,,,data
1699,9788479534851,,goodreads,skipped,0,0,,0,0,0,0,1,,,data
1700,9788423988945,,goodreads,skipped,0,0,,0,0,0,0,1,,,data
1701,9788423988792,,goodreads,skipped,0,0,,0,0,0,0,1,,,data
1702,9780749712686,,goodreads,skipped,0,0,,0,0,0,0,1,,,data
1703,9780754070047,,goodreads,skipped,0,0,,0,0,0,0,1,,,data
1704,9780007128907,,goodreads,skipped,0,0,,0,0,0,0,1,,,data
1705,9780762408535,,goodreads,blocked,0,7,title; authors; publisher; origin; date_of_publication; language; genres,0,0,0,0,14,,,data
1706,9780194313629,,goodreads,skipped,0,0,,0,0,0,0,1,,,data
1707,9788476308585,,goodreads,skipped,0,0,,0,0,0,0,1,,,data
1708,9780380442225,,goodreads,skipped,0,0,,0,0,0,0,1,,,data
1709,9780142004043,,goodreads,skipped,0,0,,0,0,0,0,1,,,data
1710,9780380800612,,goodreads,skipped,0,0,,0,0,0,0,1,,,data
1711,9780312962333,,goodreads,skipped,0,0,,0,0,0,0,1,,,data
1712,9780345378033,,goodreads,skipped,0,0,,0,0,0,0,1,,,data
1713,9780393305005,,goodreads,skipped,0,0,,0,0,0,0,1,,,data
1714,9780425149805,,goodreads,skipped,0,0,,0,0,0,0,1,,,data
1715,9781580050883,,goodreads,skipped,0,0,,0,0,0,0,1,,,data
1716,9780375727085,,goodreads,skipped,0,0,,0,0,0,0,1,,,data
1717,9781591092599,,goodreads,skipped,0,0,,0,0,0,0,1,,,data
1718,9780380713851,,goodreads,skipped,0,0,,0,0,0,0,1,,,data
1719,9780446361354,,goodreads,skipped,0,0,,0,0,0,0,1,,,data
1720,9780553382426,,goodreads,skipped,0,0,,0,0,0,0,1,,,data
1721,9780192752666,,goodreads,skipped,0,0,,0,0,0,0,1,,,data
1722,9780141309699,,goodreads,skipped,0,0,,0,0,0,0,1,,,data
1723,9780805055030,,goodreads,skipped,0,0,,0,0,0,0,1,,,data
1724,9780192813442,,goodreads,skipped,0,0,,0,0,0,0,1,,,data
1725,9780946626946,,goodreads,skipped,0,0,,0,0,0,0,1,,,data
1726,9781903517086,,goodreads,skipped,0,0,,0,0,0,0,1,,,data
1727,9780393316490,,goodreads,skipped,0,0,,0,0,0,0,1,,,data
1728,9780195103090,,goodreads,skipped,0,0,,0,0,0,0,1,,,data
1729,9785551172871,,goodreads,blocked,0,7,title; authors; publisher; origin; date_of_publication; language; genres,0,0,0,0,14,,,data
1730,9780195101706,,goodreads,skipped,0,0,,0,0,0,0,1,,,data
1731,9780374523824,,goodreads,skipped,0,0,,0,0,0,0,1,,,data
1732,9780452272798,,goodreads,skipped,0,0,,0,0,0,0,1,,,data
1733,9780140443158,,goodreads,skipped,0,0,,0,0,0,0,1,,,data
1734,9780141186320,,goodreads,skipped,0,0,,0,0,0,0,1,,,data
1735,9781843910633,,goodreads,skipped,0,0,,0,0,0,0,1,,,data
1736,9781860466403,,goodreads,skipped,0,0,,0,0,0,0,1,,,data
1737,9780872861435,,goodreads,skipped,0,0,,0,0,0,0,1,,,data
1738,9782866004217,,goodreads,skipped,0,0,,0,0,0,0,1,,,data
1739,9780521422819,,goodreads,skipped,0,0,,0,0,0,0,1,,,data
1740,9780691015989,,goodreads,skipped,0,0,,0,0,0,0,1,,,data
1741,9788472234192,,goodreads,skipped,0,0,,0,0,0,0,1,,,data
1742,9781878818652,,goodreads,skipped,0,0,,0,0,0,0,1,,,data
1743,9789722109741,,goodreads,skipped,0,0,,0,0,0,0,1,,,data
1744,9781861005274,,goodreads,skipped,0,0,,0,0,0,0,1,,,data
1745,9780801840340,,goodreads,skipped,0,0,,0,0,0,0,1,,,data
1746,9780843944501,,goodreads,skipped,0,0,,0,0,0,0,1,,,data
1747,9780373230167,,goodreads,skipped,0,0,,0,0,0,0,1,,,data
1748,9780517204450,,goodreads,skipped,0,0,,0,0,0,0,1,,,data
1749,9781553660941,,goodreads,skipped,0,0,,0,0,0,0,1,,,data
1750,9780373227327,,goodreads,skipped,0,0,,0,0,0,0,1,,,data
1751,9780373227341,,goodreads,skipped,0,0,,0,0,0,0,1,,,data
1752,9780843951134,,goodreads,skipped,0,0,,0,0,0,0,1,,,data
1753,9780843952650,,goodreads,skipped,0,0,,0,0,0,0,1,,,data
1754,9781929664108,,goodreads,skipped,0,0,,0,0,0,0,1,,,data
1755,9781853262913,,goodreads,skipped,0,0,,0,0,0,0,1,,,data
1756,9780807059197,,goodreads,skipped,0,0,,0,0,0,0,1,,,data
1757,9780679731184,,goodreads,skipped,0,0,,0,0,0,0,1,,,data
1758,9780806512709,,goodreads,skipped,0,0,,0,0,0,0,1,,,data
1759,9780850314397,,goodreads,skipped,0,0,,0,0,0,0,1,,,data
1760,9780828319515,,goodreads,skipped,0,0,,0,0,0,0,1,,,data
1761,9781570752810,,goodreads,skipped,0,0,,0,0,0,0,1,,,data
1762,9780452284241,,goodreads,skipped,0,0,,0,0,0,0,1,,,data
1763,9780810112780,,goodreads,skipped,0,0,,0,0,0,0,1,,,data
1764,9780394571836,,goodreads,skipped,0,0,,0,0,0,0,1,,,data
1765,9781564781994,,goodreads,skipped,0,0,,0,0,0,0,1,,,data
1766,9782226113276,,goodreads,skipped,0,0,,0,0,0,0,1,,,data
1767,9782226048677,,goodreads,skipped,0,0,,0,0,0,0,1,,,data
1768,9782268024059,,goodreads,skipped,0,0,,0,0,0,0,1,,,data
1769,9782070381944,,goodreads,skipped,0,0,,0,0,0,0,1,,,data
1770,9782020228923,,goodreads,skipped,0,0,,0,0,0,0,1,,,data
1771,9782868698407,,goodreads,skipped,0,0,,0,0,0,0,1,,,data
1772,9782290312070,,goodreads,skipped,0,0,,0,0,0,0,1,,,data
1773,9780895552594,,goodreads,skipped,0,0,,0,0,0,0,1,,,data
1774,9781572970106,,goodreads,skipped,0,0,,0,0,0,0,1,,,data
1775,9780380755837,,goodreads,skipped,0,0,,0,0,0,0,1,,,data
1776,9780380785551,,goodreads,skipped,0,0,,0,0,0,0,1,,,data
1777,9780441006311,,goodreads,skipped,0,0,,0,0,0,0,1,,,data
1778,9780441117918,,goodreads,skipped,0,0,,0,0,0,0,1,,,data
1779,9780451150059,,goodreads,skipped,0,0,,0,0,0,0,1,,,data
1780,9780345419972,,goodreads,skipped,0,0,,0,0,0,0,1,,,data
1781,9780553286298,,goodreads,skipped,0,0,,0,0,0,0,1,,,data
1782,9780451401649,,goodreads,skipped,0,0,,0,0,0,0,1,,,data
1783,9780515084412,,goodreads,skipped,0,0,,0,0,0,0,1,,,data
1784,9780553247084,,goodreads,skipped,0,0,,0,0,0,0,1,,,data
1785,9780553296716,,goodreads,skipped,0,0,,0,0,0,0,1,,,data
1786,9780523424699,,goodreads,skipped,0,0,,0,0,0,0,1,,,data
1787,9780523424675,,goodreads,skipped,0,0,,0,0,0,0,1,,,data
1788,9780523424392,,goodreads,skipped,0,0,,0,0,0,0,1,,,data
1789,9780523424019,,goodreads,skipped,0,0,,0,0,0,0,1,,,data
1790,9780812505818,,goodreads,skipped,0,0,,0,0,0,0,1,,,data
1791,9780425142509,,goodreads,skipped,0,0,,0,0,0,0,1,,,data
1792,9780671734817,,goodreads,skipped,0,0,,0,0,0,0,1,,,data
1793,9780446608978,,goodreads,skipped,0,0,,0,0,0,0,1,,,data
1794,9780471387374,,goodreads,skipped,0,0,,0,0,0,0,1,,,data
1795,9781865084008,,goodreads,skipped,0,0,,0,0,0,0,1,,,data
1796,9780393975086,,goodreads,skipped,0,0,,0,0,0,0,1,,,data
1797,9780198711919,,goodreads,skipped,0,0,,0,0,0,0,1,,,data
1798,9783423704946,,goodreads,skipped,0,0,,0,0,0,0,1,,,data
1799,9780312092900,,goodreads,skipped,0,0,,0,0,0,0,1,,,data
1800,9780385323628,,goodreads,skipped,0,0,,0,0,0,0,1,,,data
1801,9780764222160,,goodreads,skipped,0,0,,0,0,0,0,1,,,data
1802,9780712637664,,goodreads,skipped,0,0,,0,0,0,0,1,,,data
1803,9780671477257,,goodreads,skipped,0,0,,0,0,0,0,1,,,data
1804,9780571179350,,goodreads,skipped,0,0,,0,0,0,0,1,,,data
1805,9780349101095,,goodreads,skipped,0,0,,0,0,0,0,1,,,data
1806,9780099279457,,goodreads,skipped,0,0,,0,0,0,0,1,,,data
1807,9780340717639,,goodreads,skipped,0,0,,0,0,0,0,1,,,data
1808,9780060186265,,goodreads,skipped,0,0,,0,0,0,0,1,,,data
1809,9781550024678,,goodreads,skipped,0,0,,0,0,0,0,1,,,data
1810,9783768810913,,goodreads,skipped,0,0,,0,0,0,0,1,,,data
1811,9781577312161,,goodreads,skipped,0,0,,0,0,0,0,1,,,data
1812,9780345302779,,goodreads,skipped,0,0,,0,0,0,0,1,,,data
1813,9780446524230,,goodreads,skipped,0,0,,0,0,0,0,1,,,data
1814,9780451158468,,goodreads,skipped,0,0,,0,0,0,0,1,,,data
1815,9781560765295,,goodreads,skipped,0,0,,0,0,0,0,1,,,data
1816,9780759672963,,goodreads,skipped,0,0,,0,0,0,0,1,,,data
1817,9783781751316,,goodreads,skipped,0,0,,0,0,0,0,1,,,data
1818,9783785544204,,goodreads,skipped,0,0,,0,0,0,0,1,,,data
1819,9783473520558,,goodreads,skipped,0,0,,0,0,0,0,1,,,data
1820,9783789106972,,goodreads,skipped,0,0,,0,0,0,0,1,,,data
1821,9780380715220,,goodreads,skipped,0,0,,0,0,0,0,1,,,data
1822,9780446328821,,goodreads,skipped,0,0,,0,0,0,0,1,,,data
1823,9780060289355,,goodreads,skipped,0,0,,0,0,0,0,1,,,data
1824,9780060234935,,goodreads,skipped,0,0,,0,0,0,0,1,,,data
1825,9781557481429,,goodreads,skipped,0,0,,0,0,0,0,1,,,data
1826,9780374135300,,goodreads,skipped,0,0,,0,0,0,0,1,,,data
1827,9781582431529,,goodreads,skipped,0,0,,0,0,0,0,1,,,data
1828,9781585670390,,goodreads,skipped,0,0,,0,0,0,0,1,,,data
1829,9780684870311,,goodreads,skipped,0,0,,0,0,0,0,1,,,data
1830,9780380976805,,goodreads,skipped,0,0,,0,0,0,0,1,,,data
1831,9780688168391,,goodreads,skipped,0,0,,0,0,0,0,1,,,data
1832,9780151006472,,goodreads,skipped,0,0,,0,0,0,0,1,,,data
1833,9780786866618,,goodreads,skipped,0,0,,0,0,0,0,1,,,data
1834,9780374186258,,goodreads,skipped,0,0,,0,0,0,0,1,,,data
1835,9780689838330,,goodreads,skipped,0,0,,0,0,0,0,1,,,data
1836,9780670873692,,goodreads,skipped,0,0,,0,0,0,0,1,,,data
1837,9780374254285,,goodreads,skipped,0,0,,0,0,0,0,1,,,data
1838,9780670832422,,goodreads,skipped,0,0,,0,0,0,0,1,,,data
1839,9780312181505,,goodreads,skipped,0,0,,0,0,0,0,1,,,data
1840,9780374295981,,goodreads,skipped,0,0,,0,0,0,0,1,,,data
1841,9780312272814,,goodreads,skipped,0,0,,0,0,0,0,1,,,data
1842,9780449134269,,goodreads,skipped,0,0,,0,0,0,0,1,,,data
1843,9780671526719,,goodreads,skipped,0,0,,0,0,0,0,1,,,data
1844,9780425091159,,goodreads,skipped,0,0,,0,0,0,0,1,,,data
1845,9780395532713,,goodreads,skipped,0,0,,0,0,0,0,1,,,data
1846,9780140366945,,goodreads,skipped,0,0,,0,0,0,0,1,,,data
1847,9783518390818,,goodreads,skipped,0,0,,0,0,0,0,1,,,data
1848,9783729600508,,goodreads,skipped,0,0,,0,0,0,0,1,,,data
1849,9783257211566,,goodreads,skipped,0,0,,0,0,0,0,1,,,data
1850,9780060916824,,goodreads,skipped,0,0,,0,0,0,0,1,,,data
1851,9780141002941,,goodreads,skipped,0,0,,0,0,0,0,1,,,data
1852,9780385490535,,goodreads,skipped,0,0,,0,0,0,0,1,,,data
1853,9780811803076,,goodreads,skipped,0,0,,0,0,0,0,1,,,data
1854,9783442454648,,goodreads,skipped,0,0,,0,0,0,0,1,,,data
1855,9781572970915,,goodreads,skipped,0,0,,0,0,0,0,1,,,data
1856,9783453130678,,goodreads,skipped,0,0,,0,0,0,0,1,,,data
1857,9780822328605,,goodreads,skipped,0,0,,0,0,0,0,1,,,data
1858,9780809324804,,goodreads,skipped,0,0,,0,0,0,0,1,,,data
1859,9780609607909,,goodreads,skipped,0,0,,0,0,0,0,1,,,data
1860,9781563527319,,goodreads,skipped,0,0,,0,0,0,0,1,,,data
1861,9780330368711,,goodreads,skipped,0,0,,0,0,0,0,1,,,data
1862,9788440659514,,goodreads,skipped,0,0,,0,0,0,0,1,,,data
1863,9788420449098,,goodreads,skipped,0,0,,0,0,0,0,1,,,data
1864,9788423903467,,goodreads,skipped,0,0,,0,0,0,0,1,,,data
1865,9780002220774,,goodreads,skipped,0,0,,0,0,0,0,1,,,data
1866,9780517534700,,goodreads,skipped,0,0,,0,0,0,0,1,,,data
1867,9780195102840,,goodreads,skipped,0,0,,0,0,0,0,1,,,data
1868,9780449139028,,goodreads,skipped,0,0,,0,0,0,0,1,,,data
1869,9780553233322,,goodreads,skipped,0,0,,0,0,0,0,1,,,data
1870,9780380711789,,goodreads,skipped,0,0,,0,0,0,0,1,,,data
1871,9780061001697,,goodreads,skipped,0,0,,0,0,0,0,1,,,data
1872,9780451091635,,goodreads,skipped,0,0,,0,0,0,0,1,,,data
1873,9780440109358,,goodreads,skipped,0,0,,0,0,0,0,1,,,data
1874,9780671653590,,goodreads,skipped,0,0,,0,0,0,0,1,,,data
1875,9781561793464,,goodreads,skipped,0,0,,0,0,0,0,1,,,data
1876,9781561793471,,goodreads,skipped,0,0,,0,0,0,0,1,,,data
1877,9781561793488,,goodreads,skipped,0,0,,0,0,0,0,1,,,data
1878,9781561795666,,goodreads,skipped,0,0,,0,0,0,0,1,,,data
1879,9780869143308,,goodreads,skipped,0,0,,0,0,0,0,1,,,data
1880,9780061003813,,goodreads,skipped,0,0,,0,0,0,0,1,,,data
1881,9780553226652,,goodreads,skipped,0,0,,0,0,0,0,1,,,data
1882,9780553228571,,goodreads,skipped,0,0,,0,0,0,0,1,,,data
1883,9780670306114,,goodreads,skipped,0,0,,0,0,0,0,1,,,data
1884,9780553206746,,goodreads,skipped,0,0,,0,0,0,0,1,,,data
1885,9780425029879,,goodreads,skipped,0,0,,0,0,0,0,1,,,data
1886,9780425034156,,goodreads,skipped,0,0,,0,0,0,0,1,,,data
1887,9780425037737,,goodreads,skipped,0,0,,0,0,0,0,1,,,data
1888,9780380399338,,goodreads,skipped,0,0,,0,0,0,0,1,,,data
1889,9780671831585,,goodreads,skipped,0,0,,0,0,0,0,1,,,data
1890,9780671489939,,goodreads,skipped,0,0,,0,0,0,0,1,,,data
1891,9780671822675,,goodreads,skipped,0,0,,0,0,0,0,1,,,data
1892,9780425029008,,goodreads,skipped,0,0,,0,0,0,0,1,,,data
1893,9780393321975,,goodreads,skipped,0,0,,0,0,0,0,1,,,data
1894,9780553074192,,goodreads,skipped,0,0,,0,0,0,0,1,,,data
1895,9780439306393,,goodreads,skipped,0,0,,0,0,0,0,1,,,data
1896,9780385295383,,goodreads,skipped,0,0,,0,0,0,0,1,,,data
1897,9780822934882,,goodreads,skipped,0,0,,0,0,0,0,1,,,data
1898,9780553112603,,goodreads,skipped,0,0,,0,0,0,0,1,,,data
1899,9781552633281,,goodreads,skipped,0,0,,0,0,0,0,1,,,data
1900,9780939165452,,goodreads,skipped,0,0,,0,0,0,0,1,,,data
1901,9780517577639,,goodreads,skipped,0,0,,0,0,0,0,1,,,data
1902,9781580910262,,goodreads,skipped,0,0,,0,0,0,0,1,,,data
1903,9783423130028,,goodreads,skipped,0,0,,0,0,0,0,1,,,data
1904,9783402034248,,goodreads,skipped,0,0,,0,0,0,0,1,,,data
1905,9788433912282,,goodreads,skipped,0,0,,0,0,0,0,1,,,data
1906,9780205337408,,goodreads,skipped,0,0,,0,0,0,0,1,,,data
1907,9780813513591,,goodreads,skipped,0,0,,0,0,0,0,1,,,data
1908,9780674403697,,goodreads,skipped,0,0,,0,0,0,0,1,,,data
1909,9780520227354,,goodreads,skipped,0,0,,0,0,0,0,1,,,data
1910,9780312113933,,goodreads,skipped,0,0,,0,0,0,0,1,,,data
1911,9780812924305,,goodreads,skipped,0,0,,0,0,0,0,1,,,data
1912,9780805050271,,goodreads,skipped,0,0,,0,0,0,0,1,,,data
1913,9780192115591,,goodreads,skipped,0,0,,0,0,0,0,1,,,data
1914,9780932379399,,goodreads,skipped,0,0,,0,0,0,0,1,,,data
1915,9780810394261,,goodreads,skipped,0,0,,0,0,0,0,1,,,data
1916,9780415905978,,goodreads,skipped,0,0,,0,0,0,0,1,,,data
1917,9780743463034,,goodreads,skipped,0,0,,0,0,0,0,1,,,data
1918,9780895640390,,goodreads,skipped,0,0,,0,0,0,0,1,,,data
1919,9780933278035,,goodreads,skipped,0,0,,0,0,0,0,1,,,data
1920,9780962449338,,goodreads,skipped,0,0,,0,0,0,0,1,,,data
1921,9780920470480,,goodreads,skipped,0,0,,0,0,0,0,1,,,data
1922,9780973093001,,goodreads,skipped,0,0,,0,0,0,0,1,,,data
1923,9780967168333,,goodreads,skipped,0,0,,0,0,0,0,1,,,data
1924,9780671766917,,goodreads,skipped,0,0,,0,0,0,0,1,,,data
1925,9780739402528,,goodreads,skipped,0,0,,0,0,0,0,1,,,data
1926,9780553569810,,goodreads,skipped,0,0,,0,0,0,0,1,,,data
1927,9780133884630,,goodreads,skipped,0,0,,0,0,0,0,1,,,data
1928,9780262201063,,goodreads,skipped,0,0,,0,0,0,0,1,,,data
1929,9780451523518,,goodreads,skipped,0,0,,0,0,0,0,1,,,data
1930,9780534084004,,goodreads,skipped,0,0,,0,0,0,0,1,,,data
1931,9780066620565,,goodreads,skipped,0,0,,0,0,0,0,1,,,data
1932,9780312940515,,goodreads,skipped,0,0,,0,0,0,0,1,,,data
1933,9780965353380,,goodreads,skipped,0,0,,0,0,0,0,1,,,data
1934,9780912383118,,goodreads,skipped,0,0,,0,0,0,0,1,,,data
1935,9780962869877,,goodreads,skipped,0,0,,0,0,0,0,1,,,data
1936,9780807061558,,goodreads,skipped,0,0,,0,0,0,0,1,,,data
1937,9780965353311,,goodreads,skipped,0,0,,0,0,0,0,1,,,data
1938,9780525936404,,goodreads,skipped,0,0,,0,0,0,0,1,,,data
1939,9781579546274,,goodreads,skipped,0,0,,0,0,0,0,1,,,data
1940,9780060392628,,goodreads,skipped,0,0,,0,0,0,0,1,,,data
1941,9780809463497,,goodreads,skipped,0,0,,0,0,0,0,1,,,data
1942,9780897212595,,goodreads,skipped,0,0,,0,0,0,0,1,,,data
1943,9780696206788,,goodreads,skipped,0,0,,0,0,0,0,1,,,data
1944,9780679462941,,goodreads,skipped,0,0,,0,0,0,0,1,,,data
1945,9780671428495,,goodreads,skipped,0,0,,0,0,0,0,1,,,data
1946,9781885174017,,goodreads,skipped,0,0,,0,0,0,0,1,,,data
1947,9780884861607,,goodreads,skipped,0,0,,0,0,0,0,1,,,data
1948,9781562920586,,goodreads,skipped,0,0,,0,0,0,0,1,,,data
1949,9780140195606,,goodreads,skipped,0,0,,0,0,0,0,1,,,data
1950,9781573229067,,goodreads,skipped,0,0,,0,0,0,0,1,,,data
1951,9781561703159,,goodreads,skipped,0,0,,0,0,0,0,1,,,data
1952,9781578660308,,goodreads,skipped,0,0,,0,0,0,0,1,,,data
1953,9780316516006,,goodreads,skipped,0,0,,0,0,0,0,1,,,data
1954,9781556780509,,goodreads,skipped,0,0,,0,0,0,0,1,,,data
1955,9780312195236,,goodreads,skipped,0,0,,0,0,0,0,1,,,data
1956,9781878736659,,goodreads,skipped,0,0,,0,0,0,0,1,,,data
1957,9780300070859,,goodreads,skipped,0,0,,0,0,0,0,1,,,data
1958,9780915099818,,goodreads,skipped,0,0,,0,0,0,0,1,,,data
1959,9780878575152,,goodreads,skipped,0,0,,0,0,0,0,1,,,data
1960,9781568383668,,goodreads,skipped,0,0,,0,0,0,0,1,,,data
1961,9780132342049,,goodreads,skipped,0,0,,0,0,0,0,1,,,data
1962,9780806922775,,goodreads,skipped,0,0,,0,0,0,0,1,,,data
1963,9780831790646,,goodreads,skipped,0,0,,0,0,0,0,1,,,data
1964,9780881765915,,goodreads,skipped,0,0,,0,0,0,0,1,,,data
1965,9780811827607,,goodreads,skipped,0,0,,0,0,0,0,1,,,data
1966,9780940676039,,goodreads,skipped,0,0,,0,0,0,0,1,,,data
1967,9780760702444,,goodreads,skipped,0,0,,0,0,0,0,1,,,data
1968,9780609804896,,goodreads,skipped,0,0,,0,0,0,0,1,,,data
1969,9780871317742,,goodreads,skipped,0,0,,0,0,0,0,1,,,data
1970,9781875137794,,goodreads,skipped,0,0,,0,0,0,0,1,,,data
1971,9780809463640,,goodreads,skipped,0,0,,0,0,0,0,1,,,data
1972,9780809463138,,goodreads,skipped,0,0,,0,0,0,0,1,,,data
1973,9780809463411,,goodreads,skipped,0,0,,0,0,0,0,1,,,data
1974,9780809463176,,goodreads,skipped,0,0,,0,0,0,0,1,,,data
1975,9780809463336,,goodreads,skipped,0,0,,0,0,0,0,1,,,data
1976,9780809463374,,goodreads,skipped,0,0,,0,0,0,0,1,,,data
1977,9780809463855,,goodreads,skipped,0,0,,0,0,0,0,1,,,data
1978,9780737006001,,goodreads,skipped,0,0,,0,0,0,0,1,,,data
1979,9780696019135,,goodreads,skipped,0,0,,0,0,0,0,1,,,data
1980,9780897212496,,goodreads,skipped,0,0,,0,0,0,0,1,,,data
1981,9781852309022,,goodreads,skipped,0,0,,0,0,0,0,1,,,data
1982,9780785307907,,goodreads,skipped,0,0,,0,0,0,0,1,,,data
1983,9780658001727,,goodreads,skipped,0,0,,0,0,0,0,1,,,data
1984,9780890877265,,goodreads,skipped,0,0,,0,0,0,0,1,,,data
1985,9780399510335,,goodreads,skipped,0,0,,0,0,0,0,1,,,data
1986,9780934070195,,goodreads,skipped,0,0,,0,0,0,0,1,,,data
1987,9780688134549,,goodreads,skipped,0,0,,0,0,0,0,1,,,data
1988,9781573225656,,goodreads,skipped,0,0,,0,0,0,0,1,,,data
1989,9781886449060,,goodreads,skipped,0,0,,0,0,0,0,1,,,data
1990,9780894801242,,goodreads,skipped,0,0,,0,0,0,0,1,,,data
1991,9780962268311,,goodreads,skipped,0,0,,0,0,0,0,1,,,data
1992,9780091815196,,goodreads,skipped,0,0,,0,0,0,0,1,,,data
1993,9780671042202,,goodreads,skipped,0,0,,0,0,0,0,1,,,data
1994,9780962091841,,goodreads,skipped,0,0,,0,0,0,0,1,,,data
1995,9780963416315,,goodreads,skipped,0,0,,0,0,0,0,1,,,data
1996,9780028625096,,goodreads,skipped,0,0,,0,0,0,0,1,,,data
1997,9780684864983,,goodreads,skipped,0,0,,0,0,0,0,1,,,data
1998,9781881052227,,goodreads,skipped,0,0,,0,0,0,0,1,,,data
1999,9780972060523,,goodreads,skipped,0,0,,0,0,0,0,1,,,data
2000,9780802465849,,goodreads,skipped,0,0,,0,0,0,0,1,,,data
2001,9780517706985,,goodreads,skipped,0,0,,0,0,0,0,1,,,data
2002,9780890874929,,goodreads,skipped,0,0,,0,0,0,0,1,,,data
2003,9780060160616,,goodreads,skipped,0,0,,0,0,0,0,1,,,data
2004,9780446530866,,goodreads,skipped,0,0,,0,0,0,0,1,,,data
2005,9780945528005,,goodreads,skipped,0,0,,0,0,0,0,1,,,data
2006,9780684833613,,goodreads,skipped,0,0,,0,0,0,0,1,,,data
2007,9780517101100,,goodreads,skipped,0,0,,0,0,0,0,1,,,data
2008,9781855380653,,goodreads,skipped,0,0,,0,0,0,0,1,,,data
2009,9781583940334,,goodreads,skipped,0,0,,0,0,0,0,1,,,data
2010,9781883319656,,goodreads,skipped,0,0,,0,0,0,0,1,,,data
2011,9781883319014,,goodreads,skipped,0,0,,0,0,0,0,1,,,data
2012,9780140193534,,goodreads,skipped,0,0,,0,0,0,0,1,,,data
2013,9780060912550,,goodreads,skipped,0,0,,0,0,0,0,1,,,data
2014,9780345315618,,goodreads,skipped,0,0,,0,0,0,0,1,,,data
2015,9781880032466,,goodreads,skipped,0,0,,0,0,0,0,1,,,data
2016,9780345352507,,goodreads,skipped,0,0,,0,0,0,0,1,,,data
2017,9780471272427,,goodreads,skipped,0,0,,0,0,0,0,1,,,data
2018,9788817133647,,goodreads,skipped,0,0,,0,0,0,0,1,,,data
2019,9788804436621,,goodreads,skipped,0,0,,0,0,0,0,1,,,data
2020,9780395608357,,goodreads,skipped,0,0,,0,0,0,0,1,,,data
2021,9780515119442,,goodreads,skipped,0,0,,0,0,0,0,1,,,data
2022,9780879056261,,goodreads,skipped,0,0,,0,0,0,0,1,,,data
2023,9788471663948,,goodreads,skipped,0,0,,0,0,0,0,1,,,data
2024,9780590401647,,goodreads,skipped,0,0,,0,0,0,0,1,,,data
2025,9780345393562,,goodreads,skipped,0,0,,0,0,0,0,1,,,data
2026,9780385487238,,goodreads,skipped,0,0,,0,0,0,0,1,,,data
2027,9780449001158,,goodreads,skipped,0,0,,0,0,0,0,1,,,data
2028,9780380633395,,goodreads,skipped,0,0,,0,0,0,0,1,,,data
2029,9780451625670,,goodreads,skipped,0,0,,0,0,0,0,1,,,data
2030,9780140255362,,goodreads,skipped,0,0,,0,0,0,0,1,,,data
2031,9780754809616,,goodreads,skipped,0,0,,0,0,0,0,1,,,data
2032,9780848821371,,goodreads,skipped,0,0,,0,0,0,0,1,,,data
2033,9780099175629,,goodreads,skipped,0,0,,0,0,0,0,1,,,data
2034,9780913923320,,goodreads,skipped,0,0,,0,0,0,0,1,,,data
2035,9781580540407,,goodreads,skipped,0,0,,0,0,0,0,1,,,data
2036,9781879181861,,goodreads,skipped,0,0,,0,0,0,0,1,,,data
2037,9780881846485,,goodreads,skipped,0,0,,0,0,0,0,1,,,data
2038,9781586636111,,goodreads,skipped,0,0,,0,0,0,0,1,,,data
2039,9781879181762,,goodreads,skipped,0,0,,0,0,0,0,1,,,data
2040,9781892062130,,goodreads,skipped,0,0,,0,0,0,0,1,,,data
2041,9780932813862,,goodreads,skipped,0,0,,0,0,0,0,1,,,data
2042,9780060194758,,goodreads,skipped,0,0,,0,0,0,0,1,,,data
2043,9780952614760,,goodreads,skipped,0,0,,0,0,0,0,1,,,data
2044,9781591430049,,goodreads,skipped,0,0,,0,0,0,0,1,,,data
2045,9781901447156,,goodreads,skipped,0,0,,0,0,0,0,1,,,data
2046,9780500051061,,goodreads,skipped,0,0,,0,0,0,0,1,,,data
2047,9780486280226,,goodreads,skipped,0,0,,0,0,0,0,1,,,data
2048,9781931412933,,goodreads,skipped,0,0,,0,0,0,0,1,,,data
2049,9780440236252,,goodreads,skipped,0,0,,0,0,0,0,1,,,data
2050,9780913923313,,goodreads,skipped,0,0,,0,0,0,0,1,,,data
2051,9780922729777,,goodreads,skipped,0,0,,0,0,0,0,1,,,data
2052,9780192835895,,goodreads,skipped,0,0,,0,0,0,0,1,,,data
2053,9780380758906,,goodreads,skipped,0,0,,0,0,0,0,1,,,data
2054,9780380895854,,goodreads,skipped,0,0,,0,0,0,0,1,,,data
2055,9780679722977,,goodreads,skipped,0,0,,0,0,0,0,1,,,data
2056,9781558506138,,goodreads,skipped,0,0,,0,0,0,0,1,,,data
2057,9780060931841,,goodreads,skipped,0,0,,0,0,0,0,1,,,data
2058,9780916896676,,goodreads,skipped,0,0,,0,0,0,0,1,,,data
2059,9781931499217,,goodreads,skipped,0,0,,0,0,0,0,1,,,data
2060,9780964639164,,goodreads,skipped,0,0,,0,0,0,0,1,,,data
2061,9781931499255,,goodreads,skipped,0,0,,0,0,0,0,1,,,data
2062,9781855856318,,goodreads,skipped,0,0,,0,0,0,0,1,,,data
2063,9781931499118,,goodreads,skipped,0,0,,0,0,0,0,1,,,data
2064,9780312263461,,goodreads,skipped,0,0,,0,0,0,0,1,,,data
2065,9780952614715,,goodreads,skipped,0,0,,0,0,0,0,1,,,data
2066,9780517336458,,goodreads,skipped,0,0,,0,0,0,0,1,,,data
2067,9781564144065,,goodreads,skipped,0,0,,0,0,0,0,1,,,data
2068,9780070518940,,goodreads,skipped,0,0,,0,0,0,0,1,,,data
2069,9780375811562,,goodreads,skipped,0,0,,0,0,0,0,1,,,data
2070,9780307105042,,goodreads,skipped,0,0,,0,0,0,0,1,,,data
2071,9780517250235,,goodreads,skipped,0,0,,0,0,0,0,1,,,data
2072,9780517288634,,goodreads,skipped,0,0,,0,0,0,0,1,,,data
2073,9780517263075,,goodreads,skipped,0,0,,0,0,0,0,1,,,data
2074,9780517250426,,goodreads,skipped,0,0,,0,0,0,0,1,,,data
2075,9780517288580,,goodreads,skipped,0,0,,0,0,0,0,1,,,data
2076,9780517260005,,goodreads,skipped,0,0,,0,0,0,0,1,,,data
2077,9780517263037,,goodreads,skipped,0,0,,0,0,0,0,1,,,data
2078,9780517250228,,goodreads,skipped,0,0,,0,0,0,0,1,,,data
2079,9780517250150,,goodreads,skipped,0,0,,0,0,0,0,1,,,data
2080,9780517288719,,goodreads,skipped,0,0,,0,0,0,0,1,,,data
2081,9780517250204,,goodreads,skipped,0,0,,0,0,0,0,1,,,data
2082,9780904681352,,goodreads,skipped,0,0,,0,0,0,0,1,,,data
2083,9780517270806,,goodreads,skipped,0,0,,0,0,0,0,1,,,data
2084,9780517263020,,goodreads,skipped,0,0,,0,0,0,0,1,,,data
2085,9781578590544,,goodreads,skipped,0,0,,0,0,0,0,1,,,data
2086,9780446513661,,goodreads,skipped,0,0,,0,0,0,0,1,,,data
2087,9780897813594,,goodreads,skipped,0,0,,0,0,0,0,1,,,data
2088,9781586635961,,goodreads,skipped,0,0,,0,0,0,0,1,,,data
2089,9780517341728,,goodreads,skipped,0,0,,0,0,0,0,1,,,data
2090,9780517250211,,goodreads,skipped,0,0,,0,0,0,0,1,,,data
2091,9780517060261,,goodreads,skipped,0,0,,0,0,0,0,1,,,data
2092,9780831787875,,goodreads,skipped,0,0,,0,0,0,0,1,,,data
2093,9780517017470,,goodreads,skipped,0,0,,0,0,0,0,1,,,data
2094,9780831786984,,goodreads,skipped,0,0,,0,0,0,0,1,,,data
2095,9780681006195,,goodreads,skipped,0,0,,0,0,0,0,1,,,data
2096,9780831739362,,goodreads,skipped,0,0,,0,0,0,0,1,,,data
2097,9780517017401,,goodreads,skipped,0,0,,0,0,0,0,1,,,data
2098,9780307102720,,goodreads,skipped,0,0,,0,0,0,0,1,,,data
2099,9780789207647,,goodreads,skipped,0,0,,0,0,0,0,1,,,data
2100,9780761535492,,goodreads,skipped,0,0,,0,0,0,0,1,,,data
2101,9780375814839,,goodreads,skipped,0,0,,0,0,0,0,1,,,data
2102,9780375813320,,goodreads,skipped,0,0,,0,0,0,0,1,,,data
2103,9780375813146,,goodreads,skipped,0,0,,0,0,0,0,1,,,data
2104,9780375814570,,goodreads,skipped,0,0,,0,0,0,0,1,,,data
2105,9780375815270,,goodreads,skipped,0,0,,0,0,0,0,1,,,data
2106,9780375813122,,goodreads,skipped,0,0,,0,0,0,0,1,,,data
2107,9780375813108,,goodreads,skipped,0,0,,0,0,0,0,1,,,data
2108,9780375811661,,goodreads,skipped,0,0,,0,0,0,0,1,,,data
2109,9780782116649,,goodreads,skipped,0,0,,0,0,0,0,1,,,data
2110,9780761511243,,goodreads,skipped,0,0,,0,0,0,0,1,,,data
2111,9780375806612,,goodreads,skipped,0,0,,0,0,0,0,1,,,data
2112,9780375810657,,goodreads,skipped,0,0,,0,0,0,0,1,,,data
2113,9781586636128,,goodreads,skipped,0,0,,0,0,0,0,1,,,data
2114,9780375806391,,goodreads,skipped,0,0,,0,0,0,0,1,,,data
2115,9780375806377,,goodreads,skipped,0,0,,0,0,0,0,1,,,data
2116,9780375815782,,goodreads,skipped,0,0,,0,0,0,0,1,,,data
2117,9780375806384,,goodreads,skipped,0,0,,0,0,0,0,1,,,data
2118,9780831756383,,goodreads,skipped,0,0,,0,0,0,0,1,,,data
2119,9780375814464,,goodreads,skipped,0,0,,0,0,0,0,1,,,data
2120,9780375811654,,goodreads,skipped,0,0,,0,0,0,0,1,,,data
2121,9780375813153,,goodreads,skipped,0,0,,0,0,0,0,1,,,data
2122,9780375806360,,goodreads,skipped,0,0,,0,0,0,0,1,,,data
2123,9780375821707,,goodreads,skipped,0,0,,0,0,0,0,1,,,data
2124,9780375815324,,goodreads,skipped,0,0,,0,0,0,0,1,,,data
2125,9780375815331,,goodreads,skipped,0,0,,0,0,0,0,1,,,data
2126,9780375815119,,goodreads,skipped,0,0,,0,0,0,0,1,,,data
2127,9780375816048,,goodreads,skipped,0,0,,0,0,0,0,1,,,data
2128,9780375814433,,goodreads,skipped,0,0,,0,0,0,0,1,,,data
2129,9780918684486,,goodreads,skipped,0,0,,0,0,0,0,1,,,data
2130,9781892065063,,goodreads,skipped,0,0,,0,0,0,0,1,,,data
2131,9780812000399,,goodreads,skipped,0,0,,0,0,0,0,1,,,data
2132,9780345250773,,goodreads,skipped,0,0,,0,0,0,0,1,,,data
2133,9780618331291,,goodreads,skipped,0,0,,0,0,0,0,1,,,data
2134,9780425122402,,goodreads,skipped,0,0,,0,0,0,0,1,,,data
2135,9780521577663,,goodreads,skipped,0,0,,0,0,0,0,1,,,data
2136,9780743203159,,goodreads,skipped,0,0,,0,0,0,0,1,,,data
2137,9780684855318,,goodreads,skipped,0,0,,0,0,0,0,1,,,data
2138,9780226971506,,goodreads,skipped,0,0,,0,0,0,0,1,,,data
2139,9780226971513,,goodreads,skipped,0,0,,0,0,0,0,1,,,data
2140,9780226971537,,goodreads,skipped,0,0,,0,0,0,0,1,,,data
2141,9780226971544,,goodreads,skipped,0,0,,0,0,0,0,1,,,data
2142,9780965694865,,goodreads,skipped,0,0,,0,0,0,0,1,,,data
2143,9780965694858,,goodreads,skipped,0,0,,0,0,0,0,1,,,data
2144,9780916766689,,goodreads,skipped,0,0,,0,0,0,0,1,,,data
2145,9780439339094,,goodreads,skipped,0,0,,0,0,0,0,1,,,data
2146,9780595224722,,goodreads,skipped,0,0,,0,0,0,0,1,,,data
2147,9780075536536,,goodreads,skipped,0,0,,0,0,0,0,1,,,data
2148,9780872206113,,goodreads,skipped,0,0,,0,0,0,0,1,,,data
2149,9780872201880,,goodreads,skipped,0,0,,0,0,0,0,1,,,data
2150,9780195112092,,goodreads,skipped,0,0,,0,0,0,0,1,,,data
2151,9780521338578,,goodreads,skipped,0,0,,0,0,0,0,1,,,data
2152,9780195142006,,goodreads,skipped,0,0,,0,0,0,0,1,,,data
2153,9780140442847,,goodreads,skipped,0,0,,0,0,0,0,1,,,data
2154,9780140441635,,goodreads,skipped,0,0,,0,0,0,0,1,,,data
2155,9780060963934,,goodreads,skipped,0,0,,0,0,0,0,1,,,data
2156,9781565105133,,goodreads,skipped,0,0,,0,0,0,0,1,,,data
2157,9780452281745,,goodreads,skipped,0,0,,0,0,0,0,1,,,data
2158,9780813368528,,goodreads,skipped,0,0,,0,0,0,0,1,,,data
2159,9780671729547,,goodreads,skipped,0,0,,0,0,0,0,1,,,data
2160,9780472065219,,goodreads,skipped,0,0,,0,0,0,0,1,,,data
2161,9780804725019,,goodreads,skipped,0,0,,0,0,0,0,1,,,data
2162,9780691058375,,goodreads,skipped,0,0,,0,0,0,0,1,,,data
2163,9780786414086,,goodreads,skipped,0,0,,0,0,0,0,1,,,data
2164,9780226500362,,goodreads,skipped,0,0,,0,0,0,0,1,,,data
2165,9781585090167,,goodreads,skipped,0,0,,0,0,0,0,1,,,data
2166,9780345345806,,goodreads,skipped,0,0,,0,0,0,0,1,,,data
2167,9780590402781,,goodreads,skipped,0,0,,0,0,0,0,1,,,data
2168,9780140238013,,goodreads,skipped,0,0,,0,0,0,0,1,,,data
2169,9780590408455,,goodreads,skipped,0,0,,0,0,0,0,1,,,data
2170,9780590339605,,goodreads,skipped,0,0,,0,0,0,0,1,,,data
2171,9780140585964,,goodreads,skipped,0,0,,0,0,0,0,1,,,data
2172,9780140390285,,goodreads,skipped,0,0,,0,0,0,0,1,,,data
2173,9780715631515,,goodreads,skipped,0,0,,0,0,0,0,1,,,data
2174,9788420635545,,goodreads,skipped,0,0,,0,0,0,0,1,,,data
2175,9789722504379,,goodreads,skipped,0,0,,0,0,0,0,1,,,data
2176,9788478447107,,goodreads,skipped,0,0,,0,0,0,0,1,,,data
2177,9781578590513,,goodreads,skipped,0,0,,0,0,0,0,1,,,data
2178,9780421689909,,goodreads,skipped,0,0,,0,0,0,0,1,,,data
2179,9780439992367,,goodreads,skipped,0,0,,0,0,0,0,1,,,data
2180,9780689119811,,goodreads,skipped,0,0,,0,0,0,0,1,,,data
2181,9781895636222,,goodreads,skipped,0,0,,0,0,0,0,1,,,data
2182,9780375811746,,goodreads,skipped,0,0,,0,0,0,0,1,,,data
2183,9783570205624,,goodreads,skipped,0,0,,0,0,0,0,1,,,data
2184,9780671614348,,goodreads,skipped,0,0,,0,0,0,0,1,,,data
2185,9780449703809,,goodreads,skipped,0,0,,0,0,0,0,1,,,data
2186,9780380440993,,goodreads,skipped,0,0,,0,0,0,0,1,,,data
2187,9780671552817,,goodreads,skipped,0,0,,0,0,0,0,1,,,data
2188,9780345308504,,goodreads,skipped,0,0,,0,0,0,0,1,,,data
2189,9780060295233,,goodreads,skipped,0,0,,0,0,0,0,1,,,data
2190,9780440225669,,goodreads,skipped,0,0,,0,0,0,0,1,,,data
2191,9782253152460,,goodreads,skipped,0,0,,0,0,0,0,1,,,data
2192,9782266107532,,goodreads,skipped,0,0,,0,0,0,0,1,,,data
2193,9780671671358,,goodreads,skipped,0,0,,0,0,0,0,1,,,data
2194,9780525938705,,goodreads,skipped,0,0,,0,0,0,0,1,,,data
2195,9780824802875,,goodreads,skipped,0,0,,0,0,0,0,1,,,data
2196,9780345446596,,goodreads,skipped,0,0,,0,0,0,0,1,,,data
2197,9780340860946,,goodreads,skipped,0,0,,0,0,0,0,1,,,data
2198,9780753503034,,goodreads,skipped,0,0,,0,0,0,0,1,,,data
2199,9780688147747,,goodreads,skipped,0,0,,0,0,0,0,1,,,data
2200,9780590418546,,goodreads,skipped,0,0,,0,0,0,0,1,,,data
2201,9780553155341,,goodreads,skipped,0,0,,0,0,0,0,1,,,data
2202,9780679888215,,goodreads,skipped,0,0,,0,0,0,0,1,,,data
2203,9780060809102,,goodreads,skipped,0,0,,0,0,0,0,1,,,data
2204,9780821772447,,goodreads,skipped,0,0,,0,0,0,0,1,,,data
2205,9781562829292,,goodreads,skipped,0,0,,0,0,0,0,1,,,data
2206,9781567315073,,goodreads,skipped,0,0,,0,0,0,0,1,,,data
2207,9780849908774,,goodreads,skipped,0,0,,0,0,0,0,1,,,data
2208,9780590401869,,goodreads,skipped,0,0,,0,0,0,0,1,,,data
2209,9780590401838,,goodreads,skipped,0,0,,0,0,0,0,1,,,data
2210,9780449126226,,goodreads,skipped,0,0,,0,0,0,0,1,,,data
2211,9780307100757,,goodreads,skipped,0,0,,0,0,0,0,1,,,data
2212,9780811441568,,goodreads,skipped,0,0,,0,0,0,0,1,,,data
2213,9780689826764,,goodreads,skipped,0,0,,0,0,0,0,1,,,data
2214,9780671663087,,goodreads,skipped,0,0,,0,0,0,0,1,,,data
2215,9780786917631,,goodreads,skipped,0,0,,0,0,0,0,1,,,data
2216,9780805416862,,goodreads,skipped,0,0,,0,0,0,0,1,,,data
2217,9780380728763,,goodreads,skipped,0,0,,0,0,0,0,1,,,data
2218,9780373121809,,goodreads,skipped,0,0,,0,0,0,0,1,,,data
2219,9780821768693,,goodreads,skipped,0,0,,0,0,0,0,1,,,data
2220,9780575075160,,goodreads,skipped,0,0,,0,0,0,0,1,,,data
2221,9780394744292,,goodreads,skipped,0,0,,0,0,0,0,1,,,data
2222,9780553541892,,goodreads,skipped,0,0,,0,0,0,0,1,,,data
2223,9780439228404,,goodreads,skipped,0,0,,0,0,0,0,1,,,data
2224,9780439228428,,goodreads,skipped,0,0,,0,0,0,0,1,,,data
2225,9780941405102,,goodreads,skipped,0,0,,0,0,0,0,1,,,data
2226,9780440848356,,goodreads,skipped,0,0,,0,0,0,0,1,,,data
2227,9780525323020,,goodreads,skipped,0,0,,0,0,0,0,1,,,data
2228,9780062733795,,goodreads,skipped,0,0,,0,0,0,0,1,,,data
2229,9780590447386,,goodreads,skipped,0,0,,0,0,0,0,1,,,data
2230,9780811440844,,goodreads,skipped,0,0,,0,0,0,0,1,,,data
2231,9780395294321,,goodreads,skipped,0,0,,0,0,0,0,1,,,data
2232,9780877017592,,goodreads,skipped,0,0,,0,0,0,0,1,,,data
2233,9780821772553,,goodreads,skipped,0,0,,0,0,0,0,1,,,data
2234,9780671536244,,goodreads,skipped,0,0,,0,0,0,0,1,,,data
2235,9780316290937,,goodreads,skipped,0,0,,0,0,0,0,1,,,data
2236,9780449216064,,goodreads,skipped,0,0,,0,0,0,0,1,,,data
2237,9780380571093,,goodreads,skipped,0,0,,0,0,0,0,1,,,data
2238,9780821766811,,goodreads,skipped,0,0,,0,0,0,0,1,,,data
2239,9780930044435,,goodreads,skipped,0,0,,0,0,0,0,1,,,data
2240,9780785300427,,goodreads,skipped,0,0,,0,0,0,0,1,,,data
2241,9780373196456,,goodreads,skipped,0,0,,0,0,0,0,1,,,data
2242,9780821772713,,goodreads,skipped,0,0,,0,0,0,0,1,,,data
2243,9780023644306,,goodreads,skipped,0,0,,0,0,0,0,1,,,data
2244,9780385279475,,goodreads,skipped,0,0,,0,0,0,0,1,,,data
2245,9780060164416,,goodreads,skipped,0,0,,0,0,0,0,1,,,data
2246,9780345273215,,goodreads,skipped,0,0,,0,0,0,0,1,,,data
2247,9780439380485,,goodreads,skipped,0,0,,0,0,0,0,1,,,data
2248,9780440412588,,goodreads,skipped,0,0,,0,0,0,0,1,,,data
2249,9780894808593,,goodreads,skipped,0,0,,0,0,0,0,1,,,data
2250,9780898152326,,goodreads,skipped,0,0,,0,0,0,0,1,,,data
2251,9780694012510,,goodreads,skipped,0,0,,0,0,0,0,1,,,data
2252,9780440400028,,goodreads,skipped,0,0,,0,0,0,0,1,,,data
2253,9780743406697,,goodreads,skipped,0,0,,0,0,0,0,1,,,data
2254,9780811440790,,goodreads,skipped,0,0,,0,0,0,0,1,,,data
2255,9780393307122,,goodreads,skipped,0,0,,0,0,0,0,1,,,data
2256,9780821773093,,goodreads,skipped,0,0,,0,0,0,0,1,,,data
2257,9780821773772,,goodreads,skipped,0,0,,0,0,0,0,1,,,data
2258,9780821773109,,goodreads,skipped,0,0,,0,0,0,0,1,,,data
2259,9780816730117,,goodreads,skipped,0,0,,0,0,0,0,1,,,data
2260,9780679808145,,goodreads,skipped,0,0,,0,0,0,0,1,,,data
2261,9780893757519,,goodreads,skipped,0,0,,0,0,0,0,1,,,data
2262,9780689822384,,goodreads,skipped,0,0,,0,0,0,0,1,,,data
2263,9780448054667,,goodreads,skipped,0,0,,0,0,0,0,1,,,data
2264,9780395169957,,goodreads,skipped,0,0,,0,0,0,0,1,,,data
2265,9780030073243,,goodreads,skipped,0,0,,0,0,0,0,1,,,data
2266,9781561152322,,goodreads,skipped,0,0,,0,0,0,0,1,,,data
2267,9780208022493,,goodreads,skipped,0,0,,0,0,0,0,1,,,data
2268,9780553055863,,goodreads,skipped,0,0,,0,0,0,0,1,,,data
2269,9780394473482,,goodreads,skipped,0,0,,0,0,0,0,1,,,data
2270,9780689840333,,goodreads,skipped,0,0,,0,0,0,0,1,,,data
2271,9780156115001,,goodreads,skipped,0,0,,0,0,0,0,1,,,data
2272,9780671023232,,goodreads,skipped,0,0,,0,0,0,0,1,,,data
2273,9780300090925,,goodreads,skipped,0,0,,0,0,0,0,1,,,data
2274,9780312928568,,goodreads,skipped,0,0,,0,0,0,0,1,,,data
2275,9780696019203,,goodreads,skipped,0,0,,0,0,0,0,1,,,data
2276,9780394858579,,goodreads,skipped,0,0,,0,0,0,0,1,,,data
2277,9781563262555,,goodreads,skipped,0,0,,0,0,0,0,1,,,data
2278,9780553153156,,goodreads,skipped,0,0,,0,0,0,0,1,,,data
2279,9780689835834,,goodreads,skipped,0,0,,0,0,0,0,1,,,data
2280,9780452277366,,goodreads,skipped,0,0,,0,0,0,0,1,,,data
2281,9780879055547,,goodreads,skipped,0,0,,0,0,0,0,1,,,data
2282,9780768322521,,goodreads,skipped,0,0,,0,0,0,0,1,,,data
2283,9780307133250,,goodreads,skipped,0,0,,0,0,0,0,1,,,data
2284,9780375800276,,goodreads,skipped,0,0,,0,0,0,0,1,,,data
2285,9780763603816,,goodreads,skipped,0,0,,0,0,0,0,1,,,data
2286,9780746005101,,goodreads,skipped,0,0,,0,0,0,0,1,,,data
2287,9780870333477,,goodreads,skipped,0,0,,0,0,0,0,1,,,data
2288,9780817272869,,goodreads,skipped,0,0,,0,0,0,0,1,,,data
2289,9780736412360,,goodreads,skipped,0,0,,0,0,0,0,1,,,data
2290,9780679958345,,goodreads,skipped,0,0,,0,0,0,0,1,,,data
2291,9780448405285,,goodreads,skipped,0,0,,0,0,0,0,1,,,data
2292,9780425185421,,goodreads,skipped,0,0,,0,0,0,0,1,,,data
2293,9781558532854,,goodreads,skipped,0,0,,0,0,0,0,1,,,data
2294,9780590102797,,goodreads,skipped,0,0,,0,0,0,0,1,,,data
2295,9780385074216,,goodreads,skipped,0,0,,0,0,0,0,1,,,data
2296,9780689822766,,goodreads,skipped,0,0,,0,0,0,0,1,,,data
2297,9780806969534,,goodreads,skipped,0,0,,0,0,0,0,1,,,data
2298,9781891442230,,goodreads,skipped,0,0,,0,0,0,0,1,,,data
2299,9780060247331,,goodreads,skipped,0,0,,0,0,0,0,1,,,data
2300,9781563262067,,goodreads,skipped,0,0,,0,0,0,0,1,,,data
2301,9780590262620,,goodreads,skipped,0,0,,0,0,0,0,1,,,data
2302,9780140546491,,goodreads,skipped,0,0,,0,0,0,0,1,,,data
2303,9780307115850,,goodreads,skipped,0,0,,0,0,0,0,1,,,data
2304,9780448023649,,goodreads,skipped,0,0,,0,0,0,0,1,,,data
2305,9780373193707,,goodreads,skipped,0,0,,0,0,0,0,1,,,data
2306,9780590461634,,goodreads,skipped,0,0,,0,0,0,0,1,,,data
2307,9780590404983,,goodreads,skipped,0,0,,0,0,0,0,1,,,data
2308,9780671020682,,goodreads,skipped,0,0,,0,0,0,0,1,,,data
2309,9780761502968,,goodreads,skipped,0,0,,0,0,0,0,1,,,data
2310,9781556521799,,goodreads,skipped,0,0,,0,0,0,0,1,,,data
2311,9780843923803,,goodreads,skipped,0,0,,0,0,0,0,1,,,data
2312,9780590444606,,goodreads,skipped,0,0,,0,0,0,0,1,,,data
2313,9780595227693,,goodreads,skipped,0,0,,0,0,0,0,1,,,data
2314,9780747528890,,goodreads,skipped,0,0,,0,0,0,0,1,,,data
2315,9780803263307,,goodreads,skipped,0,0,,0,0,0,0,1,,,data
2316,9780670815241,,goodreads,skipped,0,0,,0,0,0,0,1,,,data
2317,9780747239994,,goodreads,skipped,0,0,,0,0,0,0,1,,,data
2318,9780006863052,,goodreads,skipped,0,0,,0,0,0,0,1,,,data
2319,9780451452566,,goodreads,skipped,0,0,,0,0,0,0,1,,,data
2320,9780441001880,,goodreads,skipped,0,0,,0,0,0,0,1,,,data
2321,9780451453617,,goodreads,skipped,0,0,,0,0,0,0,1,,,data
2322,9780440223719,,goodreads,skipped,0,0,,0,0,0,0,1,,,data
2323,9780380786435,,goodreads,skipped,0,0,,0,0,0,0,1,,,data
2324,9780380755776,,goodreads,skipped,0,0,,0,0,0,0,1,,,data
2325,9780515120660,,goodreads,skipped,0,0,,0,0,0,0,1,,,data
2326,9780751504958,,goodreads,skipped,0,0,,0,0,0,0,1,,,data
2327,9780345380654,,goodreads,skipped,0,0,,0,0,0,0,1,,,data
2328,9780441001187,,goodreads,skipped,0,0,,0,0,0,0,1,,,data
2329,9780867601336,,goodreads,skipped,0,0,,0,0,0,0,1,,,data
2330,9780312965174,,goodreads,skipped,0,0,,0,0,0,0,1,,,data
2331,9780451455000,,goodreads,skipped,0,0,,0,0,0,0,1,,,data
2332,9780006751182,,goodreads,skipped,0,0,,0,0,0,0,1,,,data
2333,9780140281231,,goodreads,skipped,0,0,,0,0,0,0,1,,,data
2334,9780821759950,,goodreads,skipped,0,0,,0,0,0,0,1,,,data
2335,9780451182494,,goodreads,skipped,0,0,,0,0,0,0,1,,,data
2336,9780743228336,,goodreads,skipped,0,0,,0,0,0,0,1,,,data
2337,9780440223863,,goodreads,skipped,0,0,,0,0,0,0,1,,,data
2338,9780373833726,,goodreads,skipped,0,0,,0,0,0,0,1,,,data
2339,9780380722068,,goodreads,skipped,0,0,,0,0,0,0,1,,,data
2340,9780312860448,,goodreads,skipped,0,0,,0,0,0,0,1,,,data
2341,9780821760628,,goodreads,skipped,0,0,,0,0,0,0,1,,,data
2342,9780821761823,,goodreads,skipped,0,0,,0,0,0,0,1,,,data
2343,9780821763025,,goodreads,skipped,0,0,,0,0,0,0,1,,,data
2344,9780821760642,,goodreads,skipped,0,0,,0,0,0,0,1,,,data
2345,9780821760659,,goodreads,skipped,0,0,,0,0,0,0,1,,,data
2346,9780373511273,,goodreads,skipped,0,0,,0,0,0,0,1,,,data
2347,9780373169511,,goodreads,skipped,0,0,,0,0,0,0,1,,,data
2348,9780821765449,,goodreads,skipped,0,0,,0,0,0,0,1,,,data
2349,9780373511242,,goodreads,skipped,0,0,,0,0,0,0,1,,,data
2350,9780373120789,,goodreads,skipped,0,0,,0,0,0,0,1,,,data
2351,9780821775233,,goodreads,skipped,0,0,,0,0,0,0,1,,,data
2352,9780701164706,,goodreads,skipped,0,0,,0,0,0,0,1,,,data
2353,9780312868314,,goodreads,skipped,0,0,,0,0,0,0,1,,,data
2354,9780440195344,,goodreads,skipped,0,0,,0,0,0,0,1,,,data
2355,9780702220982,,goodreads,skipped,0,0,,0,0,0,0,1,,,data
2356,9780375409134,,goodreads,skipped,0,0,,0,0,0,0,1,,,data
2357,9780849932991,,goodreads,skipped,0,0,,0,0,0,0,1,,,data
2358,9781895387933,,goodreads,skipped,0,0,,0,0,0,0,1,,,data
2359,9780671457570,,goodreads,skipped,0,0,,0,0,0,0,1,,,data
2360,9780875424392,,goodreads,skipped,0,0,,0,0,0,0,1,,,data
2361,9780553093520,,goodreads,skipped,0,0,,0,0,0,0,1,,,data
2362,9780874067965,,goodreads,skipped,0,0,,0,0,0,0,1,,,data
2363,9780002254120,,goodreads,skipped,0,0,,0,0,0,0,1,,,data
2364,9780002215473,,goodreads,skipped,0,0,,0,0,0,0,1,,,data
2365,9780330246330,,goodreads,skipped,0,0,,0,0,0,0,1,,,data
2366,9780195040746,,goodreads,skipped,0,0,,0,0,0,0,1,,,data
2367,9780553213362,,goodreads,skipped,0,0,,0,0,0,0,1,,,data
2368,9780812533743,,goodreads,skipped,0,0,,0,0,0,0,1,,,data
2369,9780849943447,,goodreads,skipped,0,0,,0,0,0,0,1,,,data
2370,9780575400979,,goodreads,skipped,0,0,,0,0,0,0,1,,,data
2371,9780671021986,,goodreads,skipped,0,0,,0,0,0,0,1,,,data
2372,9780862016081,,goodreads,skipped,0,0,,0,0,0,0,1,,,data
2373,9780812967791,,goodreads,skipped,0,0,,0,0,0,0,1,,,data
2374,9780753813508,,goodreads,skipped,0,0,,0,0,0,0,1,,,data
2375,9781853261640,,goodreads,skipped,0,0,,0,0,0,0,1,,,data
2376,9780752852379,,goodreads,skipped,0,0,,0,0,0,0,1,,,data
2377,9780340488010,,goodreads,skipped,0,0,,0,0,0,0,1,,,data
2378,9781898617174,,goodreads,skipped,0,0,,0,0,0,0,1,,,data
2379,9780192816344,,goodreads,skipped,0,0,,0,0,0,0,1,,,data
2380,9781860196546,,goodreads,skipped,0,0,,0,0,0,0,1,,,data
2381,9780352314826,,goodreads,skipped,0,0,,0,0,0,0,1,,,data
2382,9780868197142,,goodreads,skipped,0,0,,0,0,0,0,1,,,data
2383,9781860463655,,goodreads,skipped,0,0,,0,0,0,0,1,,,data
2384,9780451519979,,goodreads,skipped,0,0,,0,0,0,0,1,,,data
2385,9780575062603,,goodreads,skipped,0,0,,0,0,0,0,1,,,data
2386,9780708843185,,goodreads,skipped,0,0,,0,0,0,0,1,,,data
2387,9781897730553,,goodreads,skipped,0,0,,0,0,0,0,1,,,data
2388,9780713476095,,goodreads,skipped,0,0,,0,0,0,0,1,,,data
2389,9780600588566,,goodreads,skipped,0,0,,0,0,0,0,1,,,data
2390,9780340248522,,goodreads,skipped,0,0,,0,0,0,0,1,,,data
2391,9780551026568,,goodreads,skipped,0,0,,0,0,0,0,1,,,data
2392,9780708910597,,goodreads,skipped,0,0,,0,0,0,0,1,,,data
2393,9780373245789,,goodreads,skipped,0,0,,0,0,0,0,1,,,data
2394,9780373825622,,goodreads,skipped,0,0,,0,0,0,0,1,,,data
2395,9780373078769,,goodreads,skipped,0,0,,0,0,0,0,1,,,data
2396,9780843930771,,goodreads,skipped,0,0,,0,0,0,0,1,,,data
2397,9780345428141,,goodreads,skipped,0,0,,0,0,0,0,1,,,data
2398,9780553101935,,goodreads,skipped,0,0,,0,0,0,0,1,,,data
2399,9780671780562,,goodreads,skipped,0,0,,0,0,0,0,1,,,data
2400,9780345384003,,goodreads,skipped,0,0,,0,0,0,0,1,,,data
2401,9780449202814,,goodreads,skipped,0,0,,0,0,0,0,1,,,data
2402,9780517120675,,goodreads,skipped,0,0,,0,0,0,0,1,,,data
2403,9780312070694,,goodreads,skipped,0,0,,0,0,0,0,1,,,data
2404,9781413704273,,goodreads,skipped,0,0,,0,0,0,0,1,,,data
2405,9780809230556,,goodreads,skipped,0,0,,0,0,0,0,1,,,data
2406,9781579549572,,goodreads,skipped,0,0,,0,0,0,0,1,,,data
2407,9780812532005,,goodreads,skipped,0,0,,0,0,0,0,1,,,data
2408,9780590428088,,goodreads,skipped,0,0,,0,0,0,0,1,,,data
2409,9780843950687,,goodreads,skipped,0,0,,0,0,0,0,1,,,data
2410,9780553213997,,goodreads,skipped,0,0,,0,0,0,0,1,,,data
2411,9780261102385,,goodreads,skipped,0,0,,0,0,0,0,1,,,data
2412,9780443059742,,goodreads,skipped,0,0,,0,0,0,0,1,,,data
2413,9781853751103,,goodreads,skipped,0,0,,0,0,0,0,1,,,data
2414,9780521558181,,goodreads,skipped,0,0,,0,0,0,0,1,,,data
2415,9780915145225,,goodreads,skipped,0,0,,0,0,0,0,1,,,data
2416,9780679722960,,goodreads,skipped,0,0,,0,0,0,0,1,,,data
2417,9780140444490,,goodreads,skipped,0,0,,0,0,0,0,1,,,data
2418,9781853263972,,goodreads,skipped,0,0,,0,0,0,0,1,,,data
2419,9780195650839,,goodreads,skipped,0,0,,0,0,0,0,1,,,data
2420,9780521438780,,goodreads,skipped,0,0,,0,0,0,0,1,,,data
2421,9780451149169,,goodreads,skipped,0,0,,0,0,0,0,1,,,data
2422,9780961437008,,goodreads,skipped,0,0,,0,0,0,0,1,,,data
2423,9780590415651,,goodreads,skipped,0,0,,0,0,0,0,1,,,data
2424,9780316031318,,goodreads,skipped,0,0,,0,0,0,0,1,,,data
2425,9780679840336,,goodreads,skipped,0,0,,0,0,0,0,1,,,data
2426,9780590446952,,goodreads,skipped,0,0,,0,0,0,0,1,,,data
2427,9780590422215,,goodreads,skipped,0,0,,0,0,0,0,1,,,data
2428,9780590485869,,goodreads,skipped,0,0,,0,0,0,0,1,,,data
2429,9780688000059,,goodreads,skipped,0,0,,0,0,0,0,1,,,data
2430,9780688085322,,goodreads,skipped,0,0,,0,0,0,0,1,,,data
2431,9781565302372,,goodreads,skipped,0,0,,0,0,0,0,1,,,data
2432,9780394887166,,goodreads,skipped,0,0,,0,0,0,0,1,,,data
2433,9780312053888,,goodreads,skipped,0,0,,0,0,0,0,1,,,data
2434,9780895779007,,goodreads,skipped,0,0,,0,0,0,0,1,,,data
2435,9780785278887,,goodreads,skipped,0,0,,0,0,0,0,1,,,data
2436,9780895774040,,goodreads,skipped,0,0,,0,0,0,0,1,,,data
2437,9780895778628,,goodreads,skipped,0,0,,0,0,0,0,1,,,data
2438,9780026892698,,goodreads,skipped,0,0,,0,0,0,0,1,,,data
2439,9780026892711,,goodreads,skipped,0,0,,0,0,0,0,1,,,data
2440,9780936340012,,goodreads,skipped,0,0,,0,0,0,0,1,,,data
2441,9780811730693,,goodreads,skipped,0,0,,0,0,0,0,1,,,data
2442,9780811727990,,goodreads,skipped,0,0,,0,0,0,0,1,,,data
2443,9780811728447,,goodreads,skipped,0,0,,0,0,0,0,1,,,data
2444,9781562822484,,goodreads,skipped,0,0,,0,0,0,0,1,,,data
2445,9780440413332,,goodreads,skipped,0,0,,0,0,0,0,1,,,data
2446,9780936340098,,goodreads,skipped,0,0,,0,0,0,0,1,,,data
2447,9780802774521,,goodreads,skipped,0,0,,0,0,0,0,1,,,data
2448,9780906731956,,goodreads,skipped,0,0,,0,0,0,0,1,,,data
2449,9780671737276,,goodreads,skipped,0,0,,0,0,0,0,1,,,data
2450,9780060804404,,goodreads,skipped,0,0,,0,0,0,0,1,,,data
2451,9780684857329,,goodreads,skipped,0,0,,0,0,0,0,1,,,data
2452,9780805045598,,goodreads,skipped,0,0,,0,0,0,0,1,,,data
2453,9780553288094,,goodreads,skipped,0,0,,0,0,0,0,1,,,data
2454,9780064404259,,goodreads,skipped,0,0,,0,0,0,0,1,,,data
2455,9780810941557,,goodreads,skipped,0,0,,0,0,0,0,1,,,data
2456,9780590554305,,goodreads,skipped,0,0,,0,0,0,0,1,,,data
2457,9780373115358,,goodreads,skipped,0,0,,0,0,0,0,1,,,data
2458,9780671221461,,goodreads,skipped,0,0,,0,0,0,0,1,,,data
2459,9781887128780,,goodreads,skipped,0,0,,0,0,0,0,1,,,data
2460,9781567315844,,goodreads,skipped,0,0,,0,0,0,0,1,,,data
2461,9780060645885,,goodreads,skipped,0,0,,0,0,0,0,1,,,data
2462,9780684830339,,goodreads,skipped,0,0,,0,0,0,0,1,,,data
2463,9781561386086,,goodreads,skipped,0,0,,0,0,0,0,1,,,data
2464,9780671798796,,goodreads,skipped,0,0,,0,0,0,0,1,,,data
2465,9780684862552,,goodreads,skipped,0,0,,0,0,0,0,1,,,data
2466,9780671536329,,goodreads,skipped,0,0,,0,0,0,0,1,,,data
2467,9780451405074,,goodreads,skipped,0,0,,0,0,0,0,1,,,data
2468,9780373098132,,goodreads,skipped,0,0,,0,0,0,0,1,,,data
2469,9780373201303,,goodreads,skipped,0,0,,0,0,0,0,1,,,data
2470,9780373077731,,goodreads,skipped,0,0,,0,0,0,0,1,,,data
2471,9780671887070,,goodreads,skipped,0,0,,0,0,0,0,1,,,data
2472,9780840768964,,goodreads,skipped,0,0,,0,0,0,0,1,,,data
2473,9780451202932,,goodreads,skipped,0,0,,0,0,0,0,1,,,data
2474,9780517882016,,goodreads,skipped,0,0,,0,0,0,0,1,,,data
2475,9780553276893,,goodreads,skipped,0,0,,0,0,0,0,1,,,data
2476,9780425134009,,goodreads,skipped,0,0,,0,0,0,0,1,,,data
2477,9780671812751,,goodreads,skipped,0,0,,0,0,0,0,1,,,data
2478,9781568652962,,goodreads,skipped,0,0,,0,0,0,0,1,,,data
2479,9780712614191,,goodreads,skipped,0,0,,0,0,0,0,1,,,data
2480,9788817537551,,goodreads,skipped,0,0,,0,0,0,0,1,,,data
2481,9780450561962,,goodreads,skipped,0,0,,0,0,0,0,1,,,data
2482,9780062701879,,goodreads,skipped,0,0,,0,0,0,0,1,,,data
2483,9780812548075,,goodreads,skipped,0,0,,0,0,0,0,1,,,data
2484,9781565922617,,goodreads,skipped,0,0,,0,0,0,0,1,,,data
2485,9781565921528,,goodreads,skipped,0,0,,0,0,0,0,1,,,data
2486,9780743200226,,goodreads,skipped,0,0,,0,0,0,0,1,,,data
2487,9781565925823,,goodreads,skipped,0,0,,0,0,0,0,1,,,data
2488,9780553580129,,goodreads,skipped,0,0,,0,0,0,0,1,,,data
2489,9780743435741,,goodreads,skipped,0,0,,0,0,0,0,1,,,data
2490,9780698119185,,goodreads,skipped,0,0,,0,0,0,0,1,,,data
2491,9780871401762,,goodreads,skipped,0,0,,0,0,0,0,1,,,data
2492,9780139376818,,goodreads,skipped,0,0,,0,0,0,0,1,,,data
2493,9781565925168,,goodreads,skipped,0,0,,0,0,0,0,1,,,data
2494,9780201835953,,goodreads,skipped,0,0,,0,0,0,0,1,,,data
2495,9780201609998,,goodreads,skipped,0,0,,0,0,0,0,1,,,data
2496,9781575210841,,goodreads,skipped,0,0,,0,0,0,0,1,,,data
2497,9780672319945,,goodreads,skipped,0,0,,0,0,0,0,1,,,data
2498,9780735709010,,goodreads,skipped,0,0,,0,0,0,0,1,,,data
2499,9781565926219,,goodreads,skipped,0,0,,0,0,0,0,1,,,data
2500,9780735700789,,goodreads,skipped,0,0,,0,0,0,0,1,,,data
2501,9781565921047,,goodreads,skipped,0,0,,0,0,0,0,1,,,data
2502,9781576104699,,goodreads,skipped,0,0,,0,0,0,0,1,,,data
2503,9780679768371,,goodreads,skipped,0,0,,0,0,0,0,1,,,data
2504,9780786881352,,goodreads,skipped,0,0,,0,0,0,0,1,,,data
2505,9780672484407,,goodreads,skipped,0,0,,0,0,0,0,1,,,data
2506,9780201489163,,goodreads,skipped,0,0,,0,0,0,0,1,,,data
2507,9780201406535,,goodreads,skipped,0,0,,0,0,0,0,1,,,data
2508,9780201567410,,goodreads,skipped,0,0,,0,0,0,0,1,,,data
2509,9780201549799,,goodreads,skipped,0,0,,0,0,0,0,1,,,data
2510,9780201570304,,goodreads,skipped,0,0,,0,0,0,0,1,,,data
2511,9780201563276,,goodreads,skipped,0,0,,0,0,0,0,1,,,data
2512,9780201544329,,goodreads,skipped,0,0,,0,0,0,0,1,,,data
2513,9780201563184,,goodreads,skipped,0,0,,0,0,0,0,1,,,data
2514,9780070546660,,goodreads,skipped,0,0,,0,0,0,0,1,,,data
2515,9780201533774,,goodreads,skipped,0,0,,0,0,0,0,1,,,data
2516,9780596000851,,goodreads,skipped,0,0,,0,0,0,0,1,,,data
2517,9780201702712,,goodreads,skipped,0,0,,0,0,0,0,1,,,data
2518,9780393320923,,goodreads,skipped,0,0,,0,0,0,0,1,,,data
2519,9781565925250,,goodreads,skipped,0,0,,0,0,0,0,1,,,data
2520,9781565924642,,goodreads,skipped,0,0,,0,0,0,0,1,,,data
2521,9780596001087,,goodreads,skipped,0,0,,0,0,0,0,1,,,data
2522,9780672317354,,goodreads,skipped,0,0,,0,0,0,0,1,,,data
2523,9780609802212,,goodreads,skipped,0,0,,0,0,0,0,1,,,data
2524,9781878020048,,goodreads,skipped,0,0,,0,0,0,0,1,,,data
2525,9783785720806,,goodreads,skipped,0,0,,0,0,0,0,1,,,data
2526,9780727913685,,goodreads,skipped,0,0,,0,0,0,0,1,,,data
2527,9780671003371,,goodreads,skipped,0,0,,0,0,0,0,1,,,data
2528,9780553380590,,goodreads,skipped,0,0,,0,0,0,0,1,,,data
2529,9780899199238,,goodreads,skipped,0,0,,0,0,0,0,1,,,data
2530,9780880297226,,goodreads,skipped,0,0,,0,0,0,0,1,,,data
2531,9780062504685,,goodreads,skipped,0,0,,0,0,0,0,1,,,data
2532,9780878331710,,goodreads,skipped,0,0,,0,0,0,0,1,,,data
2533,9780471455080,,goodreads,skipped,0,0,,0,0,0,0,1,,,data
2534,9780140173192,,goodreads,skipped,0,0,,0,0,0,0,1,,,data
2535,9783499153600,,goodreads,skipped,0,0,,0,0,0,0,1,,,data
2536,9780393025118,,goodreads,skipped,0,0,,0,0,0,0,1,,,data
2537,9780760715192,,goodreads,skipped,0,0,,0,0,0,0,1,,,data
2538,9783492040006,,goodreads,skipped,0,0,,0,0,0,0,1,,,data
2539,9783257227758,,goodreads,skipped,0,0,,0,0,0,0,1,,,data
2540,9780870402531,,goodreads,skipped,0,0,,0,0,0,0,1,,,data
2541,9780026365581,,goodreads,skipped,0,0,,0,0,0,0,1,,,data
2542,9780394580449,,goodreads,skipped,0,0,,0,0,0,0,1,,,data
2543,9780135289105,,goodreads,skipped,0,0,,0,0,0,0,1,,,data
2544,9780553231441,,goodreads,skipped,0,0,,0,0,0,0,1,,,data
2545,9780789433022,,goodreads,skipped,0,0,,0,0,0,0,1,,,data
2546,9780385422420,,goodreads,skipped,0,0,,0,0,0,0,1,,,data
2547,9780515080551,,goodreads,skipped,0,0,,0,0,0,0,1,,,data
2548,9780441586950,,goodreads,skipped,0,0,,0,0,0,0,1,,,data
2549,9780380706440,,goodreads,skipped,0,0,,0,0,0,0,1,,,data
2550,9780671447168,,goodreads,skipped,0,0,,0,0,0,0,1,,,data
2551,9780821710241,,goodreads,skipped,0,0,,0,0,0,0,1,,,data
2552,9780553202946,,goodreads,skipped,0,0,,0,0,0,0,1,,,data
2553,9780451520753,,goodreads,skipped,0,0,,0,0,0,0,1,,,data
2554,9781582450858,,goodreads,skipped,0,0,,0,0,0,0,1,,,data
2555,9780679446286,,goodreads,skipped,0,0,,0,0,0,0,1,,,data
2556,9780786705283,,goodreads,skipped,0,0,,0,0,0,0,1,,,data
2557,9780395475652,,goodreads,skipped,0,0,,0,0,0,0,1,,,data
2558,9780789426420,,goodreads,skipped,0,0,,0,0,0,0,1,,,data
2559,9780792277262,,goodreads,skipped,0,0,,0,0,0,0,1,,,data
2560,9781573225458,,goodreads,skipped,0,0,,0,0,0,0,1,,,data
2561,9780066620763,,goodreads,skipped,0,0,,0,0,0,0,1,,,data
2562,9783550071072,,goodreads,skipped,0,0,,0,0,0,0,1,,,data
2563,9783442447961,,goodreads,skipped,0,0,,0,0,0,0,1,,,data
2564,9780425151945,,goodreads,skipped,0,0,,0,0,0,0,1,,,data
2565,9780486401010,,goodreads,skipped,0,0,,0,0,0,0,1,,,data
2566,9780889711631,,goodreads,skipped,0,0,,0,0,0,0,1,,,data
2567,9780679409427,,goodreads,skipped,0,0,,0,0,0,0,1,,,data
2568,9780373871179,,goodreads,skipped,0,0,,0,0,0,0,1,,,data
2569,9780373832286,,goodreads,skipped,0,0,,0,0,0,0,1,,,data
2570,9780523423937,,goodreads,skipped,0,0,,0,0,0,0,1,,,data
2571,9781410764386,,goodreads,skipped,0,0,,0,0,0,0,1,,,data
2572,9780385600569,,goodreads,skipped,0,0,,0,0,0,0,1,,,data
2573,9780446359375,,goodreads,skipped,0,0,,0,0,0,0,1,,,data
2574,9780679745396,,goodreads,skipped,0,0,,0,0,0,0,1,,,data
2575,9780590693356,,goodreads,skipped,0,0,,0,0,0,0,1,,,data
2576,9780884860822,,goodreads,skipped,0,0,,0,0,0,0,1,,,data
2577,9780889651173,,goodreads,skipped,0,0,,0,0,0,0,1,,,data
2578,9780441860531,,goodreads,skipped,0,0,,0,0,0,0,1,,,data
2579,9780345302199,,goodreads,skipped,0,0,,0,0,0,0,1,,,data
2580,9780812588354,,goodreads,skipped,0,0,,0,0,0,0,1,,,data
2581,9780842326155,,goodreads,skipped,0,0,,0,0,0,0,1,,,data
2582,9780671824846,,goodreads,skipped,0,0,,0,0,0,0,1,,,data
2583,9780345335760,,goodreads,skipped,0,0,,0,0,0,0,1,,,data
2584,9780345318091,,goodreads,skipped,0,0,,0,0,0,0,1,,,data
2585,9780523421018,,goodreads,skipped,0,0,,0,0,0,0,1,,,data
2586,9780906495841,,goodreads,skipped,0,0,,0,0,0,0,1,,,data
2587,9780452281110,,goodreads,skipped,0,0,,0,0,0,0,1,,,data
2588,9781588513502,,goodreads,skipped,0,0,,0,0,0,0,1,,,data
2589,9781410728418,,goodreads,skipped,0,0,,0,0,0,0,1,,,data
2590,9781881927211,,goodreads,skipped,0,0,,0,0,0,0,1,,,data
2591,9781559582339,,goodreads,skipped,0,0,,0,0,0,0,1,,,data
2592,9780786840830,,goodreads,skipped,0,0,,0,0,0,0,1,,,data
2593,9780553242454,,goodreads,skipped,0,0,,0,0,0,0,1,,,data
2594,9780373710539,,goodreads,skipped,0,0,,0,0,0,0,1,,,data
2595,9780440025351,,goodreads,skipped,0,0,,0,0,0,0,1,,,data
2596,9780345283399,,goodreads,skipped,0,0,,0,0,0,0,1,,,data
2597,9780380776566,,goodreads,skipped,0,0,,0,0,0,0,1,,,data
2598,9780312951443,,goodreads,skipped,0,0,,0,0,0,0,1,,,data
2599,9780966677300,,goodreads,skipped,0,0,,0,0,0,0,1,,,data
2600,9780786004935,,goodreads,skipped,0,0,,0,0,0,0,1,,,data
2601,9780553121360,,goodreads,skipped,0,0,,0,0,0,0,1,,,data
2602,9780373710676,,goodreads,skipped,0,0,,0,0,0,0,1,,,data
2603,9781580622509,,goodreads,skipped,0,0,,0,0,0,0,1,,,data
2604,9781568658650,,goodreads,skipped,0,0,,0,0,0,0,1,,,data
2605,9780743445344,,goodreads,skipped,0,0,,0,0,0,0,1,,,data
2606,9789997412942,,goodreads,skipped,0,0,,0,0,0,0,1,,,data
2607,9780312205522,,goodreads,skipped,0,0,,0,0,0,0,1,,,data
2608,9780812038781,,goodreads,skipped,0,0,,0,0,0,0,1,,,data
2609,9780590338172,,goodreads,skipped,0,0,,0,0,0,0,1,,,data
2610,9780380700943,,goodreads,skipped,0,0,,0,0,0,0,1,,,data
2611,9781573241274,,goodreads,skipped,0,0,,0,0,0,0,1,,,data
2612,9780312026745,,goodreads,skipped,0,0,,0,0,0,0,1,,,data
2613,9780895293930,,goodreads,skipped,0,0,,0,0,0,0,1,,,data
2614,9780312026455,,goodreads,skipped,0,0,,0,0,0,0,1,,,data
2615,9780312038120,,goodreads,skipped,0,0,,0,0,0,0,1,,,data
2616,9780312010003,,goodreads,skipped,0,0,,0,0,0,0,1,,,data
2617,9780440842521,,goodreads,skipped,0,0,,0,0,0,0,1,,,data
2618,9780553051025,,goodreads,skipped,0,0,,0,0,0,0,1,,,data
2619,9780877285175,,goodreads,skipped,0,0,,0,0,0,0,1,,,data
2620,9781880507001,,goodreads,skipped,0,0,,0,0,0,0,1,,,data
2621,9780812530360,,goodreads,skipped,0,0,,0,0,0,0,1,,,data
2622,9781582290065,,goodreads,skipped,0,0,,0,0,0,0,1,,,data
2623,9781561706976,,goodreads,skipped,0,0,,0,0,0,0,1,,,data
2624,9780679003205,,goodreads,skipped,0,0,,0,0,0,0,1,,,data
2625,9780345428127,,goodreads,skipped,0,0,,0,0,0,0,1,,,data
2626,9780879830472,,goodreads,skipped,0,0,,0,0,0,0,1,,,data
2627,9780394406039,,goodreads,skipped,0,0,,0,0,0,0,1,,,data
2628,9780451158406,,goodreads,skipped,0,0,,0,0,0,0,1,,,data
2629,9780316697705,,goodreads,skipped,0,0,,0,0,0,0,1,,,data
2630,9780890433829,,goodreads,skipped,0,0,,0,0,0,0,1,,,data
2631,9780553341096,,goodreads,skipped,0,0,,0,0,0,0,1,,,data
2632,9780140199130,,goodreads,skipped,0,0,,0,0,0,0,1,,,data
2633,9780688149987,,goodreads,skipped,0,0,,0,0,0,0,1,,,data
2634,9780316553513,,goodreads,skipped,0,0,,0,0,0,0,1,,,data
2635,9780345298966,,goodreads,skipped,0,0,,0,0,0,0,1,,,data
2636,9780679502364,,goodreads,skipped,0,0,,0,0,0,0,1,,,data
2637,9780025250000,,goodreads,skipped,0,0,,0,0,0,0,1,,,data
2638,9780960267675,,goodreads,skipped,0,0,,0,0,0,0,1,,,data
2639,9780890876893,,goodreads,skipped,0,0,,0,0,0,0,1,,,data
2640,9780380795604,,goodreads,skipped,0,0,,0,0,0,0,1,,,data
2641,9780060126544,,goodreads,skipped,0,0,,0,0,0,0,1,,,data
2642,9780440212331,,goodreads,skipped,0,0,,0,0,0,0,1,,,data
2643,9780743509602,,goodreads,skipped,0,0,,0,0,0,0,1,,,data
2644,9780312774868,,goodreads,skipped,0,0,,0,0,0,0,1,,,data
2645,9780671540791,,goodreads,skipped,0,0,,0,0,0,0,1,,,data
2646,9780307215093,,goodreads,skipped,0,0,,0,0,0,0,1,,,data
2647,9780312105112,,goodreads,skipped,0,0,,0,0,0,0,1,,,data
2648,9783923880522,,goodreads,skipped,0,0,,0,0,0,0,1,,,data
2649,9780963266712,,goodreads,skipped,0,0,,0,0,0,0,1,,,data
2650,9780844243337,,goodreads,skipped,0,0,,0,0,0,0,1,,,data
2651,9780671735302,,goodreads,skipped,0,0,,0,0,0,0,1,,,data
2652,9780312055042,,goodreads,skipped,0,0,,0,0,0,0,1,,,data
2653,9781550170870,,goodreads,skipped,0,0,,0,0,0,0,1,,,data
2654,9780670804948,,goodreads,skipped,0,0,,0,0,0,0,1,,,data
2655,9780385233590,,goodreads,skipped,0,0,,0,0,0,0,1,,,data
2656,9780881846720,,goodreads,skipped,0,0,,0,0,0,0,1,,,data
2657,9780671504052,,goodreads,skipped,0,0,,0,0,0,0,1,,,data
2658,9780385476492,,goodreads,skipped,0,0,,0,0,0,0,1,,,data
2659,9780684171630,,goodreads,skipped,0,0,,0,0,0,0,1,,,data
2660,9780894801532,,goodreads,skipped,0,0,,0,0,0,0,1,,,data
2661,9780373169009,,goodreads,skipped,0,0,,0,0,0,0,1,,,data
2662,9781566861021,,goodreads,skipped,0,0,,0,0,0,0,1,,,data
2663,9780962838811,,goodreads,skipped,0,0,,0,0,0,0,1,,,data
2664,9781892127181,,goodreads,skipped,0,0,,0,0,0,0,1,,,data
2665,9781932100006,,goodreads,skipped,0,0,,0,0,0,0,1,,,data
2666,9780761109600,,goodreads,skipped,0,0,,0,0,0,0,1,,,data
2667,9780679008491,,goodreads,skipped,0,0,,0,0,0,0,1,,,data
2668,9780892817740,,goodreads,skipped,0,0,,0,0,0,0,1,,,data
2669,9781559391535,,goodreads,skipped,0,0,,0,0,0,0,1,,,data
2670,9780380722136,,goodreads,skipped,0,0,,0,0,0,0,1,,,data
2671,9780738700618,,goodreads,skipped,0,0,,0,0,0,0,1,,,data
2672,9788449503696,,goodreads,skipped,0,0,,0,0,0,0,1,,,data
2673,9788495002938,,goodreads,skipped,0,0,,0,0,0,0,1,,,data
2674,9788427200265,,goodreads,skipped,0,0,,0,0,0,0,1,,,data
2675,9788427202931,,goodreads,skipped,0,0,,0,0,0,0,1,,,data
2676,9788427202801,,goodreads,skipped,0,0,,0,0,0,0,1,,,data
2677,9788427202610,,goodreads,skipped,0,0,,0,0,0,0,1,,,data
2678,9788427201163,,goodreads,skipped,0,0,,0,0,0,0,1,,,data
2679,9788427201248,,goodreads,skipped,0,0,,0,0,0,0,1,,,data
2680,9788427201514,,goodreads,skipped,0,0,,0,0,0,0,1,,,data
2681,9788427201552,,goodreads,skipped,0,0,,0,0,0,0,1,,,data
2682,9788427202993,,goodreads,skipped,0,0,,0,0,0,0,1,,,data
2683,9788427202757,,goodreads,skipped,0,0,,0,0,0,0,1,,,data
2684,9780194216456,,goodreads,skipped,0,0,,0,0,0,0,1,,,data
2685,9780194216661,,goodreads,skipped,0,0,,0,0,0,0,1,,,data
2686,9788484031369,,goodreads,skipped,0,0,,0,0,0,0,1,,,data
2687,9788476308462,,goodreads,skipped,0,0,,0,0,0,0,1,,,data
2688,9788420743554,,goodreads,skipped,0,0,,0,0,0,0,1,,,data
2689,9788428208932,,goodreads,skipped,0,0,,0,0,0,0,1,,,data
2690,9788482384221,,goodreads,skipped,0,0,,0,0,0,0,1,,,data
2691,9788423992164,,goodreads,skipped,0,0,,0,0,0,0,1,,,data
2692,9788431504380,,goodreads,skipped,0,0,,0,0,0,0,1,,,data
2693,9788486623685,,goodreads,skipped,0,0,,0,0,0,0,1,,,data
2694,9788431504120,,goodreads,skipped,0,0,,0,0,0,0,1,,,data
2695,9788474171358,,goodreads,skipped,0,0,,0,0,0,0,1,,,data
2696,9788440676382,,goodreads,skipped,0,0,,0,0,0,0,1,,,data
2697,9788440642264,,goodreads,skipped,0,0,,0,0,0,0,1,,,data
2698,9788430577026,,goodreads,skipped,0,0,,0,0,0,0,1,,,data
2699,9788440691453,,goodreads,skipped,0,0,,0,0,0,0,1,,,data
2700,9788440676078,,goodreads,skipped,0,0,,0,0,0,0,1,,,data
2701,9788440663801,,goodreads,skipped,0,0,,0,0,0,0,1,,,data
2702,9788440666895,,goodreads,skipped,0,0,,0,0,0,0,1,,,data
2703,9788440695673,,goodreads,skipped,0,0,,0,0,0,0,1,,,data
2704,9788440642271,,goodreads,skipped,0,0,,0,0,0,0,1,,,data
2705,9788448000417,,goodreads,skipped,0,0,,0,0,0,0,1,,,data
2706,9783442356089,,goodreads,skipped,0,0,,0,0,0,0,1,,,data
2707,9783746618333,,goodreads,skipped,0,0,,0,0,0,0,1,,,data
2708,9780060930219,,goodreads,skipped,0,0,,0,0,0,0,1,,,data
2709,9780345450647,,goodreads,skipped,0,0,,0,0,0,0,1,,,data
2710,9783492041652,,goodreads,skipped,0,0,,0,0,0,0,1,,,data
2711,9780452268562,,goodreads,skipped,0,0,,0,0,0,0,1,,,data
2712,9780440208525,,goodreads,skipped,0,0,,0,0,0,0,1,,,data
2713,9780672227158,,goodreads,skipped,0,0,,0,0,0,0,1,,,data
2714,9780155930216,,goodreads,skipped,0,0,,0,0,0,0,1,,,data
2715,9780375753305,,goodreads,skipped,0,0,,0,0,0,0,1,,,data
2716,9780345292513,,goodreads,skipped,0,0,,0,0,0,0,1,,,data
2717,9780345254535,,goodreads,skipped,0,0,,0,0,0,0,1,,,data
2718,9781561632909,,goodreads,skipped,0,0,,0,0,0,0,1,,,data
2719,9780440223306,,goodreads,skipped,0,0,,0,0,0,0,1,,,data
2720,9780888946805,,goodreads,skipped,0,0,,0,0,0,0,1,,,data
2721,9780767907415,,goodreads,skipped,0,0,,0,0,0,0,1,,,data
2722,9780679776222,,goodreads,skipped,0,0,,0,0,0,0,1,,,data
2723,9780812991512,,goodreads,skipped,0,0,,0,0,0,0,1,,,data
2724,9780140446494,,goodreads,skipped,0,0,,0,0,0,0,1,,,data
2725,9780670811472,,goodreads,skipped,0,0,,0,0,0,0,1,,,data
2726,9780836282894,,goodreads,skipped,0,0,,0,0,0,0,1,,,data
2727,9780679028277,,goodreads,skipped,0,0,,0,0,0,0,1,,,data
2728,9780679032595,,goodreads,skipped,0,0,,0,0,0,0,1,,,data
2729,9781564408747,,goodreads,skipped,0,0,,0,0,0,0,1,,,data
2730,9781859580554,,goodreads,skipped,0,0,,0,0,0,0,1,,,data
2731,9780140441048,,goodreads,skipped,0,0,,0,0,0,0,1,,,data
2732,9780140444063,,goodreads,skipped,0,0,,0,0,0,0,1,,,data
2733,9780786880676,,goodreads,skipped,0,0,,0,0,0,0,1,,,data
2734,9780425167113,,goodreads,skipped,0,0,,0,0,0,0,1,,,data
2735,9780192750914,,goodreads,skipped,0,0,,0,0,0,0,1,,,data
2736,9780671874360,,goodreads,skipped,0,0,,0,0,0,0,1,,,data
2737,9780395604786,,goodreads,skipped,0,0,,0,0,0,0,1,,,data
2738,9780441774081,,goodreads,skipped,0,0,,0,0,0,0,1,,,data
2739,9780140238389,,goodreads,skipped,0,0,,0,0,0,0,1,,,data
2740,9780931188237,,goodreads,skipped,0,0,,0,0,0,0,1,,,data
2741,9780618009961,,goodreads,skipped,0,0,,0,0,0,0,1,,,data
2742,9780312957179,,goodreads,skipped,0,0,,0,0,0,0,1,,,data
2743,9780963832757,,goodreads,skipped,0,0,,0,0,0,0,1,,,data
2744,9780812504187,,goodreads,skipped,0,0,,0,0,0,0,1,,,data
2745,9780671462116,,goodreads,skipped,0,0,,0,0,0,0,1,,,data
2746,9780425060520,,goodreads,skipped,0,0,,0,0,0,0,1,,,data
2747,9780786707287,,goodreads,skipped,0,0,,0,0,0,0,1,,,data
2748,9780451524287,,goodreads,skipped,0,0,,0,0,0,0,1,,,data
2749,9780671639709,,goodreads,skipped,0,0,,0,0,0,0,1,,,data
2750,9780399503856,,goodreads,skipped,0,0,,0,0,0,0,1,,,data
2751,9780553210934,,goodreads,skipped,0,0,,0,0,0,0,1,,,data
2752,9780965327503,,goodreads,skipped,0,0,,0,0,0,0,1,,,data
2753,9780615113579,,goodreads,skipped,0,0,,0,0,0,0,1,,,data
2754,9780749320324,,goodreads,skipped,0,0,,0,0,0,0,1,,,data
2755,9780330201070,,goodreads,skipped,0,0,,0,0,0,0,1,,,data
2756,9780140714159,,goodreads,skipped,0,0,,0,0,0,0,1,,,data
2757,9780684192833,,goodreads,skipped,0,0,,0,0,0,0,1,,,data
2758,9781570827280,,goodreads,skipped,0,0,,0,0,0,0,1,,,data
2759,9780590423595,,goodreads,skipped,0,0,,0,0,0,0,1,,,data
2760,9780681414419,,goodreads,skipped,0,0,,0,0,0,0,1,,,data
2761,9780440411239,,goodreads,skipped,0,0,,0,0,0,0,1,,,data
2762,9780816738373,,goodreads,skipped,0,0,,0,0,0,0,1,,,data
2763,9780816748198,,goodreads,skipped,0,0,,0,0,0,0,1,,,data
2764,9780671795238,,goodreads,skipped,0,0,,0,0,0,0,1,,,data
2765,9780590624299,,goodreads,skipped,0,0,,0,0,0,0,1,,,data
2766,9780866119726,,goodreads,skipped,0,0,,0,0,0,0,1,,,data
2767,9780440801771,,goodreads,skipped,0,0,,0,0,0,0,1,,,data
2768,9780439132992,,goodreads,skipped,0,0,,0,0,0,0,1,,,data
2769,9780440226864,,goodreads,skipped,0,0,,0,0,0,0,1,,,data
2770,9780382069970,,goodreads,skipped,0,0,,0,0,0,0,1,,,data
2771,9781899598205,,goodreads,skipped,0,0,,0,0,0,0,1,,,data
2772,9780877286394,,goodreads,skipped,0,0,,0,0,0,0,1,,,data
2773,9780964840157,,goodreads,skipped,0,0,,0,0,0,0,1,,,data
2774,9781557043665,,goodreads,skipped,0,0,,0,0,0,0,1,,,data
2775,9781563520648,,goodreads,skipped,0,0,,0,0,0,0,1,,,data
2776,9780373097982,,goodreads,skipped,0,0,,0,0,0,0,1,,,data
2777,9780821762899,,goodreads,skipped,0,0,,0,0,0,0,1,,,data
2778,9780821761052,,goodreads,skipped,0,0,,0,0,0,0,1,,,data
2779,9780515063240,,goodreads,skipped,0,0,,0,0,0,0,1,,,data
2780,9780821723579,,goodreads,skipped,0,0,,0,0,0,0,1,,,data
2781,9780449502150,,goodreads,skipped,0,0,,0,0,0,0,1,,,data
2782,9780821766095,,goodreads,skipped,0,0,,0,0,0,0,1,,,data
2783,9781555136093,,goodreads,skipped,0,0,,0,0,0,0,1,,,data
2784,9780874061826,,goodreads,skipped,0,0,,0,0,0,0,1,,,data
2785,9780449216859,,goodreads,skipped,0,0,,0,0,0,0,1,,,data
2786,9780449230572,,goodreads,skipped,0,0,,0,0,0,0,1,,,data
2787,9780590339322,,goodreads,skipped,0,0,,0,0,0,0,1,,,data
2788,9780373107384,,goodreads,skipped,0,0,,0,0,0,0,1,,,data
2789,9780140055665,,goodreads,skipped,0,0,,0,0,0,0,1,,,data
2790,9780802487599,,goodreads,skipped,0,0,,0,0,0,0,1,,,data
2791,9780312921040,,goodreads,skipped,0,0,,0,0,0,0,1,,,data
2792,9780449229651,,goodreads,skipped,0,0,,0,0,0,0,1,,,data
2793,9780345374028,,goodreads,skipped,0,0,,0,0,0,0,1,,,data
2794,9780834401044,,goodreads,skipped,0,0,,0,0,0,0,1,,,data
2795,9780515056457,,goodreads,skipped,0,0,,0,0,0,0,1,,,data
2796,9780449200407,,goodreads,skipped,0,0,,0,0,0,0,1,,,data
2797,9780451116109,,goodreads,skipped,0,0,,0,0,0,0,1,,,data
2798,9780373634125,,goodreads,skipped,0,0,,0,0,0,0,1,,,data
2799,9780020778202,,goodreads,skipped,0,0,,0,0,0,0,1,,,data
2800,9780373610440,,goodreads,skipped,0,0,,0,0,0,0,1,,,data
2801,9780590456401,,goodreads,skipped,0,0,,0,0,0,0,1,,,data
2802,9780441675746,,goodreads,skipped,0,0,,0,0,0,0,1,,,data
2803,9780681404519,,goodreads,skipped,0,0,,0,0,0,0,1,,,data
2804,9780896933712,,goodreads,skipped,0,0,,0,0,0,0,1,,,data
2805,9780553246384,,goodreads,skipped,0,0,,0,0,0,0,1,,,data
2806,9780553272420,,goodreads,skipped,0,0,,0,0,0,0,1,,,data
2807,9780385470353,,goodreads,skipped,0,0,,0,0,0,0,1,,,data
2808,9780393091250,,goodreads,skipped,0,0,,0,0,0,0,1,,,data
2809,9780312863319,,goodreads,skipped,0,0,,0,0,0,0,1,,,data
2810,9780399147548,,goodreads,skipped,0,0,,0,0,0,0,1,,,data
2811,9780671537944,,goodreads,skipped,0,0,,0,0,0,0,1,,,data
2812,9780553072228,,goodreads,skipped,0,0,,0,0,0,0,1,,,data
2813,9780399133398,,goodreads,skipped,0,0,,0,0,0,0,1,,,data
2814,9780312088620,,goodreads,skipped,0,0,,0,0,0,0,1,,,data
2815,9780345330048,,goodreads,skipped,0,0,,0,0,0,0,1,,,data
2816,9780913098608,,goodreads,skipped,0,0,,0,0,0,0,1,,,data
2817,9780890811825,,goodreads,skipped,0,0,,0,0,0,0,1,,,data
2818,9781577484325,,goodreads,skipped,0,0,,0,0,0,0,1,,,data
2819,9780446906159,,goodreads,skipped,0,0,,0,0,0,0,1,,,data
2820,9780671476298,,goodreads,skipped,0,0,,0,0,0,0,1,,,data
2821,9780515039740,,goodreads,skipped,0,0,,0,0,0,0,1,,,data
2822,9780553281569,,goodreads,skipped,0,0,,0,0,0,0,1,,,data
2823,9780590434416,,goodreads,skipped,0,0,,0,0,0,0,1,,,data
2824,9780816736904,,goodreads,skipped,0,0,,0,0,0,0,1,,,data
2825,9780590418164,,goodreads,skipped,0,0,,0,0,0,0,1,,,data
2826,9780874064230,,goodreads,skipped,0,0,,0,0,0,0,1,,,data
2827,9780671533809,,goodreads,skipped,0,0,,0,0,0,0,1,,,data
2828,9780590337700,,goodreads,skipped,0,0,,0,0,0,0,1,,,data
2829,9780307220134,,goodreads,skipped,0,0,,0,0,0,0,1,,,data
2830,9780307220127,,goodreads,skipped,0,0,,0,0,0,0,1,,,data
2831,9780156527996,,goodreads,skipped,0,0,,0,0,0,0,1,,,data
2832,9780531019436,,goodreads,skipped,0,0,,0,0,0,0,1,,,data
2833,9780721400860,,goodreads,skipped,0,0,,0,0,0,0,1,,,data
2834,9780816728282,,goodreads,skipped,0,0,,0,0,0,0,1,,,data
2835,9780399118517,,goodreads,skipped,0,0,,0,0,0,0,1,,,data
2836,9780440409151,,goodreads,skipped,0,0,,0,0,0,0,1,,,data
2837,9780671880019,,goodreads,skipped,0,0,,0,0,0,0,1,,,data
2838,9780821715697,,goodreads,skipped,0,0,,0,0,0,0,1,,,data
2839,9780425055328,,goodreads,skipped,0,0,,0,0,0,0,1,,,data
2840,9780060157395,,goodreads,skipped,0,0,,0,0,0,0,1,,,data
2841,9781577487913,,goodreads,skipped,0,0,,0,0,0,0,1,,,data
2842,9780446514620,,goodreads,skipped,0,0,,0,0,0,0,1,,,data
2843,9780029344378,,goodreads,skipped,0,0,,0,0,0,0,1,,,data
2844,9780394585888,,goodreads,skipped,0,0,,0,0,0,0,1,,,data
2845,9780821742129,,goodreads,skipped,0,0,,0,0,0,0,1,,,data
2846,9780842352925,,goodreads,skipped,0,0,,0,0,0,0,1,,,data
2847,9780743517751,,goodreads,skipped,0,0,,0,0,0,0,1,,,data
2848,9780743518215,,goodreads,skipped,0,0,,0,0,0,0,1,,,data
2849,9780892966844,,goodreads,skipped,0,0,,0,0,0,0,1,,,data
2850,9780764115752,,goodreads,skipped,0,0,,0,0,0,0,1,,,data
2851,9780764115769,,goodreads,skipped,0,0,,0,0,0,0,1,,,data
2852,9780743504829,,goodreads,skipped,0,0,,0,0,0,0,1,,,data
2853,9780816153091,,goodreads,skipped,0,0,,0,0,0,0,1,,,data
2854,9780783819747,,goodreads,skipped,0,0,,0,0,0,0,1,,,data
2855,9780064410922,,goodreads,skipped,0,0,,0,0,0,0,1,,,data
2856,9780590454032,,goodreads,skipped,0,0,,0,0,0,0,1,,,data
2857,9780060088057,,goodreads,skipped,0,0,,0,0,0,0,1,,,data
2858,9780849928499,,goodreads,skipped,0,0,,0,0,0,0,1,,,data
2859,9780842340434,,goodreads,skipped,0,0,,0,0,0,0,1,,,data
2860,9780881501582,,goodreads,skipped,0,0,,0,0,0,0,1,,,data
2861,9780743471190,,goodreads,skipped,0,0,,0,0,0,0,1,,,data
2862,9780374155094,,goodreads,skipped,0,0,,0,0,0,0,1,,,data
2863,9780440203582,,goodreads,skipped,0,0,,0,0,0,0,1,,,data
2864,9780515080568,,goodreads,skipped,0,0,,0,0,0,0,1,,,data
2865,9780312146740,,goodreads,skipped,0,0,,0,0,0,0,1,,,data
2866,9780312978594,,goodreads,skipped,0,0,,0,0,0,0,1,,,data
2867,9780812575248,,goodreads,skipped,0,0,,0,0,0,0,1,,,data
2868,9780312970581,,goodreads,skipped,0,0,,0,0,0,0,1,,,data
2869,9780812589573,,goodreads,skipped,0,0,,0,0,0,0,1,,,data
2870,9780345371713,,goodreads,skipped,0,0,,0,0,0,0,1,,,data
2871,9780345322463,,goodreads,skipped,0,0,,0,0,0,0,1,,,data
2872,9780312125530,,goodreads,skipped,0,0,,0,0,0,0,1,,,data
2873,9780804105620,,goodreads,skipped,0,0,,0,0,0,0,1,,,data
2874,9780440212294,,goodreads,skipped,0,0,,0,0,0,0,1,,,data
2875,9780345394439,,goodreads,skipped,0,0,,0,0,0,0,1,,,data
2876,9780553143393,,goodreads,skipped,0,0,,0,0,0,0,1,,,data
2877,9780425045633,,goodreads,skipped,0,0,,0,0,0,0,1,,,data
2878,9780345289728,,goodreads,skipped,0,0,,0,0,0,0,1,,,data
2879,9780515106411,,goodreads,skipped,0,0,,0,0,0,0,1,,,data
2880,9780451133403,,goodreads,skipped,0,0,,0,0,0,0,1,,,data
2881,9780886771775,,goodreads,skipped,0,0,,0,0,0,0,1,,,data
2882,9780345248237,,goodreads,skipped,0,0,,0,0,0,0,1,,,data
2883,9780671831547,,goodreads,skipped,0,0,,0,0,0,0,1,,,data
2884,9780812553413,,goodreads,skipped,0,0,,0,0,0,0,1,,,data
2885,9780345355416,,goodreads,skipped,0,0,,0,0,0,0,1,,,data
2886,9780425072608,,goodreads,skipped,0,0,,0,0,0,0,1,,,data
2887,9780425033661,,goodreads,skipped,0,0,,0,0,0,0,1,,,data
2888,9780380803149,,goodreads,skipped,0,0,,0,0,0,0,1,,,data
2889,9780345306883,,goodreads,skipped,0,0,,0,0,0,0,1,,,data
2890,9780670818105,,goodreads,skipped,0,0,,0,0,0,0,1,,,data
2891,9780312202019,,goodreads,skipped,0,0,,0,0,0,0,1,,,data
2892,9780671243166,,goodreads,skipped,0,0,,0,0,0,0,1,,,data
2893,9780312872052,,goodreads,skipped,0,0,,0,0,0,0,1,,,data
2894,9780451122438,,goodreads,skipped,0,0,,0,0,0,0,1,,,data
2895,9780312850319,,goodreads,skipped,0,0,,0,0,0,0,1,,,data
2896,9780679413677,,goodreads,skipped,0,0,,0,0,0,0,1,,,data
2897,9780890871096,,goodreads,skipped,0,0,,0,0,0,0,1,,,data
2898,9781555422110,,goodreads,skipped,0,0,,0,0,0,0,1,,,data
2899,9780671731380,,goodreads,skipped,0,0,,0,0,0,0,1,,,data
2900,9780843107999,,goodreads,skipped,0,0,,0,0,0,0,1,,,data
2901,9780446352222,,goodreads,skipped,0,0,,0,0,0,0,1,,,data
2902,9780553242201,,goodreads,skipped,0,0,,0,0,0,0,1,,,data
2903,9780373261109,,goodreads,skipped,0,0,,0,0,0,0,1,,,data
2904,9780345297655,,goodreads,skipped,0,0,,0,0,0,0,1,,,data
2905,9780440214977,,goodreads,skipped,0,0,,0,0,0,0,1,,,data
2906,9780380585861,,goodreads,skipped,0,0,,0,0,0,0,1,,,data
2907,9780671558222,,goodreads,skipped,0,0,,0,0,0,0,1,,,data
2908,9780960267699,,goodreads,skipped,0,0,,0,0,0,0,1,,,data
2909,9780684197388,,goodreads,skipped,0,0,,0,0,0,0,1,,,data
2910,9780811200615,,goodreads,skipped,0,0,,0,0,0,0,1,,,data
2911,9780842362504,,goodreads,skipped,0,0,,0,0,0,0,1,,,data
2912,9781929001064,,goodreads,skipped,0,0,,0,0,0,0,1,,,data
2913,9780060162849,,goodreads,skipped,0,0,,0,0,0,0,1,,,data
2914,9780394538365,,goodreads,skipped,0,0,,0,0,0,0,1,,,data
2915,9780694517480,,goodreads,skipped,0,0,,0,0,0,0,1,,,data
2916,9780756401092,,goodreads,skipped,0,0,,0,0,0,0,1,,,data
2917,9781883518059,,goodreads,skipped,0,0,,0,0,0,0,1,,,data
2918,9780140165951,,goodreads,skipped,0,0,,0,0,0,0,1,,,data
2919,9780967857008,,goodreads,skipped,0,0,,0,0,0,0,1,,,data
2920,9780140048261,,goodreads,skipped,0,0,,0,0,0,0,1,,,data
2921,9780140160000,,goodreads,skipped,0,0,,0,0,0,0,1,,,data
2922,9780373104970,,goodreads,skipped,0,0,,0,0,0,0,1,,,data
2923,9780373031221,,goodreads,skipped,0,0,,0,0,0,0,1,,,data
2924,9780060086206,,goodreads,skipped,0,0,,0,0,0,0,1,,,data
2925,9780785275374,,goodreads,skipped,0,0,,0,0,0,0,1,,,data
2926,9780345336460,,goodreads,skipped,0,0,,0,0,0,0,1,,,data
2927,9780690000108,,goodreads,skipped,0,0,,0,0,0,0,1,,,data
2928,9780739404393,,goodreads,blocked,0,7,title; authors; publisher; origin; date_of_publication; language; genres,0,0,0,0,14,,,data
2929,9780446314442,,goodreads,skipped,0,0,,0,0,0,0,1,,,data
2930,9780671624644,,goodreads,skipped,0,0,,0,0,0,0,1,,,data
2931,9780440189763,,goodreads,skipped,0,0,,0,0,0,0,1,,,data
2932,9780140235869,,goodreads,skipped,0,0,,0,0,0,0,1,,,data
2933,9780425145425,,goodreads,skipped,0,0,,0,0,0,0,1,,,data
2934,9780451140043,,goodreads,skipped,0,0,,0,0,0,0,1,,,data
2935,9780451821119,,goodreads,skipped,0,0,,0,0,0,0,1,,,data
2936,9780452254299,,goodreads,skipped,0,0,,0,0,0,0,1,,,data
2937,9780590456449,,goodreads,skipped,0,0,,0,0,0,0,1,,,data
2938,9780590456494,,goodreads,skipped,0,0,,0,0,0,0,1,,,data
2939,9780061053702,,goodreads,skipped,0,0,,0,0,0,0,1,,,data
2940,9781584854234,,goodreads,skipped,0,0,,0,0,0,0,1,,,data
2941,9780451167651,,goodreads,skipped,0,0,,0,0,0,0,1,,,data
2942,9780517573280,,goodreads,skipped,0,0,,0,0,0,0,1,,,data
2943,9780848716103,,goodreads,skipped,0,0,,0,0,0,0,1,,,data
2944,9780609600900,,goodreads,skipped,0,0,,0,0,0,0,1,,,data
2945,9780792706830,,goodreads,skipped,0,0,,0,0,0,0,1,,,data
2946,9780451405685,,goodreads,skipped,0,0,,0,0,0,0,1,,,data
2947,9780843926224,,goodreads,skipped,0,0,,0,0,0,0,1,,,data
2948,9780571177158,,goodreads,skipped,0,0,,0,0,0,0,1,,,data
2949,9780380016778,,goodreads,skipped,0,0,,0,0,0,0,1,,,data
2950,9780964863507,,goodreads,skipped,0,0,,0,0,0,0,1,,,data
2951,9780448149554,,goodreads,skipped,0,0,,0,0,0,0,1,,,data
2952,9780505516466,,goodreads,skipped,0,0,,0,0,0,0,1,,,data
2953,9780671430665,,goodreads,skipped,0,0,,0,0,0,0,1,,,data
2954,9780345339522,,goodreads,skipped,0,0,,0,0,0,0,1,,,data
2955,9780345421890,,goodreads,skipped,0,0,,0,0,0,0,1,,,data
2956,9780800809645,,goodreads,skipped,0,0,,0,0,0,0,1,,,data
2957,9780792454021,,goodreads,skipped,0,0,,0,0,0,0,1,,,data
2958,9780307623461,,goodreads,skipped,0,0,,0,0,0,0,1,,,data
2959,9780915463176,,goodreads,skipped,0,0,,0,0,0,0,1,,,data
2960,9780449244005,,goodreads,skipped,0,0,,0,0,0,0,1,,,data
2961,9780553218992,,goodreads,skipped,0,0,,0,0,0,0,1,,,data
2962,9780523425252,,goodreads,blocked,0,7,title; authors; publisher; origin; date_of_publication; language; genres,0,0,0,0,16,,,data
2963,9780451147318,,goodreads,skipped,0,0,,0,0,0,0,1,,,data
2964,9780425043820,,goodreads,skipped,0,0,,0,0,0,0,1,,,data
2965,9780890838679,,goodreads,skipped,0,0,,0,0,0,0,1,,,data
2966,9780091723903,,goodreads,skipped,0,0,,0,0,0,0,1,,,data
2967,9780374519681,,goodreads,skipped,0,0,,0,0,0,0,1,,,data
2968,9780449239988,,goodreads,skipped,0,0,,0,0,0,0,1,,,data
2969,9780425034057,,goodreads,skipped,0,0,,0,0,0,0,1,,,data
2970,9780449214657,,goodreads,skipped,0,0,,0,0,0,0,1,,,data
2971,9780871310620,,goodreads,skipped,0,0,,0,0,0,0,1,,,data
2972,9780671738709,,goodreads,skipped,0,0,,0,0,0,0,1,,,data
2973,9780816716760,,goodreads,skipped,0,0,,0,0,0,0,1,,,data
2974,9780671592301,,goodreads,skipped,0,0,,0,0,0,0,1,,,data
2975,9781555425395,,goodreads,skipped,0,0,,0,0,0,0,1,,,data
2976,9780688082208,,goodreads,skipped,0,0,,0,0,0,0,1,,,data
2977,9780451135193,,goodreads,skipped,0,0,,0,0,0,0,1,,,data
2978,9780373166756,,goodreads,skipped,0,0,,0,0,0,0,1,,,data
2979,9780451125293,,goodreads,skipped,0,0,,0,0,0,0,1,,,data
2980,9780452270985,,goodreads,skipped,0,0,,0,0,0,0,1,,,data
2981,9780451130532,,goodreads,skipped,0,0,,0,0,0,0,1,,,data
2982,9780809247349,,goodreads,skipped,0,0,,0,0,0,0,1,,,data
2983,9780374230715,,goodreads,skipped,0,0,,0,0,0,0,1,,,data
2984,9780803742185,,goodreads,skipped,0,0,,0,0,0,0,1,,,data
2985,9780385470506,,goodreads,skipped,0,0,,0,0,0,0,1,,,data
2986,9780340168813,,goodreads,skipped,0,0,,0,0,0,0,1,,,data
2987,9780449123744,,goodreads,skipped,0,0,,0,0,0,0,1,,,data
2988,9780314023537,,goodreads,skipped,0,0,,0,0,0,0,1,,,data
2989,9780307100023,,goodreads,skipped,0,0,,0,0,0,0,1,,,data
2990,9780373610648,,goodreads,skipped,0,0,,0,0,0,0,1,,,data
2991,9780771067778,,goodreads,skipped,0,0,,0,0,0,0,1,,,data
2992,9780380763337,,goodreads,skipped,0,0,,0,0,0,0,1,,,data
2993,9780373027446,,goodreads,skipped,0,0,,0,0,0,0,1,,,data
2994,9780373027521,,goodreads,skipped,0,0,,0,0,0,0,1,,,data
2995,9780373092833,,goodreads,skipped,0,0,,0,0,0,0,1,,,data
2996,9780440142034,,goodreads,skipped,0,0,,0,0,0,0,1,,,data
2997,9780515053883,,goodreads,skipped,0,0,,0,0,0,0,1,,,data
2998,9780553235463,,goodreads,skipped,0,0,,0,0,0,0,1,,,data
2999,9780553100907,,goodreads,skipped,0,0,,0,0,0,0,1,,,data
3000,9780595200658,,goodreads,skipped,0,0,,0,0,0,0,1,,,data
3001,9780373613151,,goodreads,skipped,0,0,,0,0,0,0,1,,,data
3002,9780373025510,,goodreads,skipped,0,0,,0,0,0,0,1,,,data
3003,9780440164609,,goodreads,skipped,0,0,,0,0,0,0,1,,,data
3004,9780312917791,,goodreads,skipped,0,0,,0,0,0,0,1,,,data
3005,9780802150394,,goodreads,skipped,0,0,,0,0,0,0,1,,,data
3006,9780843922707,,goodreads,skipped,0,0,,0,0,0,0,1,,,data
3007,9781557737717,,goodreads,skipped,0,0,,0,0,0,0,1,,,data
3008,9780373031009,,goodreads,skipped,0,0,,0,0,0,0,1,,,data
3009,9781564144188,,goodreads,skipped,0,0,,0,0,0,0,1,,,data
3010,9780866119528,,goodreads,skipped,0,0,,0,0,0,0,1,,,data
3011,9780866119863,,goodreads,skipped,0,0,,0,0,0,0,1,,,data
3012,9780866119870,,goodreads,skipped,0,0,,0,0,0,0,1,,,data
3013,9780553149463,,goodreads,skipped,0,0,,0,0,0,0,1,,,data
3014,9780451163554,,goodreads,skipped,0,0,,0,0,0,0,1,,,data
3015,9780517118405,,goodreads,skipped,0,0,,0,0,0,0,1,,,data
3016,9780380750986,,goodreads,skipped,0,0,,0,0,0,0,1,,,data
3017,9780843950748,,goodreads,skipped,0,0,,0,0,0,0,1,,,data
3018,9780312907723,,goodreads,skipped,0,0,,0,0,0,0,1,,,data
3019,9781891852022,,goodreads,skipped,0,0,,0,0,0,0,1,,,data
3020,9780312853037,,goodreads,skipped,0,0,,0,0,0,0,1,,,data
3021,9780967202907,,goodreads,skipped,0,0,,0,0,0,0,1,,,data
3022,9780821750926,,goodreads,skipped,0,0,,0,0,0,0,1,,,data
3023,9780515101010,,goodreads,skipped,0,0,,0,0,0,0,1,,,data
3024,9780750906876,,goodreads,skipped,0,0,,0,0,0,0,1,,,data
3025,9780812520057,,goodreads,skipped,0,0,,0,0,0,0,1,,,data
3026,9780345307354,,goodreads,skipped,0,0,,0,0,0,0,1,,,data
3027,9780451454614,,goodreads,skipped,0,0,,0,0,0,0,1,,,data
3028,9780801012266,,goodreads,skipped,0,0,,0,0,0,0,1,,,data
3029,9781560763239,,goodreads,skipped,0,0,,0,0,0,0,1,,,data
3030,9780671537654,,goodreads,skipped,0,0,,0,0,0,0,1,,,data
3031,9780843925111,,goodreads,skipped,0,0,,0,0,0,0,1,,,data
3032,9780446313049,,goodreads,skipped,0,0,,0,0,0,0,1,,,data
3033,9780939149858,,goodreads,skipped,0,0,,0,0,0,0,1,,,data
3034,9780671536312,,goodreads,skipped,0,0,,0,0,0,0,1,,,data
3035,9780782118902,,goodreads,skipped,0,0,,0,0,0,0,1,,,data
3036,9780440174417,,goodreads,skipped,0,0,,0,0,0,0,1,,,data
3037,9780671786007,,goodreads,skipped,0,0,,0,0,0,0,1,,,data
3038,9780151730766,,goodreads,skipped,0,0,,0,0,0,0,1,,,data
3039,9780517185049,,goodreads,skipped,0,0,,0,0,0,0,1,,,data
3040,9780061020193,,goodreads,skipped,0,0,,0,0,0,0,1,,,data
3041,9780440201434,,goodreads,skipped,0,0,,0,0,0,0,1,,,data
3042,9780312970819,,goodreads,skipped,0,0,,0,0,0,0,1,,,data
3043,9780451097453,,goodreads,skipped,0,0,,0,0,0,0,1,,,data
3044,9780446329255,,goodreads,skipped,0,0,,0,0,0,0,1,,,data
3045,9780345365620,,goodreads,skipped,0,0,,0,0,0,0,1,,,data
3046,9780517561072,,goodreads,skipped,0,0,,0,0,0,0,1,,,data
3047,9780805070965,,goodreads,skipped,0,0,,0,0,0,0,1,,,data
3048,9781555835729,,goodreads,skipped,0,0,,0,0,0,0,1,,,data
3049,9780393315592,,goodreads,skipped,0,0,,0,0,0,0,1,,,data
3050,9780393323306,,goodreads,skipped,0,0,,0,0,0,0,1,,,data
3051,9780706413236,,goodreads,skipped,0,0,,0,0,0,0,1,,,data
3052,9780276420351,,goodreads,skipped,0,0,,0,0,0,0,1,,,data
3053,9781896503110,,goodreads,skipped,0,0,,0,0,0,0,1,,,data
3054,9780778800132,,goodreads,skipped,0,0,,0,0,0,0,1,,,data
3055,9781568656465,,goodreads,skipped,0,0,,0,0,0,0,1,,,data
3056,9780842340977,,goodreads,skipped,0,0,,0,0,0,0,1,,,data
3057,9780152606473,,goodreads,skipped,0,0,,0,0,0,0,1,,,data
3058,9781558532311,,goodreads,skipped,0,0,,0,0,0,0,1,,,data
3059,9781557850737,,goodreads,skipped,0,0,,0,0,0,0,1,,,data
3060,9780872237452,,goodreads,skipped,0,0,,0,0,0,0,1,,,data
3061,9780440215066,,goodreads,skipped,0,0,,0,0,0,0,1,,,data
3062,9780898795073,,goodreads,skipped,0,0,,0,0,0,0,1,,,data
3063,9781401025854,,goodreads,skipped,0,0,,0,0,0,0,1,,,data
3064,9780385493413,,goodreads,skipped,0,0,,0,0,0,0,1,,,data
3065,9780767900119,,goodreads,skipped,0,0,,0,0,0,0,1,,,data
3066,9780910383189,,goodreads,skipped,0,0,,0,0,0,0,1,,,data
3067,9780967542997,,goodreads,skipped,0,0,,0,0,0,0,1,,,data
3068,9780743214346,,goodreads,skipped,0,0,,0,0,0,0,1,,,data
3069,9781902881478,,goodreads,skipped,0,0,,0,0,0,0,1,,,data
3070,9780743223263,,goodreads,skipped,0,0,,0,0,0,0,1,,,data
3071,9780312856625,,goodreads,skipped,0,0,,0,0,0,0,1,,,data
3072,9780262132152,,goodreads,skipped,0,0,,0,0,0,0,1,,,data
3073,9780521343060,,goodreads,skipped,0,0,,0,0,0,0,1,,,data
3074,9780312850999,,goodreads,skipped,0,0,,0,0,0,0,1,,,data
3075,9780060162757,,goodreads,skipped,0,0,,0,0,0,0,1,,,data
3076,9780670811786,,goodreads,skipped,0,0,,0,0,0,0,1,,,data
3077,9780688117306,,goodreads,skipped,0,0,,0,0,0,0,1,,,data
3078,9780380762828,,goodreads,skipped,0,0,,0,0,0,0,1,,,data
3079,9780970746863,,goodreads,skipped,0,0,,0,0,0,0,1,,,data
3080,9780316955041,,goodreads,skipped,0,0,,0,0,0,0,1,,,data
3081,9780553564761,,goodreads,skipped,0,0,,0,0,0,0,1,,,data
3082,9780471627784,,goodreads,skipped,0,0,,0,0,0,0,1,,,data
3083,9780471506607,,goodreads,skipped,0,0,,0,0,0,0,1,,,data
3084,9780944002186,,goodreads,skipped,0,0,,0,0,0,0,1,,,data
3085,9780553057485,,goodreads,skipped,0,0,,0,0,0,0,1,,,data
3086,9780471618089,,goodreads,skipped,0,0,,0,0,0,0,1,,,data
3087,9780312865436,,goodreads,skipped,0,0,,0,0,0,0,1,,,data
3088,9780425191309,,goodreads,skipped,0,0,,0,0,0,0,1,,,data
3089,9783890291536,,goodreads,skipped,0,0,,0,0,0,0,1,,,data
3090,9789813068933,,goodreads,skipped,0,0,,0,0,0,0,1,,,data
3091,9783550071508,,goodreads,skipped,0,0,,0,0,0,0,1,,,data
3092,9783499230950,,goodreads,skipped,0,0,,0,0,0,0,1,,,data
3093,9783462035025,,goodreads,skipped,0,0,,0,0,0,0,1,,,data
3094,9783442309177,,goodreads,skipped,0,0,,0,0,0,0,1,,,data
3095,9783813501278,,goodreads,skipped,0,0,,0,0,0,0,1,,,data
3096,9780967911984,,goodreads,skipped,0,0,,0,0,0,0,1,,,data
3097,9780967911915,,goodreads,skipped,0,0,,0,0,0,0,1,,,data
3098,9780702233869,,goodreads,skipped,0,0,,0,0,0,0,1,,,data
3099,9780688137502,,goodreads,skipped,0,0,,0,0,0,0,1,,,data
3100,9780413591807,,goodreads,skipped,0,0,,0,0,0,0,1,,,data
3101,9780349107752,,goodreads,skipped,0,0,,0,0,0,0,1,,,data
3102,9780156026932,,goodreads,skipped,0,0,,0,0,0,0,1,,,data
3103,9780312155223,,goodreads,skipped,0,0,,0,0,0,0,1,,,data
3104,9780304343393,,goodreads,skipped,0,0,,0,0,0,0,1,,,data
3105,9780439060356,,goodreads,skipped,0,0,,0,0,0,0,1,,,data
3106,9780880016322,,goodreads,skipped,0,0,,0,0,0,0,1,,,data
3107,9780345350701,,goodreads,skipped,0,0,,0,0,0,0,1,,,data
3108,9780385490108,,goodreads,skipped,0,0,,0,0,0,0,1,,,data
3109,9781550541762,,goodreads,skipped,0,0,,0,0,0,0,1,,,data
3110,9780451400932,,goodreads,skipped,0,0,,0,0,0,0,1,,,data
3111,9780515073676,,goodreads,skipped,0,0,,0,0,0,0,1,,,data
3112,9780445204485,,goodreads,skipped,0,0,,0,0,0,0,1,,,data
3113,9780671739232,,goodreads,skipped,0,0,,0,0,0,0,1,,,data
3114,9780671019426,,goodreads,skipped,0,0,,0,0,0,0,1,,,data
3115,9780671723422,,goodreads,skipped,0,0,,0,0,0,0,1,,,data
3116,9780515089295,,goodreads,skipped,0,0,,0,0,0,0,1,,,data
3117,9781557739513,,goodreads,skipped,0,0,,0,0,0,0,1,,,data
3118,9780821766170,,goodreads,skipped,0,0,,0,0,0,0,1,,,data
3119,9780505520098,,goodreads,skipped,0,0,,0,0,0,0,1,,,data
3120,9780843944594,,goodreads,skipped,0,0,,0,0,0,0,1,,,data
3121,9780821734421,,goodreads,skipped,0,0,,0,0,0,0,1,,,data
3122,9780553231588,,goodreads,skipped,0,0,,0,0,0,0,1,,,data
3123,9780380763115,,goodreads,skipped,0,0,,0,0,0,0,1,,,data
3124,9780821745847,,goodreads,skipped,0,0,,0,0,0,0,1,,,data
3125,9780006139232,,goodreads,skipped,0,0,,0,0,0,0,1,,,data
3126,9780523405438,,goodreads,skipped,0,0,,0,0,0,0,1,,,data
3127,9780553205244,,goodreads,skipped,0,0,,0,0,0,0,1,,,data
3128,9780877952190,,goodreads,skipped,0,0,,0,0,0,0,1,,,data
3129,9780385085793,,goodreads,skipped,0,0,,0,0,0,0,1,,,data
3130,9780449208311,,goodreads,skipped,0,0,,0,0,0,0,1,,,data
3131,9780553137835,,goodreads,skipped,0,0,,0,0,0,0,1,,,data
3132,9780671452858,,goodreads,skipped,0,0,,0,0,0,0,1,,,data
3133,9780345312372,,goodreads,skipped,0,0,,0,0,0,0,1,,,data
3134,9780451090195,,goodreads,skipped,0,0,,0,0,0,0,1,,,data
3135,9780671473983,,goodreads,skipped,0,0,,0,0,0,0,1,,,data
3136,9780515082494,,goodreads,skipped,0,0,,0,0,0,0,1,,,data
3137,9780671420437,,goodreads,skipped,0,0,,0,0,0,0,1,,,data
3138,9780671501761,,goodreads,skipped,0,0,,0,0,0,0,1,,,data
3139,9780373088133,,goodreads,skipped,0,0,,0,0,0,0,1,,,data
3140,9780425086742,,goodreads,skipped,0,0,,0,0,0,0,1,,,data
3141,9780425080153,,goodreads,skipped,0,0,,0,0,0,0,1,,,data
3142,9780449208724,,goodreads,skipped,0,0,,0,0,0,0,1,,,data
3143,9780373790098,,goodreads,skipped,0,0,,0,0,0,0,1,,,data
3144,9780553232707,,goodreads,skipped,0,0,,0,0,0,0,1,,,data
3145,9780373033645,,goodreads,skipped,0,0,,0,0,0,0,1,,,data
3146,9780373034079,,goodreads,skipped,0,0,,0,0,0,0,1,,,data
3147,9780373033577,,goodreads,skipped,0,0,,0,0,0,0,1,,,data
3148,9780373034109,,goodreads,skipped,0,0,,0,0,0,0,1,,,data
3149,9780373033515,,goodreads,skipped,0,0,,0,0,0,0,1,,,data
3150,9780373033355,,goodreads,skipped,0,0,,0,0,0,0,1,,,data
3151,9780373033539,,goodreads,skipped,0,0,,0,0,0,0,1,,,data
3152,9780373033454,,goodreads,skipped,0,0,,0,0,0,0,1,,,data
3153,9780373222742,,goodreads,skipped,0,0,,0,0,0,0,1,,,data
3154,9780373222919,,goodreads,skipped,0,0,,0,0,0,0,1,,,data
3155,9780373222902,,goodreads,skipped,0,0,,0,0,0,0,1,,,data
3156,9780373222766,,goodreads,skipped,0,0,,0,0,0,0,1,,,data
3157,9780373223206,,goodreads,skipped,0,0,,0,0,0,0,1,,,data
3158,9780440406587,,goodreads,skipped,0,0,,0,0,0,0,1,,,data
3159,9780886774486,,goodreads,skipped,0,0,,0,0,0,0,1,,,data
3160,9780523480282,,goodreads,skipped,0,0,,0,0,0,0,1,,,data
3161,9780671743901,,goodreads,skipped,0,0,,0,0,0,0,1,,,data
3162,9780671688073,,goodreads,skipped,0,0,,0,0,0,0,1,,,data
3163,9780679503637,,goodreads,skipped,0,0,,0,0,0,0,1,,,data
3164,9780553027709,,goodreads,skipped,0,0,,0,0,0,0,1,,,data
3165,9780532124825,,goodreads,skipped,0,0,,0,0,0,0,1,,,data
3166,9780698103207,,goodreads,skipped,0,0,,0,0,0,0,1,,,data
3167,9780843904505,,goodreads,skipped,0,0,,0,0,0,0,1,,,data
3168,9780671695811,,goodreads,skipped,0,0,,0,0,0,0,1,,,data
3169,9780671811402,,goodreads,skipped,0,0,,0,0,0,0,1,,,data
3170,9780345386649,,goodreads,skipped,0,0,,0,0,0,0,1,,,data
3171,9780380009183,,goodreads,skipped,0,0,,0,0,0,0,1,,,data
3172,9780446328135,,goodreads,skipped,0,0,,0,0,0,0,1,,,data
3173,9780446305907,,goodreads,skipped,0,0,,0,0,0,0,1,,,data
3174,9780449702413,,goodreads,skipped,0,0,,0,0,0,0,1,,,data
3175,9780523406602,,goodreads,skipped,0,0,,0,0,0,0,1,,,data
3176,9780553228090,,goodreads,skipped,0,0,,0,0,0,0,1,,,data
3177,9781558173569,,goodreads,skipped,0,0,,0,0,0,0,1,,,data
3178,9781558173729,,goodreads,skipped,0,0,,0,0,0,0,1,,,data
3179,9781558172449,,goodreads,skipped,0,0,,0,0,0,0,1,,,data
3180,9781558174214,,goodreads,skipped,0,0,,0,0,0,0,1,,,data
3181,9780671020248,,goodreads,blocked,0,7,title; authors; publisher; origin; date_of_publication; language; genres,0,0,0,0,14,,,data
3182,9780671020200,,goodreads,blocked,0,7,title; authors; publisher; origin; date_of_publication; language; genres,0,0,0,0,16,,,data
3183,9780440150701,,goodreads,skipped,0,0,,0,0,0,0,1,,,data
3184,9780373094394,,goodreads,skipped,0,0,,0,0,0,0,1,,,data
3185,9780671474430,,goodreads,skipped,0,0,,0,0,0,0,1,,,data
3186,9780373160075,,goodreads,skipped,0,0,,0,0,0,0,1,,,data
3187,9780373160761,,goodreads,skipped,0,0,,0,0,0,0,1,,,data
3188,9780373709489,,goodreads,skipped,0,0,,0,0,0,0,1,,,data
3189,9780373709144,,goodreads,skipped,0,0,,0,0,0,0,1,,,data
3190,9780451178732,,goodreads,skipped,0,0,,0,0,0,0,1,,,data
3191,9780671504700,,goodreads,skipped,0,0,,0,0,0,0,1,,,data
3192,9780451149589,,goodreads,skipped,0,0,,0,0,0,0,1,,,data
3193,9780505522023,,goodreads,skipped,0,0,,0,0,0,0,1,,,data
3194,9780553095005,,goodreads,skipped,0,0,,0,0,0,0,1,,,data
3195,9780915658831,,goodreads,skipped,0,0,,0,0,0,0,1,,,data
3196,9780345278357,,goodreads,skipped,0,0,,0,0,0,0,1,,,data
3197,9780743526371,,goodreads,skipped,0,0,,0,0,0,0,1,,,data
3198,9780345302489,,goodreads,skipped,0,0,,0,0,0,0,1,,,data
3199,9780394750804,,goodreads,skipped,0,0,,0,0,0,0,1,,,data
3200,9781556430718,,goodreads,skipped,0,0,,0,0,0,0,1,,,data
3201,9780671729707,,goodreads,skipped,0,0,,0,0,0,0,1,,,data
3202,9780890043486,,goodreads,skipped,0,0,,0,0,0,0,1,,,data
3203,9780393302387,,goodreads,skipped,0,0,,0,0,0,0,1,,,data
3204,9780515040470,,goodreads,skipped,0,0,,0,0,0,0,1,,,data
3205,9780515041255,,goodreads,skipped,0,0,,0,0,0,0,1,,,data
3206,9780451173577,,goodreads,skipped,0,0,,0,0,0,0,1,,,data
3207,9780449221921,,goodreads,skipped,0,0,,0,0,0,0,1,,,data
3208,9780380800667,,goodreads,skipped,0,0,,0,0,0,0,1,,,data
3209,9780911745122,,goodreads,skipped,0,0,,0,0,0,0,1,,,data
3210,9780915920679,,goodreads,skipped,0,0,,0,0,0,0,1,,,data
3211,9780394411590,,goodreads,skipped,0,0,,0,0,0,0,1,,,data
3212,9780899199696,,goodreads,skipped,0,0,,0,0,0,0,1,,,data
3213,9780688058890,,goodreads,skipped,0,0,,0,0,0,0,1,,,data
3214,9780020288305,,goodreads,skipped,0,0,,0,0,0,0,1,,,data
3215,9780821767221,,goodreads,skipped,0,0,,0,0,0,0,1,,,data
3216,9780452009868,,goodreads,skipped,0,0,,0,0,0,0,1,,,data
3217,9780877950493,,goodreads,skipped,0,0,,0,0,0,0,1,,,data
3218,9783423130752,,goodreads,skipped,0,0,,0,0,0,0,1,,,data
3219,9783492270465,,goodreads,skipped,0,0,,0,0,0,0,1,,,data
3220,9783404147335,,goodreads,skipped,0,0,,0,0,0,0,1,,,data
3221,9780465024353,,goodreads,skipped,0,0,,0,0,0,0,1,,,data
3222,9783442117581,,goodreads,skipped,0,0,,0,0,0,0,1,,,data
3223,9780500237038,,goodreads,skipped,0,0,,0,0,0,0,1,,,data
3224,9780881847314,,goodreads,skipped,0,0,,0,0,0,0,1,,,data
3225,9780771014949,,goodreads,skipped,0,0,,0,0,0,0,1,,,data
3226,9780821220566,,goodreads,skipped,0,0,,0,0,0,0,1,,,data
3227,9780525945284,,goodreads,skipped,0,0,,0,0,0,0,1,,,data
3228,9780861635603,,goodreads,skipped,0,0,,0,0,0,0,1,,,data
3229,9780446601344,,goodreads,skipped,0,0,,0,0,0,0,1,,,data
3230,9783491960107,,goodreads,skipped,0,0,,0,0,0,0,1,,,data
3231,9780385065498,,goodreads,skipped,0,0,,0,0,0,0,1,,,data
3232,9781854799876,,goodreads,skipped,0,0,,0,0,0,0,1,,,data
3233,9780375407215,,goodreads,skipped,0,0,,0,0,0,0,1,,,data
3234,9780696019722,,goodreads,skipped,0,0,,0,0,0,0,1,,,data
3235,9781891442131,,goodreads,skipped,0,0,,0,0,0,0,1,,,data
3236,9780763403058,,goodreads,skipped,0,0,,0,0,0,0,1,,,data
3237,9780195032727,,goodreads,skipped,0,0,,0,0,0,0,1,,,data
3238,9780395670255,,goodreads,skipped,0,0,,0,0,0,0,1,,,data
3239,9783518374528,,goodreads,skipped,0,0,,0,0,0,0,1,,,data
3240,9780394549408,,goodreads,skipped,0,0,,0,0,0,0,1,,,data
3241,9780060196226,,goodreads,skipped,0,0,,0,0,0,0,1,,,data
3242,9780448095400,,goodreads,skipped,0,0,,0,0,0,0,1,,,data
3243,9780380807024,,goodreads,skipped,0,0,,0,0,0,0,1,,,data
3244,9781881164166,,goodreads,skipped,0,0,,0,0,0,0,1,,,data
3245,9781881164173,,goodreads,skipped,0,0,,0,0,0,0,1,,,data
3246,9780771014772,,goodreads,skipped,0,0,,0,0,0,0,1,,,data
3247,9780395960547,,goodreads,skipped,0,0,,0,0,0,0,1,,,data
3248,9781574883589,,goodreads,skipped,0,0,,0,0,0,0,1,,,data
3249,9780312078119,,goodreads,skipped,0,0,,0,0,0,0,1,,,data
3250,9780743427821,,goodreads,skipped,0,0,,0,0,0,0,1,,,data
3251,9780517556764,,goodreads,skipped,0,0,,0,0,0,0,1,,,data
3252,9780896600164,,goodreads,skipped,0,0,,0,0,0,0,1,,,data
3253,9780887059278,,goodreads,skipped,0,0,,0,0,0,0,1,,,data
3254,9780140230246,,goodreads,skipped,0,0,,0,0,0,0,1,,,data
3255,9780521539777,,goodreads,skipped,0,0,,0,0,0,0,1,,,data
3256,9780299187347,,goodreads,skipped,0,0,,0,0,0,0,1,,,data
3257,9781557738820,,goodreads,skipped,0,0,,0,0,0,0,1,,,data
3258,9780312853921,,goodreads,skipped,0,0,,0,0,0,0,1,,,data
3259,9780688109165,,goodreads,skipped,0,0,,0,0,0,0,1,,,data
3260,9780440160618,,goodreads,skipped,0,0,,0,0,0,0,1,,,data
3261,9780441377503,,goodreads,skipped,0,0,,0,0,0,0,1,,,data
3262,9780345434012,,goodreads,skipped,0,0,,0,0,0,0,1,,,data
3263,9780517701522,,goodreads,skipped,0,0,,0,0,0,0,1,,,data
3265,9780394719566,,goodreads,skipped,0,0,,0,0,0,0,1,,,data
3266,9780553346374,,goodreads,skipped,0,0,,0,0,0,0,1,,,data
3267,9780806906089,,goodreads,skipped,0,0,,0,0,0,0,1,,,data
3268,9780394583020,,goodreads,skipped,0,0,,0,0,0,0,1,,,data
3269,9780689505430,,goodreads,skipped,0,0,,0,0,0,0,1,,,data
3270,9780395751855,,goodreads,skipped,0,0,,0,0,0,0,1,,,data
3271,9780689505218,,goodreads,skipped,0,0,,0,0,0,0,1,,,data
3272,9780553210408,,goodreads,skipped,0,0,,0,0,0,0,1,,,data
3273,9780440203223,,goodreads,skipped,0,0,,0,0,0,0,1,,,data
3274,9780425165164,,goodreads,skipped,0,0,,0,0,0,0,1,,,data
3275,9781885030245,,goodreads,skipped,0,0,,0,0,0,0,1,,,data
3276,9780060932213,,goodreads,skipped,0,0,,0,0,0,0,1,,,data
3277,9780912588308,,goodreads,skipped,0,0,,0,0,0,0,1,,,data
3278,9781578661015,,goodreads,skipped,0,0,,0,0,0,0,1,,,data
3279,9780440404064,,goodreads,skipped,0,0,,0,0,0,0,1,,,data
3280,9780679742807,,goodreads,skipped,0,0,,0,0,0,0,1,,,data
3281,9780060199043,,goodreads,skipped,0,0,,0,0,0,0,1,,,data
3282,9780890132111,,goodreads,skipped,0,0,,0,0,0,0,1,,,data
3283,9780671648763,,goodreads,skipped,0,0,,0,0,0,0,1,,,data
3284,9780679456254,,goodreads,skipped,0,0,,0,0,0,0,1,,,data
3285,9780688112714,,goodreads,skipped,0,0,,0,0,0,0,1,,,data
3286,9780690017823,,goodreads,skipped,0,0,,0,0,0,0,1,,,data
3287,9780451627094,,goodreads,skipped,0,0,,0,0,0,0,1,,,data
3288,9780025211605,,goodreads,skipped,0,0,,0,0,0,0,1,,,data
3289,9780517543221,,goodreads,skipped,0,0,,0,0,0,0,1,,,data
3290,9781880141168,,goodreads,skipped,0,0,,0,0,0,0,1,,,data
3291,9780441859467,,goodreads,skipped,0,0,,0,0,0,0,1,,,data
3292,9780345287700,,goodreads,skipped,0,0,,0,0,0,0,1,,,data
3293,9780425108956,,goodreads,skipped,0,0,,0,0,0,0,1,,,data
3294,9780316540919,,goodreads,skipped,0,0,,0,0,0,0,1,,,data
3295,9781569471517,,goodreads,skipped,0,0,,0,0,0,0,1,,,data
3296,9780399142819,,goodreads,skipped,0,0,,0,0,0,0,1,,,data
3297,9780805205305,,goodreads,skipped,0,0,,0,0,0,0,1,,,data
3298,9780878337217,,goodreads,skipped,0,0,,0,0,0,0,1,,,data
3299,9780582642317,,goodreads,skipped,0,0,,0,0,0,0,1,,,data
3300,9780152047054,,goodreads,skipped,0,0,,0,0,0,0,1,,,data
3301,9780618196258,,goodreads,skipped,0,0,,0,0,0,0,1,,,data
3302,9780380707867,,goodreads,skipped,0,0,,0,0,0,0,1,,,data
3303,9780671626303,,goodreads,skipped,0,0,,0,0,0,0,1,,,data
3304,9781567311532,,goodreads,skipped,0,0,,0,0,0,0,1,,,data
3305,9780446518864,,goodreads,skipped,0,0,,0,0,0,0,1,,,data
3306,9780877956006,,goodreads,skipped,0,0,,0,0,0,0,1,,,data
3307,9780312152451,,goodreads,skipped,0,0,,0,0,0,0,1,,,data
3308,9780440208617,,goodreads,skipped,0,0,,0,0,0,0,1,,,data
3309,9780312187002,,goodreads,skipped,0,0,,0,0,0,0,1,,,data
3310,9780679767930,,goodreads,skipped,0,0,,0,0,0,0,1,,,data
3311,9780679758662,,goodreads,skipped,0,0,,0,0,0,0,1,,,data
3312,9780929895284,,goodreads,skipped,0,0,,0,0,0,0,1,,,data
3313,9780811815864,,goodreads,skipped,0,0,,0,0,0,0,1,,,data
3314,9781560252702,,goodreads,skipped,0,0,,0,0,0,0,1,,,data
3315,9780399526275,,goodreads,skipped,0,0,,0,0,0,0,1,,,data
3316,9780811213769,,goodreads,skipped,0,0,,0,0,0,0,1,,,data
3317,9780805209600,,goodreads,skipped,0,0,,0,0,0,0,1,,,data
3318,9780679434481,,goodreads,skipped,0,0,,0,0,0,0,1,,,data
3319,9780764550515,,goodreads,skipped,0,0,,0,0,0,0,1,,,data
3320,9780764552595,,goodreads,skipped,0,0,,0,0,0,0,1,,,data
3322,9780684869834,,goodreads,skipped,0,0,,0,0,0,0,1,,,data
3323,9780439297240,,goodreads,skipped,0,0,,0,0,0,0,1,,,data
3324,9781567186949,,goodreads,skipped,0,0,,0,0,0,0,1,,,data
3325,9780062516305,,goodreads,skipped,0,0,,0,0,0,0,1,,,data
3326,9780395488904,,goodreads,skipped,0,0,,0,0,0,0,1,,,data
3327,9780060006655,,goodreads,skipped,0,0,,0,0,0,0,1,,,data
3328,9780425183083,,goodreads,skipped,0,0,,0,0,0,0,1,,,data
3329,9780316273053,,goodreads,skipped,0,0,,0,0,0,0,1,,,data
3330,9780380818594,,goodreads,skipped,0,0,,0,0,0,0,1,,,data
3331,9780380713837,,goodreads,skipped,0,0,,0,0,0,0,1,,,data
3332,9780415923200,,goodreads,skipped,0,0,,0,0,0,0,1,,,data
3333,9780674078550,,goodreads,skipped,0,0,,0,0,0,0,1,,,data
3334,9780029347706,,goodreads,skipped,0,0,,0,0,0,0,1,,,data
3335,9780684189505,,goodreads,skipped,0,0,,0,0,0,0,1,,,data
3336,9780671001759,,goodreads,skipped,0,0,,0,0,0,0,1,,,data
3337,9780316321402,,goodreads,skipped,0,0,,0,0,0,0,1,,,data
3338,9780375724589,,goodreads,skipped,0,0,,0,0,0,0,1,,,data
3339,9781888451030,,goodreads,skipped,0,0,,0,0,0,0,1,,,data
3340,9780425091388,,goodreads,skipped,0,0,,0,0,0,0,1,,,data
3341,9780345313850,,goodreads,skipped,0,0,,0,0,0,0,1,,,data
3342,9780345434227,,goodreads,skipped,0,0,,0,0,0,0,1,,,data
3343,9780380496686,,goodreads,skipped,0,0,,0,0,0,0,1,,,data
3344,9780877958413,,goodreads,skipped,0,0,,0,0,0,0,1,,,data
3345,9780156012898,,goodreads,skipped,0,0,,0,0,0,0,1,,,data
3346,9780896219007,,goodreads,skipped,0,0,,0,0,0,0,1,,,data
3347,9780688064488,,goodreads,skipped,0,0,,0,0,0,0,1,,,data
3348,9780553290318,,goodreads,skipped,0,0,,0,0,0,0,1,,,data
3349,9780920470381,,goodreads,skipped,0,0,,0,0,0,0,1,,,data
3350,9780940666436,,goodreads,skipped,0,0,,0,0,0,0,1,,,data
3351,9780906540909,,goodreads,skipped,0,0,,0,0,0,0,1,,,data
3352,9780684803159,,goodreads,skipped,0,0,,0,0,0,0,1,,,data
3353,9780553348095,,goodreads,skipped,0,0,,0,0,0,0,1,,,data
3354,9780884790235,,goodreads,skipped,0,0,,0,0,0,0,1,,,data
3355,9780912333137,,goodreads,skipped,0,0,,0,0,0,0,1,,,data
3356,9780671734114,,goodreads,skipped,0,0,,0,0,0,0,1,,,data
3357,9780553104967,,goodreads,skipped,0,0,,0,0,0,0,1,,,data
3358,9780385324045,,goodreads,skipped,0,0,,0,0,0,0,1,,,data
3359,9780060619954,,goodreads,skipped,0,0,,0,0,0,0,1,,,data
3360,9780060601799,,goodreads,skipped,0,0,,0,0,0,0,1,,,data
3361,9780394571645,,goodreads,skipped,0,0,,0,0,0,0,1,,,data
3362,9780811821049,,goodreads,skipped,0,0,,0,0,0,0,1,,,data
3363,9780609604274,,goodreads,skipped,0,0,,0,0,0,0,1,,,data
3364,9780449287682,,goodreads,skipped,0,0,,0,0,0,0,1,,,data
3365,9780679870012,,goodreads,skipped,0,0,,0,0,0,0,1,,,data
3366,9780881843323,,goodreads,skipped,0,0,,0,0,0,0,1,,,data
3367,9781575025155,,goodreads,skipped,0,0,,0,0,0,0,1,,,data
3368,9780446678278,,goodreads,skipped,0,0,,0,0,0,0,1,,,data
3369,9780877934356,,goodreads,skipped,0,0,,0,0,0,0,1,,,data
3370,9780201093124,,goodreads,skipped,0,0,,0,0,0,0,1,,,data
3371,9780380005536,,goodreads,skipped,0,0,,0,0,0,0,1,,,data
3372,9780890093894,,goodreads,skipped,0,0,,0,0,0,0,1,,,data
3373,9780609800027,,goodreads,skipped,0,0,,0,0,0,0,1,,,data
3374,9788806147419,,goodreads,skipped,0,0,,0,0,0,0,1,,,data
3375,9780140021851,,goodreads,skipped,0,0,,0,0,0,0,1,,,data
3376,9780811201001,,goodreads,skipped,0,0,,0,0,0,0,1,,,data
3377,9780609804094,,goodreads,skipped,0,0,,0,0,0,0,1,,,data
3378,9780684811284,,goodreads,skipped,0,0,,0,0,0,0,1,,,data
3379,9780671224233,,goodreads,skipped,0,0,,0,0,0,0,1,,,data
3380,9780023885815,,goodreads,skipped,0,0,,0,0,0,0,1,,,data
3381,9780534213244,,goodreads,skipped,0,0,,0,0,0,0,1,,,data
3382,9780534094447,,goodreads,skipped,0,0,,0,0,0,0,1,,,data
3383,9780696012259,,goodreads,skipped,0,0,,0,0,0,0,1,,,data
3384,9780849931338,,goodreads,skipped,0,0,,0,0,0,0,1,,,data
3385,9780671224066,,goodreads,skipped,0,0,,0,0,0,0,1,,,data
3386,9781855383449,,goodreads,skipped,0,0,,0,0,0,0,1,,,data
3387,9780062511218,,goodreads,skipped,0,0,,0,0,0,0,1,,,data
3388,9780316380096,,goodreads,skipped,0,0,,0,0,0,0,1,,,data
3389,9781567407815,,goodreads,skipped,0,0,,0,0,0,0,1,,,data
3390,9780060721954,,goodreads,skipped,0,0,,0,0,0,0,1,,,data
3391,9780553230222,,goodreads,skipped,0,0,,0,0,0,0,1,,,data
3392,9780451171146,,goodreads,skipped,0,0,,0,0,0,0,1,,,data
3393,9780373711727,,goodreads,skipped,0,0,,0,0,0,0,1,,,data
3394,9780553562002,,goodreads,skipped,0,0,,0,0,0,0,1,,,data
3395,9780505523396,,goodreads,skipped,0,0,,0,0,0,0,1,,,data
3396,9780451154347,,goodreads,skipped,0,0,,0,0,0,0,1,,,data
3397,9780843951028,,goodreads,skipped,0,0,,0,0,0,0,1,,,data
3398,9780505519702,,goodreads,skipped,0,0,,0,0,0,0,1,,,data
3399,9781551665917,,goodreads,skipped,0,0,,0,0,0,0,1,,,data
3400,9780380803668,,goodreads,skipped,0,0,,0,0,0,0,1,,,data
3401,9780380767472,,goodreads,skipped,0,0,,0,0,0,0,1,,,data
3402,9780373166688,,goodreads,skipped,0,0,,0,0,0,0,1,,,data
3403,9780373762378,,goodreads,skipped,0,0,,0,0,0,0,1,,,data
3404,9780373259755,,goodreads,skipped,0,0,,0,0,0,0,1,,,data
3405,9780373076666,,goodreads,skipped,0,0,,0,0,0,0,1,,,data
3406,9780373106882,,goodreads,skipped,0,0,,0,0,0,0,1,,,data
3407,9780373760688,,goodreads,skipped,0,0,,0,0,0,0,1,,,data
3408,9780373056736,,goodreads,skipped,0,0,,0,0,0,0,1,,,data
3409,9780373056781,,goodreads,skipped,0,0,,0,0,0,0,1,,,data
3410,9780373059652,,goodreads,skipped,0,0,,0,0,0,0,1,,,data
3411,9780373288809,,goodreads,skipped,0,0,,0,0,0,0,1,,,data
3412,9780373023936,,goodreads,skipped,0,0,,0,0,0,0,1,,,data
3413,9780373110735,,goodreads,skipped,0,0,,0,0,0,0,1,,,data
3414,9780373098491,,goodreads,skipped,0,0,,0,0,0,0,1,,,data
3415,9780373701971,,goodreads,skipped,0,0,,0,0,0,0,1,,,data
3416,9780373691173,,goodreads,skipped,0,0,,0,0,0,0,1,,,data
3417,9780373099450,,goodreads,skipped,0,0,,0,0,0,0,1,,,data
3418,9780373089970,,goodreads,skipped,0,0,,0,0,0,0,1,,,data
3419,9780373168149,,goodreads,skipped,0,0,,0,0,0,0,1,,,data
3420,9780373055418,,goodreads,skipped,0,0,,0,0,0,0,1,,,data
3421,9780373760398,,goodreads,skipped,0,0,,0,0,0,0,1,,,data
3422,9780671727345,,goodreads,skipped,0,0,,0,0,0,0,1,,,data
3423,9780312964832,,goodreads,skipped,0,0,,0,0,0,0,1,,,data
3424,9780316289443,,goodreads,skipped,0,0,,0,0,0,0,1,,,data
3425,9780373708253,,goodreads,skipped,0,0,,0,0,0,0,1,,,data
3426,9780553251920,,goodreads,skipped,0,0,,0,0,0,0,1,,,data
3427,9780425073155,,goodreads,skipped,0,0,,0,0,0,0,1,,,data
3428,9780451204783,,goodreads,skipped,0,0,,0,0,0,0,1,,,data
3429,9780553239867,,goodreads,skipped,0,0,,0,0,0,0,1,,,data
3430,9780553235760,,goodreads,skipped,0,0,,0,0,0,0,1,,,data
3431,9780446827881,,goodreads,skipped,0,0,,0,0,0,0,1,,,data
3432,9780380755516,,goodreads,skipped,0,0,,0,0,0,0,1,,,data
3433,9780425168127,,goodreads,skipped,0,0,,0,0,0,0,1,,,data
3434,9780425149003,,goodreads,skipped,0,0,,0,0,0,0,1,,,data
3435,9780425153840,,goodreads,skipped,0,0,,0,0,0,0,1,,,data
3436,9780373706174,,goodreads,skipped,0,0,,0,0,0,0,1,,,data
3437,9780373032716,,goodreads,skipped,0,0,,0,0,0,0,1,,,data
3438,9780373288670,,goodreads,skipped,0,0,,0,0,0,0,1,,,data
3439,9780553227840,,goodreads,skipped,0,0,,0,0,0,0,1,,,data
3440,9780451145383,,goodreads,skipped,0,0,,0,0,0,0,1,,,data
3441,9780694523900,,goodreads,skipped,0,0,,0,0,0,0,1,,,data
3442,9780671582258,,goodreads,skipped,0,0,,0,0,0,0,1,,,data
3443,9780394559827,,goodreads,skipped,0,0,,0,0,0,0,1,,,data
3444,9780553479553,,goodreads,skipped,0,0,,0,0,0,0,1,,,data
3445,9780515081824,,goodreads,skipped,0,0,,0,0,0,0,1,,,data
3446,9780373701230,,goodreads,skipped,0,0,,0,0,0,0,1,,,data
3447,9781555836207,,goodreads,skipped,0,0,,0,0,0,0,1,,,data
3448,9780020310211,,goodreads,skipped,0,0,,0,0,0,0,1,,,data
3449,9780060507831,,goodreads,skipped,0,0,,0,0,0,0,1,,,data
3450,9780440508649,,goodreads,skipped,0,0,,0,0,0,0,1,,,data
3451,9780140299595,,goodreads,skipped,0,0,,0,0,0,0,1,,,data
3452,9780842335607,,goodreads,skipped,0,0,,0,0,0,0,1,,,data
3453,9781565078178,,goodreads,skipped,0,0,,0,0,0,0,1,,,data
3454,9781557531315,,goodreads,skipped,0,0,,0,0,0,0,1,,,data
3455,9780434301133,,goodreads,skipped,0,0,,0,0,0,0,1,,,data
3456,9780312928865,,goodreads,skipped,0,0,,0,0,0,0,1,,,data
3457,9780671022938,,goodreads,skipped,0,0,,0,0,0,0,1,,,data
3458,9780590255134,,goodreads,skipped,0,0,,0,0,0,0,1,,,data
3459,9780553267228,,goodreads,skipped,0,0,,0,0,0,0,1,,,data
3460,9780312962845,,goodreads,skipped,0,0,,0,0,0,0,1,,,data
3461,9780531041697,,goodreads,skipped,0,0,,0,0,0,0,1,,,data
3462,9780140390520,,goodreads,skipped,0,0,,0,0,0,0,1,,,data
3463,9780590336673,,goodreads,skipped,0,0,,0,0,0,0,1,,,data
3464,9780060534059,,goodreads,skipped,0,0,,0,0,0,0,1,,,data
3465,9780756401931,,goodreads,skipped,0,0,,0,0,0,0,1,,,data
3466,9781893896352,,goodreads,skipped,0,0,,0,0,0,0,1,,,data
3467,9781402202698,,goodreads,skipped,0,0,,0,0,0,0,1,,,data
3468,9780352339003,,goodreads,skipped,0,0,,0,0,0,0,1,,,data
3469,9780312990022,,goodreads,skipped,0,0,,0,0,0,0,1,,,data
3470,9780345447418,,goodreads,skipped,0,0,,0,0,0,0,1,,,data
3471,9780352334480,,goodreads,skipped,0,0,,0,0,0,0,1,,,data
3472,9780345417084,,goodreads,skipped,0,0,,0,0,0,0,1,,,data
3473,9780345442642,,goodreads,skipped,0,0,,0,0,0,0,1,,,data
3474,9780451458698,,goodreads,skipped,0,0,,0,0,0,0,1,,,data
3475,9780345442581,,goodreads,skipped,0,0,,0,0,0,0,1,,,data
3476,9780352330703,,goodreads,skipped,0,0,,0,0,0,0,1,,,data
3477,9780352337276,,goodreads,skipped,0,0,,0,0,0,0,1,,,data
3478,9780352334916,,goodreads,skipped,0,0,,0,0,0,0,1,,,data
3479,9780312998868,,goodreads,skipped,0,0,,0,0,0,0,1,,,data
3480,9780812566536,,goodreads,skipped,0,0,,0,0,0,0,1,,,data
3481,9780446607810,,goodreads,skipped,0,0,,0,0,0,0,1,,,data
3482,9780312986032,,goodreads,skipped,0,0,,0,0,0,0,1,,,data
3483,9780451459312,,goodreads,skipped,0,0,,0,0,0,0,1,,,data
3484,9780765344427,,goodreads,skipped,0,0,,0,0,0,0,1,,,data
3485,9780451411044,,goodreads,skipped,0,0,,0,0,0,0,1,,,data
3486,9780451456915,,goodreads,skipped,0,0,,0,0,0,0,1,,,data
3487,9781581822953,,goodreads,skipped,0,0,,0,0,0,0,1,,,data
3488,9780441005017,,goodreads,skipped,0,0,,0,0,0,0,1,,,data
3489,9780684814643,,goodreads,skipped,0,0,,0,0,0,0,1,,,data
3490,9780821750360,,goodreads,skipped,0,0,,0,0,0,0,1,,,data
3491,9780806906188,,goodreads,skipped,0,0,,0,0,0,0,1,,,data
3492,9780743412506,,goodreads,skipped,0,0,,0,0,0,0,1,,,data
3493,9780743412490,,goodreads,skipped,0,0,,0,0,0,0,1,,,data
3494,9780440501022,,goodreads,skipped,0,0,,0,0,0,0,1,,,data
3495,9780671775827,,goodreads,skipped,0,0,,0,0,0,0,1,,,data
3496,9780671774639,,goodreads,skipped,0,0,,0,0,0,0,1,,,data
3497,9780425123133,,goodreads,skipped,0,0,,0,0,0,0,1,,,data
3498,9780823030354,,goodreads,skipped,0,0,,0,0,0,0,1,,,data
3499,9780340873618,,goodreads,skipped,0,0,,0,0,0,0,1,,,data
3500,9780764554292,,goodreads,skipped,0,0,,0,0,0,0,1,,,data
3501,9780321193759,,goodreads,skipped,0,0,,0,0,0,0,1,,,data
3502,9780754111894,,goodreads,skipped,0,0,,0,0,0,0,1,,,data
3503,9780330481144,,goodreads,skipped,0,0,,0,0,0,0,1,,,data
3504,9780330489072,,goodreads,skipped,0,0,,0,0,0,0,1,,,data
3505,9780967577111,,goodreads,skipped,0,0,,0,0,0,0,1,,,data
3506,9780739429129,,goodreads,skipped,0,0,,0,0,0,0,1,,,data
3507,9780880970792,,goodreads,skipped,0,0,,0,0,0,0,1,,,data
3508,9780875303215,,goodreads,skipped,0,0,,0,0,0,0,1,,,data
3509,9780875302096,,goodreads,skipped,0,0,,0,0,0,0,1,,,data
3510,9780875303123,,goodreads,skipped,0,0,,0,0,0,0,1,,,data
3511,9781581744163,,goodreads,skipped,0,0,,0,0,0,0,1,,,data
3512,9780026890229,,goodreads,skipped,0,0,,0,0,0,0,1,,,data
3513,9780826943002,,goodreads,skipped,0,0,,0,0,0,0,1,,,data
3514,9780744001945,,goodreads,skipped,0,0,,0,0,0,0,1,,,data
3515,9781879664012,,goodreads,skipped,0,0,,0,0,0,0,1,,,data
3516,9780814476178,,goodreads,skipped,0,0,,0,0,0,0,1,,,data
3517,9780970580443,,goodreads,skipped,0,0,,0,0,0,0,1,,,data
3518,9780743530200,,goodreads,skipped,0,0,,0,0,0,0,1,,,data
3519,9780971736603,,goodreads,skipped,0,0,,0,0,0,0,1,,,data
3520,9780812968538,,goodreads,skipped,0,0,,0,0,0,0,1,,,data
3521,9780375725180,,goodreads,skipped,0,0,,0,0,0,0,1,,,data
3522,9780679432449,,goodreads,skipped,0,0,,0,0,0,0,1,,,data
3523,9780060198268,,goodreads,skipped,0,0,,0,0,0,0,1,,,data
3524,9783791322216,,goodreads,skipped,0,0,,0,0,0,0,1,,,data
3525,9780060008383,,goodreads,skipped,0,0,,0,0,0,0,1,,,data
3526,9780966621334,,goodreads,skipped,0,0,,0,0,0,0,1,,,data
3527,9780192839572,,goodreads,skipped,0,0,,0,0,0,0,1,,,data
3528,9781585744657,,goodreads,skipped,0,0,,0,0,0,0,1,,,data
3529,9780061097911,,goodreads,skipped,0,0,,0,0,0,0,1,,,data
3530,9781852423810,,goodreads,skipped,0,0,,0,0,0,0,1,,,data
3531,9780786842551,,goodreads,skipped,0,0,,0,0,0,0,1,,,data
3532,9780786842292,,goodreads,skipped,0,0,,0,0,0,0,1,,,data
3533,9780861631476,,goodreads,skipped,0,0,,0,0,0,0,1,,,data
3534,9780816734320,,goodreads,skipped,0,0,,0,0,0,0,1,,,data
3535,9780811804523,,goodreads,skipped,0,0,,0,0,0,0,1,,,data
3536,9781874061830,,goodreads,skipped,0,0,,0,0,0,0,1,,,data
3537,9780060084066,,goodreads,skipped,0,0,,0,0,0,0,1,,,data
3538,9782226034236,,goodreads,skipped,0,0,,0,0,0,0,1,,,data
3539,9782226089441,,goodreads,skipped,0,0,,0,0,0,0,1,,,data
3540,9781558611948,,goodreads,skipped,0,0,,0,0,0,0,1,,,data
3541,9782253154327,,goodreads,skipped,0,0,,0,0,0,0,1,,,data
3542,9782707125286,,goodreads,skipped,0,0,,0,0,0,0,1,,,data
3543,9782226034212,,goodreads,skipped,0,0,,0,0,0,0,1,,,data
3544,9780671646615,,goodreads,skipped,0,0,,0,0,0,0,1,,,data
3545,9782253151418,,goodreads,skipped,0,0,,0,0,0,0,1,,,data
3546,9788433908896,,goodreads,skipped,0,0,,0,0,0,0,1,,,data
3547,9782290314784,,goodreads,skipped,0,0,,0,0,0,0,1,,,data
3548,9782290318638,,goodreads,skipped,0,0,,0,0,0,0,1,,,data
3549,9782070366743,,goodreads,skipped,0,0,,0,0,0,0,1,,,data
3550,9782290153529,,goodreads,skipped,0,0,,0,0,0,0,1,,,data
3551,9780198601319,,goodreads,skipped,0,0,,0,0,0,0,1,,,data
3552,9780062734426,,goodreads,skipped,0,0,,0,0,0,0,1,,,data
3553,9780060137380,,goodreads,skipped,0,0,,0,0,0,0,1,,,data
3554,9780452282315,,goodreads,skipped,0,0,,0,0,0,0,1,,,data
3555,9780140366969,,goodreads,skipped,0,0,,0,0,0,0,1,,,data
3556,9781400020294,,goodreads,skipped,0,0,,0,0,0,0,1,,,data
3557,9781853264894,,goodreads,skipped,0,0,,0,0,0,0,1,,,data
3558,9780821765456,,goodreads,skipped,0,0,,0,0,0,0,1,,,data
3559,9780156005883,,goodreads,skipped,0,0,,0,0,0,0,1,,,data
3560,9780813390161,,goodreads,skipped,0,0,,0,0,0,0,1,,,data
3561,9780743474511,,goodreads,skipped,0,0,,0,0,0,0,1,,,data
3562,9780812505108,,goodreads,skipped,0,0,,0,0,0,0,1,,,data
3563,9780440911340,,goodreads,skipped,0,0,,0,0,0,0,1,,,data
3564,9780441217724,,goodreads,skipped,0,0,,0,0,0,0,1,,,data
3565,9780385262187,,goodreads,skipped,0,0,,0,0,0,0,1,,,data
3566,9780679311195,,goodreads,skipped,0,0,,0,0,0,0,1,,,data
3567,9780006385950,,goodreads,skipped,0,0,,0,0,0,0,1,,,data
3568,9780449224762,,goodreads,skipped,0,0,,0,0,0,0,1,,,data
3569,9780449148761,,goodreads,skipped,0,0,,0,0,0,0,1,,,data
3570,9780671636487,,goodreads,skipped,0,0,,0,0,0,0,1,,,data
3571,9780752585390,,goodreads,skipped,0,0,,0,0,0,0,1,,,data
3572,9780843933888,,goodreads,skipped,0,0,,0,0,0,0,1,,,data
3573,9780671508937,,goodreads,skipped,0,0,,0,0,0,0,1,,,data
3574,9780889751798,,goodreads,skipped,0,0,,0,0,0,0,1,,,data
3575,9780889751743,,goodreads,skipped,0,0,,0,0,0,0,1,,,data
3576,9780889751514,,goodreads,skipped,0,0,,0,0,0,0,1,,,data
3577,9780452258310,,goodreads,skipped,0,0,,0,0,0,0,1,,,data
3578,9780889751866,,goodreads,skipped,0,0,,0,0,0,0,1,,,data
3579,9780889751712,,goodreads,skipped,0,0,,0,0,0,0,1,,,data
3580,9780889751552,,goodreads,skipped,0,0,,0,0,0,0,1,,,data
3581,9780889752047,,goodreads,skipped,0,0,,0,0,0,0,1,,,data
3582,9780889751699,,goodreads,skipped,0,0,,0,0,0,0,1,,,data
3583,9780060194185,,goodreads,skipped,0,0,,0,0,0,0,1,,,data
3584,9780874803532,,goodreads,skipped,0,0,,0,0,0,0,1,,,data
3585,9780393030020,,goodreads,skipped,0,0,,0,0,0,0,1,,,data
3586,9780811900676,,goodreads,skipped,0,0,,0,0,0,0,1,,,data
3587,9780843105629,,goodreads,skipped,0,0,,0,0,0,0,1,,,data
3588,9780529050366,,goodreads,skipped,0,0,,0,0,0,0,1,,,data
3589,9780883752012,,goodreads,skipped,0,0,,0,0,0,0,1,,,data
3590,9780373240159,,goodreads,skipped,0,0,,0,0,0,0,1,,,data
3591,9780446301725,,goodreads,skipped,0,0,,0,0,0,0,1,,,data
3592,9780704334748,,goodreads,skipped,0,0,,0,0,0,0,1,,,data
3593,9781552634745,,goodreads,skipped,0,0,,0,0,0,0,1,,,data
3594,9780771007804,,goodreads,skipped,0,0,,0,0,0,0,1,,,data
3595,9780226143163,,goodreads,skipped,0,0,,0,0,0,0,1,,,data
3596,9780743246415,,goodreads,skipped,0,0,,0,0,0,0,1,,,data
3597,9781582972473,,goodreads,skipped,0,0,,0,0,0,0,1,,,data
3598,9780060929299,,goodreads,skipped,0,0,,0,0,0,0,1,,,data
3599,9780440218548,,goodreads,skipped,0,0,,0,0,0,0,1,,,data
3600,9780440224105,,goodreads,skipped,0,0,,0,0,0,0,1,,,data
3601,9780452273313,,goodreads,skipped,0,0,,0,0,0,0,1,,,data
3602,9780394503127,,goodreads,skipped,0,0,,0,0,0,0,1,,,data
3603,9788475967783,,goodreads,skipped,0,0,,0,0,0,0,1,,,data
3604,9783442435586,,goodreads,skipped,0,0,,0,0,0,0,1,,,data
3605,9783785702277,,goodreads,skipped,0,0,,0,0,0,0,1,,,data
3606,9783455013573,,goodreads,skipped,0,0,,0,0,0,0,1,,,data
3607,9783423124836,,goodreads,skipped,0,0,,0,0,0,0,1,,,data
3608,9783425067254,,goodreads,skipped,0,0,,0,0,0,0,1,,,data
3609,9783125217157,,goodreads,skipped,0,0,,0,0,0,0,1,,,data
3610,9780060968748,,goodreads,skipped,0,0,,0,0,0,0,1,,,data
3611,9783423250870,,goodreads,skipped,0,0,,0,0,0,0,1,,,data
3612,9783123512315,,goodreads,skipped,0,0,,0,0,0,0,1,,,data
3613,9783123512407,,goodreads,skipped,0,0,,0,0,0,0,1,,,data
3614,9783423124805,,goodreads,skipped,0,0,,0,0,0,0,1,,,data
3615,9783122618407,,goodreads,skipped,0,0,,0,0,0,0,1,,,data
3616,9783473580224,,goodreads,skipped,0,0,,0,0,0,0,1,,,data
3617,9783150074701,,goodreads,skipped,0,0,,0,0,0,0,1,,,data
3618,9783150000854,,goodreads,skipped,0,0,,0,0,0,0,1,,,data
3619,9783407783356,,goodreads,skipped,0,0,,0,0,0,0,1,,,data
3620,9781565049246,,goodreads,skipped,0,0,,0,0,0,0,1,,,data
3621,9780441005956,,goodreads,skipped,0,0,,0,0,0,0,1,,,data
3622,9780061060854,,goodreads,skipped,0,0,,0,0,0,0,1,,,data
3623,9780061060830,,goodreads,skipped,0,0,,0,0,0,0,1,,,data
3624,9780061062926,,goodreads,skipped,0,0,,0,0,0,0,1,,,data
3625,9780821732731,,goodreads,skipped,0,0,,0,0,0,0,1,,,data
3626,9780553575590,,goodreads,skipped,0,0,,0,0,0,0,1,,,data
3627,9788439702092,,goodreads,skipped,0,0,,0,0,0,0,1,,,data
3628,9789501519518,,goodreads,skipped,0,0,,0,0,0,0,1,,,data
3629,9780743411271,,goodreads,skipped,0,0,,0,0,0,0,1,,,data
3630,9780671037017,,goodreads,skipped,0,0,,0,0,0,0,1,,,data
3631,9781559587600,,goodreads,skipped,0,0,,0,0,0,0,1,,,data
3632,9780671676339,,goodreads,skipped,0,0,,0,0,0,0,1,,,data
3633,9780385315487,,goodreads,skipped,0,0,,0,0,0,0,1,,,data
3634,9784887755178,,goodreads,skipped,0,0,,0,0,0,0,1,,,data
3635,9780316837057,,goodreads,skipped,0,0,,0,0,0,0,1,,,data
3636,9780394727264,,goodreads,skipped,0,0,,0,0,0,0,1,,,data
3637,9780312001865,,goodreads,skipped,0,0,,0,0,0,0,1,,,data
3638,9780375504280,,goodreads,skipped,0,0,,0,0,0,0,1,,,data
3639,9781558962606,,goodreads,skipped,0,0,,0,0,0,0,1,,,data
3640,9780751533798,,goodreads,skipped,0,0,,0,0,0,0,1,,,data
3641,9780552991865,,goodreads,skipped,0,0,,0,0,0,0,1,,,data
3642,9780747263326,,goodreads,skipped,0,0,,0,0,0,0,1,,,data
3643,9780080207162,,goodreads,skipped,0,0,,0,0,0,0,1,,,data
3644,9780007110919,,goodreads,skipped,0,0,,0,0,0,0,1,,,data
3645,9780836230307,,goodreads,skipped,0,0,,0,0,0,0,1,,,data
3646,9780340581964,,goodreads,skipped,0,0,,0,0,0,0,1,,,data
3647,9780722516249,,goodreads,skipped,0,0,,0,0,0,0,1,,,data
3648,9781902035024,,goodreads,skipped,0,0,,0,0,0,0,1,,,data
3649,9781565970809,,goodreads,skipped,0,0,,0,0,0,0,1,,,data
3650,9780373244560,,goodreads,skipped,0,0,,0,0,0,0,1,,,data
3651,9780851001210,,goodreads,skipped,0,0,,0,0,0,0,1,,,data
3652,9780140026566,,goodreads,skipped,0,0,,0,0,0,0,1,,,data
3653,9780460878098,,goodreads,skipped,0,0,,0,0,0,0,1,,,data
3654,9781857920727,,goodreads,skipped,0,0,,0,0,0,0,1,,,data
3655,9781857920178,,goodreads,skipped,0,0,,0,0,0,0,1,,,data
3656,9781857923940,,goodreads,skipped,0,0,,0,0,0,0,1,,,data
3657,9781871676877,,goodreads,skipped,0,0,,0,0,0,0,1,,,data
3658,9781852532901,,goodreads,skipped,0,0,,0,0,0,0,1,,,data
3659,9781857821871,,goodreads,skipped,0,0,,0,0,0,0,1,,,data
3660,9780460878692,,goodreads,skipped,0,0,,0,0,0,0,1,,,data
3661,9780460879019,,goodreads,skipped,0,0,,0,0,0,0,1,,,data
3662,9780460878715,,goodreads,skipped,0,0,,0,0,0,0,1,,,data
3663,9780460878951,,goodreads,skipped,0,0,,0,0,0,0,1,,,data
3664,9780460878777,,goodreads,skipped,0,0,,0,0,0,0,1,,,data
3665,9781853066580,,goodreads,skipped,0,0,,0,0,0,0,1,,,data
3666,9780852064702,,goodreads,skipped,0,0,,0,0,0,0,1,,,data
3667,9780312082659,,goodreads,skipped,0,0,,0,0,0,0,1,,,data
3668,9780002157100,,goodreads,skipped,0,0,,0,0,0,0,1,,,data
3669,9780806959634,,goodreads,skipped,0,0,,0,0,0,0,1,,,data
3670,9781873475935,,goodreads,skipped,0,0,,0,0,0,0,1,,,data
3671,9780749397098,,goodreads,skipped,0,0,,0,0,0,0,1,,,data
3672,9781853811395,,goodreads,skipped,0,0,,0,0,0,0,1,,,data
3673,9780722146019,,goodreads,skipped,0,0,,0,0,0,0,1,,,data
3674,9780854766246,,goodreads,skipped,0,0,,0,0,0,0,1,,,data
3675,9780854764143,,goodreads,skipped,0,0,,0,0,0,0,1,,,data
3676,9780882549408,,goodreads,skipped,0,0,,0,0,0,0,1,,,data
3677,9781851523696,,goodreads,skipped,0,0,,0,0,0,0,1,,,data
3678,9780721409986,,goodreads,skipped,0,0,,0,0,0,0,1,,,data
3679,9780330320184,,goodreads,skipped,0,0,,0,0,0,0,1,,,data
3680,9780751517514,,goodreads,skipped,0,0,,0,0,0,0,1,,,data
3681,9780553293654,,goodreads,skipped,0,0,,0,0,0,0,1,,,data
3682,9780330313087,,goodreads,skipped,0,0,,0,0,0,0,1,,,data
3683,9780006329534,,goodreads,skipped,0,0,,0,0,0,0,1,,,data
3684,9780552525282,,goodreads,skipped,0,0,,0,0,0,0,1,,,data
3685,9781857820430,,goodreads,skipped,0,0,,0,0,0,0,1,,,data
3686,9780552139182,,goodreads,skipped,0,0,,0,0,0,0,1,,,data
3687,9783716502525,,goodreads,skipped,0,0,,0,0,0,0,1,,,data
3688,9780586207901,,goodreads,skipped,0,0,,0,0,0,0,1,,,data
3689,9780745937014,,goodreads,skipped,0,0,,0,0,0,0,1,,,data
3690,9781875892167,,goodreads,skipped,0,0,,0,0,0,0,1,,,data
3691,9780747560555,,goodreads,skipped,0,0,,0,0,0,0,1,,,data
3692,9780525940982,,goodreads,skipped,0,0,,0,0,0,0,1,,,data
3693,9781902618104,,goodreads,skipped,0,0,,0,0,0,0,1,,,data
3694,9780007103867,,goodreads,skipped,0,0,,0,0,0,0,1,,,data
3695,9780731616237,,goodreads,skipped,0,0,,0,0,0,0,1,,,data
3696,9781863305792,,goodreads,skipped,0,0,,0,0,0,0,1,,,data
3697,9780824512170,,goodreads,skipped,0,0,,0,0,0,0,1,,,data
3698,9780751512908,,goodreads,skipped,0,0,,0,0,0,0,1,,,data
3699,9788478095803,,goodreads,skipped,0,0,,0,0,0,0,1,,,data
3700,9780669417418,,goodreads,skipped,0,0,,0,0,0,0,1,,,data
3701,9780395868270,,goodreads,skipped,0,0,,0,0,0,0,1,,,data
3702,9781878257499,,goodreads,skipped,0,0,,0,0,0,0,1,,,data
3703,9780689812859,,goodreads,skipped,0,0,,0,0,0,0,1,,,data
3704,9780534545444,,goodreads,skipped,0,0,,0,0,0,0,1,,,data
3705,9780786004492,,goodreads,skipped,0,0,,0,0,0,0,1,,,data
3706,9780141180977,,goodreads,skipped,0,0,,0,0,0,0,1,,,data
3707,9780941920162,,goodreads,skipped,0,0,,0,0,0,0,1,,,data
3708,9781555834807,,goodreads,skipped,0,0,,0,0,0,0,1,,,data
3709,9780966069808,,goodreads,skipped,0,0,,0,0,0,0,1,,,data
3710,9780452262355,,goodreads,skipped,0,0,,0,0,0,0,1,,,data
3711,9780679748403,,goodreads,skipped,0,0,,0,0,0,0,1,,,data
3712,9780534524432,,goodreads,skipped,0,0,,0,0,0,0,1,,,data
3713,9780060116279,,goodreads,skipped,0,0,,0,0,0,0,1,,,data
3714,9780517118900,,goodreads,skipped,0,0,,0,0,0,0,1,,,data
3715,9780520018709,,goodreads,skipped,0,0,,0,0,0,0,1,,,data
3716,9780066620039,,goodreads,skipped,0,0,,0,0,0,0,1,,,data
3717,9780198751618,,goodreads,skipped,0,0,,0,0,0,0,1,,,data
3718,9780872202290,,goodreads,skipped,0,0,,0,0,0,0,1,,,data
3719,9780553575576,,goodreads,skipped,0,0,,0,0,0,0,1,,,data
3720,9780393312577,,goodreads,skipped,0,0,,0,0,0,0,1,,,data
3721,9780847817375,,goodreads,skipped,0,0,,0,0,0,0,1,,,data
3722,9780807010372,,goodreads,skipped,0,0,,0,0,0,0,1,,,data
3723,9780919345911,,goodreads,skipped,0,0,,0,0,0,0,1,,,data
3724,9780919345188,,goodreads,skipped,0,0,,0,0,0,0,1,,,data
3725,9780553579383,,goodreads,skipped,0,0,,0,0,0,0,1,,,data
3726,9780671687656,,goodreads,skipped,0,0,,0,0,0,0,1,,,data
3727,9780684855486,,goodreads,skipped,0,0,,0,0,0,0,1,,,data
3728,9780763701796,,goodreads,skipped,0,0,,0,0,0,0,1,,,data
3729,9780697391872,,goodreads,skipped,0,0,,0,0,0,0,1,,,data
3730,9780130875525,,goodreads,skipped,0,0,,0,0,0,0,1,,,data
3731,9780130654342,,goodreads,skipped,0,0,,0,0,0,0,1,,,data
3732,9780131048782,,goodreads,skipped,0,0,,0,0,0,0,1,,,data
3733,9780300056617,,goodreads,skipped,0,0,,0,0,0,0,1,,,data
3734,9780312244675,,goodreads,skipped,0,0,,0,0,0,0,1,,,data
3735,9780553585759,,goodreads,skipped,0,0,,0,0,0,0,1,,,data
3736,9780028629049,,goodreads,skipped,0,0,,0,0,0,0,1,,,data
3737,9780762703951,,goodreads,skipped,0,0,,0,0,0,0,1,,,data
3738,9780452275102,,goodreads,skipped,0,0,,0,0,0,0,1,,,data
3739,9780684834818,,goodreads,skipped,0,0,,0,0,0,0,1,,,data
3740,9783762604679,,goodreads,skipped,0,0,,0,0,0,0,1,,,data
3741,9783855023158,,goodreads,skipped,0,0,,0,0,0,0,1,,,data
3742,9780395562635,,goodreads,skipped,0,0,,0,0,0,0,1,,,data
3743,9780833544926,,goodreads,skipped,0,0,,0,0,0,0,1,,,data
3744,9780670812356,,goodreads,skipped,0,0,,0,0,0,0,1,,,data
3745,9780807576731,,goodreads,skipped,0,0,,0,0,0,0,1,,,data
3746,9780027731903,,goodreads,skipped,0,0,,0,0,0,0,1,,,data
3747,9780690042238,,goodreads,skipped,0,0,,0,0,0,0,1,,,data
3748,9780823410163,,goodreads,skipped,0,0,,0,0,0,0,1,,,data
3749,9780833549532,,goodreads,skipped,0,0,,0,0,0,0,1,,,data
3750,9780881032673,,goodreads,skipped,0,0,,0,0,0,0,1,,,data
3751,9780881032758,,goodreads,skipped,0,0,,0,0,0,0,1,,,data
3752,9780027439601,,goodreads,skipped,0,0,,0,0,0,0,1,,,data
3753,9780881032864,,goodreads,skipped,0,0,,0,0,0,0,1,,,data
3754,9780394859187,,goodreads,skipped,0,0,,0,0,0,0,1,,,data
3755,9780881031829,,goodreads,skipped,0,0,,0,0,0,0,1,,,data
3756,9780688071622,,goodreads,skipped,0,0,,0,0,0,0,1,,,data
3757,9783596152919,,goodreads,skipped,0,0,,0,0,0,0,1,,,data
3758,9783442727124,,goodreads,skipped,0,0,,0,0,0,0,1,,,data
3759,9783442726400,,goodreads,skipped,0,0,,0,0,0,0,1,,,data
3760,9783499227424,,goodreads,skipped,0,0,,0,0,0,0,1,,,data
3761,9783596294282,,goodreads,skipped,0,0,,0,0,0,0,1,,,data
3762,9780349107660,,goodreads,skipped,0,0,,0,0,0,0,1,,,data
3763,9780749313845,,goodreads,skipped,0,0,,0,0,0,0,1,,,data
3764,9780330341165,,goodreads,skipped,0,0,,0,0,0,0,1,,,data
3765,9780571131419,,goodreads,skipped,0,0,,0,0,0,0,1,,,data
3766,9780345294814,,goodreads,skipped,0,0,,0,0,0,0,1,,,data
3767,9789010017314,,goodreads,skipped,0,0,,0,0,0,0,1,,,data
3768,9780380018369,,goodreads,skipped,0,0,,0,0,0,0,1,,,data
3769,9789029017282,,goodreads,skipped,0,0,,0,0,0,0,1,,,data
3770,9789061695004,,goodreads,skipped,0,0,,0,0,0,0,1,,,data
3771,9789029547000,,goodreads,skipped,0,0,,0,0,0,0,1,,,data
3772,9789053334560,,goodreads,skipped,0,0,,0,0,0,0,1,,,data
3773,9789050180948,,goodreads,skipped,0,0,,0,0,0,0,1,,,data
3774,9789070066321,,goodreads,skipped,0,0,,0,0,0,0,1,,,data
3775,9789026303746,,goodreads,skipped,0,0,,0,0,0,0,1,,,data
3776,9789021479866,,goodreads,skipped,0,0,,0,0,0,0,1,,,data
3777,9789070066741,,goodreads,skipped,0,0,,0,0,0,0,1,,,data
3778,9789070066451,,goodreads,skipped,0,0,,0,0,0,0,1,,,data
3779,9789029000208,,goodreads,skipped,0,0,,0,0,0,0,1,,,data
3780,9789029005425,,goodreads,skipped,0,0,,0,0,0,0,1,,,data
3781,9780714509747,,goodreads,skipped,0,0,,0,0,0,0,1,,,data
3782,9780385148313,,goodreads,blocked,0,7,title; authors; publisher; origin; date_of_publication; language; genres,0,0,0,0,15,,,data
3783,9781932100068,,goodreads,skipped,0,0,,0,0,0,0,1,,,data
3784,9780743459037,,goodreads,skipped,0,0,,0,0,0,0,1,,,data
3785,9780785105763,,goodreads,skipped,0,0,,0,0,0,0,1,,,data
3786,9780743475044,,goodreads,skipped,0,0,,0,0,0,0,1,,,data
3787,9781932453089,,goodreads,skipped,0,0,,0,0,0,0,1,,,data
3788,9780743458146,,goodreads,skipped,0,0,,0,0,0,0,1,,,data
3789,9780140482379,,goodreads,skipped,0,0,,0,0,0,0,1,,,data
3790,9781555836344,,goodreads,skipped,0,0,,0,0,0,0,1,,,data
3791,9780805073300,,goodreads,skipped,0,0,,0,0,0,0,1,,,data
3792,9781889330167,,goodreads,skipped,0,0,,0,0,0,0,1,,,data
3793,9780812970937,,goodreads,skipped,0,0,,0,0,0,0,1,,,data
3794,9780890246177,,goodreads,skipped,0,0,,0,0,0,0,1,,,data
3795,9780890244210,,goodreads,skipped,0,0,,0,0,0,0,1,,,data
3796,9780140298420,,goodreads,skipped,0,0,,0,0,0,0,1,,,data
3797,9780801071249,,goodreads,skipped,0,0,,0,0,0,0,1,,,data
3798,9780062517777,,goodreads,skipped,0,0,,0,0,0,0,1,,,data
3799,9780140370331,,goodreads,skipped,0,0,,0,0,0,0,1,,,data
3800,9780553582390,,goodreads,skipped,0,0,,0,0,0,0,1,,,data
3801,9781878739278,,goodreads,skipped,0,0,,0,0,0,0,1,,,data
3802,9780575034839,,goodreads,skipped,0,0,,0,0,0,0,1,,,data
3803,9780679776116,,goodreads,skipped,0,0,,0,0,0,0,1,,,data
3804,9780865474222,,goodreads,skipped,0,0,,0,0,0,0,1,,,data
3805,9780741413253,,goodreads,skipped,0,0,,0,0,0,0,1,,,data
3806,9783770131891,,goodreads,skipped,0,0,,0,0,0,0,1,,,data
3807,9783499262593,,goodreads,skipped,0,0,,0,0,0,0,1,,,data
3808,9780812510669,,goodreads,skipped,0,0,,0,0,0,0,1,,,data
3809,9780671015459,,goodreads,skipped,0,0,,0,0,0,0,1,,,data
3810,9780812564877,,goodreads,skipped,0,0,,0,0,0,0,1,,,data
3811,9780194315890,,goodreads,skipped,0,0,,0,0,0,0,1,,,data
3812,9780471035329,,goodreads,skipped,0,0,,0,0,0,0,1,,,data
3813,9780892815036,,goodreads,skipped,0,0,,0,0,0,0,1,,,data
3814,9780194312820,,goodreads,skipped,0,0,,0,0,0,0,1,,,data
3815,9780670324880,,goodreads,skipped,0,0,,0,0,0,0,1,,,data
3816,9780140366723,,goodreads,skipped,0,0,,0,0,0,0,1,,,data
3817,9780471852230,,goodreads,skipped,0,0,,0,0,0,0,1,,,data
3818,9780138965235,,goodreads,skipped,0,0,,0,0,0,0,1,,,data
3819,9780768909111,,goodreads,skipped,0,0,,0,0,0,0,1,,,data
3820,9780130408952,,goodreads,skipped,0,0,,0,0,0,0,1,,,data
3821,9780312981679,,goodreads,skipped,0,0,,0,0,0,0,1,,,data
3822,9780821225578,,goodreads,skipped,0,0,,0,0,0,0,1,,,data
3823,9780306807497,,goodreads,skipped,0,0,,0,0,0,0,1,,,data
3824,9780802151063,,goodreads,skipped,0,0,,0,0,0,0,1,,,data
3825,9780195065770,,goodreads,skipped,0,0,,0,0,0,0,1,,,data
3826,9783257229516,,goodreads,skipped,0,0,,0,0,0,0,1,,,data
3827,9780345374264,,goodreads,skipped,0,0,,0,0,0,0,1,,,data
3828,9780679720096,,goodreads,skipped,0,0,,0,0,0,0,1,,,data
3829,9780374523947,,goodreads,skipped,0,0,,0,0,0,0,1,,,data
3830,9780140063066,,goodreads,skipped,0,0,,0,0,0,0,1,,,data
3831,9780452270947,,goodreads,skipped,0,0,,0,0,0,0,1,,,data
3832,9780140183030,,goodreads,skipped,0,0,,0,0,0,0,1,,,data
3833,9780141308807,,goodreads,blocked,0,7,title; authors; publisher; origin; date_of_publication; language; genres,0,0,0,0,16,,,data
3834,9780754102717,,goodreads,skipped,0,0,,0,0,0,0,1,,,data
3835,9780593027479,,goodreads,skipped,0,0,,0,0,0,0,1,,,data
3836,9780352316974,,goodreads,skipped,0,0,,0,0,0,0,1,,,data
3837,9783492235228,,goodreads,skipped,0,0,,0,0,0,0,1,,,data
3838,9781853261206,,goodreads,skipped,0,0,,0,0,0,0,1,,,data
3839,9780140170887,,goodreads,skipped,0,0,,0,0,0,0,1,,,data
3840,9783491240582,,goodreads,skipped,0,0,,0,0,0,0,1,,,data
3841,9783426621592,,goodreads,skipped,0,0,,0,0,0,0,1,,,data
3842,9783125776609,,goodreads,skipped,0,0,,0,0,0,0,1,,,data
3843,9780671315283,,goodreads,skipped,0,0,,0,0,0,0,1,,,data
3844,9783453213401,,goodreads,skipped,0,0,,0,0,0,0,1,,,data
3845,9783596134588,,goodreads,skipped,0,0,,0,0,0,0,1,,,data
3846,9783453195929,,goodreads,skipped,0,0,,0,0,0,0,1,,,data
3847,9783379015561,,goodreads,skipped,0,0,,0,0,0,0,1,,,data
3848,9783442761272,,goodreads,skipped,0,0,,0,0,0,0,1,,,data
3849,9783746618616,,goodreads,skipped,0,0,,0,0,0,0,1,,,data
3850,9783423127998,,goodreads,skipped,0,0,,0,0,0,0,1,,,data
3851,9780862416331,,goodreads,skipped,0,0,,0,0,0,0,1,,,data
3852,9780852073520,,goodreads,skipped,0,0,,0,0,0,0,1,,,data
3853,9780764551352,,goodreads,skipped,0,0,,0,0,0,0,1,,,data
3854,9780813430324,,goodreads,skipped,0,0,,0,0,0,0,1,,,data
3855,9780195130966,,goodreads,skipped,0,0,,0,0,0,0,1,,,data
3856,9780375753770,,goodreads,skipped,0,0,,0,0,0,0,1,,,data
3857,9780060921996,,goodreads,skipped,0,0,,0,0,0,0,1,,,data
3858,9780380521340,,goodreads,skipped,0,0,,0,0,0,0,1,,,data
3859,9780345278654,,goodreads,skipped,0,0,,0,0,0,0,1,,,data
3860,9780764565557,,goodreads,skipped,0,0,,0,0,0,0,1,,,data
3861,9781872730158,,goodreads,skipped,0,0,,0,0,0,0,1,,,data
3862,9780442256340,,goodreads,skipped,0,0,,0,0,0,0,1,,,data
3863,9780312276966,,goodreads,skipped,0,0,,0,0,0,0,1,,,data
3864,9780452275904,,goodreads,skipped,0,0,,0,0,0,0,1,,,data
3865,9780340379547,,goodreads,skipped,0,0,,0,0,0,0,1,,,data
3866,9780595310272,,goodreads,skipped,0,0,,0,0,0,0,1,,,data
3867,9780553572254,,goodreads,skipped,0,0,,0,0,0,0,1,,,data
3868,9780583308021,,goodreads,skipped,0,0,,0,0,0,0,1,,,data
3869,9780029067055,,goodreads,skipped,0,0,,0,0,0,0,1,,,data
3870,9780451201072,,goodreads,skipped,0,0,,0,0,0,0,1,,,data
3871,9780816768721,,goodreads,skipped,0,0,,0,0,0,0,1,,,data
3872,9780316111164,,goodreads,skipped,0,0,,0,0,0,0,1,,,data
3873,9780439217873,,goodreads,skipped,0,0,,0,0,0,0,1,,,data
3874,9780440416630,,goodreads,skipped,0,0,,0,0,0,0,1,,,data
3875,9781564774798,,goodreads,skipped,0,0,,0,0,0,0,1,,,data
3876,9781564774620,,goodreads,skipped,0,0,,0,0,0,0,1,,,data
3877,9781881892045,,goodreads,skipped,0,0,,0,0,0,0,1,,,data
3878,9780783553085,,goodreads,skipped,0,0,,0,0,0,0,1,,,data
3879,9780312272043,,goodreads,skipped,0,0,,0,0,0,0,1,,,data
3880,9780064420839,,goodreads,skipped,0,0,,0,0,0,0,1,,,data
3881,9780439199988,,goodreads,skipped,0,0,,0,0,0,0,1,,,data
3882,9780688161989,,goodreads,skipped,0,0,,0,0,0,0,1,,,data
3883,9780786868698,,goodreads,skipped,0,0,,0,0,0,0,1,,,data
3884,9780762100088,,goodreads,blocked,0,7,title; authors; publisher; origin; date_of_publication; language; genres,0,0,0,0,17,,,data
3885,9780307168122,,goodreads,skipped,0,0,,0,0,0,0,1,,,data
3886,9780679437048,,goodreads,skipped,0,0,,0,0,0,0,1,,,data
3887,9780684864389,,goodreads,skipped,0,0,,0,0,0,0,1,,,data
3888,9780670829132,,goodreads,skipped,0,0,,0,0,0,0,1,,,data
3889,9780099743613,,goodreads,skipped,0,0,,0,0,0,0,1,,,data
3890,9780374108304,,goodreads,skipped,0,0,,0,0,0,0,1,,,data
3891,9780849959110,,goodreads,skipped,0,0,,0,0,0,0,1,,,data
3892,9780764500091,,goodreads,skipped,0,0,,0,0,0,0,1,,,data
3893,9780373253425,,goodreads,skipped,0,0,,0,0,0,0,1,,,data
3894,9780563371908,,goodreads,skipped,0,0,,0,0,0,0,1,,,data
3895,9780670200344,,goodreads,skipped,0,0,,0,0,0,0,1,,,data
3896,9780340042519,,goodreads,skipped,0,0,,0,0,0,0,1,,,data
3897,9780440800538,,goodreads,skipped,0,0,,0,0,0,0,1,,,data
3898,9780374157586,,goodreads,skipped,0,0,,0,0,0,0,1,,,data
3899,9780312137939,,goodreads,skipped,0,0,,0,0,0,0,1,,,data
3900,9780312762513,,goodreads,skipped,0,0,,0,0,0,0,1,,,data
3901,9780689708008,,goodreads,skipped,0,0,,0,0,0,0,1,,,data
3902,9780671418663,,goodreads,skipped,0,0,,0,0,0,0,1,,,data
3903,9780931188435,,goodreads,skipped,0,0,,0,0,0,0,1,,,data
3904,9780894801389,,goodreads,skipped,0,0,,0,0,0,0,1,,,data
3905,9780816158201,,goodreads,skipped,0,0,,0,0,0,0,1,,,data
3906,9780486249018,,goodreads,skipped,0,0,,0,0,0,0,1,,,data
3907,9780201846720,,goodreads,skipped,0,0,,0,0,0,0,1,,,data
3908,9780395903315,,goodreads,skipped,0,0,,0,0,0,0,1,,,data
3909,9780201383065,,goodreads,skipped,0,0,,0,0,0,0,1,,,data
3910,9780312390471,,goodreads,skipped,0,0,,0,0,0,0,1,,,data
3911,9780140374964,,goodreads,skipped,0,0,,0,0,0,0,1,,,data
3912,9781891197109,,goodreads,skipped,0,0,,0,0,0,0,1,,,data
3913,9780312316129,,goodreads,skipped,0,0,,0,0,0,0,1,,,data
3914,9780751367454,,goodreads,skipped,0,0,,0,0,0,0,1,,,data
3915,9781842329917,,goodreads,skipped,0,0,,0,0,0,0,1,,,data
3916,9780330337847,,goodreads,skipped,0,0,,0,0,0,0,1,,,data
3917,9780399144905,,goodreads,skipped,0,0,,0,0,0,0,1,,,data
3918,9780811201186,,goodreads,skipped,0,0,,0,0,0,0,1,,,data
3919,9780944276747,,goodreads,skipped,0,0,,0,0,0,0,1,,,data
3920,9780440227496,,goodreads,skipped,0,0,,0,0,0,0,1,,,data
3921,9780399230196,,goodreads,skipped,0,0,,0,0,0,0,1,,,data
3922,9780811826013,,goodreads,skipped,0,0,,0,0,0,0,1,,,data
3923,9781564025487,,goodreads,skipped,0,0,,0,0,0,0,1,,,data
3924,9780789430281,,goodreads,skipped,0,0,,0,0,0,0,1,,,data
3925,9780876058329,,goodreads,skipped,0,0,,0,0,0,0,1,,,data
3926,9780140150056,,goodreads,skipped,0,0,,0,0,0,0,1,,,data
3927,9780316977418,,goodreads,skipped,0,0,,0,0,0,0,1,,,data
3928,9780486253411,,goodreads,skipped,0,0,,0,0,0,0,1,,,data
3929,9780028610986,,goodreads,skipped,0,0,,0,0,0,0,1,,,data
3930,9780875966724,,goodreads,skipped,0,0,,0,0,0,0,1,,,data
3931,9780001856363,,goodreads,skipped,0,0,,0,0,0,0,1,,,data
3932,9788817661034,,goodreads,skipped,0,0,,0,0,0,0,1,,,data
3933,9780802114068,,goodreads,skipped,0,0,,0,0,0,0,1,,,data
3934,9789507313721,,goodreads,skipped,0,0,,0,0,0,0,1,,,data
3935,9780786708123,,goodreads,skipped,0,0,,0,0,0,0,1,,,data
3936,9780764548079,,goodreads,skipped,0,0,,0,0,0,0,1,,,data
3937,9780136843252,,goodreads,skipped,0,0,,0,0,0,0,1,,,data
3938,9780226777108,,goodreads,skipped,0,0,,0,0,0,0,1,,,data
3939,9780395359686,,goodreads,skipped,0,0,,0,0,0,0,1,,,data
3940,9780753804926,,goodreads,skipped,0,0,,0,0,0,0,1,,,data
3941,9780316579667,,goodreads,skipped,0,0,,0,0,0,0,1,,,data
3942,9780201484083,,goodreads,skipped,0,0,,0,0,0,0,1,,,data
3943,9780771592553,,goodreads,skipped,0,0,,0,0,0,0,1,,,data
3944,9780771091780,,goodreads,skipped,0,0,,0,0,0,0,1,,,data
3945,9780771012082,,goodreads,skipped,0,0,,0,0,0,0,1,,,data
3946,9780771592515,,goodreads,skipped,0,0,,0,0,0,0,1,,,data
3947,9780553202038,,goodreads,skipped,0,0,,0,0,0,0,1,,,data
3948,9780553143379,,goodreads,skipped,0,0,,0,0,0,0,1,,,data
3949,9780743205184,,goodreads,skipped,0,0,,0,0,0,0,1,,,data
3950,9781931686686,,goodreads,skipped,0,0,,0,0,0,0,1,,,data
3951,9780773753259,,goodreads,skipped,0,0,,0,0,0,0,1,,,data
3952,9780773753600,,goodreads,skipped,0,0,,0,0,0,0,1,,,data
3953,9780380899340,,goodreads,skipped,0,0,,0,0,0,0,1,,,data
3954,9780449149157,,goodreads,skipped,0,0,,0,0,0,0,1,,,data
3955,9780843104134,,goodreads,skipped,0,0,,0,0,0,0,1,,,data
3956,9780804116480,,goodreads,skipped,0,0,,0,0,0,0,1,,,data
3957,9780804107648,,goodreads,skipped,0,0,,0,0,0,0,1,,,data
3958,9780575051768,,goodreads,skipped,0,0,,0,0,0,0,1,,,data
3959,9780440222217,,goodreads,skipped,0,0,,0,0,0,0,1,,,data
3960,9780441062249,,goodreads,skipped,0,0,,0,0,0,0,1,,,data
3961,9780770108403,,goodreads,skipped,0,0,,0,0,0,0,1,,,data
3962,9780671001292,,goodreads,skipped,0,0,,0,0,0,0,1,,,data
3963,9780921912583,,goodreads,skipped,0,0,,0,0,0,0,1,,,data
3964,9780929141947,,goodreads,skipped,0,0,,0,0,0,0,1,,,data
3965,9781896095547,,goodreads,skipped,0,0,,0,0,0,0,1,,,data
3966,9780345303257,,goodreads,skipped,0,0,,0,0,0,0,1,,,data
3967,9781551991085,,goodreads,skipped,0,0,,0,0,0,0,1,,,data
3968,9780312867065,,goodreads,skipped,0,0,,0,0,0,0,1,,,data
3969,9780671701505,,goodreads,skipped,0,0,,0,0,0,0,1,,,data
3970,9780316844444,,goodreads,skipped,0,0,,0,0,0,0,1,,,data
3971,9780889841116,,goodreads,skipped,0,0,,0,0,0,0,1,,,data
3972,9780836225235,,goodreads,skipped,0,0,,0,0,0,0,1,,,data
3973,9780449201961,,goodreads,skipped,0,0,,0,0,0,0,1,,,data
3974,9780449202005,,goodreads,skipped,0,0,,0,0,0,0,1,,,data
3975,9780449201992,,goodreads,skipped,0,0,,0,0,0,0,1,,,data
3976,9781870586115,,goodreads,skipped,0,0,,0,0,0,0,1,,,data
3977,9780696023354,,goodreads,skipped,0,0,,0,0,0,0,1,,,data
3978,9780345349965,,goodreads,skipped,0,0,,0,0,0,0,1,,,data
3979,9780806967646,,goodreads,skipped,0,0,,0,0,0,0,1,,,data
3980,9780671794347,,goodreads,skipped,0,0,,0,0,0,0,1,,,data
3981,9780553140064,,goodreads,skipped,0,0,,0,0,0,0,1,,,data
3982,9780446527170,,goodreads,skipped,0,0,,0,0,0,0,1,,,data
3983,9780848706975,,goodreads,skipped,0,0,,0,0,0,0,1,,,data
3984,9780688170837,,goodreads,skipped,0,0,,0,0,0,0,1,,,data
3985,9780155011274,,goodreads,skipped,0,0,,0,0,0,0,1,,,data
3986,9780023960505,,goodreads,skipped,0,0,,0,0,0,0,1,,,data
3987,9781841491851,,goodreads,skipped,0,0,,0,0,0,0,1,,,data
3988,9780679452935,,goodreads,skipped,0,0,,0,0,0,0,1,,,data
3989,9780671554750,,goodreads,skipped,0,0,,0,0,0,0,1,,,data
3990,9780312111076,,goodreads,skipped,0,0,,0,0,0,0,1,,,data
3991,9780805010060,,goodreads,skipped,0,0,,0,0,0,0,1,,,data
3992,9780440446514,,goodreads,skipped,0,0,,0,0,0,0,1,,,data
3993,9780321105790,,goodreads,skipped,0,0,,0,0,0,0,1,,,data
3994,9780321106698,,goodreads,skipped,0,0,,0,0,0,0,1,,,data
3995,9780873529860,,goodreads,skipped,0,0,,0,0,0,0,1,,,data
3996,9780439219181,,goodreads,skipped,0,0,,0,0,0,0,1,,,data
3997,9780812568707,,goodreads,skipped,0,0,,0,0,0,0,1,,,data
3998,9780312980412,,goodreads,skipped,0,0,,0,0,0,0,1,,,data
3999,9780805053685,,goodreads,skipped,0,0,,0,0,0,0,1,,,data
4000,9780002244084,,goodreads,skipped,0,0,,0,0,0,0,1,,,data
4001,9781895837377,,goodreads,skipped,0,0,,0,0,0,0,1,,,data
4002,9780921411642,,goodreads,skipped,0,0,,0,0,0,0,1,,,data
4003,9780771034503,,goodreads,skipped,0,0,,0,0,0,0,1,,,data
4004,9780195412208,,goodreads,skipped,0,0,,0,0,0,0,1,,,data
4005,9780141180991,,goodreads,skipped,0,0,,0,0,0,0,1,,,data
4006,9780140512274,,goodreads,skipped,0,0,,0,0,0,0,1,,,data
4007,9780314931702,,goodreads,skipped,0,0,,0,0,0,0,1,,,data
4008,9780399145896,,goodreads,skipped,0,0,,0,0,0,0,1,,,data
4009,9781585360659,,goodreads,skipped,0,0,,0,0,0,0,1,,,data
4010,9780394556338,,goodreads,skipped,0,0,,0,0,0,0,1,,,data
4011,9780192817884,,goodreads,skipped,0,0,,0,0,0,0,1,,,data
4012,9780312265045,,goodreads,skipped,0,0,,0,0,0,0,1,,,data
4013,9781565048720,,goodreads,skipped,0,0,,0,0,0,0,1,,,data
4014,9780486298528,,goodreads,skipped,0,0,,0,0,0,0,1,,,data
4015,9781567183030,,goodreads,skipped,0,0,,0,0,0,0,1,,,data
4016,9780517336335,,goodreads,skipped,0,0,,0,0,0,0,1,,,data
4017,9780517150320,,goodreads,skipped,0,0,,0,0,0,0,1,,,data
4018,9781852305758,,goodreads,skipped,0,0,,0,0,0,0,1,,,data
4019,9781881394488,,goodreads,skipped,0,0,,0,0,0,0,1,,,data
4020,9781881394075,,goodreads,skipped,0,0,,0,0,0,0,1,,,data
4021,9781551091266,,goodreads,skipped,0,0,,0,0,0,0,1,,,data
4022,9780425160367,,goodreads,skipped,0,0,,0,0,0,0,1,,,data
4023,9780441873616,,goodreads,skipped,0,0,,0,0,0,0,1,,,data
4024,9781572940130,,goodreads,skipped,0,0,,0,0,0,0,1,,,data
4025,9781878542779,,goodreads,skipped,0,0,,0,0,0,0,1,,,data
4026,9780460873161,,goodreads,skipped,0,0,,0,0,0,0,1,,,data
4027,9780787900809,,goodreads,skipped,0,0,,0,0,0,0,1,,,data
4028,9780393960624,,goodreads,skipped,0,0,,0,0,0,0,1,,,data
4029,9780192822703,,goodreads,skipped,0,0,,0,0,0,0,1,,,data
4030,9781873982471,,goodreads,skipped,0,0,,0,0,0,0,1,,,data
4031,9780441071722,,goodreads,skipped,0,0,,0,0,0,0,1,,,data
4032,9780671870881,,goodreads,skipped,0,0,,0,0,0,0,1,,,data
4033,9781854874467,,goodreads,skipped,0,0,,0,0,0,0,1,,,data
4034,9780451452344,,goodreads,skipped,0,0,,0,0,0,0,1,,,data
4035,9780747252382,,goodreads,skipped,0,0,,0,0,0,0,1,,,data
4036,9780595098521,,goodreads,skipped,0,0,,0,0,0,0,1,,,data
4037,9780395051238,,goodreads,skipped,0,0,,0,0,0,0,1,,,data
4038,9780393962994,,goodreads,skipped,0,0,,0,0,0,0,1,,,data
4039,9780393961881,,goodreads,skipped,0,0,,0,0,0,0,1,,,data
4040,9780140430332,,goodreads,skipped,0,0,,0,0,0,0,1,,,data
4041,9780192813374,,goodreads,skipped,0,0,,0,0,0,0,1,,,data
4042,9780192832917,,goodreads,skipped,0,0,,0,0,0,0,1,,,data
4043,9780060937546,,goodreads,skipped,0,0,,0,0,0,0,1,,,data
4044,9780805945904,,goodreads,skipped,0,0,,0,0,0,0,1,,,data
4045,9780446604147,,goodreads,skipped,0,0,,0,0,0,0,1,,,data
4046,9780671720285,,goodreads,skipped,0,0,,0,0,0,0,1,,,data
4047,9781558584532,,goodreads,skipped,0,0,,0,0,0,0,1,,,data
4048,9780553115574,,goodreads,skipped,0,0,,0,0,0,0,1,,,data
4049,9780451144195,,goodreads,skipped,0,0,,0,0,0,0,1,,,data
4050,9780425089996,,goodreads,skipped,0,0,,0,0,0,0,1,,,data
4051,9780881849455,,goodreads,skipped,0,0,,0,0,0,0,1,,,data
4052,9783446193130,,goodreads,skipped,0,0,,0,0,0,0,1,,,data
4053,9780380800568,,goodreads,skipped,0,0,,0,0,0,0,1,,,data
4054,9780886777906,,goodreads,skipped,0,0,,0,0,0,0,1,,,data
4055,9780689024689,,goodreads,skipped,0,0,,0,0,0,0,1,,,data
4056,9780425183779,,goodreads,skipped,0,0,,0,0,0,0,1,,,data
4057,9780425183144,,goodreads,skipped,0,0,,0,0,0,0,1,,,data
4058,9780425178614,,goodreads,skipped,0,0,,0,0,0,0,1,,,data
4059,9780061099861,,goodreads,skipped,0,0,,0,0,0,0,1,,,data
4060,9780449131558,,goodreads,skipped,0,0,,0,0,0,0,1,,,data
4061,9780380717095,,goodreads,skipped,0,0,,0,0,0,0,1,,,data
4062,9781565049642,,goodreads,skipped,0,0,,0,0,0,0,1,,,data
4063,9780877017110,,goodreads,skipped,0,0,,0,0,0,0,1,,,data
4064,9780425181522,,goodreads,skipped,0,0,,0,0,0,0,1,,,data
4065,9780886779795,,goodreads,skipped,0,0,,0,0,0,0,1,,,data
4066,9780740722189,,goodreads,skipped,0,0,,0,0,0,0,1,,,data
4067,9780201577990,,goodreads,skipped,0,0,,0,0,0,0,1,,,data
4068,9780877018544,,goodreads,skipped,0,0,,0,0,0,0,1,,,data
4069,9780380764464,,goodreads,skipped,0,0,,0,0,0,0,1,,,data
4070,9780689835247,,goodreads,skipped,0,0,,0,0,0,0,1,,,data
4071,9780786884964,,goodreads,skipped,0,0,,0,0,0,0,1,,,data
4072,9780425171189,,goodreads,skipped,0,0,,0,0,0,0,1,,,data
4073,9780877015369,,goodreads,skipped,0,0,,0,0,0,0,1,,,data
4074,9780967005607,,goodreads,skipped,0,0,,0,0,0,0,1,,,data
4075,9780451204363,,goodreads,skipped,0,0,,0,0,0,0,1,,,data
4076,9780886778231,,goodreads,skipped,0,0,,0,0,0,0,1,,,data
4077,9780670036011,,goodreads,skipped,0,0,,0,0,0,0,1,,,data
4078,9780140322194,,goodreads,skipped,0,0,,0,0,0,0,1,,,data
4079,9780899197012,,goodreads,skipped,0,0,,0,0,0,0,1,,,data
4080,9780877017745,,goodreads,skipped,0,0,,0,0,0,0,1,,,data
4081,9780441006960,,goodreads,skipped,0,0,,0,0,0,0,1,,,data
4082,9780060188917,,goodreads,skipped,0,0,,0,0,0,0,1,,,data
4083,9780394751726,,goodreads,skipped,0,0,,0,0,0,0,1,,,data
4084,9780670873999,,goodreads,skipped,0,0,,0,0,0,0,1,,,data
4085,9780141307435,,goodreads,skipped,0,0,,0,0,0,0,1,,,data
4086,9780425074848,,goodreads,skipped,0,0,,0,0,0,0,1,,,data
4087,9780141306506,,goodreads,skipped,0,0,,0,0,0,0,1,,,data
4088,9780201483048,,goodreads,skipped,0,0,,0,0,0,0,1,,,data
4089,9781556522819,,goodreads,skipped,0,0,,0,0,0,0,1,,,data
4090,9780786852550,,goodreads,skipped,0,0,,0,0,0,0,1,,,data
4091,9781854582744,,goodreads,skipped,0,0,,0,0,0,0,1,,,data
4092,9781854582751,,goodreads,skipped,0,0,,0,0,0,0,1,,,data
4093,9781580083522,,goodreads,skipped,0,0,,0,0,0,0,1,,,data
4094,9781557982193,,goodreads,skipped,0,0,,0,0,0,0,1,,,data
4095,9780155085114,,goodreads,skipped,0,0,,0,0,0,0,1,,,data
4096,9780761131786,,goodreads,skipped,0,0,,0,0,0,0,1,,,data
4097,9781573228572,,goodreads,skipped,0,0,,0,0,0,0,1,,,data
4098,9781582971599,,goodreads,skipped,0,0,,0,0,0,0,1,,,data
4099,9781551520339,,goodreads,skipped,0,0,,0,0,0,0,1,,,data
4100,9780887845840,,goodreads,skipped,0,0,,0,0,0,0,1,,,data
4101,9780425062746,,goodreads,skipped,0,0,,0,0,0,0,1,,,data
4102,9780590457361,,goodreads,skipped,0,0,,0,0,0,0,1,,,data
4103,9780689806568,,goodreads,skipped,0,0,,0,0,0,0,1,,,data
4104,9780743456128,,goodreads,skipped,0,0,,0,0,0,0,1,,,data
4105,9781901250244,,goodreads,skipped,0,0,,0,0,0,0,1,,,data
4106,9780316787536,,goodreads,skipped,0,0,,0,0,0,0,1,,,data
4107,9788817150125,,goodreads,skipped,0,0,,0,0,0,0,1,,,data
4108,9780892965670,,goodreads,skipped,0,0,,0,0,0,0,1,,,data
4109,9780684842417,,goodreads,skipped,0,0,,0,0,0,0,1,,,data
4110,9780872496347,,goodreads,skipped,0,0,,0,0,0,0,1,,,data
4111,9780849954009,,goodreads,skipped,0,0,,0,0,0,0,1,,,data
4112,9780631162278,,goodreads,skipped,0,0,,0,0,0,0,1,,,data
4113,9781556155956,,goodreads,skipped,0,0,,0,0,0,0,1,,,data
4114,9781562054083,,goodreads,skipped,0,0,,0,0,0,0,1,,,data
4115,9781562053697,,goodreads,skipped,0,0,,0,0,0,0,1,,,data
4116,9780831761103,,goodreads,skipped,0,0,,0,0,0,0,1,,,data
4117,9780452282940,,goodreads,skipped,0,0,,0,0,0,0,1,,,data
4118,9781858285184,,goodreads,skipped,0,0,,0,0,0,0,1,,,data
4119,9781858285054,,goodreads,skipped,0,0,,0,0,0,0,1,,,data
4120,9780199111213,,goodreads,skipped,0,0,,0,0,0,0,1,,,data
4121,9780670913664,,goodreads,skipped,0,0,,0,0,0,0,1,,,data
4122,9780451524379,,goodreads,skipped,0,0,,0,0,0,0,1,,,data
4123,9781569714379,,goodreads,skipped,0,0,,0,0,0,0,1,,,data
4124,9780452275959,,goodreads,skipped,0,0,,0,0,0,0,1,,,data
4125,9780006391890,,goodreads,skipped,0,0,,0,0,0,0,1,,,data
4126,9780449501153,,goodreads,skipped,0,0,,0,0,0,0,1,,,data
4127,9780312037284,,goodreads,skipped,0,0,,0,0,0,0,1,,,data
4128,9780396082477,,goodreads,skipped,0,0,,0,0,0,0,1,,,data
4129,9780385314879,,goodreads,skipped,0,0,,0,0,0,0,1,,,data
4130,9780060924089,,goodreads,skipped,0,0,,0,0,0,0,1,,,data
4131,9780330390484,,goodreads,skipped,0,0,,0,0,0,0,1,,,data
4132,9780394708409,,goodreads,skipped,0,0,,0,0,0,0,1,,,data
4133,9780812561517,,goodreads,skipped,0,0,,0,0,0,0,1,,,data
4134,9780061093371,,goodreads,skipped,0,0,,0,0,0,0,1,,,data
4135,9780449219645,,goodreads,skipped,0,0,,0,0,0,0,1,,,data
4136,9780446403726,,goodreads,skipped,0,0,,0,0,0,0,1,,,data
4137,9783472613688,,goodreads,skipped,0,0,,0,0,0,0,1,,,data
4138,9780553225839,,goodreads,skipped,0,0,,0,0,0,0,1,,,data
4139,9781864368093,,goodreads,skipped,0,0,,0,0,0,0,1,,,data
4140,9780740738265,,goodreads,skipped,0,0,,0,0,0,0,1,,,data
4141,9780762413812,,goodreads,skipped,0,0,,0,0,0,0,1,,,data
4142,9780764553264,,goodreads,skipped,0,0,,0,0,0,0,1,,,data
4143,9781593080655,,goodreads,skipped,0,0,,0,0,0,0,1,,,data
4144,9781401901929,,goodreads,skipped,0,0,,0,0,0,0,1,,,data
4145,9781564145666,,goodreads,skipped,0,0,,0,0,0,0,1,,,data
4146,9780062516848,,goodreads,skipped,0,0,,0,0,0,0,1,,,data
4147,9781567186369,,goodreads,skipped,0,0,,0,0,0,0,1,,,data
4148,9780385030090,,goodreads,skipped,0,0,,0,0,0,0,1,,,data
4149,9788466302951,,goodreads,skipped,0,0,,0,0,0,0,1,,,data
4150,9780192826428,,goodreads,skipped,0,0,,0,0,0,0,1,,,data
4151,9781558744233,,goodreads,skipped,0,0,,0,0,0,0,1,,,data
4152,9781410764270,,goodreads,skipped,0,0,,0,0,0,0,1,,,data
4153,9783774254633,,goodreads,skipped,0,0,,0,0,0,0,1,,,data
4154,9783453190252,,goodreads,skipped,0,0,,0,0,0,0,1,,,data
4155,9783774223899,,goodreads,skipped,0,0,,0,0,0,0,1,,,data
4156,9783791530376,,goodreads,skipped,0,0,,0,0,0,0,1,,,data
4157,9783821808857,,goodreads,skipped,0,0,,0,0,0,0,1,,,data
4158,9783806217735,,goodreads,skipped,0,0,,0,0,0,0,1,,,data
4159,9783446203501,,goodreads,skipped,0,0,,0,0,0,0,1,,,data
4160,9789021490502,,goodreads,skipped,0,0,,0,0,0,0,1,,,data
4161,9783453155824,,goodreads,skipped,0,0,,0,0,0,0,1,,,data
4162,9783150069547,,goodreads,skipped,0,0,,0,0,0,0,1,,,data
4163,9783784415802,,goodreads,skipped,0,0,,0,0,0,0,1,,,data
4164,9783442721443,,goodreads,skipped,0,0,,0,0,0,0,1,,,data
4165,9783442721412,,goodreads,skipped,0,0,,0,0,0,0,1,,,data
4166,9783431036145,,goodreads,skipped,0,0,,0,0,0,0,1,,,data
4167,9780753450253,,goodreads,skipped,0,0,,0,0,0,0,1,,,data
4168,9783596129928,,goodreads,skipped,0,0,,0,0,0,0,1,,,data
4169,9780062504319,,goodreads,skipped,0,0,,0,0,0,0,1,,,data
4170,9780809125814,,goodreads,skipped,0,0,,0,0,0,0,1,,,data
4171,9780814624111,,goodreads,skipped,0,0,,0,0,0,0,1,,,data
4172,9781567921984,,goodreads,skipped,0,0,,0,0,0,0,1,,,data
4173,9780814625460,,goodreads,skipped,0,0,,0,0,0,0,1,,,data
4174,9780879462338,,goodreads,skipped,0,0,,0,0,0,0,1,,,data
4175,9781401097868,,goodreads,skipped,0,0,,0,0,0,0,1,,,data
4176,9780879736934,,goodreads,skipped,0,0,,0,0,0,0,1,,,data
4177,9781569013137,,goodreads,skipped,0,0,,0,0,0,0,1,,,data
4178,9780140714258,,goodreads,skipped,0,0,,0,0,0,0,1,,,data
4179,9780967349701,,goodreads,skipped,0,0,,0,0,0,0,1,,,data
4180,9781899884001,,goodreads,skipped,0,0,,0,0,0,0,1,,,data
4181,9780609801352,,goodreads,skipped,0,0,,0,0,0,0,1,,,data
4182,9783596143696,,goodreads,skipped,0,0,,0,0,0,0,1,,,data
4183,9781561703487,,goodreads,skipped,0,0,,0,0,0,0,1,,,data
4184,9780962520617,,goodreads,skipped,0,0,,0,0,0,0,1,,,data
4185,9781551521039,,goodreads,skipped,0,0,,0,0,0,0,1,,,data
4186,9780871918932,,goodreads,skipped,0,0,,0,0,0,0,1,,,data
4187,9781586215989,,goodreads,skipped,0,0,,0,0,0,0,1,,,data
4188,9780743532433,,goodreads,skipped,0,0,,0,0,0,0,1,,,data
4189,9780944501108,,goodreads,skipped,0,0,,0,0,0,0,1,,,data
4190,9780060725365,,goodreads,skipped,0,0,,0,0,0,0,1,,,data
4191,9780553757071,,goodreads,skipped,0,0,,0,0,0,0,1,,,data
4192,9780684804163,,goodreads,skipped,0,0,,0,0,0,0,1,,,data
4193,9780671633325,,goodreads,skipped,0,0,,0,0,0,0,1,,,data
4194,9780914427827,,goodreads,skipped,0,0,,0,0,0,0,1,,,data
4195,9780517527467,,goodreads,skipped,0,0,,0,0,0,0,1,,,data
4196,9780590333917,,goodreads,skipped,0,0,,0,0,0,0,1,,,data
4197,9780806624990,,goodreads,skipped,0,0,,0,0,0,0,1,,,data
4198,9780385492843,,goodreads,skipped,0,0,,0,0,0,0,1,,,data
4199,9781564406156,,goodreads,skipped,0,0,,0,0,0,0,1,,,data
4200,9780671007706,,goodreads,skipped,0,0,,0,0,0,0,1,,,data
4201,9780920897010,,goodreads,skipped,0,0,,0,0,0,0,1,,,data
4202,9780814622056,,goodreads,skipped,0,0,,0,0,0,0,1,,,data
4203,9780425141205,,goodreads,skipped,0,0,,0,0,0,0,1,,,data
4204,9780832700026,,goodreads,skipped,0,0,,0,0,0,0,1,,,data
4205,9780896227309,,goodreads,skipped,0,0,,0,0,0,0,1,,,data
4206,9780887846311,,goodreads,skipped,0,0,,0,0,0,0,1,,,data
4207,9780449903117,,goodreads,skipped,0,0,,0,0,0,0,1,,,data
4208,9781551111742,,goodreads,skipped,0,0,,0,0,0,0,1,,,data
4209,9780553241310,,goodreads,skipped,0,0,,0,0,0,0,1,,,data
4210,9781551112435,,goodreads,skipped,0,0,,0,0,0,0,1,,,data
4211,9780385009485,,goodreads,skipped,0,0,,0,0,0,0,1,,,data
4212,9780312104269,,goodreads,skipped,0,0,,0,0,0,0,1,,,data
4213,9780385497930,,goodreads,skipped,0,0,,0,0,0,0,1,,,data
4214,9780440506850,,goodreads,skipped,0,0,,0,0,0,0,1,,,data
4215,9783446192904,,goodreads,skipped,0,0,,0,0,0,0,1,,,data
4216,9780553155310,,goodreads,skipped,0,0,,0,0,0,0,1,,,data
4217,9780809129591,,goodreads,skipped,0,0,,0,0,0,0,1,,,data
4218,9780553156553,,goodreads,skipped,0,0,,0,0,0,0,1,,,data
4219,9780399512513,,goodreads,skipped,0,0,,0,0,0,0,1,,,data
4220,9780722537312,,goodreads,skipped,0,0,,0,0,0,0,1,,,data
4221,9780380816255,,goodreads,skipped,0,0,,0,0,0,0,1,,,data
4222,9780316203951,,goodreads,skipped,0,0,,0,0,0,0,1,,,data
4223,9780689822889,,goodreads,skipped,0,0,,0,0,0,0,1,,,data
4224,9780316203968,,goodreads,skipped,0,0,,0,0,0,0,1,,,data
4225,9780060682385,,goodreads,skipped,0,0,,0,0,0,0,1,,,data
4226,9780812926712,,goodreads,skipped,0,0,,0,0,0,0,1,,,data
4227,9780070410923,,goodreads,skipped,0,0,,0,0,0,0,1,,,data
4228,9780062512994,,goodreads,skipped,0,0,,0,0,0,0,1,,,data
4229,9780060924638,,goodreads,skipped,0,0,,0,0,0,0,1,,,data
4230,9781558703629,,goodreads,skipped,0,0,,0,0,0,0,1,,,data
4231,9781552200834,,goodreads,skipped,0,0,,0,0,0,0,1,,,data
4232,9780553290936,,goodreads,skipped,0,0,,0,0,0,0,1,,,data
4233,9780553541779,,goodreads,skipped,0,0,,0,0,0,0,1,,,data
4234,9780140079746,,goodreads,skipped,0,0,,0,0,0,0,1,,,data
4235,9781556611711,,goodreads,skipped,0,0,,0,0,0,0,1,,,data
4236,9780451191755,,goodreads,skipped,0,0,,0,0,0,0,1,,,data
4237,9780393014297,,goodreads,skipped,0,0,,0,0,0,0,1,,,data
4238,9780452281868,,goodreads,skipped,0,0,,0,0,0,0,1,,,data
4239,9781567115260,,goodreads,skipped,0,0,,0,0,0,0,1,,,data
4240,9781551050560,,goodreads,skipped,0,0,,0,0,0,0,1,,,data
4241,9780133865325,,goodreads,skipped,0,0,,0,0,0,0,1,,,data
4242,9781572304512,,goodreads,skipped,0,0,,0,0,0,0,1,,,data
4243,9780880911306,,goodreads,skipped,0,0,,0,0,0,0,1,,,data
4244,9780195411041,,goodreads,skipped,0,0,,0,0,0,0,1,,,data
4245,9780515062960,,goodreads,skipped,0,0,,0,0,0,0,1,,,data
4246,9781880033265,,goodreads,skipped,0,0,,0,0,0,0,1,,,data
4247,9780962944703,,goodreads,skipped,0,0,,0,0,0,0,1,,,data
4248,9780553134438,,goodreads,skipped,0,0,,0,0,0,0,1,,,data
4249,9780814604120,,goodreads,skipped,0,0,,0,0,0,0,1,,,data
4250,9780425037034,,goodreads,skipped,0,0,,0,0,0,0,1,,,data
4251,9780892833931,,goodreads,skipped,0,0,,0,0,0,0,1,,,data
4252,9780373093731,,goodreads,skipped,0,0,,0,0,0,0,1,,,data
4253,9780836228083,,goodreads,skipped,0,0,,0,0,0,0,1,,,data
4254,9780671459758,,goodreads,skipped,0,0,,0,0,0,0,1,,,data
4255,9780895555106,,goodreads,skipped,0,0,,0,0,0,0,1,,,data
4256,9780345304421,,goodreads,skipped,0,0,,0,0,0,0,1,,,data
4257,9780842341769,,goodreads,skipped,0,0,,0,0,0,0,1,,,data
4258,9780451156259,,goodreads,skipped,0,0,,0,0,0,0,1,,,data
4259,9780932707178,,goodreads,skipped,0,0,,0,0,0,0,1,,,data
4260,9780671422172,,goodreads,skipped,0,0,,0,0,0,0,1,,,data
4261,9780671501914,,goodreads,skipped,0,0,,0,0,0,0,1,,,data
4262,9780939508044,,goodreads,skipped,0,0,,0,0,0,0,1,,,data
4263,9780440207122,,goodreads,skipped,0,0,,0,0,0,0,1,,,data
4264,9780553124132,,goodreads,skipped,0,0,,0,0,0,0,1,,,data
4265,9780345301796,,goodreads,skipped,0,0,,0,0,0,0,1,,,data
4266,9780451166326,,goodreads,skipped,0,0,,0,0,0,0,1,,,data
4267,9780914539100,,goodreads,skipped,0,0,,0,0,0,0,1,,,data
4268,9780316846875,,goodreads,skipped,0,0,,0,0,0,0,1,,,data
4269,9780385177269,,goodreads,skipped,0,0,,0,0,0,0,1,,,data
4270,9780395312865,,goodreads,skipped,0,0,,0,0,0,0,1,,,data
4271,9780836218121,,goodreads,skipped,0,0,,0,0,0,0,1,,,data
4272,9780679005391,,goodreads,skipped,0,0,,0,0,0,0,1,,,data
4273,9780812830347,,goodreads,skipped,0,0,,0,0,0,0,1,,,data
4274,9780871315540,,goodreads,skipped,0,0,,0,0,0,0,1,,,data
4275,9780671883799,,goodreads,skipped,0,0,,0,0,0,0,1,,,data
4276,9780395082560,,goodreads,skipped,0,0,,0,0,0,0,1,,,data
4277,9780395082553,,goodreads,skipped,0,0,,0,0,0,0,1,,,data
4278,9780395082546,,goodreads,skipped,0,0,,0,0,0,0,1,,,data
4279,9789879789971,,goodreads,skipped,0,0,,0,0,0,0,1,,,data
4280,9780440504597,,goodreads,skipped,0,0,,0,0,0,0,1,,,data
4281,9780743214582,,goodreads,skipped,0,0,,0,0,0,0,1,,,data
4282,9780891412908,,goodreads,skipped,0,0,,0,0,0,0,1,,,data
4283,9780385293303,,goodreads,skipped,0,0,,0,0,0,0,1,,,data
4284,9780140431377,,goodreads,skipped,0,0,,0,0,0,0,1,,,data
4285,9780140432107,,goodreads,skipped,0,0,,0,0,0,0,1,,,data
4286,9780688089016,,goodreads,skipped,0,0,,0,0,0,0,1,,,data
4287,9780312862961,,goodreads,skipped,0,0,,0,0,0,0,1,,,data
4288,9781853264405,,goodreads,skipped,0,0,,0,0,0,0,1,,,data
4289,9780394752495,,goodreads,skipped,0,0,,0,0,0,0,1,,,data
4290,9780786706464,,goodreads,skipped,0,0,,0,0,0,0,1,,,data
4291,9780892961993,,goodreads,skipped,0,0,,0,0,0,0,1,,,data
4292,9780471535874,,goodreads,skipped,0,0,,0,0,0,0,1,,,data
4293,9780310537618,,goodreads,skipped,0,0,,0,0,0,0,1,,,data
4294,9780517668436,,goodreads,skipped,0,0,,0,0,0,0,1,,,data
4295,9780028630359,,goodreads,skipped,0,0,,0,0,0,0,1,,,data
4296,9780517643013,,goodreads,skipped,0,0,,0,0,0,0,1,,,data
4297,9780684804194,,goodreads,skipped,0,0,,0,0,0,0,1,,,data
4298,9780681400948,,goodreads,skipped,0,0,,0,0,0,0,1,,,data
4299,9780892961238,,goodreads,skipped,0,0,,0,0,0,0,1,,,data
4300,9780788168253,,goodreads,skipped,0,0,,0,0,0,0,1,,,data
4301,9781566910248,,goodreads,skipped,0,0,,0,0,0,0,1,,,data
4302,9780875964782,,goodreads,skipped,0,0,,0,0,0,0,1,,,data
4303,9780590483209,,goodreads,skipped,0,0,,0,0,0,0,1,,,data
4304,9780671451592,,goodreads,skipped,0,0,,0,0,0,0,1,,,data
4305,9780385487658,,goodreads,skipped,0,0,,0,0,0,0,1,,,data
4306,9780671003760,,goodreads,skipped,0,0,,0,0,0,0,1,,,data
4307,9780805208818,,goodreads,skipped,0,0,,0,0,0,0,1,,,data
4308,9780451198891,,goodreads,skipped,0,0,,0,0,0,0,1,,,data
4309,9780312034412,,goodreads,skipped,0,0,,0,0,0,0,1,,,data
4310,9780802753847,,goodreads,skipped,0,0,,0,0,0,0,1,,,data
4311,9780449200766,,goodreads,skipped,0,0,,0,0,0,0,1,,,data
4312,9780871132512,,goodreads,skipped,0,0,,0,0,0,0,1,,,data
4313,9780385302371,,goodreads,skipped,0,0,,0,0,0,0,1,,,data
4314,9780028615738,,goodreads,skipped,0,0,,0,0,0,0,1,,,data
4315,9780333321836,,goodreads,skipped,0,0,,0,0,0,0,1,,,data
4316,9780871131386,,goodreads,skipped,0,0,,0,0,0,0,1,,,data
4317,9780899429502,,goodreads,skipped,0,0,,0,0,0,0,1,,,data
4318,9780887846694,,goodreads,skipped,0,0,,0,0,0,0,1,,,data
4319,9780844221298,,goodreads,skipped,0,0,,0,0,0,0,1,,,data
4320,9780385188067,,goodreads,skipped,0,0,,0,0,0,0,1,,,data
4321,9780789468062,,goodreads,skipped,0,0,,0,0,0,0,1,,,data
4322,9781551971193,,goodreads,skipped,0,0,,0,0,0,0,1,,,data
4323,9780312048587,,goodreads,skipped,0,0,,0,0,0,0,1,,,data
4324,9780940212084,,goodreads,skipped,0,0,,0,0,0,0,1,,,data
4325,9780394753430,,goodreads,skipped,0,0,,0,0,0,0,1,,,data
4326,9783442435388,,goodreads,skipped,0,0,,0,0,0,0,1,,,data
4327,9780684840062,,goodreads,skipped,0,0,,0,0,0,0,1,,,data
4328,9780394530741,,goodreads,skipped,0,0,,0,0,0,0,1,,,data
4329,9780553493382,,goodreads,skipped,0,0,,0,0,0,0,1,,,data
4330,9780231084246,,goodreads,skipped,0,0,,0,0,0,0,1,,,data
4331,9781556110146,,goodreads,skipped,0,0,,0,0,0,0,1,,,data
4332,9780393040234,,goodreads,skipped,0,0,,0,0,0,0,1,,,data
4333,9780151442331,,goodreads,skipped,0,0,,0,0,0,0,1,,,data
4334,9780465019915,,goodreads,skipped,0,0,,0,0,0,0,1,,,data
4335,9781562870348,,goodreads,skipped,0,0,,0,0,0,0,1,,,data
4336,9780553155389,,goodreads,skipped,0,0,,0,0,0,0,1,,,data
4337,9780864424297,,goodreads,skipped,0,0,,0,0,0,0,1,,,data
4338,9783404146543,,goodreads,skipped,0,0,,0,0,0,0,1,,,data
4339,9780312194819,,goodreads,skipped,0,0,,0,0,0,0,1,,,data
4340,9783404144853,,goodreads,skipped,0,0,,0,0,0,0,1,,,data
4341,9780130743114,,goodreads,skipped,0,0,,0,0,0,0,1,,,data
4342,9780681401143,,goodreads,skipped,0,0,,0,0,0,0,1,,,data
4343,9783423072397,,goodreads,skipped,0,0,,0,0,0,0,1,,,data
4344,9781578152537,,goodreads,skipped,0,0,,0,0,0,0,1,,,data
4345,9780395253991,,goodreads,skipped,0,0,,0,0,0,0,1,,,data
4346,9780882664644,,goodreads,skipped,0,0,,0,0,0,0,1,,,data
4347,9780816735815,,goodreads,skipped,0,0,,0,0,0,0,1,,,data
4348,9780805209587,,goodreads,skipped,0,0,,0,0,0,0,1,,,data
4349,9780446608688,,goodreads,skipped,0,0,,0,0,0,0,1,,,data
4350,9780394896250,,goodreads,skipped,0,0,,0,0,0,0,1,,,data
4351,9780394572697,,goodreads,skipped,0,0,,0,0,0,0,1,,,data
4352,9780786862887,,goodreads,skipped,0,0,,0,0,0,0,1,,,data
4353,9780688035938,,goodreads,skipped,0,0,,0,0,0,0,1,,,data
4354,9780553493092,,goodreads,skipped,0,0,,0,0,0,0,1,,,data
4355,9780525248279,,goodreads,skipped,0,0,,0,0,0,0,1,,,data
4356,9780517567289,,goodreads,skipped,0,0,,0,0,0,0,1,,,data
4357,9789100560232,,goodreads,skipped,0,0,,0,0,0,0,1,,,data
4358,9780671600730,,goodreads,skipped,0,0,,0,0,0,0,1,,,data
4359,9780312857134,,goodreads,skipped,0,0,,0,0,0,0,1,,,data
4360,9780553209457,,goodreads,skipped,0,0,,0,0,0,0,1,,,data
4361,9780875940120,,goodreads,skipped,0,0,,0,0,0,0,1,,,data
4362,9780874749090,,goodreads,skipped,0,0,,0,0,0,0,1,,,data
4363,9780312022457,,goodreads,skipped,0,0,,0,0,0,0,1,,,data
4364,9780762706389,,goodreads,skipped,0,0,,0,0,0,0,1,,,data
4365,9780060977238,,goodreads,skipped,0,0,,0,0,0,0,1,,,data
4366,9780394554273,,goodreads,skipped,0,0,,0,0,0,0,1,,,data
4367,9780140065718,,goodreads,skipped,0,0,,0,0,0,0,1,,,data
4368,9780688158057,,goodreads,skipped,0,0,,0,0,0,0,1,,,data
4369,9780590401876,,goodreads,skipped,0,0,,0,0,0,0,1,,,data
4370,9780345306401,,goodreads,skipped,0,0,,0,0,0,0,1,,,data
4371,9780670827893,,goodreads,skipped,0,0,,0,0,0,0,1,,,data
4372,9780441783748,,goodreads,skipped,0,0,,0,0,0,0,1,,,data
4373,9781552049914,,goodreads,skipped,0,0,,0,0,0,0,1,,,data
4374,9780590339575,,goodreads,skipped,0,0,,0,0,0,0,1,,,data
4375,9780688171544,,goodreads,skipped,0,0,,0,0,0,0,1,,,data
4376,9780671731823,,goodreads,skipped,0,0,,0,0,0,0,1,,,data
4377,9780060129736,,goodreads,skipped,0,0,,0,0,0,0,1,,,data
4378,9780671803896,,goodreads,skipped,0,0,,0,0,0,0,1,,,data
4379,9780140126860,,goodreads,skipped,0,0,,0,0,0,0,1,,,data
4380,9780892962518,,goodreads,skipped,0,0,,0,0,0,0,1,,,data
4381,9780380782123,,goodreads,skipped,0,0,,0,0,0,0,1,,,data
4382,9780394743165,,goodreads,skipped,0,0,,0,0,0,0,1,,,data
4383,9780920256367,,goodreads,skipped,0,0,,0,0,0,0,1,,,data
4384,9780380556571,,goodreads,skipped,0,0,,0,0,0,0,1,,,data
4385,9780880290142,,goodreads,skipped,0,0,,0,0,0,0,1,,,data
4386,9780517572412,,goodreads,skipped,0,0,,0,0,0,0,1,,,data
4387,9780307215864,,goodreads,skipped,0,0,,0,0,0,0,1,,,data
4388,9780316141260,,goodreads,skipped,0,0,,0,0,0,0,1,,,data
4389,9780385234528,,goodreads,skipped,0,0,,0,0,0,0,1,,,data
4390,9783596150571,,goodreads,skipped,0,0,,0,0,0,0,1,,,data
4391,9781577595465,,goodreads,skipped,0,0,,0,0,0,0,1,,,data
4392,9783423243117,,goodreads,skipped,0,0,,0,0,0,0,1,,,data
4393,9780060278953,,goodreads,skipped,0,0,,0,0,0,0,1,,,data
4394,9780440418436,,goodreads,skipped,0,0,,0,0,0,0,1,,,data
4395,9780439341264,,goodreads,skipped,0,0,,0,0,0,0,1,,,data
4396,9780679402565,,goodreads,skipped,0,0,,0,0,0,0,1,,,data
4397,9780881663266,,goodreads,skipped,0,0,,0,0,0,0,1,,,data
4398,9780691019024,,goodreads,skipped,0,0,,0,0,0,0,1,,,data
4399,9780060195564,,goodreads,skipped,0,0,,0,0,0,0,1,,,data
4400,9780818504389,,goodreads,skipped,0,0,,0,0,0,0,1,,,data
4401,9780765194251,,goodreads,skipped,0,0,,0,0,0,0,1,,,data
4402,9780060984328,,goodreads,skipped,0,0,,0,0,0,0,1,,,data
4403,9780875870908,,goodreads,skipped,0,0,,0,0,0,0,1,,,data
4404,9781932100082,,goodreads,skipped,0,0,,0,0,0,0,1,,,data
4405,9780765196941,,goodreads,skipped,0,0,,0,0,0,0,1,,,data
4406,9780312201739,,goodreads,skipped,0,0,,0,0,0,0,1,,,data
4407,9780809476794,,goodreads,skipped,0,0,,0,0,0,0,1,,,data
4408,9780375500282,,goodreads,skipped,0,0,,0,0,0,0,1,,,data
4409,9780140273298,,goodreads,skipped,0,0,,0,0,0,0,1,,,data
4410,9780810913714,,goodreads,skipped,0,0,,0,0,0,0,1,,,data
4411,9781569552216,,goodreads,skipped,0,0,,0,0,0,0,1,,,data
4412,9780812504286,,goodreads,skipped,0,0,,0,0,0,0,1,,,data
4413,9780671831202,,goodreads,skipped,0,0,,0,0,0,0,1,,,data
4414,9780393039412,,goodreads,skipped,0,0,,0,0,0,0,1,,,data
4415,9780893756093,,goodreads,skipped,0,0,,0,0,0,0,1,,,data
4416,9780750922838,,goodreads,skipped,0,0,,0,0,0,0,1,,,data
4417,9781570718601,,goodreads,skipped,0,0,,0,0,0,0,1,,,data
4418,9780590442978,,goodreads,skipped,0,0,,0,0,0,0,1,,,data
4419,9780843114492,,goodreads,skipped,0,0,,0,0,0,0,1,,,data
4420,9780688140342,,goodreads,skipped,0,0,,0,0,0,0,1,,,data
4421,9780307215512,,goodreads,skipped,0,0,,0,0,0,0,1,,,data
4422,9780966347326,,goodreads,skipped,0,0,,0,0,0,0,1,,,data
4423,9780307215413,,goodreads,skipped,0,0,,0,0,0,0,1,,,data
4424,9781853754128,,goodreads,skipped,0,0,,0,0,0,0,1,,,data
4425,9781587360671,,goodreads,skipped,0,0,,0,0,0,0,1,,,data
4426,9780688416409,,goodreads,skipped,0,0,,0,0,0,0,1,,,data
4427,9780345340207,,goodreads,skipped,0,0,,0,0,0,0,1,,,data
4428,9780934601849,,goodreads,skipped,0,0,,0,0,0,0,1,,,data
4429,9780062510594,,goodreads,skipped,0,0,,0,0,0,0,1,,,data
4430,9780744560497,,goodreads,skipped,0,0,,0,0,0,0,1,,,data
4431,9780881623710,,goodreads,skipped,0,0,,0,0,0,0,1,,,data
4432,9780670829828,,goodreads,skipped,0,0,,0,0,0,0,1,,,data
4433,9780807554043,,goodreads,skipped,0,0,,0,0,0,0,1,,,data
4434,9780590418409,,goodreads,skipped,0,0,,0,0,0,0,1,,,data
4435,9780525937302,,goodreads,skipped,0,0,,0,0,0,0,1,,,data
4436,9781403355744,,goodreads,skipped,0,0,,0,0,0,0,1,,,data
4437,9780130017604,,goodreads,skipped,0,0,,0,0,0,0,1,,,data
4438,9780590430159,,goodreads,skipped,0,0,,0,0,0,0,1,,,data
4439,9781571290298,,goodreads,skipped,0,0,,0,0,0,0,1,,,data
4440,9780380718221,,goodreads,skipped,0,0,,0,0,0,0,1,,,data
4441,9780525471394,,goodreads,skipped,0,0,,0,0,0,0,1,,,data
4442,9780156901772,,goodreads,skipped,0,0,,0,0,0,0,1,,,data
4443,9780553158946,,goodreads,skipped,0,0,,0,0,0,0,1,,,data
4444,9781401900625,,goodreads,skipped,0,0,,0,0,0,0,1,,,data
4445,9780743500463,,goodreads,skipped,0,0,,0,0,0,0,1,,,data
4446,9781889968537,,goodreads,skipped,0,0,,0,0,0,0,1,,,data
4447,9780205322442,,goodreads,skipped,0,0,,0,0,0,0,1,,,data
4448,9781555613440,,goodreads,skipped,0,0,,0,0,0,0,1,,,data
4449,9781555613105,,goodreads,skipped,0,0,,0,0,0,0,1,,,data
4450,9780810912779,,goodreads,skipped,0,0,,0,0,0,0,1,,,data
4451,9780890877852,,goodreads,skipped,0,0,,0,0,0,0,1,,,data
4452,9780943231990,,goodreads,skipped,0,0,,0,0,0,0,1,,,data
4453,9781559501378,,goodreads,skipped,0,0,,0,0,0,0,1,,,data
4454,9783453092426,,goodreads,skipped,0,0,,0,0,0,0,1,,,data
4455,9780961642617,,goodreads,skipped,0,0,,0,0,0,0,1,,,data
4456,9780786831470,,goodreads,skipped,0,0,,0,0,0,0,1,,,data
4457,9780517139110,,goodreads,skipped,0,0,,0,0,0,0,1,,,data
4458,9781562880675,,goodreads,skipped,0,0,,0,0,0,0,1,,,data
4459,9781569470015,,goodreads,skipped,0,0,,0,0,0,0,1,,,data
4460,9780690005660,,goodreads,skipped,0,0,,0,0,0,0,1,,,data
4461,9780452277724,,goodreads,skipped,0,0,,0,0,0,0,1,,,data
4462,9781562880668,,goodreads,skipped,0,0,,0,0,0,0,1,,,data
4463,9780679400349,,goodreads,skipped,0,0,,0,0,0,0,1,,,data
4464,9780060294519,,goodreads,skipped,0,0,,0,0,0,0,1,,,data
4465,9780880299039,,goodreads,skipped,0,0,,0,0,0,0,1,,,data
4466,9780882901565,,goodreads,skipped,0,0,,0,0,0,0,1,,,data
4467,9781559210393,,goodreads,skipped,0,0,,0,0,0,0,1,,,data
4468,9781562880651,,goodreads,skipped,0,0,,0,0,0,0,1,,,data
4469,9780882902036,,goodreads,skipped,0,0,,0,0,0,0,1,,,data
4470,9781559501194,,goodreads,skipped,0,0,,0,0,0,0,1,,,data
4471,9781559501323,,goodreads,skipped,0,0,,0,0,0,0,1,,,data
4472,9781559500678,,goodreads,skipped,0,0,,0,0,0,0,1,,,data
4473,9780915179626,,goodreads,skipped,0,0,,0,0,0,0,1,,,data
4474,9780517334195,,goodreads,skipped,0,0,,0,0,0,0,1,,,data
4475,9780871313492,,goodreads,skipped,0,0,,0,0,0,0,1,,,data
4476,9780915179244,,goodreads,skipped,0,0,,0,0,0,0,1,,,data
4477,9780789205384,,goodreads,skipped,0,0,,0,0,0,0,1,,,data
4478,9780500050576,,goodreads,skipped,0,0,,0,0,0,0,1,,,data
4479,9780553238310,,goodreads,skipped,0,0,,0,0,0,0,1,,,data
4480,9780140061956,,goodreads,skipped,0,0,,0,0,0,0,1,,,data
4481,9780671727734,,goodreads,skipped,0,0,,0,0,0,0,1,,,data
4482,9780316926287,,goodreads,skipped,0,0,,0,0,0,0,1,,,data
4483,9780030437267,,goodreads,skipped,0,0,,0,0,0,0,1,,,data
4484,9780586090855,,goodreads,skipped,0,0,,0,0,0,0,1,,,data
4485,9781886093119,,goodreads,skipped,0,0,,0,0,0,0,1,,,data
4486,9780060674694,,goodreads,skipped,0,0,,0,0,0,0,1,,,data
4487,9780393309430,,goodreads,skipped,0,0,,0,0,0,0,1,,,data
4488,9780839786429,,goodreads,skipped,0,0,,0,0,0,0,1,,,data
4489,9780451450487,,goodreads,skipped,0,0,,0,0,0,0,1,,,data
4490,9780863580017,,goodreads,skipped,0,0,,0,0,0,0,1,,,data
4491,9780061090912,,goodreads,skipped,0,0,,0,0,0,0,1,,,data
4492,9780812566611,,goodreads,skipped,0,0,,0,0,0,0,1,,,data
4493,9780451523464,,goodreads,skipped,0,0,,0,0,0,0,1,,,data
4494,9780819562784,,goodreads,skipped,0,0,,0,0,0,0,1,,,data
4495,9780816747252,,goodreads,skipped,0,0,,0,0,0,0,1,,,data
4496,9780140431247,,goodreads,skipped,0,0,,0,0,0,0,1,,,data
4497,9780819562777,,goodreads,skipped,0,0,,0,0,0,0,1,,,data
4498,9780312878665,,goodreads,skipped,0,0,,0,0,0,0,1,,,data
4499,9780819562715,,goodreads,skipped,0,0,,0,0,0,0,1,,,data
4500,9780819562708,,goodreads,skipped,0,0,,0,0,0,0,1,,,data
4501,9780590120098,,goodreads,skipped,0,0,,0,0,0,0,1,,,data
4502,9780821737330,,goodreads,skipped,0,0,,0,0,0,0,1,,,data
4503,9780061059575,,goodreads,skipped,0,0,,0,0,0,0,1,,,data
4504,9780786832477,,goodreads,skipped,0,0,,0,0,0,0,1,,,data
4505,9780553214253,,goodreads,skipped,0,0,,0,0,0,0,1,,,data
4506,9780865474710,,goodreads,skipped,0,0,,0,0,0,0,1,,,data
4507,9780151181018,,goodreads,skipped,0,0,,0,0,0,0,1,,,data
4508,9780060201432,,goodreads,skipped,0,0,,0,0,0,0,1,,,data
4509,9780393033564,,goodreads,skipped,0,0,,0,0,0,0,1,,,data
4510,9780307106537,,goodreads,skipped,0,0,,0,0,0,0,1,,,data
4511,9780671211486,,goodreads,skipped,0,0,,0,0,0,0,1,,,data
4512,9780195103663,,goodreads,skipped,0,0,,0,0,0,0,1,,,data
4513,9780195072792,,goodreads,skipped,0,0,,0,0,0,0,1,,,data
4514,9780312617455,,goodreads,skipped,0,0,,0,0,0,0,1,,,data
4515,9781879237230,,goodreads,skipped,0,0,,0,0,0,0,1,,,data
4516,9780521802796,,goodreads,skipped,0,0,,0,0,0,0,1,,,data
4517,9780812566543,,goodreads,skipped,0,0,,0,0,0,0,1,,,data
4518,9780345352170,,goodreads,skipped,0,0,,0,0,0,0,1,,,data
4519,9780812566994,,goodreads,skipped,0,0,,0,0,0,0,1,,,data
4520,9780345352187,,goodreads,skipped,0,0,,0,0,0,0,1,,,data
4521,9780679440352,,goodreads,skipped,0,0,,0,0,0,0,1,,,data
4522,9780802132642,,goodreads,skipped,0,0,,0,0,0,0,1,,,data
4523,9780679441090,,goodreads,skipped,0,0,,0,0,0,0,1,,,data
4524,9780373029525,,goodreads,skipped,0,0,,0,0,0,0,1,,,data
4525,9780312105013,,goodreads,skipped,0,0,,0,0,0,0,1,,,data
4526,9780715610169,,goodreads,skipped,0,0,,0,0,0,0,1,,,data
4527,9780195057812,,goodreads,skipped,0,0,,0,0,0,0,1,,,data
4528,9780671041908,,goodreads,skipped,0,0,,0,0,0,0,1,,,data
4529,9780517588048,,goodreads,skipped,0,0,,0,0,0,0,1,,,data
4530,9780941969024,,goodreads,skipped,0,0,,0,0,0,0,1,,,data
4531,9781567181647,,goodreads,skipped,0,0,,0,0,0,0,1,,,data
4532,9780373760244,,goodreads,skipped,0,0,,0,0,0,0,1,,,data
4533,9781852277635,,goodreads,skipped,0,0,,0,0,0,0,1,,,data
4534,9780373166374,,goodreads,skipped,0,0,,0,0,0,0,1,,,data
4535,9780880389136,,goodreads,skipped,0,0,,0,0,0,0,1,,,data
4536,9780061084614,,goodreads,skipped,0,0,,0,0,0,0,1,,,data
4537,9780872860643,,goodreads,skipped,0,0,,0,0,0,0,1,,,data
4538,9780373833580,,goodreads,skipped,0,0,,0,0,0,0,1,,,data
4539,9781931742207,,goodreads,skipped,0,0,,0,0,0,0,1,,,data
4540,9781587494123,,goodreads,skipped,0,0,,0,0,0,0,1,,,data
4541,9780314846907,,goodreads,skipped,0,0,,0,0,0,0,1,,,data
4542,9781587492099,,goodreads,skipped,0,0,,0,0,0,0,1,,,data
4543,9780916951160,,goodreads,skipped,0,0,,0,0,0,0,1,,,data
4544,9781587491627,,goodreads,skipped,0,0,,0,0,0,0,1,,,data
4545,9781931696906,,goodreads,skipped,0,0,,0,0,0,0,1,,,data
4546,9780671744991,,goodreads,skipped,0,0,,0,0,0,0,1,,,data
4547,9781565970731,,goodreads,skipped,0,0,,0,0,0,0,1,,,data
4548,9780834117334,,goodreads,skipped,0,0,,0,0,0,0,1,,,data
4549,9780440222118,,goodreads,skipped,0,0,,0,0,0,0,1,,,data
4550,9780812519525,,goodreads,skipped,0,0,,0,0,0,0,1,,,data
4551,9781932124071,,goodreads,skipped,0,0,,0,0,0,0,1,,,data
4552,9780671559359,,goodreads,skipped,0,0,,0,0,0,0,1,,,data
4553,9780373029648,,goodreads,skipped,0,0,,0,0,0,0,1,,,data
4554,9780373224746,,goodreads,skipped,0,0,,0,0,0,0,1,,,data
4555,9780373029631,,goodreads,skipped,0,0,,0,0,0,0,1,,,data
4556,9780688066215,,goodreads,skipped,0,0,,0,0,0,0,1,,,data
4557,9780373107919,,goodreads,skipped,0,0,,0,0,0,0,1,,,data
4558,9780307070524,,goodreads,skipped,0,0,,0,0,0,0,1,,,data
4559,9780373705788,,goodreads,skipped,0,0,,0,0,0,0,1,,,data
4560,9780746004692,,goodreads,skipped,0,0,,0,0,0,0,1,,,data
4561,9780809491889,,goodreads,skipped,0,0,,0,0,0,0,1,,,data
4562,9780809491865,,goodreads,skipped,0,0,,0,0,0,0,1,,,data
4563,9780877959052,,goodreads,skipped,0,0,,0,0,0,0,1,,,data
4564,9781576600504,,goodreads,skipped,0,0,,0,0,0,0,1,,,data
4565,9780880298148,,goodreads,skipped,0,0,,0,0,0,0,1,,,data
4566,9780324041668,,goodreads,skipped,0,0,,0,0,0,0,1,,,data
4567,9780385313537,,goodreads,skipped,0,0,,0,0,0,0,1,,,data
4568,9780801670657,,goodreads,skipped,0,0,,0,0,0,0,1,,,data
4569,9780142196007,,goodreads,skipped,0,0,,0,0,0,0,1,,,data
4570,9780155003774,,goodreads,skipped,0,0,,0,0,0,0,1,,,data
4571,9780070412194,,goodreads,skipped,0,0,,0,0,0,0,1,,,data
4572,9780385474023,,goodreads,skipped,0,0,,0,0,0,0,1,,,data
4573,9780324120806,,goodreads,skipped,0,0,,0,0,0,0,1,,,data
4574,9780945296225,,goodreads,skipped,0,0,,0,0,0,0,1,,,data
4575,9780760054178,,goodreads,skipped,0,0,,0,0,0,0,1,,,data
4576,9780945296157,,goodreads,skipped,0,0,,0,0,0,0,1,,,data
4577,9780945296188,,goodreads,skipped,0,0,,0,0,0,0,1,,,data
4578,9780670834129,,goodreads,skipped,0,0,,0,0,0,0,1,,,data
4579,9780394587349,,goodreads,skipped,0,0,,0,0,0,0,1,,,data
4580,9780373033584,,goodreads,skipped,0,0,,0,0,0,0,1,,,data
4581,9780870118661,,goodreads,skipped,0,0,,0,0,0,0,1,,,data
4582,9780934395458,,goodreads,skipped,0,0,,0,0,0,0,1,,,data
4583,9780870113994,,goodreads,skipped,0,0,,0,0,0,0,1,,,data
4584,9780373166008,,goodreads,skipped,0,0,,0,0,0,0,1,,,data
4585,9780915811816,,goodreads,skipped,0,0,,0,0,0,0,1,,,data
4586,9780316754491,,goodreads,skipped,0,0,,0,0,0,0,1,,,data
4587,9780373056200,,goodreads,skipped,0,0,,0,0,0,0,1,,,data
4588,9780155383135,,goodreads,skipped,0,0,,0,0,0,0,1,,,data
4589,9780155383128,,goodreads,skipped,0,0,,0,0,0,0,1,,,data
4590,9780373825387,,goodreads,skipped,0,0,,0,0,0,0,1,,,data
4591,9780891097006,,goodreads,skipped,0,0,,0,0,0,0,1,,,data
4592,9780373166664,,goodreads,skipped,0,0,,0,0,0,0,1,,,data
4593,9781568582191,,goodreads,skipped,0,0,,0,0,0,0,1,,,data
4594,9781889893105,,goodreads,skipped,0,0,,0,0,0,0,1,,,data
4595,9780801064036,,goodreads,skipped,0,0,,0,0,0,0,1,,,data
4596,9780060928377,,goodreads,skipped,0,0,,0,0,0,0,1,,,data
4597,9780849942723,,goodreads,skipped,0,0,,0,0,0,0,1,,,data
4598,9780967084084,,goodreads,skipped,0,0,,0,0,0,0,1,,,data
4599,9780785243632,,goodreads,skipped,0,0,,0,0,0,0,1,,,data
4600,9780767911856,,goodreads,skipped,0,0,,0,0,0,0,1,,,data
4601,9780312878863,,goodreads,skipped,0,0,,0,0,0,0,1,,,data
4602,9780849944376,,goodreads,skipped,0,0,,0,0,0,0,1,,,data
4603,9781578564187,,goodreads,skipped,0,0,,0,0,0,0,1,,,data
4604,9780373166398,,goodreads,skipped,0,0,,0,0,0,0,1,,,data
4605,9780440113218,,goodreads,skipped,0,0,,0,0,0,0,1,,,data
4606,9780373105311,,goodreads,skipped,0,0,,0,0,0,0,1,,,data
4607,9789722007092,,goodreads,skipped,0,0,,0,0,0,0,1,,,data
4608,9780440120919,,goodreads,skipped,0,0,,0,0,0,0,1,,,data
4609,9780912656069,,goodreads,skipped,0,0,,0,0,0,0,1,,,data
4610,9780373166770,,goodreads,skipped,0,0,,0,0,0,0,1,,,data
4611,9780895863751,,goodreads,skipped,0,0,,0,0,0,0,1,,,data
4612,9780373165186,,goodreads,skipped,0,0,,0,0,0,0,1,,,data
4613,9781561735389,,goodreads,skipped,0,0,,0,0,0,0,1,,,data
4614,9780856968815,,goodreads,skipped,0,0,,0,0,0,0,1,,,data
4615,9780373224760,,goodreads,skipped,0,0,,0,0,0,0,1,,,data
4616,9780764530036,,goodreads,skipped,0,0,,0,0,0,0,1,,,data
4617,9780782120141,,goodreads,skipped,0,0,,0,0,0,0,1,,,data
4618,9780916773489,,goodreads,skipped,0,0,,0,0,0,0,1,,,data
4619,9780373168071,,goodreads,skipped,0,0,,0,0,0,0,1,,,data
4620,9780070523531,,goodreads,skipped,0,0,,0,0,0,0,1,,,data
4621,9780671829605,,goodreads,skipped,0,0,,0,0,0,0,1,,,data
4622,9780811806831,,goodreads,skipped,0,0,,0,0,0,0,1,,,data
4623,9780681417373,,goodreads,skipped,0,0,,0,0,0,0,1,,,data
4624,9780792458302,,goodreads,skipped,0,0,,0,0,0,0,1,,,data
4625,9780138765903,,goodreads,skipped,0,0,,0,0,0,0,1,,,data
4626,9780764223433,,goodreads,skipped,0,0,,0,0,0,0,1,,,data
4627,9781567313253,,goodreads,skipped,0,0,,0,0,0,0,1,,,data
4628,9781888848335,,goodreads,skipped,0,0,,0,0,0,0,1,,,data
4629,9780373074624,,goodreads,skipped,0,0,,0,0,0,0,1,,,data
4630,9780140327137,,goodreads,skipped,0,0,,0,0,0,0,1,,,data
4631,9780843940510,,goodreads,skipped,0,0,,0,0,0,0,1,,,data
4632,9781579722029,,goodreads,skipped,0,0,,0,0,0,0,1,,,data
4633,9780842364454,,goodreads,skipped,0,0,,0,0,0,0,1,,,data
4634,9780809250813,,goodreads,skipped,0,0,,0,0,0,0,1,,,data
4635,9780891094241,,goodreads,skipped,0,0,,0,0,0,0,1,,,data
4636,9780671829681,,goodreads,skipped,0,0,,0,0,0,0,1,,,data
4637,9780451409843,,goodreads,skipped,0,0,,0,0,0,0,1,,,data
4638,9780671495640,,goodreads,skipped,0,0,,0,0,0,0,1,,,data
4639,9780373115822,,goodreads,skipped,0,0,,0,0,0,0,1,,,data
4640,9780373253487,,goodreads,skipped,0,0,,0,0,0,0,1,,,data
4641,9780373163229,,goodreads,skipped,0,0,,0,0,0,0,1,,,data
4642,9780006550266,,goodreads,skipped,0,0,,0,0,0,0,1,,,data
4643,9780330348904,,goodreads,skipped,0,0,,0,0,0,0,1,,,data
4644,9780373254354,,goodreads,skipped,0,0,,0,0,0,0,1,,,data
4645,9780373074952,,goodreads,skipped,0,0,,0,0,0,0,1,,,data
4646,9780373898732,,goodreads,skipped,0,0,,0,0,0,0,1,,,data
4647,9780373762767,,goodreads,skipped,0,0,,0,0,0,0,1,,,data
4648,9780671434922,,goodreads,skipped,0,0,,0,0,0,0,1,,,data
4649,9780006722977,,goodreads,skipped,0,0,,0,0,0,0,1,,,data
4650,9780373111886,,goodreads,skipped,0,0,,0,0,0,0,1,,,data
4651,9780451204509,,goodreads,skipped,0,0,,0,0,0,0,1,,,data
4652,9780340795057,,goodreads,skipped,0,0,,0,0,0,0,1,,,data
4653,9780440987130,,goodreads,skipped,0,0,,0,0,0,0,1,,,data
4654,9780373706853,,goodreads,skipped,0,0,,0,0,0,0,1,,,data
4655,9780373106653,,goodreads,skipped,0,0,,0,0,0,0,1,,,data
4656,9780373028658,,goodreads,skipped,0,0,,0,0,0,0,1,,,data
4657,9780140377941,,goodreads,skipped,0,0,,0,0,0,0,1,,,data
4658,9780590978798,,goodreads,skipped,0,0,,0,0,0,0,1,,,data
4659,9780590978774,,goodreads,skipped,0,0,,0,0,0,0,1,,,data
4660,9780373174072,,goodreads,skipped,0,0,,0,0,0,0,1,,,data
4661,9780590117388,,goodreads,skipped,0,0,,0,0,0,0,1,,,data
4662,9780373109975,,goodreads,skipped,0,0,,0,0,0,0,1,,,data
4663,9781854873156,,goodreads,skipped,0,0,,0,0,0,0,1,,,data
4664,9780590117142,,goodreads,skipped,0,0,,0,0,0,0,1,,,data
4665,9780590117135,,goodreads,skipped,0,0,,0,0,0,0,1,,,data
4666,9780753817551,,goodreads,skipped,0,0,,0,0,0,0,1,,,data
4667,9780590212847,,goodreads,skipped,0,0,,0,0,0,0,1,,,data
4668,9780722540213,,goodreads,skipped,0,0,,0,0,0,0,1,,,data
4669,9780380797301,,goodreads,skipped,0,0,,0,0,0,0,1,,,data
4670,9780385133173,,goodreads,skipped,0,0,,0,0,0,0,1,,,data
4671,9780373194377,,goodreads,skipped,0,0,,0,0,0,0,1,,,data
4672,9783404605149,,goodreads,skipped,0,0,,0,0,0,0,1,,,data
4673,9780373026821,,goodreads,skipped,0,0,,0,0,0,0,1,,,data
4674,9780714824222,,goodreads,skipped,0,0,,0,0,0,0,1,,,data
4675,9781853263460,,goodreads,skipped,0,0,,0,0,0,0,1,,,data
4676,9780192815835,,goodreads,skipped,0,0,,0,0,0,0,1,,,data
4677,9780449206102,,goodreads,skipped,0,0,,0,0,0,0,1,,,data
4678,9780771044175,,goodreads,skipped,0,0,,0,0,0,0,1,,,data
4679,9781565123458,,goodreads,skipped,0,0,,0,0,0,0,1,,,data
4680,9780373079070,,goodreads,skipped,0,0,,0,0,0,0,1,,,data
4681,9780373224807,,goodreads,skipped,0,0,,0,0,0,0,1,,,data
4682,9780553350104,,goodreads,skipped,0,0,,0,0,0,0,1,,,data
4683,9780373702336,,goodreads,skipped,0,0,,0,0,0,0,1,,,data
4684,9780964946408,,goodreads,skipped,0,0,,0,0,0,0,1,,,data
4685,9780375760303,,goodreads,skipped,0,0,,0,0,0,0,1,,,data
4686,9780891415725,,goodreads,skipped,0,0,,0,0,0,0,1,,,data
4687,9780373224982,,goodreads,skipped,0,0,,0,0,0,0,1,,,data
4688,9781559352314,,goodreads,skipped,0,0,,0,0,0,0,1,,,data
4689,9780899663814,,goodreads,skipped,0,0,,0,0,0,0,1,,,data
4690,9780373032235,,goodreads,skipped,0,0,,0,0,0,0,1,,,data
4691,9780373225088,,goodreads,skipped,0,0,,0,0,0,0,1,,,data
4692,9780802755278,,goodreads,skipped,0,0,,0,0,0,0,1,,,data
4693,9780373079117,,goodreads,skipped,0,0,,0,0,0,0,1,,,data
4694,9780374271831,,goodreads,skipped,0,0,,0,0,0,0,1,,,data
4695,9780679939474,,goodreads,skipped,0,0,,0,0,0,0,1,,,data
4696,9780373166602,,goodreads,skipped,0,0,,0,0,0,0,1,,,data
4697,9780671674687,,goodreads,skipped,0,0,,0,0,0,0,1,,,data
4698,9780345430755,,goodreads,skipped,0,0,,0,0,0,0,1,,,data
4699,9780316325769,,goodreads,skipped,0,0,,0,0,0,0,1,,,data
4700,9780449205761,,goodreads,skipped,0,0,,0,0,0,0,1,,,data
4701,9780671814151,,goodreads,skipped,0,0,,0,0,0,0,1,,,data
4702,9780375703713,,goodreads,skipped,0,0,,0,0,0,0,1,,,data
4703,9780965045032,,goodreads,skipped,0,0,,0,0,0,0,1,,,data
4704,9780965045018,,goodreads,skipped,0,0,,0,0,0,0,1,,,data
4705,9780425092941,,goodreads,skipped,0,0,,0,0,0,0,1,,,data
4706,9780394448589,,goodreads,skipped,0,0,,0,0,0,0,1,,,data
4707,9780425093368,,goodreads,skipped,0,0,,0,0,0,0,1,,,data
4708,9780312940270,,goodreads,skipped,0,0,,0,0,0,0,1,,,data
4709,9780771595929,,goodreads,skipped,0,0,,0,0,0,0,1,,,data
4710,9780345345080,,goodreads,skipped,0,0,,0,0,0,0,1,,,data
4711,9780385295628,,goodreads,skipped,0,0,,0,0,0,0,1,,,data
4712,9780765302267,,goodreads,skipped,0,0,,0,0,0,0,1,,,data
4713,9781573920452,,goodreads,skipped,0,0,,0,0,0,0,1,,,data
4714,9780312863548,,goodreads,skipped,0,0,,0,0,0,0,1,,,data
4715,9781553695486,,goodreads,skipped,0,0,,0,0,0,0,1,,,data
4716,9780804105590,,goodreads,skipped,0,0,,0,0,0,0,1,,,data
4717,9783453137578,,goodreads,skipped,0,0,,0,0,0,0,1,,,data
4718,9783462029048,,goodreads,skipped,0,0,,0,0,0,0,1,,,data
4719,9783442438594,,goodreads,skipped,0,0,,0,0,0,0,1,,,data
4720,9781930009035,,goodreads,skipped,0,0,,0,0,0,0,1,,,data
4721,9780879235147,,goodreads,skipped,0,0,,0,0,0,0,1,,,data
4722,9781930009011,,goodreads,skipped,0,0,,0,0,0,0,1,,,data
4723,9780679774143,,goodreads,skipped,0,0,,0,0,0,0,1,,,data
4724,9780889842076,,goodreads,skipped,0,0,,0,0,0,0,1,,,data
4725,9781930009028,,goodreads,skipped,0,0,,0,0,0,0,1,,,data
4726,9781930009004,,goodreads,skipped,0,0,,0,0,0,0,1,,,data
4727,9780771591389,,goodreads,skipped,0,0,,0,0,0,0,1,,,data
4728,9780963960795,,goodreads,skipped,0,0,,0,0,0,0,1,,,data
4729,9781930009073,,goodreads,skipped,0,0,,0,0,0,0,1,,,data
4730,9780963960771,,goodreads,skipped,0,0,,0,0,0,0,1,,,data
4731,9780803726123,,goodreads,skipped,0,0,,0,0,0,0,1,,,data
4732,9780963960788,,goodreads,skipped,0,0,,0,0,0,0,1,,,data
4733,9780373870875,,goodreads,skipped,0,0,,0,0,0,0,1,,,data
4734,9780373871117,,goodreads,skipped,0,0,,0,0,0,0,1,,,data
4735,9780307201621,,goodreads,skipped,0,0,,0,0,0,0,1,,,data
4736,9780373871438,,goodreads,skipped,0,0,,0,0,0,0,1,,,data
4737,9780373642250,,goodreads,skipped,0,0,,0,0,0,0,1,,,data
4738,9780395353516,,goodreads,skipped,0,0,,0,0,0,0,1,,,data
4739,9780140189308,,goodreads,skipped,0,0,,0,0,0,0,1,,,data
4740,9781568581293,,goodreads,skipped,0,0,,0,0,0,0,1,,,data
4741,9780891098263,,goodreads,skipped,0,0,,0,0,0,0,1,,,data
4742,9780811207768,,goodreads,skipped,0,0,,0,0,0,0,1,,,data
4743,9780812571349,,goodreads,skipped,0,0,,0,0,0,0,1,,,data
4744,9780963960740,,goodreads,skipped,0,0,,0,0,0,0,1,,,data
4745,9780812991802,,goodreads,skipped,0,0,,0,0,0,0,1,,,data
4746,9781568810720,,goodreads,skipped,0,0,,0,0,0,0,1,,,data
4747,9780802111609,,goodreads,skipped,0,0,,0,0,0,0,1,,,data
4748,9789748303680,,goodreads,skipped,0,0,,0,0,0,0,1,,,data
4749,9780393322293,,goodreads,skipped,0,0,,0,0,0,0,1,,,data
4750,9780684854090,,goodreads,skipped,0,0,,0,0,0,0,1,,,data
4751,9780143029717,,goodreads,skipped,0,0,,0,0,0,0,1,,,data
4752,9780691005140,,goodreads,skipped,0,0,,0,0,0,0,1,,,data
4753,9780670910205,,goodreads,skipped,0,0,,0,0,0,0,1,,,data
4754,9780375503283,,goodreads,skipped,0,0,,0,0,0,0,1,,,data
4755,9780844254807,,goodreads,skipped,0,0,,0,0,0,0,1,,,data
4756,9781858282411,,goodreads,skipped,0,0,,0,0,0,0,1,,,data
4757,9782710300021,,goodreads,skipped,0,0,,0,0,0,0,1,,,data
4758,9782246493518,,goodreads,skipped,0,0,,0,0,0,0,1,,,data
4759,9780140440171,,goodreads,skipped,0,0,,0,0,0,0,1,,,data
4760,9782070764839,,goodreads,skipped,0,0,,0,0,0,0,1,,,data
4761,9782070752782,,goodreads,blocked,0,7,title; authors; publisher; origin; date_of_publication; language; genres,0,0,0,0,16,,,data
4762,9782226052575,,goodreads,skipped,0,0,,0,0,0,0,1,,,data
4763,9780399150616,,goodreads,skipped,0,0,,0,0,0,0,1,,,data
4764,9780451622105,,goodreads,skipped,0,0,,0,0,0,0,1,,,data
4765,9780878305506,,goodreads,skipped,0,0,,0,0,0,0,1,,,data
4766,9780802150301,,goodreads,skipped,0,0,,0,0,0,0,1,,,data
4767,9780452259126,,goodreads,skipped,0,0,,0,0,0,0,1,,,data
4768,9780874773750,,goodreads,skipped,0,0,,0,0,0,0,1,,,data
4769,9780679733089,,goodreads,skipped,0,0,,0,0,0,0,1,,,data
4770,9780553354492,,goodreads,skipped,0,0,,0,0,0,0,1,,,data
4771,9780758207746,,goodreads,skipped,0,0,,0,0,0,0,1,,,data
4772,9788401491863,,goodreads,skipped,0,0,,0,0,0,0,1,,,data
4773,9780273019138,,goodreads,skipped,0,0,,0,0,0,0,1,,,data
4774,9780373791439,,goodreads,skipped,0,0,,0,0,0,0,1,,,data
4775,9780373079919,,goodreads,skipped,0,0,,0,0,0,0,1,,,data
4776,9780758205872,,goodreads,skipped,0,0,,0,0,0,0,1,,,data
4777,9780373292967,,goodreads,skipped,0,0,,0,0,0,0,1,,,data
4778,9780373292349,,goodreads,skipped,0,0,,0,0,0,0,1,,,data
4779,9780843942231,,goodreads,skipped,0,0,,0,0,0,0,1,,,data
4780,9780373650095,,goodreads,skipped,0,0,,0,0,0,0,1,,,data
4781,9780373707539,,goodreads,skipped,0,0,,0,0,0,0,1,,,data
4782,9780373257980,,goodreads,skipped,0,0,,0,0,0,0,1,,,data
4783,9780843947236,,goodreads,skipped,0,0,,0,0,0,0,1,,,data
4784,9780451202659,,goodreads,skipped,0,0,,0,0,0,0,1,,,data
4785,9780373257751,,goodreads,skipped,0,0,,0,0,0,0,1,,,data
4786,9780451518767,,goodreads,skipped,0,0,,0,0,0,0,1,,,data
4787,9780449003602,,goodreads,skipped,0,0,,0,0,0,0,1,,,data
4788,9780373511297,,goodreads,skipped,0,0,,0,0,0,0,1,,,data
4789,9780553443806,,goodreads,skipped,0,0,,0,0,0,0,1,,,data
4790,9780671020712,,goodreads,skipped,0,0,,0,0,0,0,1,,,data
4791,9780553444247,,goodreads,skipped,0,0,,0,0,0,0,1,,,data
4792,9780505520951,,goodreads,skipped,0,0,,0,0,0,0,1,,,data
4793,9780553444704,,goodreads,skipped,0,0,,0,0,0,0,1,,,data
4794,9780553444728,,goodreads,skipped,0,0,,0,0,0,0,1,,,data
4795,9780843932812,,goodreads,skipped,0,0,,0,0,0,0,1,,,data
4796,9780553445992,,goodreads,skipped,0,0,,0,0,0,0,1,,,data
4797,9780451205025,,goodreads,skipped,0,0,,0,0,0,0,1,,,data
4798,9780553445671,,goodreads,skipped,0,0,,0,0,0,0,1,,,data
4799,9780373106639,,goodreads,skipped,0,0,,0,0,0,0,1,,,data
4800,9780553445978,,goodreads,skipped,0,0,,0,0,0,0,1,,,data
4801,9780821720615,,goodreads,skipped,0,0,,0,0,0,0,1,,,data
4802,9780373104062,,goodreads,skipped,0,0,,0,0,0,0,1,,,data
4803,9780821724033,,goodreads,skipped,0,0,,0,0,0,0,1,,,data
4804,9780373791385,,goodreads,skipped,0,0,,0,0,0,0,1,,,data
4805,9780373791408,,goodreads,skipped,0,0,,0,0,0,0,1,,,data
4806,9780821754658,,goodreads,skipped,0,0,,0,0,0,0,1,,,data
4807,9780821749630,,goodreads,skipped,0,0,,0,0,0,0,1,,,data
4808,9780373790074,,goodreads,skipped,0,0,,0,0,0,0,1,,,data
4809,9780505521842,,goodreads,skipped,0,0,,0,0,0,0,1,,,data
4810,9780500300343,,goodreads,skipped,0,0,,0,0,0,0,1,,,data
4811,9780140268027,,goodreads,skipped,0,0,,0,0,0,0,1,,,data
4812,9783442711758,,goodreads,skipped,0,0,,0,0,0,0,1,,,data
4813,9783492230520,,goodreads,skipped,0,0,,0,0,0,0,1,,,data
4814,9781898323600,,goodreads,skipped,0,0,,0,0,0,0,1,,,data
4815,9780373790494,,goodreads,skipped,0,0,,0,0,0,0,1,,,data
4816,9781563411120,,goodreads,skipped,0,0,,0,0,0,0,1,,,data
4817,9783442356171,,goodreads,skipped,0,0,,0,0,0,0,1,,,data
4818,9780671653361,,goodreads,skipped,0,0,,0,0,0,0,1,,,data
4819,9783453082045,,goodreads,skipped,0,0,,0,0,0,0,1,,,data
4820,9783406340277,,goodreads,skipped,0,0,,0,0,0,0,1,,,data
4821,9780505520593,,goodreads,skipped,0,0,,0,0,0,0,1,,,data
4822,9780373790418,,goodreads,skipped,0,0,,0,0,0,0,1,,,data
4823,9783453048881,,goodreads,skipped,0,0,,0,0,0,0,1,,,data
4824,9783442443901,,goodreads,skipped,0,0,,0,0,0,0,1,,,data
4825,9780373791347,,goodreads,skipped,0,0,,0,0,0,0,1,,,data
4826,9781853261176,,goodreads,skipped,0,0,,0,0,0,0,1,,,data
4827,9780373791361,,goodreads,skipped,0,0,,0,0,0,0,1,,,data
4828,9780758203618,,goodreads,skipped,0,0,,0,0,0,0,1,,,data
4829,9780399151576,,goodreads,skipped,0,0,,0,0,0,0,1,,,data
4830,9783446202108,,goodreads,skipped,0,0,,0,0,0,0,1,,,data
4831,9780373791309,,goodreads,skipped,0,0,,0,0,0,0,1,,,data
4832,9783257215847,,goodreads,skipped,0,0,,0,0,0,0,1,,,data
4833,9780375508851,,goodreads,skipped,0,0,,0,0,0,0,1,,,data
4834,9780373258390,,goodreads,skipped,0,0,,0,0,0,0,1,,,data
4835,9783800050185,,goodreads,skipped,0,0,,0,0,0,0,1,,,data
4836,9780883961841,,goodreads,skipped,0,0,,0,0,0,0,1,,,data
4837,9780449219843,,goodreads,skipped,0,0,,0,0,0,0,1,,,data
4838,9780373791255,,goodreads,skipped,0,0,,0,0,0,0,1,,,data
4839,9781573922371,,goodreads,skipped,0,0,,0,0,0,0,1,,,data
4840,9780373791248,,goodreads,skipped,0,0,,0,0,0,0,1,,,data
4841,9780140232028,,goodreads,skipped,0,0,,0,0,0,0,1,,,data
4842,9780399136665,,goodreads,skipped,0,0,,0,0,0,0,1,,,data
4843,9780373271528,,goodreads,skipped,0,0,,0,0,0,0,1,,,data
4844,9780671009908,,goodreads,skipped,0,0,,0,0,0,0,1,,,data
4845,9780006329497,,goodreads,skipped,0,0,,0,0,0,0,1,,,data
4846,9780140249859,,goodreads,skipped,0,0,,0,0,0,0,1,,,data
4847,9780373259465,,goodreads,skipped,0,0,,0,0,0,0,1,,,data
4848,9780312318499,,goodreads,skipped,0,0,,0,0,0,0,1,,,data
4849,9780708824092,,goodreads,skipped,0,0,,0,0,0,0,1,,,data
4850,9780373832712,,goodreads,skipped,0,0,,0,0,0,0,1,,,data
4851,9780571167494,,goodreads,skipped,0,0,,0,0,0,0,1,,,data
4852,9780373511211,,goodreads,skipped,0,0,,0,0,0,0,1,,,data
4853,9780750227308,,goodreads,skipped,0,0,,0,0,0,0,1,,,data
4854,9780373257799,,goodreads,skipped,0,0,,0,0,0,0,1,,,data
4855,9780373036783,,goodreads,skipped,0,0,,0,0,0,0,1,,,data
4856,9780446381505,,goodreads,skipped,0,0,,0,0,0,0,1,,,data
4857,9780140092561,,goodreads,skipped,0,0,,0,0,0,0,1,,,data
4858,9780595131198,,goodreads,skipped,0,0,,0,0,0,0,1,,,data
4859,9780373079742,,goodreads,skipped,0,0,,0,0,0,0,1,,,data
4860,9780679435051,,goodreads,skipped,0,0,,0,0,0,0,1,,,data
4861,9780505524218,,goodreads,skipped,0,0,,0,0,0,0,1,,,data
4862,9780061081965,,goodreads,skipped,0,0,,0,0,0,0,1,,,data
4863,9780373791149,,goodreads,skipped,0,0,,0,0,0,0,1,,,data
4864,9780739432327,,goodreads,skipped,0,0,,0,0,0,0,1,,,data
4865,9780671795337,,goodreads,skipped,0,0,,0,0,0,0,1,,,data
4866,9780451170293,,goodreads,skipped,0,0,,0,0,0,0,1,,,data
4867,9780373482405,,goodreads,skipped,0,0,,0,0,0,0,1,,,data
4868,9780446517485,,goodreads,skipped,0,0,,0,0,0,0,1,,,data
4869,9781575668697,,goodreads,skipped,0,0,,0,0,0,0,1,,,data
4870,9780425197226,,goodreads,skipped,0,0,,0,0,0,0,1,,,data
4871,9780142196069,,goodreads,skipped,0,0,,0,0,0,0,1,,,data
4872,9780670871933,,goodreads,skipped,0,0,,0,0,0,0,1,,,data
4873,9780806987798,,goodreads,skipped,0,0,,0,0,0,0,1,,,data
4874,9780425183441,,goodreads,skipped,0,0,,0,0,0,0,1,,,data
4875,9781593080303,,goodreads,skipped,0,0,,0,0,0,0,1,,,data
4876,9780758205698,,goodreads,skipped,0,0,,0,0,0,0,1,,,data
4877,9780446518161,,goodreads,skipped,0,0,,0,0,0,0,1,,,data
4878,9780373510153,,goodreads,skipped,0,0,,0,0,0,0,1,,,data
4879,9780373484942,,goodreads,skipped,0,0,,0,0,0,0,1,,,data
4880,9780449900826,,goodreads,skipped,0,0,,0,0,0,0,1,,,data
4881,9780373259526,,goodreads,skipped,0,0,,0,0,0,0,1,,,data
4882,9780060959586,,goodreads,skipped,0,0,,0,0,0,0,1,,,data
4883,9780517555729,,goodreads,skipped,0,0,,0,0,0,0,1,,,data
4884,9780517448526,,goodreads,skipped,0,0,,0,0,0,0,1,,,data
4885,9780373791118,,goodreads,skipped,0,0,,0,0,0,0,1,,,data
4886,9780376037824,,goodreads,skipped,0,0,,0,0,0,0,1,,,data
4887,9780679722991,,goodreads,skipped,0,0,,0,0,0,0,1,,,data
4888,9780416886009,,goodreads,skipped,0,0,,0,0,0,0,1,,,data
4889,9780970804907,,goodreads,skipped,0,0,,0,0,0,0,1,,,data
4890,9780373078318,,goodreads,skipped,0,0,,0,0,0,0,1,,,data
4891,9780416876703,,goodreads,skipped,0,0,,0,0,0,0,1,,,data
4892,9781575420363,,goodreads,skipped,0,0,,0,0,0,0,1,,,data
4893,9781561483303,,goodreads,skipped,0,0,,0,0,0,0,1,,,data
4894,9780897214285,,goodreads,skipped,0,0,,0,0,0,0,1,,,data
4895,9780449002551,,goodreads,skipped,0,0,,0,0,0,0,1,,,data
4896,9780897214629,,goodreads,skipped,0,0,,0,0,0,0,1,,,data
4897,9780897214438,,goodreads,skipped,0,0,,0,0,0,0,1,,,data
4898,9780449241455,,goodreads,skipped,0,0,,0,0,0,0,1,,,data
4899,9780425171295,,goodreads,skipped,0,0,,0,0,0,0,1,,,data
4900,9780921689782,,goodreads,skipped,0,0,,0,0,0,0,1,,,data
4901,9781879960428,,goodreads,skipped,0,0,,0,0,0,0,1,,,data
4902,9780889740419,,goodreads,skipped,0,0,,0,0,0,0,1,,,data
4903,9781577192718,,goodreads,skipped,0,0,,0,0,0,0,1,,,data
4904,9781883523039,,goodreads,skipped,0,0,,0,0,0,0,1,,,data
4905,9781931561518,,goodreads,skipped,0,0,,0,0,0,0,1,,,data
4906,9780842386876,,goodreads,skipped,0,0,,0,0,0,0,1,,,data
4907,9780373073498,,goodreads,skipped,0,0,,0,0,0,0,1,,,data
4908,9780889740341,,goodreads,skipped,0,0,,0,0,0,0,1,,,data
4909,9780920304570,,goodreads,skipped,0,0,,0,0,0,0,1,,,data
4910,9780921881049,,goodreads,skipped,0,0,,0,0,0,0,1,,,data
4911,9780373094523,,goodreads,skipped,0,0,,0,0,0,0,1,,,data
4912,9780435072216,,goodreads,skipped,0,0,,0,0,0,0,1,,,data
4913,9780671535223,,goodreads,skipped,0,0,,0,0,0,0,1,,,data
4914,9780889612105,,goodreads,skipped,0,0,,0,0,0,0,1,,,data
4915,9780889104563,,goodreads,skipped,0,0,,0,0,0,0,1,,,data
4916,9780941423694,,goodreads,skipped,0,0,,0,0,0,0,1,,,data
4917,9780373271573,,goodreads,skipped,0,0,,0,0,0,0,1,,,data
4918,9781570428043,,goodreads,skipped,0,0,,0,0,0,0,1,,,data
4919,9780766607217,,goodreads,skipped,0,0,,0,0,0,0,1,,,data
4920,9780897894456,,goodreads,skipped,0,0,,0,0,0,0,1,,,data
4921,9780766607224,,goodreads,skipped,0,0,,0,0,0,0,1,,,data
4922,9780754055334,,goodreads,skipped,0,0,,0,0,0,0,1,,,data
4923,9780440228172,,goodreads,skipped,0,0,,0,0,0,0,1,,,data
4924,9780671036393,,goodreads,skipped,0,0,,0,0,0,0,1,,,data
4925,9780373790715,,goodreads,skipped,0,0,,0,0,0,0,1,,,data
4926,9780895771971,,goodreads,skipped,0,0,,0,0,0,0,1,,,data
4927,9780486647623,,goodreads,skipped,0,0,,0,0,0,0,1,,,data
4928,9780897214223,,goodreads,skipped,0,0,,0,0,0,0,1,,,data
4929,9780670884087,,goodreads,skipped,0,0,,0,0,0,0,1,,,data
4930,9780969912613,,goodreads,skipped,0,0,,0,0,0,0,1,,,data
4931,9780811824378,,goodreads,skipped,0,0,,0,0,0,0,1,,,data
4932,9780521475709,,goodreads,skipped,0,0,,0,0,0,0,1,,,data
4933,9780192832320,,goodreads,skipped,0,0,,0,0,0,0,1,,,data
4934,9780373790111,,goodreads,skipped,0,0,,0,0,0,0,1,,,data
4935,9780394756950,,goodreads,skipped,0,0,,0,0,0,0,1,,,data
4936,9780061082290,,goodreads,skipped,0,0,,0,0,0,0,1,,,data
4937,9780679866978,,goodreads,skipped,0,0,,0,0,0,0,1,,,data
4938,9780821716403,,goodreads,skipped,0,0,,0,0,0,0,1,,,data
4939,9780821723715,,goodreads,skipped,0,0,,0,0,0,0,1,,,data
4940,9780671674656,,goodreads,skipped,0,0,,0,0,0,0,1,,,data
4941,9780836222319,,goodreads,skipped,0,0,,0,0,0,0,1,,,data
4942,9780671504465,,goodreads,skipped,0,0,,0,0,0,0,1,,,data
4943,9780671501945,,goodreads,skipped,0,0,,0,0,0,0,1,,,data
4944,9780843948004,,goodreads,skipped,0,0,,0,0,0,0,1,,,data
4945,9781590522691,,goodreads,skipped,0,0,,0,0,0,0,1,,,data
4946,9780451173119,,goodreads,skipped,0,0,,0,0,0,0,1,,,data
4947,9780821719251,,goodreads,skipped,0,0,,0,0,0,0,1,,,data
4948,9780764220906,,goodreads,skipped,0,0,,0,0,0,0,1,,,data
4949,9780886776145,,goodreads,skipped,0,0,,0,0,0,0,1,,,data
4950,9780821727546,,goodreads,skipped,0,0,,0,0,0,0,1,,,data
4951,9780764220890,,goodreads,skipped,0,0,,0,0,0,0,1,,,data
4952,9780451405357,,goodreads,skipped,0,0,,0,0,0,0,1,,,data
4953,9781556615795,,goodreads,skipped,0,0,,0,0,0,0,1,,,data
4954,9780843945638,,goodreads,skipped,0,0,,0,0,0,0,1,,,data
4955,9780061082283,,goodreads,skipped,0,0,,0,0,0,0,1,,,data
4956,9780061082306,,goodreads,skipped,0,0,,0,0,0,0,1,,,data
4957,9788440653147,,goodreads,skipped,0,0,,0,0,0,0,1,,,data
4958,9780821713860,,goodreads,skipped,0,0,,0,0,0,0,1,,,data
4959,9780821731161,,goodreads,skipped,0,0,,0,0,0,0,1,,,data
4960,9780670808175,,goodreads,skipped,0,0,,0,0,0,0,1,,,data
4961,9780821719220,,goodreads,skipped,0,0,,0,0,0,0,1,,,data
4962,9780312206598,,goodreads,skipped,0,0,,0,0,0,0,1,,,data
4963,9780821730089,,goodreads,skipped,0,0,,0,0,0,0,1,,,data
4964,9780821731628,,goodreads,skipped,0,0,,0,0,0,0,1,,,data
4965,9780590133708,,goodreads,skipped,0,0,,0,0,0,0,1,,,data
4966,9780821719381,,goodreads,skipped,0,0,,0,0,0,0,1,,,data
4967,9780802710581,,goodreads,skipped,0,0,,0,0,0,0,1,,,data
4968,9780060515591,,goodreads,skipped,0,0,,0,0,0,0,1,,,data
4969,9780821720073,,goodreads,skipped,0,0,,0,0,0,0,1,,,data
4970,9780821729496,,goodreads,skipped,0,0,,0,0,0,0,1,,,data
4971,9780821718384,,goodreads,skipped,0,0,,0,0,0,0,1,,,data
4972,9780821727263,,goodreads,skipped,0,0,,0,0,0,0,1,,,data
4973,9780380728848,,goodreads,skipped,0,0,,0,0,0,0,1,,,data
4974,9780061040771,,goodreads,skipped,0,0,,0,0,0,0,1,,,data
4975,9780061080449,,goodreads,skipped,0,0,,0,0,0,0,1,,,data
4976,9780061041228,,goodreads,skipped,0,0,,0,0,0,0,1,,,data
4977,9781558175273,,goodreads,skipped,0,0,,0,0,0,0,1,,,data
4978,9780679737094,,goodreads,skipped,0,0,,0,0,0,0,1,,,data
4979,9780670869336,,goodreads,skipped,0,0,,0,0,0,0,1,,,data
4980,9780966463316,,goodreads,skipped,0,0,,0,0,0,0,1,,,data
4981,9780070342057,,goodreads,skipped,0,0,,0,0,0,0,1,,,data
4982,9781559212472,,goodreads,skipped,0,0,,0,0,0,0,1,,,data
4983,9781561796724,,goodreads,skipped,0,0,,0,0,0,0,1,,,data
4984,9780966234169,,goodreads,skipped,0,0,,0,0,0,0,1,,,data
4985,9780062500298,,goodreads,skipped,0,0,,0,0,0,0,1,,,data
4986,9780553057652,,goodreads,skipped,0,0,,0,0,0,0,1,,,data
4987,9780786703081,,goodreads,skipped,0,0,,0,0,0,0,1,,,data
4988,9780310918844,,goodreads,skipped,0,0,,0,0,0,0,1,,,data
4989,9780060928599,,goodreads,skipped,0,0,,0,0,0,0,1,,,data
4990,9780373085293,,goodreads,skipped,0,0,,0,0,0,0,1,,,data
4991,9781877988288,,goodreads,skipped,0,0,,0,0,0,0,1,,,data
4992,9780789480668,,goodreads,skipped,0,0,,0,0,0,0,1,,,data
4993,9781586604004,,goodreads,skipped,0,0,,0,0,0,0,1,,,data
4994,9780965779302,,goodreads,skipped,0,0,,0,0,0,0,1,,,data
4995,9780312966485,,goodreads,skipped,0,0,,0,0,0,0,1,,,data
4996,9780590732857,,goodreads,skipped,0,0,,0,0,0,0,1,,,data
4997,9780679452997,,goodreads,skipped,0,0,,0,0,0,0,1,,,data
4998,9780192833389,,goodreads,skipped,0,0,,0,0,0,0,1,,,data
4999,9780802138613,,goodreads,skipped,0,0,,0,0,0,0,1,,,data
5000,9781860463617,,goodreads,skipped,0,0,,0,0,0,0,1,,,data
5001,9780762711581,,goodreads,skipped,0,0,,0,0,0,0,1,,,data
5002,9780762724406,,goodreads,skipped,0,0,,0,0,0,0,1,,,data
5003,9780679424598,,goodreads,skipped,0,0,,0,0,0,0,1,,,data
5004,9781878887344,,goodreads,skipped,0,0,,0,0,0,0,1,,,data
5005,9780142002803,,goodreads,skipped,0,0,,0,0,0,0,1,,,data
5006,9780771020032,,goodreads,skipped,0,0,,0,0,0,0,1,,,data
5007,9780671445157,,goodreads,skipped,0,0,,0,0,0,0,1,,,data
5008,9780553217469,,goodreads,skipped,0,0,,0,0,0,0,1,,,data
5009,9781881830238,,goodreads,skipped,0,0,,0,0,0,0,1,,,data
5010,9780451136350,,goodreads,skipped,0,0,,0,0,0,0,1,,,data
5011,9780060194390,,goodreads,skipped,0,0,,0,0,0,0,1,,,data
5012,9780553218268,,goodreads,skipped,0,0,,0,0,0,0,1,,,data
5013,9780133548372,,goodreads,skipped,0,0,,0,0,0,0,1,,,data
5014,9780842356220,,goodreads,skipped,0,0,,0,0,0,0,1,,,data
5015,9780553206661,,goodreads,skipped,0,0,,0,0,0,0,1,,,data
5016,9780553218091,,goodreads,skipped,0,0,,0,0,0,0,1,,,data
5017,9780882669083,,goodreads,skipped,0,0,,0,0,0,0,1,,,data
5018,9781580171274,,goodreads,skipped,0,0,,0,0,0,0,1,,,data
5019,9780553107364,,goodreads,skipped,0,0,,0,0,0,0,1,,,data
5020,9780385496940,,goodreads,skipped,0,0,,0,0,0,0,1,,,data
5021,9780385332941,,goodreads,skipped,0,0,,0,0,0,0,1,,,data
5022,9780312861025,,goodreads,skipped,0,0,,0,0,0,0,1,,,data
5023,9780774031998,,goodreads,skipped,0,0,,0,0,0,0,1,,,data
5024,9780416101607,,goodreads,skipped,0,0,,0,0,0,0,1,,,data
5025,9780061012327,,goodreads,skipped,0,0,,0,0,0,0,1,,,data
5026,9780312152444,,goodreads,skipped,0,0,,0,0,0,0,1,,,data
5027,9780812548150,,goodreads,skipped,0,0,,0,0,0,0,1,,,data
5028,9780374105341,,goodreads,skipped,0,0,,0,0,0,0,1,,,data
5029,9780812513929,,goodreads,skipped,0,0,,0,0,0,0,1,,,data
5030,9780373482177,,goodreads,skipped,0,0,,0,0,0,0,1,,,data
5031,9780764501067,,goodreads,skipped,0,0,,0,0,0,0,1,,,data
5032,9781585421473,,goodreads,skipped,0,0,,0,0,0,0,1,,,data
5033,9780553107487,,goodreads,skipped,0,0,,0,0,0,0,1,,,data
5034,9780764221422,,goodreads,skipped,0,0,,0,0,0,0,1,,,data
5035,9780738705415,,goodreads,skipped,0,0,,0,0,0,0,1,,,data
5036,9780965298407,,goodreads,skipped,0,0,,0,0,0,0,1,,,data
5037,9780201550733,,goodreads,skipped,0,0,,0,0,0,0,1,,,data
5038,9781567181517,,goodreads,skipped,0,0,,0,0,0,0,1,,,data
5039,9780749920500,,goodreads,skipped,0,0,,0,0,0,0,1,,,data
5040,9780877288695,,goodreads,skipped,0,0,,0,0,0,0,1,,,data
5041,9780760712108,,goodreads,skipped,0,0,,0,0,0,0,1,,,data
5042,9781931686808,,goodreads,skipped,0,0,,0,0,0,0,1,,,data
5043,9780919345638,,goodreads,skipped,0,0,,0,0,0,0,1,,,data
5044,9780892811571,,goodreads,skipped,0,0,,0,0,0,0,1,,,data
5045,9781851773879,,goodreads,skipped,0,0,,0,0,0,0,1,,,data
5046,9781572153516,,goodreads,skipped,0,0,,0,0,0,0,1,,,data
5047,9780738705132,,goodreads,skipped,0,0,,0,0,0,0,1,,,data
5048,9780806525594,,goodreads,skipped,0,0,,0,0,0,0,1,,,data
5049,9781930038134,,goodreads,skipped,0,0,,0,0,0,0,1,,,data
5050,9780373510023,,goodreads,skipped,0,0,,0,0,0,0,1,,,data
5051,9781865155128,,goodreads,skipped,0,0,,0,0,0,0,1,,,data
5052,9780373510054,,goodreads,skipped,0,0,,0,0,0,0,1,,,data
5053,9781564145222,,goodreads,skipped,0,0,,0,0,0,0,1,,,data
5054,9780373510115,,goodreads,skipped,0,0,,0,0,0,0,1,,,data
5055,9780762707560,,goodreads,skipped,0,0,,0,0,0,0,1,,,data
5056,9780446601221,,goodreads,skipped,0,0,,0,0,0,0,1,,,data
5057,9781881559764,,goodreads,skipped,0,0,,0,0,0,0,1,,,data
5058,9780373510139,,goodreads,skipped,0,0,,0,0,0,0,1,,,data
5059,9780912301402,,goodreads,skipped,0,0,,0,0,0,0,1,,,data
5060,9781740591065,,goodreads,skipped,0,0,,0,0,0,0,1,,,data
5061,9780373510146,,goodreads,skipped,0,0,,0,0,0,0,1,,,data
5062,9780738703480,,goodreads,skipped,0,0,,0,0,0,0,1,,,data
5063,9780373510160,,goodreads,skipped,0,0,,0,0,0,0,1,,,data
5064,9781564147165,,goodreads,skipped,0,0,,0,0,0,0,1,,,data
5065,9780373510191,,goodreads,skipped,0,0,,0,0,0,0,1,,,data
5066,9780684836447,,goodreads,skipped,0,0,,0,0,0,0,1,,,data
5067,9780373510207,,goodreads,skipped,0,0,,0,0,0,0,1,,,data
5068,9780738701721,,goodreads,skipped,0,0,,0,0,0,0,1,,,data
5069,9780373510337,,goodreads,skipped,0,0,,0,0,0,0,1,,,data
5070,9780312977139,,goodreads,skipped,0,0,,0,0,0,0,1,,,data
5071,9781928806097,,goodreads,skipped,0,0,,0,0,0,0,1,,,data
5072,9780373510382,,goodreads,skipped,0,0,,0,0,0,0,1,,,data
5073,9780709068846,,goodreads,skipped,0,0,,0,0,0,0,1,,,data
5074,9780373510368,,goodreads,skipped,0,0,,0,0,0,0,1,,,data
5075,9780953920402,,goodreads,skipped,0,0,,0,0,0,0,1,,,data
5076,9780850308150,,goodreads,skipped,0,0,,0,0,0,0,1,,,data
5077,9780671571436,,goodreads,skipped,0,0,,0,0,0,0,1,,,data
5078,9781585421169,,goodreads,skipped,0,0,,0,0,0,0,1,,,data
5079,9780373088010,,goodreads,skipped,0,0,,0,0,0,0,1,,,data
5080,9780373071609,,goodreads,skipped,0,0,,0,0,0,0,1,,,data
5081,9780572028558,,goodreads,skipped,0,0,,0,0,0,0,1,,,data
5082,9781567184310,,goodreads,skipped,0,0,,0,0,0,0,1,,,data
5083,9780373073009,,goodreads,skipped,0,0,,0,0,0,0,1,,,data
5084,9780738700960,,goodreads,skipped,0,0,,0,0,0,0,1,,,data
5085,9780749920968,,goodreads,skipped,0,0,,0,0,0,0,1,,,data
5086,9781590030028,,goodreads,skipped,0,0,,0,0,0,0,1,,,data
5087,9781580910101,,goodreads,skipped,0,0,,0,0,0,0,1,,,data
5088,9780671636913,,goodreads,skipped,0,0,,0,0,0,0,1,,,data
5089,9780738702780,,goodreads,skipped,0,0,,0,0,0,0,1,,,data
5090,9780806521374,,goodreads,skipped,0,0,,0,0,0,0,1,,,data
5091,9781564145031,,goodreads,skipped,0,0,,0,0,0,0,1,,,data
5092,9780028628592,,goodreads,skipped,0,0,,0,0,0,0,1,,,data
5093,9780806520315,,goodreads,skipped,0,0,,0,0,0,0,1,,,data
5094,9780962321337,,goodreads,skipped,0,0,,0,0,0,0,1,,,data
5095,9780738703015,,goodreads,skipped,0,0,,0,0,0,0,1,,,data
5096,9781556508202,,goodreads,skipped,0,0,,0,0,0,0,1,,,data
5097,9781402705878,,goodreads,skipped,0,0,,0,0,0,0,1,,,data
5098,9780028626352,,goodreads,skipped,0,0,,0,0,0,0,1,,,data
5099,9780919345959,,goodreads,skipped,0,0,,0,0,0,0,1,,,data
5100,9780759677845,,goodreads,skipped,0,0,,0,0,0,0,1,,,data
5101,9780753816837,,goodreads,skipped,0,0,,0,0,0,0,1,,,data
5102,9780575043534,,goodreads,skipped,0,0,,0,0,0,0,1,,,data
5103,9780385485517,,goodreads,skipped,0,0,,0,0,0,0,1,,,data
5104,9780030107214,,goodreads,skipped,0,0,,0,0,0,0,1,,,data
5105,9780689502958,,goodreads,skipped,0,0,,0,0,0,0,1,,,data
5106,9780738702001,,goodreads,skipped,0,0,,0,0,0,0,1,,,data
5107,9780964911352,,goodreads,skipped,0,0,,0,0,0,0,1,,,data
5108,9780935127676,,goodreads,skipped,0,0,,0,0,0,0,1,,,data
5109,9780935127041,,goodreads,skipped,0,0,,0,0,0,0,1,,,data
5110,9780877284239,,goodreads,skipped,0,0,,0,0,0,0,1,,,data
5111,9780880795111,,goodreads,skipped,0,0,,0,0,0,0,1,,,data
5112,9780806520438,,goodreads,skipped,0,0,,0,0,0,0,1,,,data
5113,9780806520940,,goodreads,skipped,0,0,,0,0,0,0,1,,,data
5114,9780141010977,,goodreads,skipped,0,0,,0,0,0,0,1,,,data
5115,9781564145888,,goodreads,skipped,0,0,,0,0,0,0,1,,,data
5116,9780931411175,,goodreads,skipped,0,0,,0,0,0,0,1,,,data
5117,9780929274188,,goodreads,skipped,0,0,,0,0,0,0,1,,,data
5118,9780824516833,,goodreads,skipped,0,0,,0,0,0,0,1,,,data
5119,9780891096795,,goodreads,skipped,0,0,,0,0,0,0,1,,,data
5120,9780060950019,,goodreads,skipped,0,0,,0,0,0,0,1,,,data
5121,9781557883599,,goodreads,skipped,0,0,,0,0,0,0,1,,,data
5122,9781580631679,,goodreads,skipped,0,0,,0,0,0,0,1,,,data
5123,9780425061275,,goodreads,skipped,0,0,,0,0,0,0,1,,,data
5124,9780310425113,,goodreads,skipped,0,0,,0,0,0,0,1,,,data
5125,9781551520674,,goodreads,skipped,0,0,,0,0,0,0,1,,,data
5126,9780722511619,,goodreads,skipped,0,0,,0,0,0,0,1,,,data
5127,9780722536964,,goodreads,skipped,0,0,,0,0,0,0,1,,,data
5128,9781900512534,,goodreads,skipped,0,0,,0,0,0,0,1,,,data
5129,9780722136997,,goodreads,skipped,0,0,,0,0,0,0,1,,,data
5130,9780761516262,,goodreads,skipped,0,0,,0,0,0,0,1,,,data
5131,9780684801131,,goodreads,skipped,0,0,,0,0,0,0,1,,,data
5132,9780722540060,,goodreads,skipped,0,0,,0,0,0,0,1,,,data
5133,9781572434516,,goodreads,skipped,0,0,,0,0,0,0,1,,,data
5134,9781570670268,,goodreads,skipped,0,0,,0,0,0,0,1,,,data
5135,9780913990421,,goodreads,skipped,0,0,,0,0,0,0,1,,,data
5136,9780006152989,,goodreads,skipped,0,0,,0,0,0,0,1,,,data
5137,9781570670251,,goodreads,skipped,0,0,,0,0,0,0,1,,,data
5138,9780747207917,,goodreads,skipped,0,0,,0,0,0,0,1,,,data
5139,9781580910798,,goodreads,skipped,0,0,,0,0,0,0,1,,,data
5140,9780812963892,,goodreads,skipped,0,0,,0,0,0,0,1,,,data
5141,9780330244282,,goodreads,skipped,0,0,,0,0,0,0,1,,,data
5142,9780060935443,,goodreads,skipped,0,0,,0,0,0,0,1,,,data
5143,9780718136031,,goodreads,skipped,0,0,,0,0,0,0,1,,,data
5144,9780596000264,,goodreads,skipped,0,0,,0,0,0,0,1,,,data
5145,9780471146117,,goodreads,skipped,0,0,,0,0,0,0,1,,,data
5146,9780864380357,,goodreads,skipped,0,0,,0,0,0,0,1,,,data
5147,9780071380393,,goodreads,skipped,0,0,,0,0,0,0,1,,,data
5148,9781893224087,,goodreads,skipped,0,0,,0,0,0,0,1,,,data
5149,9780423010602,,goodreads,skipped,0,0,,0,0,0,0,1,,,data
5150,9781880559741,,goodreads,skipped,0,0,,0,0,0,0,1,,,data
5151,9780207163746,,goodreads,skipped,0,0,,0,0,0,0,1,,,data
5152,9780971498815,,goodreads,skipped,0,0,,0,0,0,0,1,,,data
5153,9781869584283,,goodreads,skipped,0,0,,0,0,0,0,1,,,data
5154,9780761913139,,goodreads,skipped,0,0,,0,0,0,0,1,,,data
5155,9781578511433,,goodreads,skipped,0,0,,0,0,0,0,1,,,data
5156,9780752904085,,goodreads,skipped,0,0,,0,0,0,0,1,,,data
5157,9780787963941,,goodreads,skipped,0,0,,0,0,0,0,1,,,data
5158,9781841120393,,goodreads,skipped,0,0,,0,0,0,0,1,,,data
5159,9780749438517,,goodreads,skipped,0,0,,0,0,0,0,1,,,data
5160,9781587990663,,goodreads,skipped,0,0,,0,0,0,0,1,,,data
5161,9780671027070,,goodreads,skipped,0,0,,0,0,0,0,1,,,data
5162,9780520218352,,goodreads,skipped,0,0,,0,0,0,0,1,,,data
5163,9781560526087,,goodreads,skipped,0,0,,0,0,0,0,1,,,data
5164,9780802132635,,goodreads,skipped,0,0,,0,0,0,0,1,,,data
5165,9780340414248,,goodreads,skipped,0,0,,0,0,0,0,1,,,data
5166,9781931229173,,goodreads,blocked,0,7,title; authors; publisher; origin; date_of_publication; language; genres,0,0,0,0,15,,,data
5167,9780898799057,,goodreads,skipped,0,0,,0,0,0,0,1,,,data
5168,9781574441758,,goodreads,skipped,0,0,,0,0,0,0,1,,,data
5169,9781551802077,,goodreads,skipped,0,0,,0,0,0,0,1,,,data
5170,9780330334341,,goodreads,skipped,0,0,,0,0,0,0,1,,,data
5171,9780761535638,,goodreads,skipped,0,0,,0,0,0,0,1,,,data
5172,9789605401108,,goodreads,skipped,0,0,,0,0,0,0,1,,,data
5173,9780809244751,,goodreads,skipped,0,0,,0,0,0,0,1,,,data
5174,9780679729587,,goodreads,skipped,0,0,,0,0,0,0,1,,,data
5175,9780140076943,,goodreads,skipped,0,0,,0,0,0,0,1,,,data
5176,9780449001288,,goodreads,skipped,0,0,,0,0,0,0,1,,,data
5177,9780451151841,,goodreads,skipped,0,0,,0,0,0,0,1,,,data
5178,9780449148518,,goodreads,skipped,0,0,,0,0,0,0,1,,,data
5179,9781567184679,,goodreads,skipped,0,0,,0,0,0,0,1,,,data
5180,9781890009816,,goodreads,skipped,0,0,,0,0,0,0,1,,,data
5181,9781573241434,,goodreads,skipped,0,0,,0,0,0,0,1,,,data
5182,9780425082683,,goodreads,skipped,0,0,,0,0,0,0,1,,,data
5183,9780843924657,,goodreads,skipped,0,0,,0,0,0,0,1,,,data
5184,9781567184631,,goodreads,skipped,0,0,,0,0,0,0,1,,,data
5185,9780875420479,,goodreads,skipped,0,0,,0,0,0,0,1,,,data
5186,9781567182736,,goodreads,skipped,0,0,,0,0,0,0,1,,,data
5187,9780312268817,,goodreads,skipped,0,0,,0,0,0,0,1,,,data
5188,9780806920658,,goodreads,skipped,0,0,,0,0,0,0,1,,,data
5189,9780843931044,,goodreads,skipped,0,0,,0,0,0,0,1,,,data
5190,9781576751169,,goodreads,skipped,0,0,,0,0,0,0,1,,,data
5191,9780722535660,,goodreads,skipped,0,0,,0,0,0,0,1,,,data
5192,9780471435969,,goodreads,skipped,0,0,,0,0,0,0,1,,,data
5193,9780671729929,,goodreads,skipped,0,0,,0,0,0,0,1,,,data
5194,9781573226516,,goodreads,skipped,0,0,,0,0,0,0,1,,,data
5195,9780892818778,,goodreads,skipped,0,0,,0,0,0,0,1,,,data
5196,9780737303230,,goodreads,skipped,0,0,,0,0,0,0,1,,,data
5197,9780609807439,,goodreads,skipped,0,0,,0,0,0,0,1,,,data
5198,9780970449023,,goodreads,skipped,0,0,,0,0,0,0,1,,,data
5199,9780929274232,,goodreads,skipped,0,0,,0,0,0,0,1,,,data
5200,9780970449016,,goodreads,skipped,0,0,,0,0,0,0,1,,,data
5201,9780970449009,,goodreads,skipped,0,0,,0,0,0,0,1,,,data
5202,9780684837130,,goodreads,skipped,0,0,,0,0,0,0,1,,,data
5203,9780962847424,,goodreads,skipped,0,0,,0,0,0,0,1,,,data
5204,9780312959364,,goodreads,skipped,0,0,,0,0,0,0,1,,,data
5205,9780312961596,,goodreads,skipped,0,0,,0,0,0,0,1,,,data
5206,9780671796600,,goodreads,skipped,0,0,,0,0,0,0,1,,,data
5207,9780440235538,,goodreads,skipped,0,0,,0,0,0,0,1,,,data
5208,9780425073674,,goodreads,skipped,0,0,,0,0,0,0,1,,,data
5209,9780770427856,,goodreads,skipped,0,0,,0,0,0,0,1,,,data
5210,9781560253518,,goodreads,skipped,0,0,,0,0,0,0,1,,,data
5211,9780393325232,,goodreads,skipped,0,0,,0,0,0,0,1,,,data
5212,9781858817903,,goodreads,skipped,0,0,,0,0,0,0,1,,,data
5213,9780385492782,,goodreads,skipped,0,0,,0,0,0,0,1,,,data
5214,9780870448645,,goodreads,skipped,0,0,,0,0,0,0,1,,,data
5215,9780870448669,,goodreads,skipped,0,0,,0,0,0,0,1,,,data
5216,9780373033133,,goodreads,skipped,0,0,,0,0,0,0,1,,,data
5217,9780373034291,,goodreads,skipped,0,0,,0,0,0,0,1,,,data
5218,9780870449079,,goodreads,skipped,0,0,,0,0,0,0,1,,,data
5219,9780373034284,,goodreads,skipped,0,0,,0,0,0,0,1,,,data
5220,9780932238016,,goodreads,skipped,0,0,,0,0,0,0,1,,,data
5221,9780373033980,,goodreads,skipped,0,0,,0,0,0,0,1,,,data
5222,9780517222478,,goodreads,skipped,0,0,,0,0,0,0,1,,,data
5223,9780870449086,,goodreads,skipped,0,0,,0,0,0,0,1,,,data
5224,9780515109269,,goodreads,skipped,0,0,,0,0,0,0,1,,,data
5225,9780425099025,,goodreads,skipped,0,0,,0,0,0,0,1,,,data
5226,9780373034383,,goodreads,skipped,0,0,,0,0,0,0,1,,,data
5227,9780373034369,,goodreads,skipped,0,0,,0,0,0,0,1,,,data
5228,9780373261192,,goodreads,skipped,0,0,,0,0,0,0,1,,,data
5229,9780373167081,,goodreads,skipped,0,0,,0,0,0,0,1,,,data
5230,9780373166749,,goodreads,skipped,0,0,,0,0,0,0,1,,,data
5231,9780805423242,,goodreads,skipped,0,0,,0,0,0,0,1,,,data
5232,9780553379372,,goodreads,skipped,0,0,,0,0,0,0,1,,,data
5233,9780440223269,,goodreads,skipped,0,0,,0,0,0,0,1,,,data
5234,9780394755304,,goodreads,skipped,0,0,,0,0,0,0,1,,,data
5235,9780425121665,,goodreads,skipped,0,0,,0,0,0,0,1,,,data
5236,9780425157008,,goodreads,skipped,0,0,,0,0,0,0,1,,,data
5237,9780451181343,,goodreads,skipped,0,0,,0,0,0,0,1,,,data
5238,9780449211120,,goodreads,skipped,0,0,,0,0,0,0,1,,,data
5239,9780060642822,,goodreads,skipped,0,0,,0,0,0,0,1,,,data
5240,9780974282916,,goodreads,skipped,0,0,,0,0,0,0,1,,,data
5241,9780974282909,,goodreads,skipped,0,0,,0,0,0,0,1,,,data
5242,9780060392512,,goodreads,skipped,0,0,,0,0,0,0,1,,,data
5243,9781561563081,,goodreads,skipped,0,0,,0,0,0,0,1,,,data
5244,9780688082963,,goodreads,skipped,0,0,,0,0,0,0,1,,,data
5245,9780070304871,,goodreads,skipped,0,0,,0,0,0,0,1,,,data
5246,9780553285888,,goodreads,skipped,0,0,,0,0,0,0,1,,,data
5247,9780140368413,,goodreads,skipped,0,0,,0,0,0,0,1,,,data
5248,9780761112396,,goodreads,skipped,0,0,,0,0,0,0,1,,,data
5249,9781856483223,,goodreads,skipped,0,0,,0,0,0,0,1,,,data
5250,9781930806122,,goodreads,skipped,0,0,,0,0,0,0,1,,,data
5251,9780425044902,,goodreads,skipped,0,0,,0,0,0,0,1,,,data
5252,9780704344969,,goodreads,skipped,0,0,,0,0,0,0,1,,,data
5253,9780698116917,,goodreads,skipped,0,0,,0,0,0,0,1,,,data
5254,9781854879325,,goodreads,skipped,0,0,,0,0,0,0,1,,,data
5255,9780300066609,,goodreads,skipped,0,0,,0,0,0,0,1,,,data
5256,9780300050257,,goodreads,skipped,0,0,,0,0,0,0,1,,,data
5257,9780300045871,,goodreads,skipped,0,0,,0,0,0,0,1,,,data
5258,9780140390377,,goodreads,skipped,0,0,,0,0,0,0,1,,,data
5259,9780380722808,,goodreads,skipped,0,0,,0,0,0,0,1,,,data
5260,9780671745684,,goodreads,skipped,0,0,,0,0,0,0,1,,,data
5261,9780892963782,,goodreads,skipped,0,0,,0,0,0,0,1,,,data
5262,9780385264914,,goodreads,skipped,0,0,,0,0,0,0,1,,,data
5263,9780151301188,,goodreads,skipped,0,0,,0,0,0,0,1,,,data
5264,9780340823200,,goodreads,skipped,0,0,,0,0,0,0,1,,,data
5265,9780809257614,,goodreads,skipped,0,0,,0,0,0,0,1,,,data
5266,9780316493475,,goodreads,skipped,0,0,,0,0,0,0,1,,,data
5267,9780670838264,,goodreads,skipped,0,0,,0,0,0,0,1,,,data
5268,9780312069209,,goodreads,skipped,0,0,,0,0,0,0,1,,,data
5269,9780749933203,,goodreads,skipped,0,0,,0,0,0,0,1,,,data
5270,9780394576671,,goodreads,skipped,0,0,,0,0,0,0,1,,,data
5271,9788420442884,,goodreads,skipped,0,0,,0,0,0,0,1,,,data
5272,9780030098758,,goodreads,skipped,0,0,,0,0,0,0,1,,,data
5273,9780151027071,,goodreads,skipped,0,0,,0,0,0,0,1,,,data
5274,9783882430776,,goodreads,skipped,0,0,,0,0,0,0,1,,,data
5275,9780380776337,,goodreads,skipped,0,0,,0,0,0,0,1,,,data
5276,9783922028000,,goodreads,skipped,0,0,,0,0,0,0,1,,,data
5277,9781579547080,,goodreads,skipped,0,0,,0,0,0,0,1,,,data
5278,9783404138357,,goodreads,skipped,0,0,,0,0,0,0,1,,,data
5279,9783548026312,,goodreads,skipped,0,0,,0,0,0,0,1,,,data
5280,9783453011175,,goodreads,skipped,0,0,,0,0,0,0,1,,,data
5281,9783442037148,,goodreads,skipped,0,0,,0,0,0,0,1,,,data
5282,9780312193072,,goodreads,skipped,0,0,,0,0,0,0,1,,,data
5283,9780060168865,,goodreads,skipped,0,0,,0,0,0,0,1,,,data
5284,9780340812457,,goodreads,skipped,0,0,,0,0,0,0,1,,,data
5285,9780140178388,,goodreads,skipped,0,0,,0,0,0,0,1,,,data
5286,9780752846088,,goodreads,skipped,0,0,,0,0,0,0,1,,,data
5287,9781551923567,,goodreads,skipped,0,0,,0,0,0,0,1,,,data
5288,9780002326834,,goodreads,skipped,0,0,,0,0,0,0,1,,,data
5289,9780385509008,,goodreads,skipped,0,0,,0,0,0,0,1,,,data
5290,9780671693350,,goodreads,skipped,0,0,,0,0,0,0,1,,,data
5291,9780140511369,,goodreads,skipped,0,0,,0,0,0,0,1,,,data
5292,9780970398819,,goodreads,skipped,0,0,,0,0,0,0,1,,,data
5293,9780380701773,,goodreads,skipped,0,0,,0,0,0,0,1,,,data
5294,9780970398802,,goodreads,skipped,0,0,,0,0,0,0,1,,,data
5295,9780471957140,,goodreads,skipped,0,0,,0,0,0,0,1,,,data
5296,9780747534891,,goodreads,skipped,0,0,,0,0,0,0,1,,,data
5297,9780394623610,,goodreads,skipped,0,0,,0,0,0,0,1,,,data
5298,9781896522142,,goodreads,skipped,0,0,,0,0,0,0,1,,,data
5299,9781401076221,,goodreads,skipped,0,0,,0,0,0,0,1,,,data
5300,9780802150981,,goodreads,skipped,0,0,,0,0,0,0,1,,,data
5301,9780140188165,,goodreads,skipped,0,0,,0,0,0,0,1,,,data
5302,9780590403542,,goodreads,skipped,0,0,,0,0,0,0,1,,,data
5303,9780521357302,,goodreads,skipped,0,0,,0,0,0,0,1,,,data
5304,9782894330135,,goodreads,skipped,0,0,,0,0,0,0,1,,,data
5305,9780553267662,,goodreads,skipped,0,0,,0,0,0,0,1,,,data
5306,9780140146554,,goodreads,skipped,0,0,,0,0,0,0,1,,,data
5307,9780451195524,,goodreads,skipped,0,0,,0,0,0,0,1,,,data
5308,9780595175017,,goodreads,skipped,0,0,,0,0,0,0,1,,,data
5309,9780060130343,,goodreads,skipped,0,0,,0,0,0,0,1,,,data
5310,9780882664705,,goodreads,skipped,0,0,,0,0,0,0,1,,,data
5311,9780385142274,,goodreads,skipped,0,0,,0,0,0,0,1,,,data
5312,9780743462709,,goodreads,skipped,0,0,,0,0,0,0,1,,,data
5313,9780060957476,,goodreads,skipped,0,0,,0,0,0,0,1,,,data
5314,9780312902605,,goodreads,skipped,0,0,,0,0,0,0,1,,,data
5315,9780899198378,,goodreads,skipped,0,0,,0,0,0,0,1,,,data
5316,9780871314550,,goodreads,skipped,0,0,,0,0,0,0,1,,,data
5317,9781563974021,,goodreads,skipped,0,0,,0,0,0,0,1,,,data
5318,9780671644062,,goodreads,skipped,0,0,,0,0,0,0,1,,,data
5319,9782253145592,,goodreads,skipped,0,0,,0,0,0,0,1,,,data
5320,9780471377900,,goodreads,skipped,0,0,,0,0,0,0,1,,,data
5321,9782702705650,,goodreads,skipped,0,0,,0,0,0,0,1,,,data
5322,9781878450586,,goodreads,skipped,0,0,,0,0,0,0,1,,,data
5323,9782020340748,,goodreads,skipped,0,0,,0,0,0,0,1,,,data
5324,9782706110443,,goodreads,skipped,0,0,,0,0,0,0,1,,,data
5325,9780345317377,,goodreads,skipped,0,0,,0,0,0,0,1,,,data
5326,9782020061889,,goodreads,skipped,0,0,,0,0,0,0,1,,,data
5327,9780451142320,,goodreads,skipped,0,0,,0,0,0,0,1,,,data
5328,9780688066048,,goodreads,skipped,0,0,,0,0,0,0,1,,,data
5329,9781573241724,,goodreads,skipped,0,0,,0,0,0,0,1,,,data
5330,9780670872794,,goodreads,skipped,0,0,,0,0,0,0,1,,,data
5331,9780531068571,,goodreads,skipped,0,0,,0,0,0,0,1,,,data
5332,9780671700201,,goodreads,skipped,0,0,,0,0,0,0,1,,,data
5333,9780882701400,,goodreads,skipped,0,0,,0,0,0,0,1,,,data
5334,9780688078089,,goodreads,skipped,0,0,,0,0,0,0,1,,,data
5335,9780345341198,,goodreads,skipped,0,0,,0,0,0,0,1,,,data
5336,9780416618709,,goodreads,skipped,0,0,,0,0,0,0,1,,,data
5337,9780671639648,,goodreads,skipped,0,0,,0,0,0,0,1,,,data
5338,9788437602790,,goodreads,skipped,0,0,,0,0,0,0,1,,,data
5339,9780684872810,,goodreads,skipped,0,0,,0,0,0,0,1,,,data
5340,9780789471918,,goodreads,skipped,0,0,,0,0,0,0,1,,,data
5341,9788423976614,,goodreads,skipped,0,0,,0,0,0,0,1,,,data
5342,9780525362456,,goodreads,skipped,0,0,,0,0,0,0,1,,,data
5343,9780394576756,,goodreads,skipped,0,0,,0,0,0,0,1,,,data
5344,9781880908129,,goodreads,skipped,0,0,,0,0,0,0,1,,,data
5345,9780762710133,,goodreads,skipped,0,0,,0,0,0,0,1,,,data
5346,9780671000707,,goodreads,skipped,0,0,,0,0,0,0,1,,,data
5347,9780195014327,,goodreads,skipped,0,0,,0,0,0,0,1,,,data
5348,9780884271536,,goodreads,skipped,0,0,,0,0,0,0,1,,,data
5349,9780446975728,,goodreads,skipped,0,0,,0,0,0,0,1,,,data
5350,9783887690137,,goodreads,skipped,0,0,,0,0,0,0,1,,,data
5351,9780345388353,,goodreads,skipped,0,0,,0,0,0,0,1,,,data
5352,9780553348699,,goodreads,skipped,0,0,,0,0,0,0,1,,,data
5353,9780451156631,,goodreads,skipped,0,0,,0,0,0,0,1,,,data
5354,9780943734200,,goodreads,skipped,0,0,,0,0,0,0,1,,,data
5355,9780130466983,,goodreads,skipped,0,0,,0,0,0,0,1,,,data
5356,9780595095315,,goodreads,skipped,0,0,,0,0,0,0,1,,,data
5357,9781583485477,,goodreads,skipped,0,0,,0,0,0,0,1,,,data
5358,9780312242619,,goodreads,skipped,0,0,,0,0,0,0,1,,,data
5359,9780788161858,,goodreads,skipped,0,0,,0,0,0,0,1,,,data
5360,9780918949509,,goodreads,skipped,0,0,,0,0,0,0,1,,,data
5361,9781583485514,,goodreads,skipped,0,0,,0,0,0,0,1,,,data
5362,9780394508962,,goodreads,skipped,0,0,,0,0,0,0,1,,,data
5363,9780449905692,,goodreads,skipped,0,0,,0,0,0,0,1,,,data
5364,9780312993498,,goodreads,skipped,0,0,,0,0,0,0,1,,,data
5365,9780316158282,,goodreads,skipped,0,0,,0,0,0,0,1,,,data
5366,9780689832567,,goodreads,skipped,0,0,,0,0,0,0,1,,,data
5367,9783478088046,,goodreads,skipped,0,0,,0,0,0,0,1,,,data
5368,9780439148795,,goodreads,skipped,0,0,,0,0,0,0,1,,,data
5369,9780451203809,,goodreads,skipped,0,0,,0,0,0,0,1,,,data
5370,9783502517849,,goodreads,skipped,0,0,,0,0,0,0,1,,,data
5371,9780451524638,,goodreads,skipped,0,0,,0,0,0,0,1,,,data
5372,9780671423612,,goodreads,skipped,0,0,,0,0,0,0,1,,,data
5373,9783502512516,,goodreads,skipped,0,0,,0,0,0,0,1,,,data
5374,9780064473781,,goodreads,skipped,0,0,,0,0,0,0,1,,,data
5375,9780671422981,,goodreads,skipped,0,0,,0,0,0,0,1,,,data
5376,9780140450255,,goodreads,skipped,0,0,,0,0,0,0,1,,,data
5377,9780671870386,,goodreads,skipped,0,0,,0,0,0,0,1,,,data
5378,9780553580372,,goodreads,skipped,0,0,,0,0,0,0,1,,,data
5379,9780395633250,,goodreads,skipped,0,0,,0,0,0,0,1,,,data
5380,9780152022006,,goodreads,skipped,0,0,,0,0,0,0,1,,,data
5381,9781589195912,,goodreads,skipped,0,0,,0,0,0,0,1,,,data
5382,9780767903561,,goodreads,skipped,0,0,,0,0,0,0,1,,,data
5383,9780553238075,,goodreads,skipped,0,0,,0,0,0,0,1,,,data
5384,9789029042727,,goodreads,skipped,0,0,,0,0,0,0,1,,,data
5385,9780828006729,,goodreads,skipped,0,0,,0,0,0,0,1,,,data
5386,9780563538127,,goodreads,skipped,0,0,,0,0,0,0,1,,,data
5387,9780747254003,,goodreads,skipped,0,0,,0,0,0,0,1,,,data
5388,9781575661209,,goodreads,skipped,0,0,,0,0,0,0,1,,,data
5389,9780553290899,,goodreads,skipped,0,0,,0,0,0,0,1,,,data
5390,9780836119305,,goodreads,skipped,0,0,,0,0,0,0,1,,,data
5391,9780517567777,,goodreads,skipped,0,0,,0,0,0,0,1,,,data
5392,9780590457347,,goodreads,skipped,0,0,,0,0,0,0,1,,,data
5393,9780448403823,,goodreads,skipped,0,0,,0,0,0,0,1,,,data
5394,9780425065686,,goodreads,skipped,0,0,,0,0,0,0,1,,,data
5395,9780553095227,,goodreads,skipped,0,0,,0,0,0,0,1,,,data
5396,9780451527677,,goodreads,skipped,0,0,,0,0,0,0,1,,,data
5397,9780939660377,,goodreads,skipped,0,0,,0,0,0,0,1,,,data
5398,9780812561845,,goodreads,skipped,0,0,,0,0,0,0,1,,,data
5399,9780740718540,,goodreads,skipped,0,0,,0,0,0,0,1,,,data
5400,9781562614652,,goodreads,skipped,0,0,,0,0,0,0,1,,,data
5401,9780002160094,,goodreads,skipped,0,0,,0,0,0,0,1,,,data
5402,9780671679903,,goodreads,skipped,0,0,,0,0,0,0,1,,,data
5403,9780911104219,,goodreads,skipped,0,0,,0,0,0,0,1,,,data
5404,9781841880952,,goodreads,skipped,0,0,,0,0,0,0,1,,,data
5405,9780312864057,,goodreads,skipped,0,0,,0,0,0,0,1,,,data
5406,9780743410274,,goodreads,skipped,0,0,,0,0,0,0,1,,,data
5407,9780345417091,,goodreads,skipped,0,0,,0,0,0,0,1,,,data
5408,9780345417077,,goodreads,skipped,0,0,,0,0,0,0,1,,,data
5409,9780140506617,,goodreads,skipped,0,0,,0,0,0,0,1,,,data
5410,9780345417053,,goodreads,skipped,0,0,,0,0,0,0,1,,,data
5411,9780938586487,,goodreads,skipped,0,0,,0,0,0,0,1,,,data
5412,9780451517029,,goodreads,skipped,0,0,,0,0,0,0,1,,,data
5413,9781891830600,,goodreads,skipped,0,0,,0,0,0,0,1,,,data
5414,9781561797127,,goodreads,skipped,0,0,,0,0,0,0,1,,,data
5415,9780786813070,,goodreads,skipped,0,0,,0,0,0,0,1,,,data
5416,9780723233282,,goodreads,skipped,0,0,,0,0,0,0,1,,,data
5417,9780152132125,,goodreads,skipped,0,0,,0,0,0,0,1,,,data
5418,9780871564191,,goodreads,skipped,0,0,,0,0,0,0,1,,,data
5419,9780743476133,,goodreads,skipped,0,0,,0,0,0,0,1,,,data
5420,9780897212809,,goodreads,skipped,0,0,,0,0,0,0,1,,,data
5421,9780848718985,,goodreads,skipped,0,0,,0,0,0,0,1,,,data
5422,9780875968230,,goodreads,skipped,0,0,,0,0,0,0,1,,,data
5423,9781403370280,,goodreads,skipped,0,0,,0,0,0,0,1,,,data
5424,9780684811390,,goodreads,skipped,0,0,,0,0,0,0,1,,,data
5425,9780696200403,,goodreads,skipped,0,0,,0,0,0,0,1,,,data
5426,9780875967660,,goodreads,skipped,0,0,,0,0,0,0,1,,,data
5427,9780813339399,,goodreads,skipped,0,0,,0,0,0,0,1,,,data
5428,9780060923983,,goodreads,skipped,0,0,,0,0,0,0,1,,,data
5429,9780801979187,,goodreads,skipped,0,0,,0,0,0,0,1,,,data
5430,9780671693824,,goodreads,skipped,0,0,,0,0,0,0,1,,,data
5431,9780910412575,,goodreads,skipped,0,0,,0,0,0,0,1,,,data
5432,9780399133275,,goodreads,skipped,0,0,,0,0,0,0,1,,,data
5433,9780002199797,,goodreads,skipped,0,0,,0,0,0,0,1,,,data
5434,9780786702893,,goodreads,skipped,0,0,,0,0,0,0,1,,,data
5435,9780679774129,,goodreads,skipped,0,0,,0,0,0,0,1,,,data
5436,9780671019723,,goodreads,skipped,0,0,,0,0,0,0,1,,,data
5437,9780761501022,,goodreads,skipped,0,0,,0,0,0,0,1,,,data
5438,9780451151797,,goodreads,skipped,0,0,,0,0,0,0,1,,,data
5439,9780897212298,,goodreads,skipped,0,0,,0,0,0,0,1,,,data
5440,9780590528375,,goodreads,skipped,0,0,,0,0,0,0,1,,,data
5441,9780312101381,,goodreads,skipped,0,0,,0,0,0,0,1,,,data
5442,9780880388382,,goodreads,skipped,0,0,,0,0,0,0,1,,,data
5443,9780590463102,,goodreads,skipped,0,0,,0,0,0,0,1,,,data
5444,9780842362290,,goodreads,skipped,0,0,,0,0,0,0,1,,,data
5445,9780812828627,,goodreads,skipped,0,0,,0,0,0,0,1,,,data
5446,9781552091418,,goodreads,skipped,0,0,,0,0,0,0,1,,,data
5447,9780836218091,,goodreads,skipped,0,0,,0,0,0,0,1,,,data
5448,9781580171052,,goodreads,skipped,0,0,,0,0,0,0,1,,,data
5449,9781551664576,,goodreads,skipped,0,0,,0,0,0,0,1,,,data
5450,9780747557708,,goodreads,skipped,0,0,,0,0,0,0,1,,,data
5451,9780373482641,,goodreads,skipped,0,0,,0,0,0,0,1,,,data
5452,9780261104013,,goodreads,skipped,0,0,,0,0,0,0,1,,,data
5453,9780899093147,,goodreads,skipped,0,0,,0,0,0,0,1,,,data
5454,9780140439304,,goodreads,skipped,0,0,,0,0,0,0,1,,,data
5455,9781852427146,,goodreads,skipped,0,0,,0,0,0,0,1,,,data
5456,9788817150446,,goodreads,skipped,0,0,,0,0,0,0,1,,,data
5457,9780451159953,,goodreads,skipped,0,0,,0,0,0,0,1,,,data
5458,9780520077829,,goodreads,skipped,0,0,,0,0,0,0,1,,,data
5459,9780373809219,,goodreads,skipped,0,0,,0,0,0,0,1,,,data
5460,9780060926052,,goodreads,skipped,0,0,,0,0,0,0,1,,,data
5461,9782894641989,,goodreads,skipped,0,0,,0,0,0,0,1,,,data
5462,9780312851842,,goodreads,skipped,0,0,,0,0,0,0,1,,,data
5463,9780812536737,,goodreads,skipped,0,0,,0,0,0,0,1,,,data
5464,9781557784667,,goodreads,skipped,0,0,,0,0,0,0,1,,,data
5465,9780812013566,,goodreads,skipped,0,0,,0,0,0,0,1,,,data
5466,9788401011696,,goodreads,skipped,0,0,,0,0,0,0,1,,,data
5467,9781551990484,,goodreads,skipped,0,0,,0,0,0,0,1,,,data
5468,9780671721329,,goodreads,skipped,0,0,,0,0,0,0,1,,,data
5469,9780671876548,,goodreads,skipped,0,0,,0,0,0,0,1,,,data
5470,9780878162444,,goodreads,skipped,0,0,,0,0,0,0,1,,,data
5471,9780671721602,,goodreads,skipped,0,0,,0,0,0,0,1,,,data
5472,9780590032742,,goodreads,skipped,0,0,,0,0,0,0,1,,,data
5473,9780517594940,,goodreads,skipped,0,0,,0,0,0,0,1,,,data
5474,9780441002139,,goodreads,skipped,0,0,,0,0,0,0,1,,,data
5475,9780684865065,,goodreads,skipped,0,0,,0,0,0,0,1,,,data
5476,9781882593279,,goodreads,skipped,0,0,,0,0,0,0,1,,,data
5477,9780786913343,,goodreads,skipped,0,0,,0,0,0,0,1,,,data
5478,9780440118749,,goodreads,skipped,0,0,,0,0,0,0,1,,,data
5479,9780446315180,,goodreads,skipped,0,0,,0,0,0,0,1,,,data
5480,9780316738712,,goodreads,skipped,0,0,,0,0,0,0,1,,,data
5481,9780671721664,,goodreads,skipped,0,0,,0,0,0,0,1,,,data
5482,9780345388254,,goodreads,skipped,0,0,,0,0,0,0,1,,,data
5483,9780060186456,,goodreads,skipped,0,0,,0,0,0,0,1,,,data
5484,9781413701135,,goodreads,skipped,0,0,,0,0,0,0,1,,,data
5485,9781559360722,,goodreads,skipped,0,0,,0,0,0,0,1,,,data
5486,9781559360609,,goodreads,skipped,0,0,,0,0,0,0,1,,,data
5487,9781577330882,,goodreads,skipped,0,0,,0,0,0,0,1,,,data
5488,9781577330981,,goodreads,skipped,0,0,,0,0,0,0,1,,,data
5489,9781853407369,,goodreads,skipped,0,0,,0,0,0,0,1,,,data
5490,9780806615721,,goodreads,skipped,0,0,,0,0,0,0,1,,,data
5491,9781566194334,,goodreads,skipped,0,0,,0,0,0,0,1,,,data
5492,9780449148259,,goodreads,skipped,0,0,,0,0,0,0,1,,,data
5493,9780811215428,,goodreads,skipped,0,0,,0,0,0,0,1,,,data
5494,9781555139889,,goodreads,skipped,0,0,,0,0,0,0,1,,,data
5495,9780618118823,,goodreads,skipped,0,0,,0,0,0,0,1,,,data
5496,9781555973674,,goodreads,skipped,0,0,,0,0,0,0,1,,,data
5497,9783548245621,,goodreads,skipped,0,0,,0,0,0,0,1,,,data
5498,9780684810539,,goodreads,skipped,0,0,,0,0,0,0,1,,,data
5499,9783453152724,,goodreads,skipped,0,0,,0,0,0,0,1,,,data
5500,9780802117298,,goodreads,skipped,0,0,,0,0,0,0,1,,,data
5501,9780471575634,,goodreads,skipped,0,0,,0,0,0,0,1,,,data
5502,9780684862101,,goodreads,skipped,0,0,,0,0,0,0,1,,,data
5503,9780871134684,,goodreads,skipped,0,0,,0,0,0,0,1,,,data
5504,9780900424267,,goodreads,skipped,0,0,,0,0,0,0,1,,,data
5505,9780918432681,,goodreads,skipped,0,0,,0,0,0,0,1,,,data
5506,9780878577743,,goodreads,skipped,0,0,,0,0,0,0,1,,,data
5507,9781889330280,,goodreads,skipped,0,0,,0,0,0,0,1,,,data
5508,9780609610299,,goodreads,skipped,0,0,,0,0,0,0,1,,,data
5509,9781887424417,,goodreads,skipped,0,0,,0,0,0,0,1,,,data
5510,9780944072813,,goodreads,skipped,0,0,,0,0,0,0,1,,,data
5511,9780553121032,,goodreads,skipped,0,0,,0,0,0,0,1,,,data
5512,9780345450289,,goodreads,skipped,0,0,,0,0,0,0,1,,,data
5513,9780684842646,,goodreads,skipped,0,0,,0,0,0,0,1,,,data
5514,9780385323758,,goodreads,skipped,0,0,,0,0,0,0,1,,,data
5515,9780399511813,,goodreads,skipped,0,0,,0,0,0,0,1,,,data
5516,9782290306123,,goodreads,skipped,0,0,,0,0,0,0,1,,,data
5517,9780312280987,,goodreads,skipped,0,0,,0,0,0,0,1,,,data
5518,9782080720375,,goodreads,skipped,0,0,,0,0,0,0,1,,,data
5519,9782253171782,,goodreads,skipped,0,0,,0,0,0,0,1,,,data
5520,9780375810978,,goodreads,skipped,0,0,,0,0,0,0,1,,,data
5521,9780689858871,,goodreads,skipped,0,0,,0,0,0,0,1,,,data
5522,9782070421671,,goodreads,skipped,0,0,,0,0,0,0,1,,,data
5523,9780934802451,,goodreads,skipped,0,0,,0,0,0,0,1,,,data
5524,9782266123181,,goodreads,skipped,0,0,,0,0,0,0,1,,,data
5525,9782290308431,,goodreads,skipped,0,0,,0,0,0,0,1,,,data
5526,9782226034533,,goodreads,skipped,0,0,,0,0,0,0,1,,,data
5527,9782080704603,,goodreads,skipped,0,0,,0,0,0,0,1,,,data
5528,9780954018207,,goodreads,skipped,0,0,,0,0,0,0,1,,,data
5529,9782070515783,,goodreads,skipped,0,0,,0,0,0,0,1,,,data
5530,9781851586042,,goodreads,skipped,0,0,,0,0,0,0,1,,,data
5531,9782070556854,,goodreads,skipped,0,0,,0,0,0,0,1,,,data
5532,9780330333511,,goodreads,skipped,0,0,,0,0,0,0,1,,,data
5533,9780446519854,,goodreads,skipped,0,0,,0,0,0,0,1,,,data
5534,9782070541294,,goodreads,skipped,0,0,,0,0,0,0,1,,,data
5535,9780060186876,,goodreads,skipped,0,0,,0,0,0,0,1,,,data
5536,9782070541270,,goodreads,skipped,0,0,,0,0,0,0,1,,,data
5537,9780590137416,,goodreads,skipped,0,0,,0,0,0,0,1,,,data
5538,9780684811192,,goodreads,skipped,0,0,,0,0,0,0,1,,,data
5539,9782253144892,,goodreads,skipped,0,0,,0,0,0,0,1,,,data
5540,9780821740361,,goodreads,skipped,0,0,,0,0,0,0,1,,,data
5541,9780752848297,,goodreads,skipped,0,0,,0,0,0,0,1,,,data
5542,9782266121026,,goodreads,skipped,0,0,,0,0,0,0,1,,,data
5543,9780394552569,,goodreads,skipped,0,0,,0,0,0,0,1,,,data
5544,9782267011258,,goodreads,skipped,0,0,,0,0,0,0,1,,,data
5545,9782013217859,,goodreads,skipped,0,0,,0,0,0,0,1,,,data
5546,9780517567302,,goodreads,skipped,0,0,,0,0,0,0,1,,,data
5547,9780373201860,,goodreads,skipped,0,0,,0,0,0,0,1,,,data
5548,9780142003015,,goodreads,skipped,0,0,,0,0,0,0,1,,,data
5549,9782226086365,,goodreads,skipped,0,0,,0,0,0,0,1,,,data
5550,9780688184742,,goodreads,skipped,0,0,,0,0,0,0,1,,,data
5551,9782267013047,,goodreads,skipped,0,0,,0,0,0,0,1,,,data
5552,9782290301869,,goodreads,skipped,0,0,,0,0,0,0,1,,,data
5553,9782253172260,,goodreads,skipped,0,0,,0,0,0,0,1,,,data
5554,9782253171577,,goodreads,skipped,0,0,,0,0,0,0,1,,,data
5555,9782253171768,,goodreads,skipped,0,0,,0,0,0,0,1,,,data
5556,9780684842639,,goodreads,skipped,0,0,,0,0,0,0,1,,,data
5557,9782890515000,,goodreads,skipped,0,0,,0,0,0,0,1,,,data
5558,9780141304960,,goodreads,skipped,0,0,,0,0,0,0,1,,,data
5559,9781868421022,,goodreads,skipped,0,0,,0,0,0,0,1,,,data
5560,9780349108568,,goodreads,skipped,0,0,,0,0,0,0,1,,,data
5561,9781570719394,,goodreads,skipped,0,0,,0,0,0,0,1,,,data
5562,9789727084814,,goodreads,skipped,0,0,,0,0,0,0,1,,,data
5563,9780425176498,,goodreads,skipped,0,0,,0,0,0,0,1,,,data
5564,9788478951215,,goodreads,skipped,0,0,,0,0,0,0,1,,,data
5565,9783442151479,,goodreads,skipped,0,0,,0,0,0,0,1,,,data
5566,9785551116141,,goodreads,skipped,0,0,,0,0,0,0,1,,,data
5567,9781582971865,,goodreads,skipped,0,0,,0,0,0,0,1,,,data
5568,9788477271055,,goodreads,skipped,0,0,,0,0,0,0,1,,,data
5569,9780810925533,,goodreads,skipped,0,0,,0,0,0,0,1,,,data
5570,9780897214247,,goodreads,skipped,0,0,,0,0,0,0,1,,,data
5571,9780817437121,,goodreads,skipped,0,0,,0,0,0,0,1,,,data
5572,9788423918362,,goodreads,skipped,0,0,,0,0,0,0,1,,,data
5573,9780897214346,,goodreads,skipped,0,0,,0,0,0,0,1,,,data
5574,9781855859135,,goodreads,skipped,0,0,,0,0,0,0,1,,,data
5575,9780897214230,,goodreads,skipped,0,0,,0,0,0,0,1,,,data
5576,9780892838226,,goodreads,skipped,0,0,,0,0,0,0,1,,,data
5577,9780764564420,,goodreads,skipped,0,0,,0,0,0,0,1,,,data
5578,9788408001997,,goodreads,skipped,0,0,,0,0,0,0,1,,,data
5579,9780887299360,,goodreads,skipped,0,0,,0,0,0,0,1,,,data
5580,9780801978241,,goodreads,skipped,0,0,,0,0,0,0,1,,,data
5581,9788479530785,,goodreads,skipped,0,0,,0,0,0,0,1,,,data
5582,9780910293068,,goodreads,skipped,0,0,,0,0,0,0,1,,,data
5583,9780749519872,,goodreads,skipped,0,0,,0,0,0,0,1,,,data
5584,9788408010104,,goodreads,skipped,0,0,,0,0,0,0,1,,,data
5585,9780873645744,,goodreads,skipped,0,0,,0,0,0,0,1,,,data
5586,9781400049394,,goodreads,skipped,0,0,,0,0,0,0,1,,,data
5587,9788429704600,,goodreads,blocked,0,7,title; authors; publisher; origin; date_of_publication; language; genres,0,0,0,0,15,,,data
5588,9780679003366,,goodreads,skipped,0,0,,0,0,0,0,1,,,data
5589,9781400030644,,goodreads,skipped,0,0,,0,0,0,0,1,,,data
5590,9788433969163,,goodreads,skipped,0,0,,0,0,0,0,1,,,data
5591,9781558508194,,goodreads,skipped,0,0,,0,0,0,0,1,,,data
5592,9788401476426,,goodreads,skipped,0,0,,0,0,0,0,1,,,data
5593,9780671766009,,goodreads,skipped,0,0,,0,0,0,0,1,,,data
5594,9780312117481,,goodreads,skipped,0,0,,0,0,0,0,1,,,data
5595,9780806942384,,goodreads,skipped,0,0,,0,0,0,0,1,,,data
5596,9780876055267,,goodreads,skipped,0,0,,0,0,0,0,1,,,data
5597,9780064406536,,goodreads,skipped,0,0,,0,0,0,0,1,,,data
5598,9788495501431,,goodreads,skipped,0,0,,0,0,0,0,1,,,data
5599,9780809462049,,goodreads,skipped,0,0,,0,0,0,0,1,,,data
5600,9780812968873,,goodreads,skipped,0,0,,0,0,0,0,1,,,data
5601,9781878346407,,goodreads,skipped,0,0,,0,0,0,0,1,,,data
5602,9788426410894,,goodreads,skipped,0,0,,0,0,0,0,1,,,data
5603,9780789722997,,goodreads,skipped,0,0,,0,0,0,0,1,,,data
5604,9780446522915,,goodreads,skipped,0,0,,0,0,0,0,1,,,data
5605,9788401461675,,goodreads,skipped,0,0,,0,0,0,0,1,,,data
5606,9780793829316,,goodreads,skipped,0,0,,0,0,0,0,1,,,data
5607,9780452284104,,goodreads,skipped,0,0,,0,0,0,0,1,,,data
5608,9780881763065,,goodreads,skipped,0,0,,0,0,0,0,1,,,data
5609,9788466610773,,goodreads,skipped,0,0,,0,0,0,0,1,,,data
5610,9780887294488,,goodreads,skipped,0,0,,0,0,0,0,1,,,data
5611,9788440622952,,goodreads,skipped,0,0,,0,0,0,0,1,,,data
5612,9780060955304,,goodreads,skipped,0,0,,0,0,0,0,1,,,data
5613,9780840776525,,goodreads,skipped,0,0,,0,0,0,0,1,,,data
5614,9780812911503,,goodreads,skipped,0,0,,0,0,0,0,1,,,data
5615,9780446532976,,goodreads,skipped,0,0,,0,0,0,0,1,,,data
5616,9780310701057,,goodreads,skipped,0,0,,0,0,0,0,1,,,data
5617,9780399132032,,goodreads,skipped,0,0,,0,0,0,0,1,,,data
5618,9781577684077,,goodreads,skipped,0,0,,0,0,0,0,1,,,data
5619,9780060171049,,goodreads,skipped,0,0,,0,0,0,0,1,,,data
5620,9781586104337,,goodreads,skipped,0,0,,0,0,0,0,1,,,data
5621,9781559722308,,goodreads,skipped,0,0,,0,0,0,0,1,,,data
5622,9781400046133,,goodreads,skipped,0,0,,0,0,0,0,1,,,data
5623,9780887435379,,goodreads,skipped,0,0,,0,0,0,0,1,,,data
5624,9780890873403,,goodreads,skipped,0,0,,0,0,0,0,1,,,data
5625,9780394559278,,goodreads,skipped,0,0,,0,0,0,0,1,,,data
5626,9780843950427,,goodreads,skipped,0,0,,0,0,0,0,1,,,data
5627,9780688036461,,goodreads,skipped,0,0,,0,0,0,0,1,,,data
5628,9780843944457,,goodreads,skipped,0,0,,0,0,0,0,1,,,data
5629,9780330492331,,goodreads,skipped,0,0,,0,0,0,0,1,,,data
5630,9780060182007,,goodreads,skipped,0,0,,0,0,0,0,1,,,data
5631,9780688054298,,goodreads,skipped,0,0,,0,0,0,0,1,,,data
5632,9789991291208,,goodreads,skipped,0,0,,0,0,0,0,1,,,data
5633,9780870117985,,goodreads,skipped,0,0,,0,0,0,0,1,,,data
5634,9780688079734,,goodreads,skipped,0,0,,0,0,0,0,1,,,data
5635,9780688172053,,goodreads,skipped,0,0,,0,0,0,0,1,,,data
5636,9780375431838,,goodreads,skipped,0,0,,0,0,0,0,1,,,data
5637,9781401047313,,goodreads,skipped,0,0,,0,0,0,0,1,,,data
5638,9780679404552,,goodreads,skipped,0,0,,0,0,0,0,1,,,data
5639,9780590436830,,goodreads,skipped,0,0,,0,0,0,0,1,,,data
5640,9780740722424,,goodreads,skipped,0,0,,0,0,0,0,1,,,data
5641,9780964047938,,goodreads,skipped,0,0,,0,0,0,0,1,,,data
5642,9780070650039,,goodreads,skipped,0,0,,0,0,0,0,1,,,data
5643,9780373169252,,goodreads,skipped,0,0,,0,0,0,0,1,,,data
5644,9780671632854,,goodreads,skipped,0,0,,0,0,0,0,1,,,data
5645,9780226730721,,goodreads,skipped,0,0,,0,0,0,0,1,,,data
5646,9780451134721,,goodreads,skipped,0,0,,0,0,0,0,1,,,data
5647,9780934878005,,goodreads,skipped,0,0,,0,0,0,0,1,,,data
5648,9780877457527,,goodreads,skipped,0,0,,0,0,0,0,1,,,data
5649,9781583142547,,goodreads,skipped,0,0,,0,0,0,0,1,,,data
5650,9780252019814,,goodreads,skipped,0,0,,0,0,0,0,1,,,data
5651,9780375503405,,goodreads,skipped,0,0,,0,0,0,0,1,,,data
5652,9780964367531,,goodreads,skipped,0,0,,0,0,0,0,1,,,data
5653,9780964367586,,goodreads,skipped,0,0,,0,0,0,0,1,,,data
5654,9781575664897,,goodreads,skipped,0,0,,0,0,0,0,1,,,data
5655,9780375505690,,goodreads,skipped,0,0,,0,0,0,0,1,,,data
5656,9780763613976,,goodreads,skipped,0,0,,0,0,0,0,1,,,data
5657,9780890510575,,goodreads,skipped,0,0,,0,0,0,0,1,,,data
5658,9780964367517,,goodreads,skipped,0,0,,0,0,0,0,1,,,data
5659,9780002243018,,goodreads,skipped,0,0,,0,0,0,0,1,,,data
5660,9780345401564,,goodreads,skipped,0,0,,0,0,0,0,1,,,data
5661,9780312112608,,goodreads,skipped,0,0,,0,0,0,0,1,,,data
5662,9780671682224,,goodreads,skipped,0,0,,0,0,0,0,1,,,data
5663,9780739419762,,goodreads,skipped,0,0,,0,0,0,0,1,,,data
5664,9780816310531,,goodreads,skipped,0,0,,0,0,0,0,1,,,data
5665,9780881502671,,goodreads,skipped,0,0,,0,0,0,0,1,,,data
5666,9780060186692,,goodreads,skipped,0,0,,0,0,0,0,1,,,data
5667,9780689117978,,goodreads,skipped,0,0,,0,0,0,0,1,,,data
5668,9780446370325,,goodreads,skipped,0,0,,0,0,0,0,1,,,data
5669,9780670822461,,goodreads,skipped,0,0,,0,0,0,0,1,,,data
5670,9780515123838,,goodreads,skipped,0,0,,0,0,0,0,1,,,data
5671,9780446327107,,goodreads,skipped,0,0,,0,0,0,0,1,,,data
5672,9780575036567,,goodreads,skipped,0,0,,0,0,0,0,1,,,data
5673,9780679404347,,goodreads,skipped,0,0,,0,0,0,0,1,,,data
5674,9780515131901,,goodreads,skipped,0,0,,0,0,0,0,1,,,data
5675,9780345320674,,goodreads,skipped,0,0,,0,0,0,0,1,,,data
5676,9780385239264,,goodreads,skipped,0,0,,0,0,0,0,1,,,data
5677,9780899197449,,goodreads,skipped,0,0,,0,0,0,0,1,,,data
5678,9780070566446,,goodreads,skipped,0,0,,0,0,0,0,1,,,data
5679,9780312050719,,goodreads,skipped,0,0,,0,0,0,0,1,,,data
5680,9780446524490,,goodreads,skipped,0,0,,0,0,0,0,1,,,data
5681,9780312109288,,goodreads,skipped,0,0,,0,0,0,0,1,,,data
5682,9781881649847,,goodreads,skipped,0,0,,0,0,0,0,1,,,data
5683,9780060191023,,goodreads,skipped,0,0,,0,0,0,0,1,,,data
5684,9780786012893,,goodreads,skipped,0,0,,0,0,0,0,1,,,data
5685,9781551668048,,goodreads,skipped,0,0,,0,0,0,0,1,,,data
5686,9780962142208,,goodreads,skipped,0,0,,0,0,0,0,1,,,data
5687,9780002553681,,goodreads,skipped,0,0,,0,0,0,0,1,,,data
5688,9780446517584,,goodreads,skipped,0,0,,0,0,0,0,1,,,data
5689,9780375411502,,goodreads,skipped,0,0,,0,0,0,0,1,,,data
5690,9781592121656,,goodreads,skipped,0,0,,0,0,0,0,1,,,data
5691,9780375760266,,goodreads,skipped,0,0,,0,0,0,0,1,,,data
5692,9780877288404,,goodreads,skipped,0,0,,0,0,0,0,1,,,data
5693,9780930073190,,goodreads,skipped,0,0,,0,0,0,0,1,,,data
5694,9780394550329,,goodreads,skipped,0,0,,0,0,0,0,1,,,data
5695,9780130668417,,goodreads,skipped,0,0,,0,0,0,0,1,,,data
5696,9780070106178,,goodreads,skipped,0,0,,0,0,0,0,1,,,data
5697,9780517122860,,goodreads,skipped,0,0,,0,0,0,0,1,,,data
5698,9780679463146,,goodreads,skipped,0,0,,0,0,0,0,1,,,data
5699,9780715623244,,goodreads,skipped,0,0,,0,0,0,0,1,,,data
5700,9780688087524,,goodreads,skipped,0,0,,0,0,0,0,1,,,data
5701,9780684854809,,goodreads,skipped,0,0,,0,0,0,0,1,,,data
5702,9780385491600,,goodreads,skipped,0,0,,0,0,0,0,1,,,data
5703,9780750918473,,goodreads,skipped,0,0,,0,0,0,0,1,,,data
5704,9781885478375,,goodreads,skipped,0,0,,0,0,0,0,1,,,data
5705,9780041210194,,goodreads,skipped,0,0,,0,0,0,0,1,,,data
5706,9780380718672,,goodreads,skipped,0,0,,0,0,0,0,1,,,data
5707,9780688162191,,goodreads,skipped,0,0,,0,0,0,0,1,,,data
5708,9780192876201,,goodreads,skipped,0,0,,0,0,0,0,1,,,data
5709,9780688146580,,goodreads,skipped,0,0,,0,0,0,0,1,,,data
5710,9780517580141,,goodreads,skipped,0,0,,0,0,0,0,1,,,data
5711,9780304339396,,goodreads,skipped,0,0,,0,0,0,0,1,,,data
5712,9780192854117,,goodreads,skipped,0,0,,0,0,0,0,1,,,data
5713,9780752404141,,goodreads,skipped,0,0,,0,0,0,0,1,,,data
5714,9780525249849,,goodreads,skipped,0,0,,0,0,0,0,1,,,data
5715,9780192801999,,goodreads,skipped,0,0,,0,0,0,0,1,,,data
5716,9780821728574,,goodreads,skipped,0,0,,0,0,0,0,1,,,data
5717,9781860119217,,goodreads,skipped,0,0,,0,0,0,0,1,,,data
5718,9780679415695,,goodreads,skipped,0,0,,0,0,0,0,1,,,data
5719,9780439328746,,goodreads,skipped,0,0,,0,0,0,0,1,,,data
5720,9780140442427,,goodreads,skipped,0,0,,0,0,0,0,1,,,data
5721,9780399132643,,goodreads,skipped,0,0,,0,0,0,0,1,,,data
5722,9780140225358,,goodreads,skipped,0,0,,0,0,0,0,1,,,data
5723,9780664270049,,goodreads,skipped,0,0,,0,0,0,0,1,,,data
5724,9780688083571,,goodreads,skipped,0,0,,0,0,0,0,1,,,data
5725,9780765301536,,goodreads,skipped,0,0,,0,0,0,0,1,,,data
5726,9781900796620,,goodreads,blocked,0,7,title; authors; publisher; origin; date_of_publication; language; genres,0,0,0,0,14,,,data
5727,9780060162900,,goodreads,skipped,0,0,,0,0,0,0,1,,,data
5728,9781854104953,,goodreads,skipped,0,0,,0,0,0,0,1,,,data
5729,9780671614584,,goodreads,skipped,0,0,,0,0,0,0,1,,,data
5730,9780743228473,,goodreads,skipped,0,0,,0,0,0,0,1,,,data
5731,9781874166177,,goodreads,skipped,0,0,,0,0,0,0,1,,,data
5732,9780881844344,,goodreads,skipped,0,0,,0,0,0,0,1,,,data
5733,9781840460537,,goodreads,skipped,0,0,,0,0,0,0,1,,,data
5734,9781840460735,,goodreads,skipped,0,0,,0,0,0,0,1,,,data
5735,9780688050108,,goodreads,skipped,0,0,,0,0,0,0,1,,,data
5736,9781584852032,,goodreads,skipped,0,0,,0,0,0,0,1,,,data
5737,9780851106526,,goodreads,skipped,0,0,,0,0,0,0,1,,,data
5738,9780415027991,,goodreads,skipped,0,0,,0,0,0,0,1,,,data
5739,9781555843847,,goodreads,skipped,0,0,,0,0,0,0,1,,,data
5740,9781556111181,,goodreads,skipped,0,0,,0,0,0,0,1,,,data
5741,9780813821047,,goodreads,skipped,0,0,,0,0,0,0,1,,,data
5742,9780140361742,,goodreads,skipped,0,0,,0,0,0,0,1,,,data
5743,9780553801217,,goodreads,skipped,0,0,,0,0,0,0,1,,,data
5744,9780395426227,,goodreads,skipped,0,0,,0,0,0,0,1,,,data
5745,9783596221325,,goodreads,skipped,0,0,,0,0,0,0,1,,,data
5746,9780688084707,,goodreads,skipped,0,0,,0,0,0,0,1,,,data
5747,9780553102567,,goodreads,skipped,0,0,,0,0,0,0,1,,,data
5748,9780312870317,,goodreads,skipped,0,0,,0,0,0,0,1,,,data
5749,9781411605022,,goodreads,skipped,0,0,,0,0,0,0,1,,,data
5750,9781581342147,,goodreads,skipped,0,0,,0,0,0,0,1,,,data
5751,9780787109189,,goodreads,skipped,0,0,,0,0,0,0,1,,,data
5752,9780375421945,,goodreads,skipped,0,0,,0,0,0,0,1,,,data
5753,9781573060400,,goodreads,skipped,0,0,,0,0,0,0,1,,,data
5754,9780871486097,,goodreads,skipped,0,0,,0,0,0,0,1,,,data
5755,9781551664613,,goodreads,skipped,0,0,,0,0,0,0,1,,,data
5756,9780380780075,,goodreads,skipped,0,0,,0,0,0,0,1,,,data
5757,9780373167166,,goodreads,skipped,0,0,,0,0,0,0,1,,,data
5758,9780582018181,,goodreads,skipped,0,0,,0,0,0,0,1,,,data
5759,9780175565825,,goodreads,skipped,0,0,,0,0,0,0,1,,,data
5760,9780671672874,,goodreads,skipped,0,0,,0,0,0,0,1,,,data
5761,9780449906613,,goodreads,skipped,0,0,,0,0,0,0,1,,,data
5762,9780825300837,,goodreads,skipped,0,0,,0,0,0,0,1,,,data
5763,9780446401869,,goodreads,skipped,0,0,,0,0,0,0,1,,,data
5764,9780399137662,,goodreads,skipped,0,0,,0,0,0,0,1,,,data
5765,9780312863869,,goodreads,skipped,0,0,,0,0,0,0,1,,,data
5766,9780385311908,,goodreads,skipped,0,0,,0,0,0,0,1,,,data
5767,9780553095531,,goodreads,skipped,0,0,,0,0,0,0,1,,,data
5768,9780446512879,,goodreads,skipped,0,0,,0,0,0,0,1,,,data
5769,9780446515542,,goodreads,skipped,0,0,,0,0,0,0,1,,,data
5770,9789587040463,,goodreads,skipped,0,0,,0,0,0,0,1,,,data
5771,9780316171847,,goodreads,skipped,0,0,,0,0,0,0,1,,,data
5772,9780310303213,,goodreads,skipped,0,0,,0,0,0,0,1,,,data
5773,9780671552671,,goodreads,skipped,0,0,,0,0,0,0,1,,,data
5774,9780446516884,,goodreads,skipped,0,0,,0,0,0,0,1,,,data
5775,9780890811870,,goodreads,skipped,0,0,,0,0,0,0,1,,,data
5776,9780394577678,,goodreads,skipped,0,0,,0,0,0,0,1,,,data
5777,9780517381151,,goodreads,skipped,0,0,,0,0,0,0,1,,,data
5778,9781556522611,,goodreads,skipped,0,0,,0,0,0,0,1,,,data
5779,9780517322451,,goodreads,skipped,0,0,,0,0,0,0,1,,,data
5780,9780812829969,,goodreads,skipped,0,0,,0,0,0,0,1,,,data
5781,9780385469333,,goodreads,skipped,0,0,,0,0,0,0,1,,,data
5782,9780670852192,,goodreads,skipped,0,0,,0,0,0,0,1,,,data
5783,9780312262570,,goodreads,skipped,0,0,,0,0,0,0,1,,,data
5784,9780804113359,,goodreads,skipped,0,0,,0,0,0,0,1,,,data
5785,9780440211990,,goodreads,skipped,0,0,,0,0,0,0,1,,,data
5786,9780570060666,,goodreads,skipped,0,0,,0,0,0,0,1,,,data
5787,9780465046294,,goodreads,skipped,0,0,,0,0,0,0,1,,,data
5788,9780060915469,,goodreads,skipped,0,0,,0,0,0,0,1,,,data
5789,9780062508515,,goodreads,skipped,0,0,,0,0,0,0,1,,,data
5790,9782702124284,,goodreads,skipped,0,0,,0,0,0,0,1,,,data
5791,9780449209363,,goodreads,skipped,0,0,,0,0,0,0,1,,,data
5792,9780061044359,,goodreads,skipped,0,0,,0,0,0,0,1,,,data
5793,9780553225761,,goodreads,skipped,0,0,,0,0,0,0,1,,,data
5794,9780671542047,,goodreads,skipped,0,0,,0,0,0,0,1,,,data
5795,9780131318717,,goodreads,skipped,0,0,,0,0,0,0,1,,,data
5796,9780786868926,,goodreads,skipped,0,0,,0,0,0,0,1,,,data
5797,9780440500285,,goodreads,skipped,0,0,,0,0,0,0,1,,,data
5798,9780385488853,,goodreads,skipped,0,0,,0,0,0,0,1,,,data
5799,9780380781300,,goodreads,skipped,0,0,,0,0,0,0,1,,,data
5800,9780525938293,,goodreads,skipped,0,0,,0,0,0,0,1,,,data
5801,9780061180088,,goodreads,skipped,0,0,,0,0,0,0,1,,,data
5802,9780061007255,,goodreads,skipped,0,0,,0,0,0,0,1,,,data
5803,9780805059625,,goodreads,skipped,0,0,,0,0,0,0,1,,,data
5804,9780060280642,,goodreads,skipped,0,0,,0,0,0,0,1,,,data
5805,9780345386403,,goodreads,skipped,0,0,,0,0,0,0,1,,,data
5806,9780375506284,,goodreads,skipped,0,0,,0,0,0,0,1,,,data
5807,9780094609808,,goodreads,skipped,0,0,,0,0,0,0,1,,,data
5808,9780786711284,,goodreads,skipped,0,0,,0,0,0,0,1,,,data
5809,9780850311020,,goodreads,skipped,0,0,,0,0,0,0,1,,,data
5810,9780316881463,,goodreads,skipped,0,0,,0,0,0,0,1,,,data
5811,9781893956308,,goodreads,skipped,0,0,,0,0,0,0,1,,,data
5812,9780525940654,,goodreads,skipped,0,0,,0,0,0,0,1,,,data
5813,9780886777340,,goodreads,skipped,0,0,,0,0,0,0,1,,,data
5814,9781570640087,,goodreads,skipped,0,0,,0,0,0,0,1,,,data
5815,9780064441865,,goodreads,skipped,0,0,,0,0,0,0,1,,,data
5816,9780671744373,,goodreads,skipped,0,0,,0,0,0,0,1,,,data
5817,9780878579419,,goodreads,skipped,0,0,,0,0,0,0,1,,,data
5818,9781564764164,,goodreads,skipped,0,0,,0,0,0,0,1,,,data
5819,9780446512633,,goodreads,skipped,0,0,,0,0,0,0,1,,,data
5820,9780802443755,,goodreads,skipped,0,0,,0,0,0,0,1,,,data
5821,9780785272601,,goodreads,skipped,0,0,,0,0,0,0,1,,,data
5822,9780892749232,,goodreads,skipped,0,0,,0,0,0,0,1,,,data
5823,9780849915109,,goodreads,skipped,0,0,,0,0,0,0,1,,,data
5824,9780307198976,,goodreads,skipped,0,0,,0,0,0,0,1,,,data
5825,9782264032409,,goodreads,skipped,0,0,,0,0,0,0,1,,,data
5826,9780933216242,,goodreads,skipped,0,0,,0,0,0,0,1,,,data
5827,9780688049188,,goodreads,skipped,0,0,,0,0,0,0,1,,,data
5828,9780312046026,,goodreads,skipped,0,0,,0,0,0,0,1,,,data
5829,9782264031471,,goodreads,skipped,0,0,,0,0,0,0,1,,,data
5830,9780830412990,,goodreads,skipped,0,0,,0,0,0,0,1,,,data
5831,9780312036560,,goodreads,skipped,0,0,,0,0,0,0,1,,,data
5832,9780883321096,,goodreads,skipped,0,0,,0,0,0,0,1,,,data
5833,9780345307729,,goodreads,skipped,0,0,,0,0,0,0,1,,,data
5834,9780820308845,,goodreads,skipped,0,0,,0,0,0,0,1,,,data
5835,9780312151171,,goodreads,skipped,0,0,,0,0,0,0,1,,,data
5836,9780821768464,,goodreads,skipped,0,0,,0,0,0,0,1,,,data
5837,9780312252885,,goodreads,skipped,0,0,,0,0,0,0,1,,,data
5838,9780330321556,,goodreads,skipped,0,0,,0,0,0,0,1,,,data
5839,9780821767306,,goodreads,skipped,0,0,,0,0,0,0,1,,,data
5840,9780884860884,,goodreads,skipped,0,0,,0,0,0,0,1,,,data
5841,9780789401878,,goodreads,skipped,0,0,,0,0,0,0,1,,,data
5842,9780373763276,,goodreads,skipped,0,0,,0,0,0,0,1,,,data
5843,9781552128527,,goodreads,skipped,0,0,,0,0,0,0,1,,,data
5844,9780786860692,,goodreads,skipped,0,0,,0,0,0,0,1,,,data
5845,9780553374698,,goodreads,skipped,0,0,,0,0,0,0,1,,,data
5846,9780385473361,,goodreads,skipped,0,0,,0,0,0,0,1,,,data
5847,9780262661652,,goodreads,skipped,0,0,,0,0,0,0,1,,,data
5848,9781557783714,,goodreads,skipped,0,0,,0,0,0,0,1,,,data
5849,9780425197448,,goodreads,skipped,0,0,,0,0,0,0,1,,,data
5850,9780028811123,,goodreads,skipped,0,0,,0,0,0,0,1,,,data
5851,9780802116529,,goodreads,skipped,0,0,,0,0,0,0,1,,,data
5852,9780395683965,,goodreads,skipped,0,0,,0,0,0,0,1,,,data
5853,9780875421711,,goodreads,skipped,0,0,,0,0,0,0,1,,,data
5854,9780874221206,,goodreads,skipped,0,0,,0,0,0,0,1,,,data
5855,9780441805822,,goodreads,skipped,0,0,,0,0,0,0,1,,,data
5856,9780440354765,,goodreads,skipped,0,0,,0,0,0,0,1,,,data
5857,9780140298413,,goodreads,skipped,0,0,,0,0,0,0,1,,,data
5858,9780226728216,,goodreads,skipped,0,0,,0,0,0,0,1,,,data
5859,9780671531201,,goodreads,skipped,0,0,,0,0,0,0,1,,,data
5860,9780060957063,,goodreads,skipped,0,0,,0,0,0,0,1,,,data
5861,9780785273424,,goodreads,skipped,0,0,,0,0,0,0,1,,,data
5862,9780849995507,,goodreads,skipped,0,0,,0,0,0,0,1,,,data
5863,9781567920970,,goodreads,skipped,0,0,,0,0,0,0,1,,,data
5864,9780783893914,,goodreads,skipped,0,0,,0,0,0,0,1,,,data
5865,9780140363807,,goodreads,skipped,0,0,,0,0,0,0,1,,,data
5866,9780312136192,,goodreads,skipped,0,0,,0,0,0,0,1,,,data
5867,9781858683157,,goodreads,skipped,0,0,,0,0,0,0,1,,,data
5868,9781551660141,,goodreads,skipped,0,0,,0,0,0,0,1,,,data
5869,9780891415275,,goodreads,skipped,0,0,,0,0,0,0,1,,,data
5870,9780439087636,,goodreads,skipped,0,0,,0,0,0,0,1,,,data
5871,9780385260336,,goodreads,skipped,0,0,,0,0,0,0,1,,,data
5872,9780590439039,,goodreads,skipped,0,0,,0,0,0,0,1,,,data
5873,9781589800199,,goodreads,skipped,0,0,,0,0,0,0,1,,,data
5874,9780395861387,,goodreads,skipped,0,0,,0,0,0,0,1,,,data
5875,9781592170074,,goodreads,skipped,0,0,,0,0,0,0,1,,,data
5876,9780767915854,,goodreads,skipped,0,0,,0,0,0,0,1,,,data
5877,9780671702304,,goodreads,skipped,0,0,,0,0,0,0,1,,,data
5878,9780345353023,,goodreads,skipped,0,0,,0,0,0,0,1,,,data
5879,9780671702656,,goodreads,skipped,0,0,,0,0,0,0,1,,,data
5880,9780967819983,,goodreads,skipped,0,0,,0,0,0,0,1,,,data
5881,9781565845657,,goodreads,skipped,0,0,,0,0,0,0,1,,,data
5882,9780971220614,,goodreads,skipped,0,0,,0,0,0,0,1,,,data
5883,9780971220607,,goodreads,skipped,0,0,,0,0,0,0,1,,,data
5884,9780670873012,,goodreads,skipped,0,0,,0,0,0,0,1,,,data
5885,9781588320216,,goodreads,skipped,0,0,,0,0,0,0,1,,,data
5886,9781882897360,,goodreads,skipped,0,0,,0,0,0,0,1,,,data
5887,9780451186737,,goodreads,skipped,0,0,,0,0,0,0,1,,,data
5888,9781882897568,,goodreads,skipped,0,0,,0,0,0,0,1,,,data
5889,9780971220621,,goodreads,skipped,0,0,,0,0,0,0,1,,,data
5890,9780385471893,,goodreads,skipped,0,0,,0,0,0,0,1,,,data
5891,9780805048834,,goodreads,skipped,0,0,,0,0,0,0,1,,,data
5892,9780373763306,,goodreads,skipped,0,0,,0,0,0,0,1,,,data
5893,9780373108299,,goodreads,skipped,0,0,,0,0,0,0,1,,,data
5894,9780373763184,,goodreads,skipped,0,0,,0,0,0,0,1,,,data
5895,9780425062777,,goodreads,skipped,0,0,,0,0,0,0,1,,,data
5896,9780373763115,,goodreads,skipped,0,0,,0,0,0,0,1,,,data
5897,9781887624046,,goodreads,skipped,0,0,,0,0,0,0,1,,,data
5898,9781563897962,,goodreads,skipped,0,0,,0,0,0,0,1,,,data
5899,9780373099856,,goodreads,skipped,0,0,,0,0,0,0,1,,,data
5900,9781563897221,,goodreads,skipped,0,0,,0,0,0,0,1,,,data
5901,9780074464151,,goodreads,skipped,0,0,,0,0,0,0,1,,,data
5902,9781563896279,,goodreads,skipped,0,0,,0,0,0,0,1,,,data
5903,9780449003220,,goodreads,skipped,0,0,,0,0,0,0,1,,,data
5904,9781563895685,,goodreads,skipped,0,0,,0,0,0,0,1,,,data
5905,9780807583081,,goodreads,skipped,0,0,,0,0,0,0,1,,,data
5906,9780849916403,,goodreads,skipped,0,0,,0,0,0,0,1,,,data
5907,9780061050466,,goodreads,skipped,0,0,,0,0,0,0,1,,,data
5908,9783404921218,,goodreads,skipped,0,0,,0,0,0,0,1,,,data
5909,9780842360654,,goodreads,skipped,0,0,,0,0,0,0,1,,,data
5910,9780440506300,,goodreads,skipped,0,0,,0,0,0,0,1,,,data
5911,9783502144953,,goodreads,skipped,0,0,,0,0,0,0,1,,,data
5912,9780515118407,,goodreads,skipped,0,0,,0,0,0,0,1,,,data
5913,9781886947382,,goodreads,skipped,0,0,,0,0,0,0,1,,,data
5914,9780061003288,,goodreads,skipped,0,0,,0,0,0,0,1,,,data
5915,9783596149643,,goodreads,skipped,0,0,,0,0,0,0,1,,,data
5916,9783492270168,,goodreads,skipped,0,0,,0,0,0,0,1,,,data
5917,9780520027268,,goodreads,skipped,0,0,,0,0,0,0,1,,,data
5918,9780683079210,,goodreads,skipped,0,0,,0,0,0,0,1,,,data
5919,9780741404473,,goodreads,skipped,0,0,,0,0,0,0,1,,,data
5920,9781859584927,,goodreads,skipped,0,0,,0,0,0,0,1,,,data
5921,9780070049239,,goodreads,skipped,0,0,,0,0,0,0,1,,,data
5922,9780373263097,,goodreads,skipped,0,0,,0,0,0,0,1,,,data
5923,9781566197687,,goodreads,skipped,0,0,,0,0,0,0,1,,,data
5924,9783499194658,,goodreads,skipped,0,0,,0,0,0,0,1,,,data
5925,9780023884405,,goodreads,skipped,0,0,,0,0,0,0,1,,,data
5926,9783518388563,,goodreads,skipped,0,0,,0,0,0,0,1,,,data
5927,9783518388556,,goodreads,skipped,0,0,,0,0,0,0,1,,,data
5928,9783518388549,,goodreads,skipped,0,0,,0,0,0,0,1,,,data
5929,9783372003831,,goodreads,skipped,0,0,,0,0,0,0,1,,,data
5930,9783463401348,,goodreads,skipped,0,0,,0,0,0,0,1,,,data
5931,9781555212407,,goodreads,skipped,0,0,,0,0,0,0,1,,,data
5932,9780806504186,,goodreads,skipped,0,0,,0,0,0,0,1,,,data
5933,9781558533660,,goodreads,skipped,0,0,,0,0,0,0,1,,,data
5934,9780395510865,,goodreads,skipped,0,0,,0,0,0,0,1,,,data
5935,9780715391761,,goodreads,skipped,0,0,,0,0,0,0,1,,,data
5936,9781569249178,,goodreads,skipped,0,0,,0,0,0,0,1,,,data
5937,9780758200389,,goodreads,skipped,0,0,,0,0,0,0,1,,,data
5938,9780385420860,,goodreads,skipped,0,0,,0,0,0,0,1,,,data
5939,9780306808425,,goodreads,skipped,0,0,,0,0,0,0,1,,,data
5940,9781575668468,,goodreads,skipped,0,0,,0,0,0,0,1,,,data
5941,9780395971857,,goodreads,skipped,0,0,,0,0,0,0,1,,,data
5942,9780684801377,,goodreads,skipped,0,0,,0,0,0,0,1,,,data
5943,9780304351275,,goodreads,skipped,0,0,,0,0,0,0,1,,,data
5944,9780316807227,,goodreads,skipped,0,0,,0,0,0,0,1,,,data
5945,9781578562343,,goodreads,skipped,0,0,,0,0,0,0,1,,,data
5946,9780316651134,,goodreads,skipped,0,0,,0,0,0,0,1,,,data
5947,9780871966698,,goodreads,skipped,0,0,,0,0,0,0,1,,,data
5948,9780804110099,,goodreads,skipped,0,0,,0,0,0,0,1,,,data
5949,9780393319637,,goodreads,skipped,0,0,,0,0,0,0,1,,,data
5950,9780446345972,,goodreads,skipped,0,0,,0,0,0,0,1,,,data
5951,9780140007855,,goodreads,skipped,0,0,,0,0,0,0,1,,,data
5952,9781894663465,,goodreads,skipped,0,0,,0,0,0,0,1,,,data
5953,9780688141790,,goodreads,skipped,0,0,,0,0,0,0,1,,,data
5954,9781564147110,,goodreads,skipped,0,0,,0,0,0,0,1,,,data
5955,9780843933253,,goodreads,skipped,0,0,,0,0,0,0,1,,,data
5956,9780380793372,,goodreads,skipped,0,0,,0,0,0,0,1,,,data
5957,9780373244676,,goodreads,skipped,0,0,,0,0,0,0,1,,,data
5958,9780385323864,,goodreads,skipped,0,0,,0,0,0,0,1,,,data
5959,9780380812561,,goodreads,skipped,0,0,,0,0,0,0,1,,,data
5960,9780373290031,,goodreads,skipped,0,0,,0,0,0,0,1,,,data
5961,9780312862046,,goodreads,skipped,0,0,,0,0,0,0,1,,,data
5962,9780140442984,,goodreads,skipped,0,0,,0,0,0,0,1,,,data
5963,9780451407016,,goodreads,skipped,0,0,,0,0,0,0,1,,,data
5964,9780156008471,,goodreads,skipped,0,0,,0,0,0,0,1,,,data
5965,9780060206819,,goodreads,skipped,0,0,,0,0,0,0,1,,,data
5966,9780843943320,,goodreads,skipped,0,0,,0,0,0,0,1,,,data
5967,9780919797468,,goodreads,skipped,0,0,,0,0,0,0,1,,,data
5968,9780451156884,,goodreads,skipped,0,0,,0,0,0,0,1,,,data
5969,9780451140388,,goodreads,skipped,0,0,,0,0,0,0,1,,,data
5970,9780373291083,,goodreads,skipped,0,0,,0,0,0,0,1,,,data
5971,9780505522160,,goodreads,skipped,0,0,,0,0,0,0,1,,,data
5972,9780887846755,,goodreads,skipped,0,0,,0,0,0,0,1,,,data
5973,9780671442378,,goodreads,skipped,0,0,,0,0,0,0,1,,,data
5974,9780888012524,,goodreads,skipped,0,0,,0,0,0,0,1,,,data
5975,9780590436212,,goodreads,skipped,0,0,,0,0,0,0,1,,,data
5976,9780679840343,,goodreads,skipped,0,0,,0,0,0,0,1,,,data
5977,9780802482372,,goodreads,skipped,0,0,,0,0,0,0,1,,,data
5978,9780553275469,,goodreads,skipped,0,0,,0,0,0,0,1,,,data
5979,9780316107501,,goodreads,skipped,0,0,,0,0,0,0,1,,,data
5980,9780590098946,,goodreads,skipped,0,0,,0,0,0,0,1,,,data
5981,9780805013504,,goodreads,skipped,0,0,,0,0,0,0,1,,,data
5982,9780380766345,,goodreads,skipped,0,0,,0,0,0,0,1,,,data
5983,9780140150681,,goodreads,skipped,0,0,,0,0,0,0,1,,,data
5984,9780306809408,,goodreads,skipped,0,0,,0,0,0,0,1,,,data
5985,9780553051872,,goodreads,skipped,0,0,,0,0,0,0,1,,,data
5986,9780517468883,,goodreads,skipped,0,0,,0,0,0,0,1,,,data
5987,9780449225233,,goodreads,skipped,0,0,,0,0,0,0,1,,,data
5988,9780440471943,,goodreads,skipped,0,0,,0,0,0,0,1,,,data
5989,9780393037548,,goodreads,skipped,0,0,,0,0,0,0,1,,,data
5990,9780716794622,,goodreads,skipped,0,0,,0,0,0,0,1,,,data
5991,9780674673571,,goodreads,skipped,0,0,,0,0,0,0,1,,,data
5992,9780879516468,,goodreads,skipped,0,0,,0,0,0,0,1,,,data
5993,9780385093521,,goodreads,skipped,0,0,,0,0,0,0,1,,,data
5994,9780817458904,,goodreads,skipped,0,0,,0,0,0,0,1,,,data
5995,9780439043977,,goodreads,skipped,0,0,,0,0,0,0,1,,,data
5996,9780671636760,,goodreads,skipped,0,0,,0,0,0,0,1,,,data
5997,9780553293043,,goodreads,skipped,0,0,,0,0,0,0,1,,,data
5998,9781553697787,,goodreads,skipped,0,0,,0,0,0,0,1,,,data
5999,9780156009003,,goodreads,skipped,0,0,,0,0,0,0,1,,,data
6000,9780441791897,,goodreads,skipped,0,0,,0,0,0,0,1,,,data
6001,9780553271300,,goodreads,skipped,0,0,,0,0,0,0,1,,,data
6002,9780375505447,,goodreads,skipped,0,0,,0,0,0,0,1,,,data
6003,9780553283167,,goodreads,skipped,0,0,,0,0,0,0,1,,,data
6004,9780380720491,,goodreads,skipped,0,0,,0,0,0,0,1,,,data
6005,9780448089072,,goodreads,skipped,0,0,,0,0,0,0,1,,,data
6006,9780744500363,,goodreads,skipped,0,0,,0,0,0,0,1,,,data
6007,9783746616957,,goodreads,skipped,0,0,,0,0,0,0,1,,,data
6008,9780307122025,,goodreads,skipped,0,0,,0,0,0,0,1,,,data
6009,9780553154849,,goodreads,skipped,0,0,,0,0,0,0,1,,,data
6010,9780919948297,,goodreads,skipped,0,0,,0,0,0,0,1,,,data
6011,9780919964730,,goodreads,skipped,0,0,,0,0,0,0,1,,,data
6012,9780769617565,,goodreads,skipped,0,0,,0,0,0,0,1,,,data
6013,9780553480733,,goodreads,skipped,0,0,,0,0,0,0,1,,,data
6014,9780553158588,,goodreads,skipped,0,0,,0,0,0,0,1,,,data
6015,9780590059930,,goodreads,skipped,0,0,,0,0,0,0,1,,,data
6016,9780590451024,,goodreads,skipped,0,0,,0,0,0,0,1,,,data
6017,9780553104431,,goodreads,skipped,0,0,,0,0,0,0,1,,,data
6018,9780689712135,,goodreads,skipped,0,0,,0,0,0,0,1,,,data
6019,9780553291056,,goodreads,skipped,0,0,,0,0,0,0,1,,,data
6020,9780312953935,,goodreads,skipped,0,0,,0,0,0,0,1,,,data
6021,9781559946063,,goodreads,skipped,0,0,,0,0,0,0,1,,,data
6022,9780894714801,,goodreads,skipped,0,0,,0,0,0,0,1,,,data
6023,9780812550641,,goodreads,skipped,0,0,,0,0,0,0,1,,,data
6024,9780553296518,,goodreads,skipped,0,0,,0,0,0,0,1,,,data
6025,9781561382880,,goodreads,skipped,0,0,,0,0,0,0,1,,,data
6026,9780819309815,,goodreads,skipped,0,0,,0,0,0,0,1,,,data
6027,9780746015292,,goodreads,skipped,0,0,,0,0,0,0,1,,,data
6028,9781928994077,,goodreads,skipped,0,0,,0,0,0,0,1,,,data
6029,9781565920903,,goodreads,skipped,0,0,,0,0,0,0,1,,,data
6030,9780078814211,,goodreads,skipped,0,0,,0,0,0,0,1,,,data
6031,9781572317178,,goodreads,skipped,0,0,,0,0,0,0,1,,,data
6032,9780816711437,,goodreads,skipped,0,0,,0,0,0,0,1,,,data
6033,9780805331400,,goodreads,skipped,0,0,,0,0,0,0,1,,,data
6034,9780553568950,,goodreads,skipped,0,0,,0,0,0,0,1,,,data
6035,9780887801563,,goodreads,skipped,0,0,,0,0,0,0,1,,,data
6036,9780672318634,,goodreads,skipped,0,0,,0,0,0,0,1,,,data
6037,9780553541724,,goodreads,skipped,0,0,,0,0,0,0,1,,,data
6038,9781591820543,,goodreads,skipped,0,0,,0,0,0,0,1,,,data
6039,9780874775730,,goodreads,skipped,0,0,,0,0,0,0,1,,,data
6040,9780816737215,,goodreads,skipped,0,0,,0,0,0,0,1,,,data
6041,9781931514590,,goodreads,skipped,0,0,,0,0,0,0,1,,,data
6042,9780824102906,,goodreads,skipped,0,0,,0,0,0,0,1,,,data
6043,9780553244830,,goodreads,skipped,0,0,,0,0,0,0,1,,,data
6044,9780441791873,,goodreads,skipped,0,0,,0,0,0,0,1,,,data
6045,9780889104846,,goodreads,skipped,0,0,,0,0,0,0,1,,,data
6046,9780451458353,,goodreads,skipped,0,0,,0,0,0,0,1,,,data
6047,9780891905349,,goodreads,skipped,0,0,,0,0,0,0,1,,,data
6048,9780806906508,,goodreads,skipped,0,0,,0,0,0,0,1,,,data
6049,9780345325518,,goodreads,skipped,0,0,,0,0,0,0,1,,,data
6050,9780340184035,,goodreads,skipped,0,0,,0,0,0,0,1,,,data
6051,9781931686570,,goodreads,skipped,0,0,,0,0,0,0,1,,,data
6052,9780515064834,,goodreads,skipped,0,0,,0,0,0,0,1,,,data
6053,9780440141105,,goodreads,skipped,0,0,,0,0,0,0,1,,,data
6054,9781592231492,,goodreads,skipped,0,0,,0,0,0,0,1,,,data
6055,9780030842573,,goodreads,skipped,0,0,,0,0,0,0,1,,,data
6056,9780843932027,,goodreads,skipped,0,0,,0,0,0,0,1,,,data
6057,9780812545418,,goodreads,skipped,0,0,,0,0,0,0,1,,,data
6058,9780440114246,,goodreads,skipped,0,0,,0,0,0,0,1,,,data
6059,9781579120610,,goodreads,skipped,0,0,,0,0,0,0,1,,,data
6060,9780449204948,,goodreads,skipped,0,0,,0,0,0,0,1,,,data
6061,9780345375322,,goodreads,skipped,0,0,,0,0,0,0,1,,,data
6062,9781578516735,,goodreads,skipped,0,0,,0,0,0,0,1,,,data
6063,9780553262056,,goodreads,skipped,0,0,,0,0,0,0,1,,,data
6064,9780679418009,,goodreads,skipped,0,0,,0,0,0,0,1,,,data
6065,9780140080551,,goodreads,skipped,0,0,,0,0,0,0,1,,,data
6066,9781586481445,,goodreads,skipped,0,0,,0,0,0,0,1,,,data
6067,9780940625464,,goodreads,skipped,0,0,,0,0,0,0,1,,,data
6068,9780399135705,,goodreads,skipped,0,0,,0,0,0,0,1,,,data
6069,9780553258578,,goodreads,skipped,0,0,,0,0,0,0,1,,,data
6070,9780385111614,,goodreads,skipped,0,0,,0,0,0,0,1,,,data
6071,9780806985305,,goodreads,skipped,0,0,,0,0,0,0,1,,,data
6072,9780671704674,,goodreads,skipped,0,0,,0,0,0,0,1,,,data
6073,9780307264039,,goodreads,skipped,0,0,,0,0,0,0,1,,,data
6074,9780312021733,,goodreads,skipped,0,0,,0,0,0,0,1,,,data
6075,9780740738050,,goodreads,skipped,0,0,,0,0,0,0,1,,,data
6076,9780060528881,,goodreads,skipped,0,0,,0,0,0,0,1,,,data
6077,9781569312537,,goodreads,skipped,0,0,,0,0,0,0,1,,,data
6078,9780816161737,,goodreads,skipped,0,0,,0,0,0,0,1,,,data
6079,9780316418737,,goodreads,skipped,0,0,,0,0,0,0,1,,,data
6080,9780816718726,,goodreads,skipped,0,0,,0,0,0,0,1,,,data
6081,9780441003631,,goodreads,skipped,0,0,,0,0,0,0,1,,,data
6082,9780812548624,,goodreads,skipped,0,0,,0,0,0,0,1,,,data
6083,9780843114010,,goodreads,skipped,0,0,,0,0,0,0,1,,,data
6084,9780440418597,,goodreads,skipped,0,0,,0,0,0,0,1,,,data
6085,9780886775094,,goodreads,skipped,0,0,,0,0,0,0,1,,,data
6086,9780873982696,,goodreads,skipped,0,0,,0,0,0,0,1,,,data
6087,9780843129052,,goodreads,skipped,0,0,,0,0,0,0,1,,,data
6088,9780441223367,,goodreads,skipped,0,0,,0,0,0,0,1,,,data
6089,9780345413123,,goodreads,skipped,0,0,,0,0,0,0,1,,,data
6090,9780590433075,,goodreads,skipped,0,0,,0,0,0,0,1,,,data
6091,9781569312988,,goodreads,skipped,0,0,,0,0,0,0,1,,,data
6092,9780385471688,,goodreads,skipped,0,0,,0,0,0,0,1,,,data
6093,9781569312629,,goodreads,skipped,0,0,,0,0,0,0,1,,,data
6094,9780440458579,,goodreads,skipped,0,0,,0,0,0,0,1,,,data
6095,9780307480040,,goodreads,skipped,0,0,,0,0,0,0,1,,,data
6096,9780440913399,,goodreads,skipped,0,0,,0,0,0,0,1,,,data
6097,9780380803187,,goodreads,skipped,0,0,,0,0,0,0,1,,,data
6098,9780590449625,,goodreads,skipped,0,0,,0,0,0,0,1,,,data
6099,9781400031832,,goodreads,skipped,0,0,,0,0,0,0,1,,,data
6100,9780140159165,,goodreads,skipped,0,0,,0,0,0,0,1,,,data
6101,9780439225106,,goodreads,skipped,0,0,,0,0,0,0,1,,,data
6102,9780590415507,,goodreads,skipped,0,0,,0,0,0,0,1,,,data
6103,9780446603720,,goodreads,skipped,0,0,,0,0,0,0,1,,,data
6104,9780590454230,,goodreads,skipped,0,0,,0,0,0,0,1,,,data
6105,9781558152076,,goodreads,skipped,0,0,,0,0,0,0,1,,,data
6106,9780823016556,,goodreads,skipped,0,0,,0,0,0,0,1,,,data
6107,9780316707411,,goodreads,skipped,0,0,,0,0,0,0,1,,,data
6108,9781561446032,,goodreads,skipped,0,0,,0,0,0,0,1,,,data
6109,9780380797295,,goodreads,skipped,0,0,,0,0,0,0,1,,,data
6110,9780316137928,,goodreads,skipped,0,0,,0,0,0,0,1,,,data
6111,9780965300315,,goodreads,skipped,0,0,,0,0,0,0,1,,,data
6112,9780871138569,,goodreads,skipped,0,0,,0,0,0,0,1,,,data
6113,9780738861081,,goodreads,skipped,0,0,,0,0,0,0,1,,,data
6114,9780861129898,,goodreads,skipped,0,0,,0,0,0,0,1,,,data
6115,9781569602119,,goodreads,skipped,0,0,,0,0,0,0,1,,,data
6116,9781882633043,,goodreads,skipped,0,0,,0,0,0,0,1,,,data
6117,9780070101951,,goodreads,skipped,0,0,,0,0,0,0,1,,,data
6118,9780020556404,,goodreads,skipped,0,0,,0,0,0,0,1,,,data
6119,9780375760310,,goodreads,skipped,0,0,,0,0,0,0,1,,,data
6120,9781555534073,,goodreads,skipped,0,0,,0,0,0,0,1,,,data
6121,9781890447267,,goodreads,skipped,0,0,,0,0,0,0,1,,,data
6122,9780515111217,,goodreads,skipped,0,0,,0,0,0,0,1,,,data
6123,9780312872786,,goodreads,skipped,0,0,,0,0,0,0,1,,,data
6124,9780886770280,,goodreads,skipped,0,0,,0,0,0,0,1,,,data
6125,9781569471074,,goodreads,skipped,0,0,,0,0,0,0,1,,,data
6126,9780441760992,,goodreads,skipped,0,0,,0,0,0,0,1,,,data
6127,9780441791903,,goodreads,skipped,0,0,,0,0,0,0,1,,,data
6128,9780441437269,,goodreads,skipped,0,0,,0,0,0,0,1,,,data
6129,9780142000410,,goodreads,skipped,0,0,,0,0,0,0,1,,,data
6130,9780671002909,,goodreads,skipped,0,0,,0,0,0,0,1,,,data
6131,9780844739137,,goodreads,skipped,0,0,,0,0,0,0,1,,,data
6132,9780449231357,,goodreads,skipped,0,0,,0,0,0,0,1,,,data
6133,9780915473274,,goodreads,skipped,0,0,,0,0,0,0,1,,,data
6134,9780600351818,,goodreads,skipped,0,0,,0,0,0,0,1,,,data
6135,9781569471753,,goodreads,skipped,0,0,,0,0,0,0,1,,,data
6136,9780970565204,,goodreads,skipped,0,0,,0,0,0,0,1,,,data
6137,9780553238259,,goodreads,skipped,0,0,,0,0,0,0,1,,,data
6138,9780679734215,,goodreads,skipped,0,0,,0,0,0,0,1,,,data
6139,9780060803148,,goodreads,skipped,0,0,,0,0,0,0,1,,,data
6140,9780801843877,,goodreads,skipped,0,0,,0,0,0,0,1,,,data
6141,9781556523236,,goodreads,skipped,0,0,,0,0,0,0,1,,,data
6142,9780590685375,,goodreads,skipped,0,0,,0,0,0,0,1,,,data
6143,9780632057962,,goodreads,skipped,0,0,,0,0,0,0,1,,,data
6144,9780824602109,,goodreads,skipped,0,0,,0,0,0,0,1,,,data
6145,9780451156914,,goodreads,skipped,0,0,,0,0,0,0,1,,,data
6146,9780140186772,,goodreads,skipped,0,0,,0,0,0,0,1,,,data
6147,9781558703087,,goodreads,skipped,0,0,,0,0,0,0,1,,,data
6148,9780876055021,,goodreads,skipped,0,0,,0,0,0,0,1,,,data
6149,9781885223630,,goodreads,skipped,0,0,,0,0,0,0,1,,,data
6150,9780061061202,,goodreads,skipped,0,0,,0,0,0,0,1,,,data
6151,9780375725586,,goodreads,skipped,0,0,,0,0,0,0,1,,,data
6152,9783446123359,,goodreads,skipped,0,0,,0,0,0,0,1,,,data
6153,9780440411741,,goodreads,skipped,0,0,,0,0,0,0,1,,,data
6154,9780399147951,,goodreads,skipped,0,0,,0,0,0,0,1,,,data
6155,9780375701276,,goodreads,skipped,0,0,,0,0,0,0,1,,,data
6156,9780312283360,,goodreads,skipped,0,0,,0,0,0,0,1,,,data
6157,9780261667907,,goodreads,skipped,0,0,,0,0,0,0,1,,,data
6158,9780590303828,,goodreads,skipped,0,0,,0,0,0,0,1,,,data
6159,9780679768074,,goodreads,skipped,0,0,,0,0,0,0,1,,,data
6160,9780440109365,,goodreads,skipped,0,0,,0,0,0,0,1,,,data
6161,9780738200170,,goodreads,skipped,0,0,,0,0,0,0,1,,,data
6162,9780747240761,,goodreads,skipped,0,0,,0,0,0,0,1,,,data
6163,9780679438410,,goodreads,skipped,0,0,,0,0,0,0,1,,,data
6164,9780964731608,,goodreads,skipped,0,0,,0,0,0,0,1,,,data
6165,9780771070372,,goodreads,skipped,0,0,,0,0,0,0,1,,,data
6166,9780618128471,,goodreads,skipped,0,0,,0,0,0,0,1,,,data
6167,9780590402446,,goodreads,skipped,0,0,,0,0,0,0,1,,,data
6168,9780590406918,,goodreads,skipped,0,0,,0,0,0,0,1,,,data
6169,9780679745167,,goodreads,skipped,0,0,,0,0,0,0,1,,,data
6170,9782070374069,,goodreads,skipped,0,0,,0,0,0,0,1,,,data
6171,9780843923605,,goodreads,skipped,0,0,,0,0,0,0,1,,,data
6172,9782253007838,,goodreads,skipped,0,0,,0,0,0,0,1,,,data
6173,9780140190601,,goodreads,skipped,0,0,,0,0,0,0,1,,,data
6174,9782070531431,,goodreads,skipped,0,0,,0,0,0,0,1,,,data
6175,9780446343770,,goodreads,skipped,0,0,,0,0,0,0,1,,,data
6176,9780416476309,,goodreads,skipped,0,0,,0,0,0,0,1,,,data
6177,9782264034915,,goodreads,skipped,0,0,,0,0,0,0,1,,,data
6178,9781853268380,,goodreads,skipped,0,0,,0,0,0,0,1,,,data
6179,9780330027847,,goodreads,skipped,0,0,,0,0,0,0,1,,,data
6180,9782020416382,,goodreads,skipped,0,0,,0,0,0,0,1,,,data
6181,9782715222762,,goodreads,skipped,0,0,,0,0,0,0,1,,,data
6182,9780862412777,,goodreads,skipped,0,0,,0,0,0,0,1,,,data
6183,9782070334506,,goodreads,skipped,0,0,,0,0,0,0,1,,,data
6184,9780830819119,,goodreads,skipped,0,0,,0,0,0,0,1,,,data
6185,9780553271799,,goodreads,skipped,0,0,,0,0,0,0,1,,,data
6186,9780395067994,,goodreads,skipped,0,0,,0,0,0,0,1,,,data
6187,9780440110736,,goodreads,skipped,0,0,,0,0,0,0,1,,,data
6188,9782869306554,,goodreads,skipped,0,0,,0,0,0,0,1,,,data
6189,9780345298065,,goodreads,skipped,0,0,,0,0,0,0,1,,,data
6190,9782290327609,,goodreads,skipped,0,0,,0,0,0,0,1,,,data
6191,9781555138219,,goodreads,skipped,0,0,,0,0,0,0,1,,,data
6192,9780877190202,,goodreads,skipped,0,0,,0,0,0,0,1,,,data
6193,9780805063684,,goodreads,skipped,0,0,,0,0,0,0,1,,,data
6194,9781564402370,,goodreads,skipped,0,0,,0,0,0,0,1,,,data
6195,9780001046931,,goodreads,skipped,0,0,,0,0,0,0,1,,,data
6196,9780743206983,,goodreads,skipped,0,0,,0,0,0,0,1,,,data
6197,9780849935831,,goodreads,skipped,0,0,,0,0,0,0,1,,,data
6198,9780816142712,,goodreads,skipped,0,0,,0,0,0,0,1,,,data
6199,9781567311303,,goodreads,skipped,0,0,,0,0,0,0,1,,,data
6200,9780843937879,,goodreads,skipped,0,0,,0,0,0,0,1,,,data
6201,9780135364338,,goodreads,skipped,0,0,,0,0,0,0,1,,,data
6202,9781869503352,,goodreads,skipped,0,0,,0,0,0,0,1,,,data
6203,9780812551501,,goodreads,skipped,0,0,,0,0,0,0,1,,,data
6204,9780812562613,,goodreads,skipped,0,0,,0,0,0,0,1,,,data
6205,9780440206132,,goodreads,skipped,0,0,,0,0,0,0,1,,,data
6206,9780002253406,,goodreads,skipped,0,0,,0,0,0,0,1,,,data
6207,9780451175731,,goodreads,skipped,0,0,,0,0,0,0,1,,,data
6208,9780452277359,,goodreads,skipped,0,0,,0,0,0,0,1,,,data
6209,9780762403011,,goodreads,skipped,0,0,,0,0,0,0,1,,,data
6210,9780804900300,,goodreads,skipped,0,0,,0,0,0,0,1,,,data
6211,9781576600870,,goodreads,skipped,0,0,,0,0,0,0,1,,,data
6212,9780671442118,,goodreads,skipped,0,0,,0,0,0,0,1,,,data
6213,9780805066708,,goodreads,skipped,0,0,,0,0,0,0,1,,,data
6214,9780553262629,,goodreads,skipped,0,0,,0,0,0,0,1,,,data
6215,9780553279320,,goodreads,skipped,0,0,,0,0,0,0,1,,,data
6216,9780738861128,,goodreads,skipped,0,0,,0,0,0,0,1,,,data
6217,9780671835019,,goodreads,skipped,0,0,,0,0,0,0,1,,,data
6218,9780451149473,,goodreads,skipped,0,0,,0,0,0,0,1,,,data
6219,9780307120137,,goodreads,skipped,0,0,,0,0,0,0,1,,,data
6220,9780582046122,,goodreads,skipped,0,0,,0,0,0,0,1,,,data
6221,9780553483239,,goodreads,skipped,0,0,,0,0,0,0,1,,,data
6222,9780862416294,,goodreads,skipped,0,0,,0,0,0,0,1,,,data
6223,9780003701586,,goodreads,skipped,0,0,,0,0,0,0,1,,,data
6224,9780003701180,,goodreads,skipped,0,0,,0,0,0,0,1,,,data
6225,9780451181473,,goodreads,skipped,0,0,,0,0,0,0,1,,,data
6226,9780821720097,,goodreads,skipped,0,0,,0,0,0,0,1,,,data
6227,9788470780950,,goodreads,skipped,0,0,,0,0,0,0,1,,,data
6228,9781551664736,,goodreads,skipped,0,0,,0,0,0,0,1,,,data
6229,9780679457732,,goodreads,skipped,0,0,,0,0,0,0,1,,,data
6230,9780345248503,,goodreads,skipped,0,0,,0,0,0,0,1,,,data
6231,9780446520638,,goodreads,skipped,0,0,,0,0,0,0,1,,,data
6232,9780821733158,,goodreads,skipped,0,0,,0,0,0,0,1,,,data
6233,9780812516418,,goodreads,skipped,0,0,,0,0,0,0,1,,,data
6234,9780380603503,,goodreads,skipped,0,0,,0,0,0,0,1,,,data
6235,9780865473263,,goodreads,skipped,0,0,,0,0,0,0,1,,,data
6236,9780307302601,,goodreads,skipped,0,0,,0,0,0,0,1,,,data
6237,9780525316305,,goodreads,skipped,0,0,,0,0,0,0,1,,,data
6238,9783453132252,,goodreads,skipped,0,0,,0,0,0,0,1,,,data
6239,9780934323116,,goodreads,skipped,0,0,,0,0,0,0,1,,,data
6240,9780385294966,,goodreads,skipped,0,0,,0,0,0,0,1,,,data
6241,9780785310709,,goodreads,skipped,0,0,,0,0,0,0,1,,,data
6242,9781414018690,,goodreads,skipped,0,0,,0,0,0,0,1,,,data
6243,9780785310693,,goodreads,skipped,0,0,,0,0,0,0,1,,,data
6244,9780671685140,,goodreads,skipped,0,0,,0,0,0,0,1,,,data
6245,9780679808091,,goodreads,skipped,0,0,,0,0,0,0,1,,,data
6246,9780515028317,,goodreads,skipped,0,0,,0,0,0,0,1,,,data
6247,9780679882213,,goodreads,skipped,0,0,,0,0,0,0,1,,,data
6248,9780307121073,,goodreads,skipped,0,0,,0,0,0,0,1,,,data
6249,9780061099090,,goodreads,skipped,0,0,,0,0,0,0,1,,,data
6250,9780140233728,,goodreads,skipped,0,0,,0,0,0,0,1,,,data
6251,9780849910678,,goodreads,skipped,0,0,,0,0,0,0,1,,,data
6252,9780866253123,,goodreads,skipped,0,0,,0,0,0,0,1,,,data
6253,9780866252218,,goodreads,skipped,0,0,,0,0,0,0,1,,,data
6254,9781563097249,,goodreads,skipped,0,0,,0,0,0,0,1,,,data
6255,9780452276079,,goodreads,skipped,0,0,,0,0,0,0,1,,,data
6256,9780837850672,,goodreads,skipped,0,0,,0,0,0,0,1,,,data
6257,9780670878277,,goodreads,skipped,0,0,,0,0,0,0,1,,,data
6258,9780842311274,,goodreads,skipped,0,0,,0,0,0,0,1,,,data
6259,9780385310925,,goodreads,skipped,0,0,,0,0,0,0,1,,,data
6260,9780866252249,,goodreads,skipped,0,0,,0,0,0,0,1,,,data
6261,9781575661803,,goodreads,skipped,0,0,,0,0,0,0,1,,,data
6262,9780866252164,,goodreads,skipped,0,0,,0,0,0,0,1,,,data
6263,9780866253185,,goodreads,skipped,0,0,,0,0,0,0,1,,,data
6264,9780828004640,,goodreads,skipped,0,0,,0,0,0,0,1,,,data
6265,9780821224809,,goodreads,skipped,0,0,,0,0,0,0,1,,,data
6266,9780451179197,,goodreads,skipped,0,0,,0,0,0,0,1,,,data
6267,9780399144387,,goodreads,skipped,0,0,,0,0,0,0,1,,,data
6268,9780449241585,,goodreads,skipped,0,0,,0,0,0,0,1,,,data
6269,9780896218918,,goodreads,skipped,0,0,,0,0,0,0,1,,,data
6270,9781561581306,,goodreads,skipped,0,0,,0,0,0,0,1,,,data
6271,9783442443208,,goodreads,skipped,0,0,,0,0,0,0,1,,,data
6272,9781563897504,,goodreads,skipped,0,0,,0,0,0,0,1,,,data
6273,9783462028584,,goodreads,skipped,0,0,,0,0,0,0,1,,,data
6274,9780345446947,,goodreads,skipped,0,0,,0,0,0,0,1,,,data
6275,9781567314526,,goodreads,skipped,0,0,,0,0,0,0,1,,,data
6276,9780425061480,,goodreads,skipped,0,0,,0,0,0,0,1,,,data
6277,9780440216476,,goodreads,skipped,0,0,,0,0,0,0,1,,,data
6278,9780684842585,,goodreads,skipped,0,0,,0,0,0,0,1,,,data
6279,9780394579184,,goodreads,skipped,0,0,,0,0,0,0,1,,,data
6280,9780156400930,,goodreads,skipped,0,0,,0,0,0,0,1,,,data
6281,9780140289039,,goodreads,skipped,0,0,,0,0,0,0,1,,,data
6282,9780865475366,,goodreads,skipped,0,0,,0,0,0,0,1,,,data
6283,9781560768364,,goodreads,skipped,0,0,,0,0,0,0,1,,,data
6284,9780590483582,,goodreads,skipped,0,0,,0,0,0,0,1,,,data
6285,9780631206767,,goodreads,skipped,0,0,,0,0,0,0,1,,,data
6286,9780750639521,,goodreads,skipped,0,0,,0,0,0,0,1,,,data
6287,9780821734360,,goodreads,skipped,0,0,,0,0,0,0,1,,,data
6288,9780449209486,,goodreads,skipped,0,0,,0,0,0,0,1,,,data
6289,9780060392888,,goodreads,skipped,0,0,,0,0,0,0,1,,,data
6290,9780062507013,,goodreads,skipped,0,0,,0,0,0,0,1,,,data
6291,9780785714224,,goodreads,skipped,0,0,,0,0,0,0,1,,,data
6292,9780061063985,,goodreads,skipped,0,0,,0,0,0,0,1,,,data
6293,9781550660180,,goodreads,skipped,0,0,,0,0,0,0,1,,,data
6294,9780590075862,,goodreads,skipped,0,0,,0,0,0,0,1,,,data
6295,9780671451639,,goodreads,skipped,0,0,,0,0,0,0,1,,,data
6296,9780749003883,,goodreads,skipped,0,0,,0,0,0,0,1,,,data
6297,9780252068775,,goodreads,skipped,0,0,,0,0,0,0,1,,,data
6298,9780345276995,,goodreads,skipped,0,0,,0,0,0,0,1,,,data
6299,9780771087257,,goodreads,skipped,0,0,,0,0,0,0,1,,,data
6300,9780440212829,,goodreads,skipped,0,0,,0,0,0,0,1,,,data
6301,9781903650080,,goodreads,skipped,0,0,,0,0,0,0,1,,,data
6302,9780192803733,,goodreads,skipped,0,0,,0,0,0,0,1,,,data
6303,9781883249168,,goodreads,skipped,0,0,,0,0,0,0,1,,,data
6304,9783442415397,,goodreads,skipped,0,0,,0,0,0,0,1,,,data
6305,9780889950764,,goodreads,skipped,0,0,,0,0,0,0,1,,,data
6306,9780441005383,,goodreads,skipped,0,0,,0,0,0,0,1,,,data
6307,9780771022319,,goodreads,skipped,0,0,,0,0,0,0,1,,,data
6308,9780452273146,,goodreads,skipped,0,0,,0,0,0,0,1,,,data
6309,9780886776268,,goodreads,skipped,0,0,,0,0,0,0,1,,,data
6310,9783499433467,,goodreads,skipped,0,0,,0,0,0,0,1,,,data
6311,9783257220247,,goodreads,skipped,0,0,,0,0,0,0,1,,,data
6312,9780553247343,,goodreads,skipped,0,0,,0,0,0,0,1,,,data
6313,9780767917179,,goodreads,skipped,0,0,,0,0,0,0,1,,,data
6314,9780743255974,,goodreads,skipped,0,0,,0,0,0,0,1,,,data
6315,9780786015610,,goodreads,skipped,0,0,,0,0,0,0,1,,,data
6316,9788433970237,,goodreads,skipped,0,0,,0,0,0,0,1,,,data
6317,9780884042198,,goodreads,skipped,0,0,,0,0,0,0,1,,,data
6318,9781565123601,,goodreads,skipped,0,0,,0,0,0,0,1,,,data
6319,9780415267373,,goodreads,skipped,0,0,,0,0,0,0,1,,,data
6320,9780380581313,,goodreads,skipped,0,0,,0,0,0,0,1,,,data
6321,9780679722410,,goodreads,skipped,0,0,,0,0,0,0,1,,,data
6322,9780523480046,,goodreads,skipped,0,0,,0,0,0,0,1,,,data
6323,9780767902281,,goodreads,skipped,0,0,,0,0,0,0,1,,,data
6324,9780140100679,,goodreads,skipped,0,0,,0,0,0,0,1,,,data
6325,9780307246509,,goodreads,skipped,0,0,,0,0,0,0,1,,,data
6326,9780425073230,,goodreads,skipped,0,0,,0,0,0,0,1,,,data
6327,9780571203673,,goodreads,skipped,0,0,,0,0,0,0,1,,,data
6328,9780571143801,,goodreads,skipped,0,0,,0,0,0,0,1,,,data
6329,9788474324594,,goodreads,skipped,0,0,,0,0,0,0,1,,,data
6330,9780590481540,,goodreads,skipped,0,0,,0,0,0,0,1,,,data
6331,9780517578087,,goodreads,skipped,0,0,,0,0,0,0,1,,,data
6332,9780879237004,,goodreads,skipped,0,0,,0,0,0,0,1,,,data
6333,9780333685235,,goodreads,skipped,0,0,,0,0,0,0,1,,,data
6334,9780517122334,,goodreads,skipped,0,0,,0,0,0,0,1,,,data
6335,9780770106997,,goodreads,skipped,0,0,,0,0,0,0,1,,,data
6336,9780517202692,,goodreads,skipped,0,0,,0,0,0,0,1,,,data
6337,9780394741550,,goodreads,skipped,0,0,,0,0,0,0,1,,,data
6338,9780394751221,,goodreads,skipped,0,0,,0,0,0,0,1,,,data
6339,9781582432588,,goodreads,skipped,0,0,,0,0,0,0,1,,,data
6340,9780385721370,,goodreads,skipped,0,0,,0,0,0,0,1,,,data
6341,9780812589009,,goodreads,skipped,0,0,,0,0,0,0,1,,,data
6342,9780393950397,,goodreads,skipped,0,0,,0,0,0,0,1,,,data
6343,9780804101240,,goodreads,skipped,0,0,,0,0,0,0,1,,,data
6344,9780312978662,,goodreads,skipped,0,0,,0,0,0,0,1,,,data
6345,9780688058364,,goodreads,skipped,0,0,,0,0,0,0,1,,,data
6346,9780758203373,,goodreads,skipped,0,0,,0,0,0,0,1,,,data
6347,9780440800385,,goodreads,skipped,0,0,,0,0,0,0,1,,,data
6348,9780316322256,,goodreads,skipped,0,0,,0,0,0,0,1,,,data
6349,9780380709960,,goodreads,skipped,0,0,,0,0,0,0,1,,,data
6350,9780819310552,,goodreads,skipped,0,0,,0,0,0,0,1,,,data
6351,9780380716999,,goodreads,skipped,0,0,,0,0,0,0,1,,,data
6352,9780671871574,,goodreads,skipped,0,0,,0,0,0,0,1,,,data
6353,9780684719283,,goodreads,skipped,0,0,,0,0,0,0,1,,,data
6354,9780373288779,,goodreads,skipped,0,0,,0,0,0,0,1,,,data
6355,9780380891931,,goodreads,skipped,0,0,,0,0,0,0,1,,,data
6356,9782253076407,,goodreads,skipped,0,0,,0,0,0,0,1,,,data
6357,9780451128997,,goodreads,skipped,0,0,,0,0,0,0,1,,,data
6358,9781570611230,,goodreads,skipped,0,0,,0,0,0,0,1,,,data
6359,9780192835291,,goodreads,skipped,0,0,,0,0,0,0,1,,,data
6360,9780441308774,,goodreads,skipped,0,0,,0,0,0,0,1,,,data
6361,9781586490003,,goodreads,skipped,0,0,,0,0,0,0,1,,,data
6362,9780060965051,,goodreads,skipped,0,0,,0,0,0,0,1,,,data
6363,9780425180648,,goodreads,skipped,0,0,,0,0,0,0,1,,,data
6364,9780345428660,,goodreads,skipped,0,0,,0,0,0,0,1,,,data
6365,9780451188823,,goodreads,skipped,0,0,,0,0,0,0,1,,,data
6366,9782246586012,,goodreads,skipped,0,0,,0,0,0,0,1,,,data
6367,9780345330864,,goodreads,skipped,0,0,,0,0,0,0,1,,,data
6368,9780773673434,,goodreads,skipped,0,0,,0,0,0,0,1,,,data
6369,9780880015578,,goodreads,skipped,0,0,,0,0,0,0,1,,,data
6370,9780679723011,,goodreads,skipped,0,0,,0,0,0,0,1,,,data
6371,9780812552393,,goodreads,skipped,0,0,,0,0,0,0,1,,,data
6372,9780345428653,,goodreads,skipped,0,0,,0,0,0,0,1,,,data
6373,9780345305763,,goodreads,skipped,0,0,,0,0,0,0,1,,,data
6374,9780440068914,,goodreads,skipped,0,0,,0,0,0,0,1,,,data
6375,9780380561841,,goodreads,skipped,0,0,,0,0,0,0,1,,,data
6376,9780156005746,,goodreads,skipped,0,0,,0,0,0,0,1,,,data
6377,9780440295570,,goodreads,skipped,0,0,,0,0,0,0,1,,,data
6378,9780451404756,,goodreads,skipped,0,0,,0,0,0,0,1,,,data
6379,9780812694321,,goodreads,skipped,0,0,,0,0,0,0,1,,,data
6380,9780441892402,,goodreads,skipped,0,0,,0,0,0,0,1,,,data
6381,9780345288561,,goodreads,skipped,0,0,,0,0,0,0,1,,,data
6382,9780523400723,,goodreads,skipped,0,0,,0,0,0,0,1,,,data
6383,9780877735427,,goodreads,skipped,0,0,,0,0,0,0,1,,,data
6384,9780380772865,,goodreads,skipped,0,0,,0,0,0,0,1,,,data
6385,9780816704606,,goodreads,skipped,0,0,,0,0,0,0,1,,,data
6386,9780446345576,,goodreads,skipped,0,0,,0,0,0,0,1,,,data
6387,9780821732632,,goodreads,skipped,0,0,,0,0,0,0,1,,,data
6388,9780440110323,,goodreads,skipped,0,0,,0,0,0,0,1,,,data
6389,9780812500240,,goodreads,skipped,0,0,,0,0,0,0,1,,,data
6390,9780449702338,,goodreads,skipped,0,0,,0,0,0,0,1,,,data
6391,9780821719435,,goodreads,skipped,0,0,,0,0,0,0,1,,,data
6392,9781551972848,,goodreads,skipped,0,0,,0,0,0,0,1,,,data
6393,9780821720622,,goodreads,skipped,0,0,,0,0,0,0,1,,,data
6394,9780440168669,,goodreads,skipped,0,0,,0,0,0,0,1,,,data
6395,9780446303194,,goodreads,skipped,0,0,,0,0,0,0,1,,,data
6396,9780373119790,,goodreads,skipped,0,0,,0,0,0,0,1,,,data
6397,9780821714317,,goodreads,skipped,0,0,,0,0,0,0,1,,,data
6398,9780824985448,,goodreads,skipped,0,0,,0,0,0,0,1,,,data
6399,9788484508274,,goodreads,skipped,0,0,,0,0,0,0,1,,,data
6400,9780736401258,,goodreads,skipped,0,0,,0,0,0,0,1,,,data
6401,9780671820046,,goodreads,skipped,0,0,,0,0,0,0,1,,,data
6402,9780671504212,,goodreads,skipped,0,0,,0,0,0,0,1,,,data
6403,9780394873862,,goodreads,skipped,0,0,,0,0,0,0,1,,,data
6404,9780446817776,,goodreads,skipped,0,0,,0,0,0,0,1,,,data
6405,9780843939415,,goodreads,skipped,0,0,,0,0,0,0,1,,,data
6406,9780821724651,,goodreads,skipped,0,0,,0,0,0,0,1,,,data
6407,9788449502705,,goodreads,skipped,0,0,,0,0,0,0,1,,,data
6408,9780380758630,,goodreads,skipped,0,0,,0,0,0,0,1,,,data
6409,9780446322164,,goodreads,skipped,0,0,,0,0,0,0,1,,,data
6410,9780843941067,,goodreads,skipped,0,0,,0,0,0,0,1,,,data
6411,9781557737656,,goodreads,skipped,0,0,,0,0,0,0,1,,,data
6412,9780553573725,,goodreads,skipped,0,0,,0,0,0,0,1,,,data
6413,9781555471910,,goodreads,skipped,0,0,,0,0,0,0,1,,,data
6414,9780812583755,,goodreads,skipped,0,0,,0,0,0,0,1,,,data
6415,9780441662203,,goodreads,skipped,0,0,,0,0,0,0,1,,,data
6416,9780448117515,,goodreads,skipped,0,0,,0,0,0,0,1,,,data
6417,9780849985317,,goodreads,skipped,0,0,,0,0,0,0,1,,,data
6418,9780440149989,,goodreads,skipped,0,0,,0,0,0,0,1,,,data
6419,9780333755310,,goodreads,skipped,0,0,,0,0,0,0,1,,,data
6420,9780380834020,,goodreads,skipped,0,0,,0,0,0,0,1,,,data
6421,9780333755884,,goodreads,skipped,0,0,,0,0,0,0,1,,,data
6422,9780812534092,,goodreads,skipped,0,0,,0,0,0,0,1,,,data
6423,9780449134375,,goodreads,skipped,0,0,,0,0,0,0,1,,,data
6424,9780425061299,,goodreads,skipped,0,0,,0,0,0,0,1,,,data
6425,9780435293994,,goodreads,skipped,0,0,,0,0,0,0,1,,,data
6426,9780451188960,,goodreads,skipped,0,0,,0,0,0,0,1,,,data
6427,9781882413607,,goodreads,skipped,0,0,,0,0,0,0,1,,,data
6428,9780446364997,,goodreads,skipped,0,0,,0,0,0,0,1,,,data
6429,9780373625444,,goodreads,skipped,0,0,,0,0,0,0,1,,,data
6430,9780380766413,,goodreads,skipped,0,0,,0,0,0,0,1,,,data
6431,9780812513585,,goodreads,skipped,0,0,,0,0,0,0,1,,,data
6432,9780843105902,,goodreads,skipped,0,0,,0,0,0,0,1,,,data
6433,9783800166824,,goodreads,skipped,0,0,,0,0,0,0,1,,,data
6434,9780771570308,,goodreads,skipped,0,0,,0,0,0,0,1,,,data
6435,9780891917090,,goodreads,skipped,0,0,,0,0,0,0,1,,,data
6436,9780307119773,,goodreads,skipped,0,0,,0,0,0,0,1,,,data
6437,9780425160916,,goodreads,skipped,0,0,,0,0,0,0,1,,,data
6438,9780307120915,,goodreads,skipped,0,0,,0,0,0,0,1,,,data
6439,9780425071304,,goodreads,skipped,0,0,,0,0,0,0,1,,,data
6440,9780670845507,,goodreads,skipped,0,0,,0,0,0,0,1,,,data
6441,9780873771863,,goodreads,skipped,0,0,,0,0,0,0,1,,,data
6442,9780801067426,,goodreads,skipped,0,0,,0,0,0,0,1,,,data
6443,9782921171366,,goodreads,skipped,0,0,,0,0,0,0,1,,,data
6444,9780851510880,,goodreads,skipped,0,0,,0,0,0,0,1,,,data
6445,9780802424112,,goodreads,skipped,0,0,,0,0,0,0,1,,,data
6446,9780307119124,,goodreads,skipped,0,0,,0,0,0,0,1,,,data
6447,9780345339027,,goodreads,skipped,0,0,,0,0,0,0,1,,,data
6448,9780590402774,,goodreads,skipped,0,0,,0,0,0,0,1,,,data
6449,9780451410467,,goodreads,skipped,0,0,,0,0,0,0,1,,,data
6450,9780732257132,,goodreads,skipped,0,0,,0,0,0,0,1,,,data
6451,9788478887040,,goodreads,skipped,0,0,,0,0,0,0,1,,,data
6452,9781586636159,,goodreads,skipped,0,0,,0,0,0,0,1,,,data
6453,9780595149230,,goodreads,skipped,0,0,,0,0,0,0,1,,,data
6454,9780500810330,,goodreads,skipped,0,0,,0,0,0,0,1,,,data
6455,9780892814060,,goodreads,skipped,0,0,,0,0,0,0,1,,,data
6456,9780500276228,,goodreads,skipped,0,0,,0,0,0,0,1,,,data
6457,9781880666258,,goodreads,skipped,0,0,,0,0,0,0,1,,,data
6458,9783548602035,,goodreads,skipped,0,0,,0,0,0,0,1,,,data
6459,9780875165837,,goodreads,skipped,0,0,,0,0,0,0,1,,,data
6460,9780965380874,,goodreads,skipped,0,0,,0,0,0,0,1,,,data
6461,9780062515681,,goodreads,skipped,0,0,,0,0,0,0,1,,,data
6462,9780553230925,,goodreads,skipped,0,0,,0,0,0,0,1,,,data
6463,9780870239236,,goodreads,skipped,0,0,,0,0,0,0,1,,,data
6464,9783404259137,,goodreads,skipped,0,0,,0,0,0,0,1,,,data
6465,9780451628060,,goodreads,skipped,0,0,,0,0,0,0,1,,,data
6466,9780871966292,,goodreads,skipped,0,0,,0,0,0,0,1,,,data
6467,9780671606589,,goodreads,skipped,0,0,,0,0,0,0,1,,,data
6468,9780451401038,,goodreads,skipped,0,0,,0,0,0,0,1,,,data
6469,9780312924676,,goodreads,skipped,0,0,,0,0,0,0,1,,,data
6470,9780140191189,,goodreads,skipped,0,0,,0,0,0,0,1,,,data
6471,9783548603391,,goodreads,skipped,0,0,,0,0,0,0,1,,,data
6472,9780130767783,,goodreads,skipped,0,0,,0,0,0,0,1,,,data
6473,9780486214467,,goodreads,skipped,0,0,,0,0,0,0,1,,,data
6474,9780831727901,,goodreads,skipped,0,0,,0,0,0,0,1,,,data
6475,9781558173125,,goodreads,skipped,0,0,,0,0,0,0,1,,,data
6476,9780307619624,,goodreads,skipped,0,0,,0,0,0,0,1,,,data
6477,9780553095456,,goodreads,skipped,0,0,,0,0,0,0,1,,,data
6478,9780515088410,,goodreads,skipped,0,0,,0,0,0,0,1,,,data
6479,9780672320316,,goodreads,skipped,0,0,,0,0,0,0,1,,,data
6480,9783426618240,,goodreads,skipped,0,0,,0,0,0,0,1,,,data
6481,9780553276022,,goodreads,skipped,0,0,,0,0,0,0,1,,,data
6482,9780517885307,,goodreads,skipped,0,0,,0,0,0,0,1,,,data
6483,9780618184248,,goodreads,skipped,0,0,,0,0,0,0,1,,,data
6484,9780819564474,,goodreads,skipped,0,0,,0,0,0,0,1,,,data
6485,9781853262890,,goodreads,skipped,0,0,,0,0,0,0,1,,,data
6486,9781567181005,,goodreads,skipped,0,0,,0,0,0,0,1,,,data
6487,9780395866641,,goodreads,skipped,0,0,,0,0,0,0,1,,,data
6488,9780679726807,,goodreads,skipped,0,0,,0,0,0,0,1,,,data
6489,9780138030995,,goodreads,skipped,0,0,,0,0,0,0,1,,,data
6490,9780446813310,,goodreads,skipped,0,0,,0,0,0,0,1,,,data
6491,9780932499158,,goodreads,skipped,0,0,,0,0,0,0,1,,,data
6492,9780590438148,,goodreads,skipped,0,0,,0,0,0,0,1,,,data
6493,9780140306767,,goodreads,skipped,0,0,,0,0,0,0,1,,,data
6494,9780385177337,,goodreads,skipped,0,0,,0,0,0,0,1,,,data
6495,9780439153065,,goodreads,skipped,0,0,,0,0,0,0,1,,,data
6496,9780870700248,,goodreads,skipped,0,0,,0,0,0,0,1,,,data
6497,9780870704581,,goodreads,skipped,0,0,,0,0,0,0,1,,,data
6498,9780140123463,,goodreads,skipped,0,0,,0,0,0,0,1,,,data
6499,9780380798971,,goodreads,skipped,0,0,,0,0,0,0,1,,,data
6500,9781879535091,,goodreads,skipped,0,0,,0,0,0,0,1,,,data
6501,9780812531206,,goodreads,skipped,0,0,,0,0,0,0,1,,,data
6502,9780590484800,,goodreads,skipped,0,0,,0,0,0,0,1,,,data
6503,9781880000939,,goodreads,skipped,0,0,,0,0,0,0,1,,,data
6504,9780812531084,,goodreads,skipped,0,0,,0,0,0,0,1,,,data
6505,9780451527400,,goodreads,skipped,0,0,,0,0,0,0,1,,,data
6506,9780688088941,,goodreads,skipped,0,0,,0,0,0,0,1,,,data
6507,9780486204222,,goodreads,skipped,0,0,,0,0,0,0,1,,,data
6508,9780679445937,,goodreads,skipped,0,0,,0,0,0,0,1,,,data
6509,9783821837413,,goodreads,skipped,0,0,,0,0,0,0,1,,,data
6510,9781880559659,,goodreads,skipped,0,0,,0,0,0,0,1,,,data
6511,9780500202982,,goodreads,skipped,0,0,,0,0,0,0,1,,,data
6512,9780448151793,,goodreads,skipped,0,0,,0,0,0,0,1,,,data
6513,9780898220414,,goodreads,skipped,0,0,,0,0,0,0,1,,,data
6514,9780867193466,,goodreads,skipped,0,0,,0,0,0,0,1,,,data
6515,9780393313468,,goodreads,skipped,0,0,,0,0,0,0,1,,,data
6516,9780671041885,,goodreads,skipped,0,0,,0,0,0,0,1,,,data
6517,9783404128952,,goodreads,skipped,0,0,,0,0,0,0,1,,,data
6518,9781568654232,,goodreads,skipped,0,0,,0,0,0,0,1,,,data
6519,9780060907273,,goodreads,skipped,0,0,,0,0,0,0,1,,,data
6520,9780722535509,,goodreads,skipped,0,0,,0,0,0,0,1,,,data
6521,9783404148103,,goodreads,skipped,0,0,,0,0,0,0,1,,,data
6522,9780553381696,,goodreads,skipped,0,0,,0,0,0,0,1,,,data
6523,9780226568225,,goodreads,skipped,0,0,,0,0,0,0,1,,,data
6524,9781576736937,,goodreads,skipped,0,0,,0,0,0,0,1,,,data
6525,9780140187007,,goodreads,skipped,0,0,,0,0,0,0,1,,,data
6526,9780671666897,,goodreads,skipped,0,0,,0,0,0,0,1,,,data
6527,9780373086986,,goodreads,skipped,0,0,,0,0,0,0,1,,,data
6528,9780786929085,,goodreads,skipped,0,0,,0,0,0,0,1,,,data
6529,9780373087341,,goodreads,skipped,0,0,,0,0,0,0,1,,,data
6530,9780910055628,,goodreads,skipped,0,0,,0,0,0,0,1,,,data
6531,9780373087808,,goodreads,skipped,0,0,,0,0,0,0,1,,,data
6532,9780312930448,,goodreads,skipped,0,0,,0,0,0,0,1,,,data
6533,9780805067415,,goodreads,skipped,0,0,,0,0,0,0,1,,,data
6534,9780373088355,,goodreads,skipped,0,0,,0,0,0,0,1,,,data
6535,9780373089666,,goodreads,skipped,0,0,,0,0,0,0,1,,,data
6536,9780373190515,,goodreads,skipped,0,0,,0,0,0,0,1,,,data
6537,9780373192809,,goodreads,skipped,0,0,,0,0,0,0,1,,,data
6538,9780553218565,,goodreads,skipped,0,0,,0,0,0,0,1,,,data
6539,9780553218879,,goodreads,skipped,0,0,,0,0,0,0,1,,,data
6540,9780553219111,,goodreads,skipped,0,0,,0,0,0,0,1,,,data
6541,9780834804944,,goodreads,skipped,0,0,,0,0,0,0,1,,,data
6542,9780553230697,,goodreads,skipped,0,0,,0,0,0,0,1,,,data
6543,9780553440836,,goodreads,skipped,0,0,,0,0,0,0,1,,,data
6544,9780553441178,,goodreads,skipped,0,0,,0,0,0,0,1,,,data
6545,9780553158359,,goodreads,skipped,0,0,,0,0,0,0,1,,,data
6546,9780060962043,,goodreads,skipped,0,0,,0,0,0,0,1,,,data
6547,9788478444335,,goodreads,skipped,0,0,,0,0,0,0,1,,,data
6548,9788425420924,,goodreads,skipped,0,0,,0,0,0,0,1,,,data
6549,9788401422614,,goodreads,skipped,0,0,,0,0,0,0,1,,,data
6550,9788408042822,,goodreads,skipped,0,0,,0,0,0,0,1,,,data
6551,9788401418938,,goodreads,skipped,0,0,,0,0,0,0,1,,,data
6552,9783404201105,,goodreads,skipped,0,0,,0,0,0,0,1,,,data
6553,9788484507765,,goodreads,skipped,0,0,,0,0,0,0,1,,,data
6554,9788484539599,,goodreads,skipped,0,0,,0,0,0,0,1,,,data
6555,9780425057704,,goodreads,skipped,0,0,,0,0,0,0,1,,,data
6556,9788441402362,,goodreads,skipped,0,0,,0,0,0,0,1,,,data
6557,9783453082595,,goodreads,skipped,0,0,,0,0,0,0,1,,,data
6558,9788433917263,,goodreads,skipped,0,0,,0,0,0,0,1,,,data
6559,9788433917409,,goodreads,skipped,0,0,,0,0,0,0,1,,,data
6560,9780380725748,,goodreads,skipped,0,0,,0,0,0,0,1,,,data
6561,9783453090491,,goodreads,skipped,0,0,,0,0,0,0,1,,,data
6562,9781551664637,,goodreads,skipped,0,0,,0,0,0,0,1,,,data
6563,9788495354280,,goodreads,skipped,0,0,,0,0,0,0,1,,,data
6564,9788423333196,,goodreads,skipped,0,0,,0,0,0,0,1,,,data
6565,9780553219005,,goodreads,skipped,0,0,,0,0,0,0,1,,,data
6566,9789722112437,,goodreads,skipped,0,0,,0,0,0,0,1,,,data
6567,9780553220216,,goodreads,skipped,0,0,,0,0,0,0,1,,,data
6568,9780553440362,,goodreads,skipped,0,0,,0,0,0,0,1,,,data
6569,9789722013987,,goodreads,skipped,0,0,,0,0,0,0,1,,,data
6570,9783453179318,,goodreads,skipped,0,0,,0,0,0,0,1,,,data
6571,9780553440652,,goodreads,skipped,0,0,,0,0,0,0,1,,,data
6572,9780553441451,,goodreads,skipped,0,0,,0,0,0,0,1,,,data
6573,9780553441635,,goodreads,skipped,0,0,,0,0,0,0,1,,,data
6574,9783453213593,,goodreads,skipped,0,0,,0,0,0,0,1,,,data
6575,9781560253389,,goodreads,skipped,0,0,,0,0,0,0,1,,,data
6576,9780553441659,,goodreads,skipped,0,0,,0,0,0,0,1,,,data
6577,9783442248780,,goodreads,skipped,0,0,,0,0,0,0,1,,,data
6578,9780785271888,,goodreads,skipped,0,0,,0,0,0,0,1,,,data
6579,9783453179981,,goodreads,skipped,0,0,,0,0,0,0,1,,,data
6580,9780440504900,,goodreads,skipped,0,0,,0,0,0,0,1,,,data
6581,9788432203077,,goodreads,skipped,0,0,,0,0,0,0,1,,,data
6582,9788420661063,,goodreads,skipped,0,0,,0,0,0,0,1,,,data
6583,9780345256560,,goodreads,skipped,0,0,,0,0,0,0,1,,,data
6584,9780393318791,,goodreads,skipped,0,0,,0,0,0,0,1,,,data
6585,9788420602646,,goodreads,skipped,0,0,,0,0,0,0,1,,,data
6586,9781851524228,,goodreads,skipped,0,0,,0,0,0,0,1,,,data
6587,9788423901128,,goodreads,skipped,0,0,,0,0,0,0,1,,,data
6588,9788423900992,,goodreads,skipped,0,0,,0,0,0,0,1,,,data
6589,9780812523560,,goodreads,skipped,0,0,,0,0,0,0,1,,,data
6590,9788489693425,,goodreads,skipped,0,0,,0,0,0,0,1,,,data
6591,9780440213550,,goodreads,skipped,0,0,,0,0,0,0,1,,,data
6592,9789681502713,,goodreads,skipped,0,0,,0,0,0,0,1,,,data
6593,9780312207687,,goodreads,skipped,0,0,,0,0,0,0,1,,,data
6594,9780553211337,,goodreads,skipped,0,0,,0,0,0,0,1,,,data
6595,9780553212044,,goodreads,skipped,0,0,,0,0,0,0,1,,,data
6596,9780812555073,,goodreads,skipped,0,0,,0,0,0,0,1,,,data
6597,9788420661056,,goodreads,skipped,0,0,,0,0,0,0,1,,,data
6598,9788423309580,,goodreads,skipped,0,0,,0,0,0,0,1,,,data
6599,9788423918263,,goodreads,skipped,0,0,,0,0,0,0,1,,,data
6600,9788423901227,,goodreads,skipped,0,0,,0,0,0,0,1,,,data
6601,9780812564761,,goodreads,skipped,0,0,,0,0,0,0,1,,,data
6602,9788420616414,,goodreads,skipped,0,0,,0,0,0,0,1,,,data
6603,9788437601502,,goodreads,skipped,0,0,,0,0,0,0,1,,,data
6604,9788401422706,,goodreads,skipped,0,0,,0,0,0,0,1,,,data
6605,9789500700894,,goodreads,skipped,0,0,,0,0,0,0,1,,,data
6606,9789500700870,,goodreads,skipped,0,0,,0,0,0,0,1,,,data
6607,9788437602356,,goodreads,skipped,0,0,,0,0,0,0,1,,,data
6608,9789501322743,,goodreads,skipped,0,0,,0,0,0,0,1,,,data
6609,9788420618050,,goodreads,skipped,0,0,,0,0,0,0,1,,,data
6610,9780140167733,,goodreads,skipped,0,0,,0,0,0,0,1,,,data
6611,9780802116703,,goodreads,skipped,0,0,,0,0,0,0,1,,,data
6612,9780870119514,,goodreads,skipped,0,0,,0,0,0,0,1,,,data
6613,9780300036725,,goodreads,skipped,0,0,,0,0,0,0,1,,,data
6614,9780671725709,,goodreads,skipped,0,0,,0,0,0,0,1,,,data
6615,9783423090223,,goodreads,skipped,0,0,,0,0,0,0,1,,,data
6616,9780671797904,,goodreads,skipped,0,0,,0,0,0,0,1,,,data
6617,9782843235146,,goodreads,skipped,0,0,,0,0,0,0,1,,,data
6618,9780684870182,,goodreads,skipped,0,0,,0,0,0,0,1,,,data
6619,9780944092279,,goodreads,skipped,0,0,,0,0,0,0,1,,,data
6620,9780684179575,,goodreads,skipped,0,0,,0,0,0,0,1,,,data
6621,9780553138030,,goodreads,skipped,0,0,,0,0,0,0,1,,,data
6622,9780312044695,,goodreads,skipped,0,0,,0,0,0,0,1,,,data
6623,9780553200287,,goodreads,skipped,0,0,,0,0,0,0,1,,,data
6624,9780786705887,,goodreads,skipped,0,0,,0,0,0,0,1,,,data
6625,9780374528553,,goodreads,skipped,0,0,,0,0,0,0,1,,,data
6626,9780899193113,,goodreads,skipped,0,0,,0,0,0,0,1,,,data
6627,9789729484735,,goodreads,skipped,0,0,,0,0,0,0,1,,,data
6628,9780553249507,,goodreads,skipped,0,0,,0,0,0,0,1,,,data
6629,9780156260275,,goodreads,skipped,0,0,,0,0,0,0,1,,,data
6630,9780553253535,,goodreads,skipped,0,0,,0,0,0,0,1,,,data
6631,9780679722205,,goodreads,skipped,0,0,,0,0,0,0,1,,,data
6632,9780743212021,,goodreads,skipped,0,0,,0,0,0,0,1,,,data
6633,9780060830939,,goodreads,skipped,0,0,,0,0,0,0,1,,,data
6634,9788401474651,,goodreads,skipped,0,0,,0,0,0,0,1,,,data
6635,9780399140129,,goodreads,skipped,0,0,,0,0,0,0,1,,,data
6636,9780140185423,,goodreads,skipped,0,0,,0,0,0,0,1,,,data
6637,9780671708139,,goodreads,skipped,0,0,,0,0,0,0,1,,,data
6638,9780393092523,,goodreads,skipped,0,0,,0,0,0,0,1,,,data
6639,9780812012545,,goodreads,skipped,0,0,,0,0,0,0,1,,,data
6640,9780155019775,,goodreads,skipped,0,0,,0,0,0,0,1,,,data
6641,9780822053378,,goodreads,skipped,0,0,,0,0,0,0,1,,,data
6642,9780679764014,,goodreads,skipped,0,0,,0,0,0,0,1,,,data
6643,9780330312707,,goodreads,skipped,0,0,,0,0,0,0,1,,,data
6644,9780275941147,,goodreads,skipped,0,0,,0,0,0,0,1,,,data
6645,9782884454940,,goodreads,skipped,0,0,,0,0,0,0,1,,,data
6646,9780671761394,,goodreads,skipped,0,0,,0,0,0,0,1,,,data
6647,9782264030382,,goodreads,skipped,0,0,,0,0,0,0,1,,,data
6648,9780816734276,,goodreads,skipped,0,0,,0,0,0,0,1,,,data
6649,9780380713318,,goodreads,skipped,0,0,,0,0,0,0,1,,,data
6650,9780823077069,,goodreads,skipped,0,0,,0,0,0,0,1,,,data
6651,9780671622404,,goodreads,skipped,0,0,,0,0,0,0,1,,,data
6652,9780553561289,,goodreads,skipped,0,0,,0,0,0,0,1,,,data
6653,9780440843023,,goodreads,skipped,0,0,,0,0,0,0,1,,,data
6654,9781879505155,,goodreads,skipped,0,0,,0,0,0,0,1,,,data
6655,9782841721030,,goodreads,skipped,0,0,,0,0,0,0,1,,,data
6656,9780590422451,,goodreads,skipped,0,0,,0,0,0,0,1,,,data
6657,9780030009990,,goodreads,skipped,0,0,,0,0,0,0,1,,,data
6658,9782020220194,,goodreads,skipped,0,0,,0,0,0,0,1,,,data
6659,9780312950514,,goodreads,skipped,0,0,,0,0,0,0,1,,,data
6660,9781880559437,,goodreads,skipped,0,0,,0,0,0,0,1,,,data
6661,9782266112901,,goodreads,skipped,0,0,,0,0,0,0,1,,,data
6662,9780941188548,,goodreads,skipped,0,0,,0,0,0,0,1,,,data
6663,9782070545933,,goodreads,skipped,0,0,,0,0,0,0,1,,,data
6664,9780380773176,,goodreads,skipped,0,0,,0,0,0,0,1,,,data
6665,9780805005196,,goodreads,skipped,0,0,,0,0,0,0,1,,,data
6666,9780671535292,,goodreads,skipped,0,0,,0,0,0,0,1,,,data
6667,9780151792566,,goodreads,skipped,0,0,,0,0,0,0,1,,,data
6668,9780380766864,,goodreads,skipped,0,0,,0,0,0,0,1,,,data
6669,9780671501495,,goodreads,skipped,0,0,,0,0,0,0,1,,,data
6670,9780425062678,,goodreads,skipped,0,0,,0,0,0,0,1,,,data
6671,9780671604370,,goodreads,skipped,0,0,,0,0,0,0,1,,,data
6672,9780140092387,,goodreads,skipped,0,0,,0,0,0,0,1,,,data
6673,9781558171176,,goodreads,skipped,0,0,,0,0,0,0,1,,,data
6674,9780671665241,,goodreads,skipped,0,0,,0,0,0,0,1,,,data
6675,9780070342064,,goodreads,skipped,0,0,,0,0,0,0,1,,,data
6676,9780394757599,,goodreads,skipped,0,0,,0,0,0,0,1,,,data
6677,9780375433450,,goodreads,skipped,0,0,,0,0,0,0,1,,,data
6678,9781579121464,,goodreads,skipped,0,0,,0,0,0,0,1,,,data
6679,9780312907457,,goodreads,skipped,0,0,,0,0,0,0,1,,,data
6680,9780449907948,,goodreads,skipped,0,0,,0,0,0,0,1,,,data
6681,9780871137265,,goodreads,skipped,0,0,,0,0,0,0,1,,,data
6682,9780449001028,,goodreads,skipped,0,0,,0,0,0,0,1,,,data
6683,9780809128921,,goodreads,skipped,0,0,,0,0,0,0,1,,,data
6684,9780812545234,,goodreads,skipped,0,0,,0,0,0,0,1,,,data
6685,9781562924669,,goodreads,skipped,0,0,,0,0,0,0,1,,,data
6686,9780553282825,,goodreads,skipped,0,0,,0,0,0,0,1,,,data
6687,9780385234139,,goodreads,skipped,0,0,,0,0,0,0,1,,,data
6688,9780380798988,,goodreads,skipped,0,0,,0,0,0,0,1,,,data
6689,9780449907535,,goodreads,skipped,0,0,,0,0,0,0,1,,,data
6690,9780345350725,,goodreads,skipped,0,0,,0,0,0,0,1,,,data
6691,9780810928695,,goodreads,skipped,0,0,,0,0,0,0,1,,,data
6692,9780571214709,,goodreads,skipped,0,0,,0,0,0,0,1,,,data
6693,9780001952805,,goodreads,skipped,0,0,,0,0,0,0,1,,,data
6694,9780385254892,,goodreads,skipped,0,0,,0,0,0,0,1,,,data
6695,9780156182898,,goodreads,skipped,0,0,,0,0,0,0,1,,,data
6696,9780140070422,,goodreads,skipped,0,0,,0,0,0,0,1,,,data
6697,9780806905648,,goodreads,skipped,0,0,,0,0,0,0,1,,,data
6698,9780140190090,,goodreads,skipped,0,0,,0,0,0,0,1,,,data
6699,9780965763868,,goodreads,skipped,0,0,,0,0,0,0,1,,,data
6700,9780515129076,,goodreads,skipped,0,0,,0,0,0,0,1,,,data
6701,9780803729643,,goodreads,skipped,0,0,,0,0,0,0,1,,,data
6702,9780806521305,,goodreads,skipped,0,0,,0,0,0,0,1,,,data
6703,9780821720042,,goodreads,skipped,0,0,,0,0,0,0,1,,,data
6704,9780974847405,,goodreads,skipped,0,0,,0,0,0,0,1,,,data
6705,9781400046119,,goodreads,skipped,0,0,,0,0,0,0,1,,,data
6706,9780060724481,,goodreads,skipped,0,0,,0,0,0,0,1,,,data
6707,9780440168171,,goodreads,skipped,0,0,,0,0,0,0,1,,,data
6708,9780821710197,,goodreads,skipped,0,0,,0,0,0,0,1,,,data
6709,9781873411308,,goodreads,skipped,0,0,,0,0,0,0,1,,,data
6710,9780764224737,,goodreads,skipped,0,0,,0,0,0,0,1,,,data
6711,9780852633663,,goodreads,skipped,0,0,,0,0,0,0,1,,,data
6712,9780740710070,,goodreads,skipped,0,0,,0,0,0,0,1,,,data
6713,9780373701124,,goodreads,skipped,0,0,,0,0,0,0,1,,,data
6714,9780373702275,,goodreads,skipped,0,0,,0,0,0,0,1,,,data
6715,9780373702732,,goodreads,skipped,0,0,,0,0,0,0,1,,,data
6716,9780844248134,,goodreads,skipped,0,0,,0,0,0,0,1,,,data
6717,9780373705221,,goodreads,skipped,0,0,,0,0,0,0,1,,,data
6718,9780395734414,,goodreads,skipped,0,0,,0,0,0,0,1,,,data
6719,9780373705320,,goodreads,skipped,0,0,,0,0,0,0,1,,,data
6720,9780373705467,,goodreads,skipped,0,0,,0,0,0,0,1,,,data
6721,9780261660588,,goodreads,skipped,0,0,,0,0,0,0,1,,,data
6722,9780679035381,,goodreads,skipped,0,0,,0,0,0,0,1,,,data
6723,9780373705474,,goodreads,skipped,0,0,,0,0,0,0,1,,,data
6724,9780882402475,,goodreads,skipped,0,0,,0,0,0,0,1,,,data
6725,9780744589207,,goodreads,skipped,0,0,,0,0,0,0,1,,,data
6726,9780345380807,,goodreads,skipped,0,0,,0,0,0,0,1,,,data
6727,9780864421999,,goodreads,skipped,0,0,,0,0,0,0,1,,,data
6728,9780312154875,,goodreads,skipped,0,0,,0,0,0,0,1,,,data
6729,9780060392321,,goodreads,skipped,0,0,,0,0,0,0,1,,,data
6730,9781885492166,,goodreads,skipped,0,0,,0,0,0,0,1,,,data
6731,9781853913563,,goodreads,skipped,0,0,,0,0,0,0,1,,,data
6732,9780805046175,,goodreads,skipped,0,0,,0,0,0,0,1,,,data
6733,9781853910586,,goodreads,skipped,0,0,,0,0,0,0,1,,,data
6734,9781564404787,,goodreads,skipped,0,0,,0,0,0,0,1,,,data
6735,9781861082152,,goodreads,skipped,0,0,,0,0,0,0,1,,,data
6736,9781851588015,,goodreads,skipped,0,0,,0,0,0,0,1,,,data
6737,9780806968636,,goodreads,skipped,0,0,,0,0,0,0,1,,,data
6738,9780131547582,,goodreads,skipped,0,0,,0,0,0,0,1,,,data
6739,9780754804505,,goodreads,skipped,0,0,,0,0,0,0,1,,,data
6740,9780930328627,,goodreads,skipped,0,0,,0,0,0,0,1,,,data
6741,9780373252541,,goodreads,skipped,0,0,,0,0,0,0,1,,,data
6742,9780373252756,,goodreads,skipped,0,0,,0,0,0,0,1,,,data
6743,9781852306168,,goodreads,skipped,0,0,,0,0,0,0,1,,,data
6744,9780915850013,,goodreads,skipped,0,0,,0,0,0,0,1,,,data
6745,9780679438465,,goodreads,skipped,0,0,,0,0,0,0,1,,,data
6746,9780373253692,,goodreads,skipped,0,0,,0,0,0,0,1,,,data
6747,9780942440232,,goodreads,skipped,0,0,,0,0,0,0,1,,,data
6748,9781852741013,,goodreads,skipped,0,0,,0,0,0,0,1,,,data
6749,9780393008449,,goodreads,skipped,0,0,,0,0,0,0,1,,,data
6750,9780373253760,,goodreads,skipped,0,0,,0,0,0,0,1,,,data
6751,9780373254262,,goodreads,skipped,0,0,,0,0,0,0,1,,,data
6752,9780590360807,,goodreads,skipped,0,0,,0,0,0,0,1,,,data
6753,9780373254309,,goodreads,skipped,0,0,,0,0,0,0,1,,,data
6754,9780316798112,,goodreads,skipped,0,0,,0,0,0,0,1,,,data
6755,9780373254965,,goodreads,skipped,0,0,,0,0,0,0,1,,,data
6756,9781931722186,,goodreads,skipped,0,0,,0,0,0,0,1,,,data
6757,9780375500343,,goodreads,skipped,0,0,,0,0,0,0,1,,,data
6758,9780373256112,,goodreads,skipped,0,0,,0,0,0,0,1,,,data
6759,9780373256266,,goodreads,skipped,0,0,,0,0,0,0,1,,,data
6760,9780670844791,,goodreads,skipped,0,0,,0,0,0,0,1,,,data
6761,9780375501685,,goodreads,skipped,0,0,,0,0,0,0,1,,,data
6762,9780805022643,,goodreads,skipped,0,0,,0,0,0,0,1,,,data
6763,9780330272353,,goodreads,skipped,0,0,,0,0,0,0,1,,,data
6764,9780373759989,,goodreads,skipped,0,0,,0,0,0,0,1,,,data
6765,9780394805757,,goodreads,skipped,0,0,,0,0,0,0,1,,,data
6766,9780553492378,,goodreads,skipped,0,0,,0,0,0,0,1,,,data
6767,9780394805771,,goodreads,skipped,0,0,,0,0,0,0,1,,,data
6768,9780553158991,,goodreads,skipped,0,0,,0,0,0,0,1,,,data
6769,9780698200449,,goodreads,skipped,0,0,,0,0,0,0,1,,,data
6770,9780590879927,,goodreads,skipped,0,0,,0,0,0,0,1,,,data
6771,9781579122461,,goodreads,skipped,0,0,,0,0,0,0,1,,,data
6772,9780590673297,,goodreads,skipped,0,0,,0,0,0,0,1,,,data
6773,9780670824397,,goodreads,skipped,0,0,,0,0,0,0,1,,,data
6774,9780394546285,,goodreads,skipped,0,0,,0,0,0,0,1,,,data
6775,9780881842128,,goodreads,skipped,0,0,,0,0,0,0,1,,,data
6776,9780679880905,,goodreads,skipped,0,0,,0,0,0,0,1,,,data
6777,9780394530499,,goodreads,skipped,0,0,,0,0,0,0,1,,,data
6778,9780590673273,,goodreads,skipped,0,0,,0,0,0,0,1,,,data
6779,9780525188391,,goodreads,skipped,0,0,,0,0,0,0,1,,,data
6780,9781564409546,,goodreads,skipped,0,0,,0,0,0,0,1,,,data
6781,9780060241018,,goodreads,skipped,0,0,,0,0,0,0,1,,,data
6782,9780316314626,,goodreads,skipped,0,0,,0,0,0,0,1,,,data
6783,9780552993760,,goodreads,skipped,0,0,,0,0,0,0,1,,,data
6784,9780553492187,,goodreads,skipped,0,0,,0,0,0,0,1,,,data
6785,9780061061691,,goodreads,skipped,0,0,,0,0,0,0,1,,,data
6786,9780060219437,,goodreads,skipped,0,0,,0,0,0,0,1,,,data
6787,9781890449001,,goodreads,skipped,0,0,,0,0,0,0,1,,,data
6788,9780140230659,,goodreads,skipped,0,0,,0,0,0,0,1,,,data
6789,9780316488891,,goodreads,skipped,0,0,,0,0,0,0,1,,,data
6790,9780671672607,,goodreads,skipped,0,0,,0,0,0,0,1,,,data
6791,9780517545836,,goodreads,skipped,0,0,,0,0,0,0,1,,,data
6792,9780156006040,,goodreads,skipped,0,0,,0,0,0,0,1,,,data
6793,9780060268558,,goodreads,skipped,0,0,,0,0,0,0,1,,,data
6794,9780671630805,,goodreads,skipped,0,0,,0,0,0,0,1,,,data
6795,9780060268909,,goodreads,skipped,0,0,,0,0,0,0,1,,,data
6796,9780897500449,,goodreads,skipped,0,0,,0,0,0,0,1,,,data
6797,9780895778550,,goodreads,skipped,0,0,,0,0,0,0,1,,,data
6798,9780671644635,,goodreads,skipped,0,0,,0,0,0,0,1,,,data
6799,9780395353363,,goodreads,skipped,0,0,,0,0,0,0,1,,,data
6800,9780771597251,,goodreads,skipped,0,0,,0,0,0,0,1,,,data
6801,9780451163783,,goodreads,skipped,0,0,,0,0,0,0,1,,,data
6802,9780811825726,,goodreads,skipped,0,0,,0,0,0,0,1,,,data
6803,9780671646875,,goodreads,skipped,0,0,,0,0,0,0,1,,,data
6804,9780439249546,,goodreads,skipped,0,0,,0,0,0,0,1,,,data
6805,9780671646882,,goodreads,skipped,0,0,,0,0,0,0,1,,,data
6806,9780345286208,,goodreads,skipped,0,0,,0,0,0,0,1,,,data
6807,9780671819576,,goodreads,skipped,0,0,,0,0,0,0,1,,,data
6808,9780671646899,,goodreads,skipped,0,0,,0,0,0,0,1,,,data
6809,9780880885850,,goodreads,skipped,0,0,,0,0,0,0,1,,,data
6810,9780671646905,,goodreads,skipped,0,0,,0,0,0,0,1,,,data
6811,9780671887292,,goodreads,skipped,0,0,,0,0,0,0,1,,,data
6812,9780773725720,,goodreads,skipped,0,0,,0,0,0,0,1,,,data
6813,9780671641412,,goodreads,skipped,0,0,,0,0,0,0,1,,,data
6814,9780879101039,,goodreads,skipped,0,0,,0,0,0,0,1,,,data
6815,9781853752506,,goodreads,skipped,0,0,,0,0,0,0,1,,,data
6816,9781853752490,,goodreads,skipped,0,0,,0,0,0,0,1,,,data
6817,9780671642273,,goodreads,skipped,0,0,,0,0,0,0,1,,,data
6818,9780671674939,,goodreads,skipped,0,0,,0,0,0,0,1,,,data
6819,9780312962630,,goodreads,skipped,0,0,,0,0,0,0,1,,,data
6820,9780671730741,,goodreads,skipped,0,0,,0,0,0,0,1,,,data
6821,9780449905531,,goodreads,skipped,0,0,,0,0,0,0,1,,,data
6822,9780449905135,,goodreads,skipped,0,0,,0,0,0,0,1,,,data
6823,9780684859088,,goodreads,skipped,0,0,,0,0,0,0,1,,,data
6824,9780809255351,,goodreads,skipped,0,0,,0,0,0,0,1,,,data
6825,9781559360623,,goodreads,skipped,0,0,,0,0,0,0,1,,,data
6826,9780891452423,,goodreads,skipped,0,0,,0,0,0,0,1,,,data
6827,9780671622442,,goodreads,skipped,0,0,,0,0,0,0,1,,,data
6828,9780671646738,,goodreads,skipped,0,0,,0,0,0,0,1,,,data
6829,9780395514252,,goodreads,skipped,0,0,,0,0,0,0,1,,,data
6830,9780961515003,,goodreads,skipped,0,0,,0,0,0,0,1,,,data
6831,9780451457929,,goodreads,skipped,0,0,,0,0,0,0,1,,,data
6832,9780970779502,,goodreads,skipped,0,0,,0,0,0,0,1,,,data
6833,9780898151978,,goodreads,skipped,0,0,,0,0,0,0,1,,,data
6834,9780671545536,,goodreads,skipped,0,0,,0,0,0,0,1,,,data
6835,9780811819268,,goodreads,skipped,0,0,,0,0,0,0,1,,,data
6836,9781558701694,,goodreads,skipped,0,0,,0,0,0,0,1,,,data
6837,9780425063910,,goodreads,skipped,0,0,,0,0,0,0,1,,,data
6838,9780553348668,,goodreads,skipped,0,0,,0,0,0,0,1,,,data
6839,9781558702271,,goodreads,skipped,0,0,,0,0,0,0,1,,,data
6840,9780553579598,,goodreads,skipped,0,0,,0,0,0,0,1,,,data
6841,9780345366511,,goodreads,skipped,0,0,,0,0,0,0,1,,,data
6842,9780866224437,,goodreads,skipped,0,0,,0,0,0,0,1,,,data
6843,9780517569863,,goodreads,skipped,0,0,,0,0,0,0,1,,,data
6844,9780441531837,,goodreads,skipped,0,0,,0,0,0,0,1,,,data
6845,9780806946641,,goodreads,skipped,0,0,,0,0,0,0,1,,,data
6846,9781567997439,,goodreads,skipped,0,0,,0,0,0,0,1,,,data
6847,9781574884135,,goodreads,skipped,0,0,,0,0,0,0,1,,,data
6848,9780684815695,,goodreads,skipped,0,0,,0,0,0,0,1,,,data
6849,9780590438674,,goodreads,skipped,0,0,,0,0,0,0,1,,,data
6850,9780847811311,,goodreads,skipped,0,0,,0,0,0,0,1,,,data
6851,9780061073557,,goodreads,skipped,0,0,,0,0,0,0,1,,,data
6852,9780912697000,,goodreads,skipped,0,0,,0,0,0,0,1,,,data
6853,9780684186627,,goodreads,skipped,0,0,,0,0,0,0,1,,,data
6854,9780886776039,,goodreads,skipped,0,0,,0,0,0,0,1,,,data
6855,9780886773090,,goodreads,skipped,0,0,,0,0,0,0,1,,,data
6856,9781565543461,,goodreads,skipped,0,0,,0,0,0,0,1,,,data
6857,9780030112645,,goodreads,skipped,0,0,,0,0,0,0,1,,,data
6858,9780393088311,,goodreads,skipped,0,0,,0,0,0,0,1,,,data
6859,9780140432060,,goodreads,skipped,0,0,,0,0,0,0,1,,,data
6860,9780873226721,,goodreads,skipped,0,0,,0,0,0,0,1,,,data
6861,9780253211194,,goodreads,skipped,0,0,,0,0,0,0,1,,,data
6862,9780030040689,,goodreads,skipped,0,0,,0,0,0,0,1,,,data
6863,9780671635862,,goodreads,skipped,0,0,,0,0,0,0,1,,,data
6864,9780812926231,,goodreads,skipped,0,0,,0,0,0,0,1,,,data
6865,9782211082082,,goodreads,skipped,0,0,,0,0,0,0,1,,,data
6866,9780441777662,,goodreads,skipped,0,0,,0,0,0,0,1,,,data
6867,9780451145390,,goodreads,skipped,0,0,,0,0,0,0,1,,,data
6868,9780451147561,,goodreads,skipped,0,0,,0,0,0,0,1,,,data
6869,9780800717162,,goodreads,skipped,0,0,,0,0,0,0,1,,,data
6870,9780195037227,,goodreads,skipped,0,0,,0,0,0,0,1,,,data
6871,9780786712946,,goodreads,skipped,0,0,,0,0,0,0,1,,,data
6872,9781550224108,,goodreads,skipped,0,0,,0,0,0,0,1,,,data
6873,9780395657850,,goodreads,skipped,0,0,,0,0,0,0,1,,,data
6874,9781582343341,,goodreads,skipped,0,0,,0,0,0,0,1,,,data
6875,9780877735489,,goodreads,skipped,0,0,,0,0,0,0,1,,,data
6876,9780964129290,,goodreads,skipped,0,0,,0,0,0,0,1,,,data
6877,9780821742549,,goodreads,skipped,0,0,,0,0,0,0,1,,,data
6878,9780395383988,,goodreads,skipped,0,0,,0,0,0,0,1,,,data
6879,9781567062892,,goodreads,skipped,0,0,,0,0,0,0,1,,,data
6880,9780312975586,,goodreads,skipped,0,0,,0,0,0,0,1,,,data
6881,9780307105660,,goodreads,skipped,0,0,,0,0,0,0,1,,,data
6882,9780226038643,,goodreads,skipped,0,0,,0,0,0,0,1,,,data
6883,9780465016402,,goodreads,skipped,0,0,,0,0,0,0,1,,,data
6884,9781885492333,,goodreads,skipped,0,0,,0,0,0,0,1,,,data
6885,9781550139990,,goodreads,skipped,0,0,,0,0,0,0,1,,,data
6886,9780312182229,,goodreads,skipped,0,0,,0,0,0,0,1,,,data
6887,9781569471487,,goodreads,skipped,0,0,,0,0,0,0,1,,,data
6888,9783442451289,,goodreads,skipped,0,0,,0,0,0,0,1,,,data
6889,9780312209490,,goodreads,skipped,0,0,,0,0,0,0,1,,,data
6890,9780832905049,,goodreads,skipped,0,0,,0,0,0,0,1,,,data
6891,9780130866011,,goodreads,skipped,0,0,,0,0,0,0,1,,,data
6892,9780812916331,,goodreads,skipped,0,0,,0,0,0,0,1,,,data
6893,9780140128635,,goodreads,skipped,0,0,,0,0,0,0,1,,,data
6894,9780898799293,,goodreads,skipped,0,0,,0,0,0,0,1,,,data
6895,9780802136855,,goodreads,skipped,0,0,,0,0,0,0,1,,,data
6896,9780140074161,,goodreads,skipped,0,0,,0,0,0,0,1,,,data
6897,9781565120532,,goodreads,skipped,0,0,,0,0,0,0,1,,,data
6898,9780670851669,,goodreads,skipped,0,0,,0,0,0,0,1,,,data
6899,9780312115364,,goodreads,skipped,0,0,,0,0,0,0,1,,,data
6900,9780670030200,,goodreads,skipped,0,0,,0,0,0,0,1,,,data
6901,9780670032457,,goodreads,skipped,0,0,,0,0,0,0,1,,,data
6902,9780865542457,,goodreads,skipped,0,0,,0,0,0,0,1,,,data
6903,9780399525087,,goodreads,skipped,0,0,,0,0,0,0,1,,,data
6904,9780316739115,,goodreads,skipped,0,0,,0,0,0,0,1,,,data
6905,9780140092677,,goodreads,skipped,0,0,,0,0,0,0,1,,,data
6906,9780060953102,,goodreads,skipped,0,0,,0,0,0,0,1,,,data
6907,9780140020496,,goodreads,skipped,0,0,,0,0,0,0,1,,,data
6908,9780892817580,,goodreads,skipped,0,0,,0,0,0,0,1,,,data
6909,9780062511188,,goodreads,skipped,0,0,,0,0,0,0,1,,,data
6910,9780609809990,,goodreads,skipped,0,0,,0,0,0,0,1,,,data
6911,9783426617076,,goodreads,skipped,0,0,,0,0,0,0,1,,,data
6912,9780192838872,,goodreads,skipped,0,0,,0,0,0,0,1,,,data
6913,9780393022353,,goodreads,skipped,0,0,,0,0,0,0,1,,,data
6914,9780525939870,,goodreads,skipped,0,0,,0,0,0,0,1,,,data
6915,9780192833969,,goodreads,skipped,0,0,,0,0,0,0,1,,,data
6916,9780070132207,,goodreads,skipped,0,0,,0,0,0,0,1,,,data
6917,9780393960143,,goodreads,skipped,0,0,,0,0,0,0,1,,,data
6918,9780060191795,,goodreads,skipped,0,0,,0,0,0,0,1,,,data
6919,9780140244052,,goodreads,skipped,0,0,,0,0,0,0,1,,,data
6920,9780778800040,,goodreads,skipped,0,0,,0,0,0,0,1,,,data
6921,9783596140138,,goodreads,skipped,0,0,,0,0,0,0,1,,,data
6922,9780140255829,,goodreads,skipped,0,0,,0,0,0,0,1,,,data
6923,9781888375251,,goodreads,skipped,0,0,,0,0,0,0,1,,,data
6924,9780747529873,,goodreads,skipped,0,0,,0,0,0,0,1,,,data
6925,9780140437966,,goodreads,skipped,0,0,,0,0,0,0,1,,,data
6926,9780813313719,,goodreads,skipped,0,0,,0,0,0,0,1,,,data
6927,9780385496100,,goodreads,skipped,0,0,,0,0,0,0,1,,,data
6928,9780590424356,,goodreads,skipped,0,0,,0,0,0,0,1,,,data
6929,9781878424846,,goodreads,skipped,0,0,,0,0,0,0,1,,,data
6930,9780553109399,,goodreads,skipped,0,0,,0,0,0,0,1,,,data
6931,9780345310521,,goodreads,skipped,0,0,,0,0,0,0,1,,,data
6932,9780767907552,,goodreads,skipped,0,0,,0,0,0,0,1,,,data
6933,9784770023933,,goodreads,skipped,0,0,,0,0,0,0,1,,,data
6934,9780814806401,,goodreads,skipped,0,0,,0,0,0,0,1,,,data
6935,9780838452103,,goodreads,skipped,0,0,,0,0,0,0,1,,,data
6936,9780785799542,,goodreads,skipped,0,0,,0,0,0,0,1,,,data
6937,9789500722988,,goodreads,skipped,0,0,,0,0,0,0,1,,,data
6938,9783466203024,,goodreads,skipped,0,0,,0,0,0,0,1,,,data
6939,9780880227971,,goodreads,skipped,0,0,,0,0,0,0,1,,,data
6940,9780895553478,,goodreads,skipped,0,0,,0,0,0,0,1,,,data
6941,9780027775808,,goodreads,skipped,0,0,,0,0,0,0,1,,,data
6942,9788420428192,,goodreads,skipped,0,0,,0,0,0,0,1,,,data
6943,9781585160211,,goodreads,skipped,0,0,,0,0,0,0,1,,,data
6944,9780531059142,,goodreads,skipped,0,0,,0,0,0,0,1,,,data
6945,9780515135633,,goodreads,skipped,0,0,,0,0,0,0,1,,,data
6946,9780821219980,,goodreads,skipped,0,0,,0,0,0,0,1,,,data
6947,9780688034894,,goodreads,skipped,0,0,,0,0,0,0,1,,,data
6948,9780517641026,,goodreads,skipped,0,0,,0,0,0,0,1,,,data
6949,9780671680978,,goodreads,skipped,0,0,,0,0,0,0,1,,,data
6950,9780688068851,,goodreads,skipped,0,0,,0,0,0,0,1,,,data
6951,9780883639962,,goodreads,skipped,0,0,,0,0,0,0,1,,,data
6952,9780060508715,,goodreads,skipped,0,0,,0,0,0,0,1,,,data
6953,9780802708021,,goodreads,skipped,0,0,,0,0,0,0,1,,,data
6954,9780934395038,,goodreads,skipped,0,0,,0,0,0,0,1,,,data
6955,9780307061539,,goodreads,skipped,0,0,,0,0,0,0,1,,,data
6956,9780140265859,,goodreads,skipped,0,0,,0,0,0,0,1,,,data
6957,9780451458643,,goodreads,skipped,0,0,,0,0,0,0,1,,,data
6958,9780307215529,,goodreads,skipped,0,0,,0,0,0,0,1,,,data
6959,9780879516529,,goodreads,skipped,0,0,,0,0,0,0,1,,,data
6960,9780312063634,,goodreads,skipped,0,0,,0,0,0,0,1,,,data
6961,9780307215505,,goodreads,skipped,0,0,,0,0,0,0,1,,,data
6962,9780713727494,,goodreads,skipped,0,0,,0,0,0,0,1,,,data
6963,9781559704694,,goodreads,skipped,0,0,,0,0,0,0,1,,,data
6964,9780061020247,,goodreads,skipped,0,0,,0,0,0,0,1,,,data
6965,9780307030603,,goodreads,skipped,0,0,,0,0,0,0,1,,,data
6966,9780448043357,,goodreads,skipped,0,0,,0,0,0,0,1,,,data
6967,9780907526018,,goodreads,skipped,0,0,,0,0,0,0,1,,,data
6968,9780802140418,,goodreads,skipped,0,0,,0,0,0,0,1,,,data
6969,9780070730014,,goodreads,skipped,0,0,,0,0,0,0,1,,,data
6970,9780880223706,,goodreads,skipped,0,0,,0,0,0,0,1,,,data
6971,9780379000733,,goodreads,skipped,0,0,,0,0,0,0,1,,,data
6972,9781885073044,,goodreads,skipped,0,0,,0,0,0,0,1,,,data
6973,9780872863279,,goodreads,skipped,0,0,,0,0,0,0,1,,,data
6974,9780471526124,,goodreads,skipped,0,0,,0,0,0,0,1,,,data
6975,9780782116564,,goodreads,skipped,0,0,,0,0,0,0,1,,,data
6976,9780679783374,,goodreads,skipped,0,0,,0,0,0,0,1,,,data
6977,9780688041960,,goodreads,skipped,0,0,,0,0,0,0,1,,,data
6978,9780316233705,,goodreads,skipped,0,0,,0,0,0,0,1,,,data
6979,9780679730613,,goodreads,skipped,0,0,,0,0,0,0,1,,,data
6980,9780867063509,,goodreads,skipped,0,0,,0,0,0,0,1,,,data
6981,9780452269217,,goodreads,skipped,0,0,,0,0,0,0,1,,,data
6982,9780517571149,,goodreads,skipped,0,0,,0,0,0,0,1,,,data
6983,9781587880285,,goodreads,skipped,0,0,,0,0,0,0,1,,,data
6984,9780684187204,,goodreads,skipped,0,0,,0,0,0,0,1,,,data
6985,9780679783510,,goodreads,skipped,0,0,,0,0,0,0,1,,,data
6986,9780060410339,,goodreads,skipped,0,0,,0,0,0,0,1,,,data
6987,9780134689678,,goodreads,skipped,0,0,,0,0,0,0,1,,,data
6988,9780525449591,,goodreads,skipped,0,0,,0,0,0,0,1,,,data
6989,9781570750625,,goodreads,skipped,0,0,,0,0,0,0,1,,,data
6990,9780814202678,,goodreads,skipped,0,0,,0,0,0,0,1,,,data
6991,9781587882982,,goodreads,skipped,0,0,,0,0,0,0,1,,,data
6992,9780688166069,,goodreads,skipped,0,0,,0,0,0,0,1,,,data
6993,9780749391478,,goodreads,skipped,0,0,,0,0,0,0,1,,,data
6994,9780939007776,,goodreads,skipped,0,0,,0,0,0,0,1,,,data
6995,9780140038859,,goodreads,skipped,0,0,,0,0,0,0,1,,,data
6996,9780895870322,,goodreads,skipped,0,0,,0,0,0,0,1,,,data
6997,9780749932282,,goodreads,skipped,0,0,,0,0,0,0,1,,,data
6998,9781580631556,,goodreads,skipped,0,0,,0,0,0,0,1,,,data
6999,9780345357656,,goodreads,skipped,0,0,,0,0,0,0,1,,,data
7000,9780231110884,,goodreads,skipped,0,0,,0,0,0,0,1,,,data
7001,9780393312904,,goodreads,skipped,0,0,,0,0,0,0,1,,,data
7002,9780679761075,,goodreads,skipped,0,0,,0,0,0,0,1,,,data
7003,9780891061472,,goodreads,skipped,0,0,,0,0,0,0,1,,,data
7004,9780385248914,,goodreads,skipped,0,0,,0,0,0,0,1,,,data
7005,9780553070385,,goodreads,skipped,0,0,,0,0,0,0,1,,,data
7006,9780440509011,,goodreads,skipped,0,0,,0,0,0,0,1,,,data
7007,9780385003438,,goodreads,skipped,0,0,,0,0,0,0,1,,,data
7008,9780805032000,,goodreads,skipped,0,0,,0,0,0,0,1,,,data
7009,9780807002094,,goodreads,skipped,0,0,,0,0,0,0,1,,,data
7010,9780451519153,,goodreads,skipped,0,0,,0,0,0,0,1,,,data
7011,9780345420398,,goodreads,skipped,0,0,,0,0,0,0,1,,,data
7012,9781880685006,,goodreads,skipped,0,0,,0,0,0,0,1,,,data
7013,9780448124070,,goodreads,skipped,0,0,,0,0,0,0,1,,,data
7014,9780140431544,,goodreads,skipped,0,0,,0,0,0,0,1,,,data
7015,9781851682584,,goodreads,skipped,0,0,,0,0,0,0,1,,,data
7016,9780393039986,,goodreads,skipped,0,0,,0,0,0,0,1,,,data
7017,9780822516408,,goodreads,skipped,0,0,,0,0,0,0,1,,,data
7018,9780374175832,,goodreads,skipped,0,0,,0,0,0,0,1,,,data
7019,9783499109935,,goodreads,skipped,0,0,,0,0,0,0,1,,,data
7020,9780671247041,,goodreads,skipped,0,0,,0,0,0,0,1,,,data
7021,9780192862105,,goodreads,skipped,0,0,,0,0,0,0,1,,,data
7022,9780062508928,,goodreads,skipped,0,0,,0,0,0,0,1,,,data
7023,9780156287876,,goodreads,skipped,0,0,,0,0,0,0,1,,,data
7024,9780060393694,,goodreads,skipped,0,0,,0,0,0,0,1,,,data
7025,9780312180768,,goodreads,skipped,0,0,,0,0,0,0,1,,,data
7026,9780140075670,,goodreads,skipped,0,0,,0,0,0,0,1,,,data
7027,9780738801520,,goodreads,skipped,0,0,,0,0,0,0,1,,,data
7028,9780140086003,,goodreads,skipped,0,0,,0,0,0,0,1,,,data
7029,9780764124419,,goodreads,skipped,0,0,,0,0,0,0,1,,,data
7030,9780688169718,,goodreads,skipped,0,0,,0,0,0,0,1,,,data
7031,9780385318211,,goodreads,skipped,0,0,,0,0,0,0,1,,,data
7032,9780761526476,,goodreads,skipped,0,0,,0,0,0,0,1,,,data
7033,9780393097054,,goodreads,skipped,0,0,,0,0,0,0,1,,,data
7034,9780062507983,,goodreads,skipped,0,0,,0,0,0,0,1,,,data
7035,9780679417521,,goodreads,skipped,0,0,,0,0,0,0,1,,,data
7036,9780787946050,,goodreads,skipped,0,0,,0,0,0,0,1,,,data
7037,9780071383011,,goodreads,skipped,0,0,,0,0,0,0,1,,,data
7038,9780394582351,,goodreads,skipped,0,0,,0,0,0,0,1,,,data
7039,9780811831574,,goodreads,skipped,0,0,,0,0,0,0,1,,,data
7040,9780679404125,,goodreads,skipped,0,0,,0,0,0,0,1,,,data
7041,9780393090406,,goodreads,skipped,0,0,,0,0,0,0,1,,,data
7042,9780525128007,,goodreads,skipped,0,0,,0,0,0,0,1,,,data
7043,9780553057324,,goodreads,skipped,0,0,,0,0,0,0,1,,,data
7044,9780684864105,,goodreads,skipped,0,0,,0,0,0,0,1,,,data
7045,9780156443562,,goodreads,skipped,0,0,,0,0,0,0,1,,,data
7046,9780060916619,,goodreads,skipped,0,0,,0,0,0,0,1,,,data
7047,9780140390056,,goodreads,skipped,0,0,,0,0,0,0,1,,,data
7048,9780671702472,,goodreads,skipped,0,0,,0,0,0,0,1,,,data
7049,9780813521886,,goodreads,skipped,0,0,,0,0,0,0,1,,,data
7050,9780425179468,,goodreads,skipped,0,0,,0,0,0,0,1,,,data
7051,9780743459488,,goodreads,skipped,0,0,,0,0,0,0,1,,,data
7052,9780440224136,,goodreads,skipped,0,0,,0,0,0,0,1,,,data
7053,9780684853857,,goodreads,skipped,0,0,,0,0,0,0,1,,,data
7054,9780399149337,,goodreads,skipped,0,0,,0,0,0,0,1,,,data
7055,9780671458188,,goodreads,skipped,0,0,,0,0,0,0,1,,,data
7056,9781566196888,,goodreads,skipped,0,0,,0,0,0,0,1,,,data
7057,9780312973193,,goodreads,skipped,0,0,,0,0,0,0,1,,,data
7058,9781578660650,,goodreads,skipped,0,0,,0,0,0,0,1,,,data
7059,9780375756733,,goodreads,skipped,0,0,,0,0,0,0,1,,,data
7060,9780380772100,,goodreads,skipped,0,0,,0,0,0,0,1,,,data
7061,9781551661728,,goodreads,skipped,0,0,,0,0,0,0,1,,,data
7062,9789505115877,,goodreads,skipped,0,0,,0,0,0,0,1,,,data
7063,9780897891226,,goodreads,skipped,0,0,,0,0,0,0,1,,,data
7064,9780425129432,,goodreads,skipped,0,0,,0,0,0,0,1,,,data
7065,9780030773259,,goodreads,skipped,0,0,,0,0,0,0,1,,,data
7066,9780394723297,,goodreads,skipped,0,0,,0,0,0,0,1,,,data
7067,9780312150556,,goodreads,skipped,0,0,,0,0,0,0,1,,,data
7068,9780374500603,,goodreads,skipped,0,0,,0,0,0,0,1,,,data
7069,9780385093767,,goodreads,skipped,0,0,,0,0,0,0,1,,,data
7070,9780380784011,,goodreads,skipped,0,0,,0,0,0,0,1,,,data
7071,9780671604295,,goodreads,skipped,0,0,,0,0,0,0,1,,,data
7072,9780864733818,,goodreads,skipped,0,0,,0,0,0,0,1,,,data
7073,9780671212797,,goodreads,skipped,0,0,,0,0,0,0,1,,,data
7074,9780716736493,,goodreads,skipped,0,0,,0,0,0,0,1,,,data
7075,9780060928834,,goodreads,skipped,0,0,,0,0,0,0,1,,,data
7076,9780520058767,,goodreads,skipped,0,0,,0,0,0,0,1,,,data
7077,9780399517808,,goodreads,skipped,0,0,,0,0,0,0,1,,,data
7078,9780195204667,,goodreads,skipped,0,0,,0,0,0,0,1,,,data
7079,9780821738542,,goodreads,skipped,0,0,,0,0,0,0,1,,,data
7080,9780312017101,,goodreads,skipped,0,0,,0,0,0,0,1,,,data
7081,9781579120658,,goodreads,skipped,0,0,,0,0,0,0,1,,,data
7082,9780801494284,,goodreads,skipped,0,0,,0,0,0,0,1,,,data
7083,9780312019914,,goodreads,skipped,0,0,,0,0,0,0,1,,,data
7084,9780140069235,,goodreads,skipped,0,0,,0,0,0,0,1,,,data
7085,9780869140994,,goodreads,skipped,0,0,,0,0,0,0,1,,,data
7086,9783442355372,,goodreads,skipped,0,0,,0,0,0,0,1,,,data
7087,9780851703602,,goodreads,skipped,0,0,,0,0,0,0,1,,,data
7088,9780805309706,,goodreads,skipped,0,0,,0,0,0,0,1,,,data
7089,9780394581651,,goodreads,skipped,0,0,,0,0,0,0,1,,,data
7090,9780425151907,,goodreads,skipped,0,0,,0,0,0,0,1,,,data
7091,9780156004404,,goodreads,skipped,0,0,,0,0,0,0,1,,,data
7092,9780449218044,,goodreads,skipped,0,0,,0,0,0,0,1,,,data
7093,9780449132524,,goodreads,skipped,0,0,,0,0,0,0,1,,,data
7094,9780671655587,,goodreads,skipped,0,0,,0,0,0,0,1,,,data
7095,9780312127688,,goodreads,skipped,0,0,,0,0,0,0,1,,,data
7096,9780451519597,,goodreads,skipped,0,0,,0,0,0,0,1,,,data
7097,9780061057953,,goodreads,skipped,0,0,,0,0,0,0,1,,,data
7098,9780061094811,,goodreads,skipped,0,0,,0,0,0,0,1,,,data
7099,9780553229691,,goodreads,skipped,0,0,,0,0,0,0,1,,,data
7100,9780679768524,,goodreads,skipped,0,0,,0,0,0,0,1,,,data
7101,9780679420163,,goodreads,skipped,0,0,,0,0,0,0,1,,,data
7102,9780671727703,,goodreads,skipped,0,0,,0,0,0,0,1,,,data
7103,9780395547908,,goodreads,skipped,0,0,,0,0,0,0,1,,,data
7104,9780312185626,,goodreads,skipped,0,0,,0,0,0,0,1,,,data
7105,9780684195124,,goodreads,skipped,0,0,,0,0,0,0,1,,,data
7106,9780805048872,,goodreads,skipped,0,0,,0,0,0,0,1,,,data
7107,9780938586425,,goodreads,skipped,0,0,,0,0,0,0,1,,,data
7108,9780679428558,,goodreads,skipped,0,0,,0,0,0,0,1,,,data
7109,9780786885428,,goodreads,skipped,0,0,,0,0,0,0,1,,,data
7110,9780688164430,,goodreads,skipped,0,0,,0,0,0,0,1,,,data
7111,9780451204868,,goodreads,skipped,0,0,,0,0,0,0,1,,,data
7112,9780312145316,,goodreads,skipped,0,0,,0,0,0,0,1,,,data
7113,9780962713828,,goodreads,skipped,0,0,,0,0,0,0,1,,,data
7114,9780394571188,,goodreads,skipped,0,0,,0,0,0,0,1,,,data
7115,9780765190628,,goodreads,skipped,0,0,,0,0,0,0,1,,,data
7116,9780394576718,,goodreads,skipped,0,0,,0,0,0,0,1,,,data
7117,9780395353011,,goodreads,skipped,0,0,,0,0,0,0,1,,,data
7118,9780684804415,,goodreads,skipped,0,0,,0,0,0,0,1,,,data
7119,9780877795087,,goodreads,skipped,0,0,,0,0,0,0,1,,,data
7120,9780679755265,,goodreads,skipped,0,0,,0,0,0,0,1,,,data
7121,9780774712156,,goodreads,skipped,0,0,,0,0,0,0,1,,,data
7122,9780517519097,,goodreads,skipped,0,0,,0,0,0,0,1,,,data
7123,9780771044519,,goodreads,skipped,0,0,,0,0,0,0,1,,,data
7124,9780394728117,,goodreads,skipped,0,0,,0,0,0,0,1,,,data
7125,9780743249669,,goodreads,skipped,0,0,,0,0,0,0,1,,,data
7126,9780233985503,,goodreads,skipped,0,0,,0,0,0,0,1,,,data
7127,9789500704441,,goodreads,skipped,0,0,,0,0,0,0,1,,,data
7128,9780345391391,,goodreads,skipped,0,0,,0,0,0,0,1,,,data
7129,9781841151106,,goodreads,skipped,0,0,,0,0,0,0,1,,,data
7130,9780811826884,,goodreads,skipped,0,0,,0,0,0,0,1,,,data
7131,9780394729442,,goodreads,skipped,0,0,,0,0,0,0,1,,,data
7132,9780440202363,,goodreads,skipped,0,0,,0,0,0,0,1,,,data
7133,9780762701452,,goodreads,skipped,0,0,,0,0,0,0,1,,,data
7134,9780451202383,,goodreads,skipped,0,0,,0,0,0,0,1,,,data
7135,9780807014189,,goodreads,skipped,0,0,,0,0,0,0,1,,,data
7136,9780446815031,,goodreads,skipped,0,0,,0,0,0,0,1,,,data
7137,9780140245158,,goodreads,skipped,0,0,,0,0,0,0,1,,,data
7138,9780553028812,,goodreads,skipped,0,0,,0,0,0,0,1,,,data
7139,9780684852843,,goodreads,skipped,0,0,,0,0,0,0,1,,,data
7140,9780671419066,,goodreads,skipped,0,0,,0,0,0,0,1,,,data
7141,9780395585627,,goodreads,skipped,0,0,,0,0,0,0,1,,,data
7142,9780373610464,,goodreads,skipped,0,0,,0,0,0,0,1,,,data
7143,9780425053836,,goodreads,skipped,0,0,,0,0,0,0,1,,,data
7144,9780679437512,,goodreads,skipped,0,0,,0,0,0,0,1,,,data
7145,9780684873152,,goodreads,skipped,0,0,,0,0,0,0,1,,,data
7146,9781578590926,,goodreads,skipped,0,0,,0,0,0,0,1,,,data
7147,9780425104286,,goodreads,skipped,0,0,,0,0,0,0,1,,,data
7148,9780553568608,,goodreads,skipped,0,0,,0,0,0,0,1,,,data
7149,9780374184179,,goodreads,skipped,0,0,,0,0,0,0,1,,,data
7150,9780395717592,,goodreads,skipped,0,0,,0,0,0,0,1,,,data
7151,9780226075853,,goodreads,skipped,0,0,,0,0,0,0,1,,,data
7152,9780517182871,,goodreads,skipped,0,0,,0,0,0,0,1,,,data
7153,9780028648965,,goodreads,skipped,0,0,,0,0,0,0,1,,,data
7154,9780140058345,,goodreads,skipped,0,0,,0,0,0,0,1,,,data
7155,9780711966277,,goodreads,skipped,0,0,,0,0,0,0,1,,,data
7156,9780028653341,,goodreads,skipped,0,0,,0,0,0,0,1,,,data
7157,9781562451905,,goodreads,skipped,0,0,,0,0,0,0,1,,,data
7158,9780316063791,,goodreads,skipped,0,0,,0,0,0,0,1,,,data
7159,9780805025347,,goodreads,skipped,0,0,,0,0,0,0,1,,,data
7160,9780934174022,,goodreads,skipped,0,0,,0,0,0,0,1,,,data
7161,9780380702893,,goodreads,skipped,0,0,,0,0,0,0,1,,,data
7162,9781567315295,,goodreads,skipped,0,0,,0,0,0,0,1,,,data
7163,9780688084271,,goodreads,skipped,0,0,,0,0,0,0,1,,,data
7164,9780394746166,,goodreads,skipped,0,0,,0,0,0,0,1,,,data
7165,9780325000909,,goodreads,skipped,0,0,,0,0,0,0,1,,,data
7166,9780679444909,,goodreads,skipped,0,0,,0,0,0,0,1,,,data
7167,9780871314376,,goodreads,skipped,0,0,,0,0,0,0,1,,,data
7168,9780385298834,,goodreads,skipped,0,0,,0,0,0,0,1,,,data
7169,9780890371008,,goodreads,skipped,0,0,,0,0,0,0,1,,,data
7170,9780023002908,,goodreads,skipped,0,0,,0,0,0,0,1,,,data
7171,9780395893630,,goodreads,skipped,0,0,,0,0,0,0,1,,,data
7172,9780811214841,,goodreads,skipped,0,0,,0,0,0,0,1,,,data
7173,9780807002179,,goodreads,skipped,0,0,,0,0,0,0,1,,,data
7174,9783596118021,,goodreads,skipped,0,0,,0,0,0,0,1,,,data
7175,9780393020311,,goodreads,skipped,0,0,,0,0,0,0,1,,,data
7176,9780395901472,,goodreads,skipped,0,0,,0,0,0,0,1,,,data
7177,9783426615225,,goodreads,skipped,0,0,,0,0,0,0,1,,,data
7178,9783548250687,,goodreads,skipped,0,0,,0,0,0,0,1,,,data
7179,9781573220019,,goodreads,skipped,0,0,,0,0,0,0,1,,,data
7180,9783492238663,,goodreads,skipped,0,0,,0,0,0,0,1,,,data
7181,9780399504884,,goodreads,skipped,0,0,,0,0,0,0,1,,,data
7182,9780425053812,,goodreads,skipped,0,0,,0,0,0,0,1,,,data
7183,9780553268867,,goodreads,skipped,0,0,,0,0,0,0,1,,,data
7184,9789681906993,,goodreads,skipped,0,0,,0,0,0,0,1,,,data
7185,9780671432171,,goodreads,skipped,0,0,,0,0,0,0,1,,,data
7186,9780802116291,,goodreads,skipped,0,0,,0,0,0,0,1,,,data
7187,9780316765114,,goodreads,skipped,0,0,,0,0,0,0,1,,,data
7188,9789583004445,,goodreads,skipped,0,0,,0,0,0,0,1,,,data
7189,9780813420707,,goodreads,skipped,0,0,,0,0,0,0,1,,,data
7190,9780133651980,,goodreads,skipped,0,0,,0,0,0,0,1,,,data
7191,9780944386163,,goodreads,skipped,0,0,,0,0,0,0,1,,,data
7192,9781555472573,,goodreads,skipped,0,0,,0,0,0,0,1,,,data
7193,9780374135522,,goodreads,skipped,0,0,,0,0,0,0,1,,,data
7194,9780449206683,,goodreads,skipped,0,0,,0,0,0,0,1,,,data
7195,9780316350099,,goodreads,skipped,0,0,,0,0,0,0,1,,,data
7196,9783813402148,,goodreads,skipped,0,0,,0,0,0,0,1,,,data
7197,9780917102882,,goodreads,skipped,0,0,,0,0,0,0,1,,,data
7198,9780897210058,,goodreads,skipped,0,0,,0,0,0,0,1,,,data
7199,9780399521546,,goodreads,skipped,0,0,,0,0,0,0,1,,,data
7200,9780971326675,,goodreads,skipped,0,0,,0,0,0,0,1,,,data
7201,9780394584324,,goodreads,skipped,0,0,,0,0,0,0,1,,,data
7202,9780912104621,,goodreads,skipped,0,0,,0,0,0,0,1,,,data
7203,9780553053678,,goodreads,skipped,0,0,,0,0,0,0,1,,,data
7204,9780892813483,,goodreads,skipped,0,0,,0,0,0,0,1,,,data
7205,9780394703107,,goodreads,skipped,0,0,,0,0,0,0,1,,,data
7206,9780609805428,,goodreads,skipped,0,0,,0,0,0,0,1,,,data
7207,9780471200246,,goodreads,skipped,0,0,,0,0,0,0,1,,,data
7208,9781573226271,,goodreads,skipped,0,0,,0,0,0,0,1,,,data
7209,9780895770868,,goodreads,skipped,0,0,,0,0,0,0,1,,,data
7210,9780425089859,,goodreads,skipped,0,0,,0,0,0,0,1,,,data
7211,9780030471261,,goodreads,skipped,0,0,,0,0,0,0,1,,,data
7212,9780060551841,,goodreads,skipped,0,0,,0,0,0,0,1,,,data
7213,9780947898663,,goodreads,skipped,0,0,,0,0,0,0,1,,,data
7214,9781560523086,,goodreads,skipped,0,0,,0,0,0,0,1,,,data
7215,9780917253065,,goodreads,skipped,0,0,,0,0,0,0,1,,,data
7216,9780879677855,,goodreads,skipped,0,0,,0,0,0,0,1,,,data
7217,9780679450580,,goodreads,skipped,0,0,,0,0,0,0,1,,,data
7218,9780060153939,,goodreads,skipped,0,0,,0,0,0,0,1,,,data
7219,9780913590881,,goodreads,skipped,0,0,,0,0,0,0,1,,,data
7220,9780449216156,,goodreads,skipped,0,0,,0,0,0,0,1,,,data
7221,9780894800818,,goodreads,skipped,0,0,,0,0,0,0,1,,,data
7222,9780553269772,,goodreads,skipped,0,0,,0,0,0,0,1,,,data
7223,9780671689070,,goodreads,skipped,0,0,,0,0,0,0,1,,,data
7224,9780425076897,,goodreads,skipped,0,0,,0,0,0,0,1,,,data
7225,9780898403480,,goodreads,skipped,0,0,,0,0,0,0,1,,,data
7226,9780824910716,,goodreads,skipped,0,0,,0,0,0,0,1,,,data
7227,9781579121051,,goodreads,skipped,0,0,,0,0,0,0,1,,,data
7228,9780671442811,,goodreads,skipped,0,0,,0,0,0,0,1,,,data
7229,9780030624247,,goodreads,skipped,0,0,,0,0,0,0,1,,,data
7230,9783404145959,,goodreads,skipped,0,0,,0,0,0,0,1,,,data
7231,9780451161376,,goodreads,skipped,0,0,,0,0,0,0,1,,,data
7232,9783729606296,,goodreads,skipped,0,0,,0,0,0,0,1,,,data
7233,9780671747343,,goodreads,skipped,0,0,,0,0,0,0,1,,,data
7234,9781552128206,,goodreads,skipped,0,0,,0,0,0,0,1,,,data
7235,9780425070307,,goodreads,skipped,0,0,,0,0,0,0,1,,,data
7236,9783100767134,,goodreads,skipped,0,0,,0,0,0,0,1,,,data
7237,9781552125137,,goodreads,skipped,0,0,,0,0,0,0,1,,,data
7238,9780471376804,,goodreads,skipped,0,0,,0,0,0,0,1,,,data
7239,9780671641979,,goodreads,skipped,0,0,,0,0,0,0,1,,,data
7240,9781573241366,,goodreads,skipped,0,0,,0,0,0,0,1,,,data
7241,9780070691803,,goodreads,skipped,0,0,,0,0,0,0,1,,,data
7242,9780679768531,,goodreads,skipped,0,0,,0,0,0,0,1,,,data
7243,9780446311694,,goodreads,skipped,0,0,,0,0,0,0,1,,,data
7244,9783905252057,,goodreads,skipped,0,0,,0,0,0,0,1,,,data
7245,9780517632086,,goodreads,skipped,0,0,,0,0,0,0,1,,,data
7246,9780553053746,,goodreads,skipped,0,0,,0,0,0,0,1,,,data
7247,9780425061435,,goodreads,skipped,0,0,,0,0,0,0,1,,,data
7248,9783453199965,,goodreads,skipped,0,0,,0,0,0,0,1,,,data
7249,9780201632255,,goodreads,skipped,0,0,,0,0,0,0,1,,,data
7250,9780613003193,,goodreads,skipped,0,0,,0,0,0,0,1,,,data
7251,9780425085301,,goodreads,skipped,0,0,,0,0,0,0,1,,,data
7252,9780380711659,,goodreads,skipped,0,0,,0,0,0,0,1,,,data
7253,9780312962647,,goodreads,skipped,0,0,,0,0,0,0,1,,,data
7254,9780312265885,,goodreads,skipped,0,0,,0,0,0,0,1,,,data
7255,9780446400503,,goodreads,skipped,0,0,,0,0,0,0,1,,,data
7256,9780440503583,,goodreads,skipped,0,0,,0,0,0,0,1,,,data
7257,9780070246652,,goodreads,skipped,0,0,,0,0,0,0,1,,,data
7258,9780330319393,,goodreads,skipped,0,0,,0,0,0,0,1,,,data
7259,9784770019226,,goodreads,skipped,0,0,,0,0,0,0,1,,,data
7260,9780839825135,,goodreads,skipped,0,0,,0,0,0,0,1,,,data
7261,9780060551377,,goodreads,skipped,0,0,,0,0,0,0,1,,,data
7262,9780932944801,,goodreads,skipped,0,0,,0,0,0,0,1,,,data
7263,9780919574342,,goodreads,skipped,0,0,,0,0,0,0,1,,,data
7264,9780684836102,,goodreads,skipped,0,0,,0,0,0,0,1,,,data
7265,9780849906138,,goodreads,skipped,0,0,,0,0,0,0,1,,,data
7266,9780688034573,,goodreads,skipped,0,0,,0,0,0,0,1,,,data
7267,9780297766926,,goodreads,skipped,0,0,,0,0,0,0,1,,,data
7268,9780440207764,,goodreads,skipped,0,0,,0,0,0,0,1,,,data
7269,9783257233704,,goodreads,skipped,0,0,,0,0,0,0,1,,,data
7270,9780812524338,,goodreads,skipped,0,0,,0,0,0,0,1,,,data
7271,9780785815327,,goodreads,skipped,0,0,,0,0,0,0,1,,,data
7272,9780380707843,,goodreads,skipped,0,0,,0,0,0,0,1,,,data
7273,9781564587039,,goodreads,skipped,0,0,,0,0,0,0,1,,,data
7274,9780345323835,,goodreads,skipped,0,0,,0,0,0,0,1,,,data
7275,9780871314178,,goodreads,skipped,0,0,,0,0,0,0,1,,,data
7276,9780875422534,,goodreads,skipped,0,0,,0,0,0,0,1,,,data
7277,9780671682477,,goodreads,skipped,0,0,,0,0,0,0,1,,,data
7278,9780156654722,,goodreads,skipped,0,0,,0,0,0,0,1,,,data
7279,9780451161857,,goodreads,skipped,0,0,,0,0,0,0,1,,,data
7280,9780671619060,,goodreads,skipped,0,0,,0,0,0,0,1,,,data
7281,9780375502422,,goodreads,skipped,0,0,,0,0,0,0,1,,,data
7282,9780679418382,,goodreads,skipped,0,0,,0,0,0,0,1,,,data
7283,9780553122893,,goodreads,skipped,0,0,,0,0,0,0,1,,,data
7284,9780310227946,,goodreads,skipped,0,0,,0,0,0,0,1,,,data
7285,9781881649717,,goodreads,skipped,0,0,,0,0,0,0,1,,,data
7286,9780205150274,,goodreads,skipped,0,0,,0,0,0,0,1,,,data
7287,9781410702760,,goodreads,skipped,0,0,,0,0,0,0,1,,,data
7288,9780553111064,,goodreads,skipped,0,0,,0,0,0,0,1,,,data
7289,9780890875247,,goodreads,skipped,0,0,,0,0,0,0,1,,,data
7290,9780811214940,,goodreads,skipped,0,0,,0,0,0,0,1,,,data
7291,9780785283140,,goodreads,skipped,0,0,,0,0,0,0,1,,,data
7292,9780375505386,,goodreads,skipped,0,0,,0,0,0,0,1,,,data
7293,9780684177953,,goodreads,skipped,0,0,,0,0,0,0,1,,,data
7294,9780452262546,,goodreads,skipped,0,0,,0,0,0,0,1,,,data
7295,9780786882236,,goodreads,skipped,0,0,,0,0,0,0,1,,,data
7296,9780345422811,,goodreads,skipped,0,0,,0,0,0,0,1,,,data
7297,9780697070609,,goodreads,skipped,0,0,,0,0,0,0,1,,,data
7298,9780697070623,,goodreads,skipped,0,0,,0,0,0,0,1,,,data
7299,9780805208504,,goodreads,skipped,0,0,,0,0,0,0,1,,,data
7300,9780716717751,,goodreads,skipped,0,0,,0,0,0,0,1,,,data
7301,9783442424764,,goodreads,skipped,0,0,,0,0,0,0,1,,,data
7302,9783492227216,,goodreads,skipped,0,0,,0,0,0,0,1,,,data
7303,9780886776848,,goodreads,skipped,0,0,,0,0,0,0,1,,,data
7304,9780312275693,,goodreads,skipped,0,0,,0,0,0,0,1,,,data
7305,9780385132572,,goodreads,skipped,0,0,,0,0,0,0,1,,,data
7306,9780395486832,,goodreads,skipped,0,0,,0,0,0,0,1,,,data
7307,9781893956261,,goodreads,skipped,0,0,,0,0,0,0,1,,,data
7308,9780553274288,,goodreads,skipped,0,0,,0,0,0,0,1,,,data
7309,9780020409205,,goodreads,skipped,0,0,,0,0,0,0,1,,,data
7310,9780395426401,,goodreads,skipped,0,0,,0,0,0,0,1,,,data
7311,9780767903264,,goodreads,skipped,0,0,,0,0,0,0,1,,,data
7312,9780812881424,,goodreads,skipped,0,0,,0,0,0,0,1,,,data
7313,9780671666033,,goodreads,skipped,0,0,,0,0,0,0,1,,,data
7314,9780152007829,,goodreads,skipped,0,0,,0,0,0,0,1,,,data
7315,9780312877200,,goodreads,skipped,0,0,,0,0,0,0,1,,,data
7316,9781568650968,,goodreads,skipped,0,0,,0,0,0,0,1,,,data
7317,9780671318277,,goodreads,skipped,0,0,,0,0,0,0,1,,,data
7318,9780889626393,,goodreads,skipped,0,0,,0,0,0,0,1,,,data
7319,9780393302943,,goodreads,skipped,0,0,,0,0,0,0,1,,,data
7320,9780375501975,,goodreads,skipped,0,0,,0,0,0,0,1,,,data
7321,9780618111305,,goodreads,skipped,0,0,,0,0,0,0,1,,,data
7322,9781563151880,,goodreads,skipped,0,0,,0,0,0,0,1,,,data
7323,9780373512140,,goodreads,skipped,0,0,,0,0,0,0,1,,,data
7324,9780061050282,,goodreads,skipped,0,0,,0,0,0,0,1,,,data
7325,9781573222709,,goodreads,skipped,0,0,,0,0,0,0,1,,,data
7326,9780609607527,,goodreads,skipped,0,0,,0,0,0,0,1,,,data
7327,9781590170519,,goodreads,skipped,0,0,,0,0,0,0,1,,,data
7328,9781573229098,,goodreads,skipped,0,0,,0,0,0,0,1,,,data
7329,9780786710461,,goodreads,skipped,0,0,,0,0,0,0,1,,,data
7330,9780139692055,,goodreads,skipped,0,0,,0,0,0,0,1,,,data
7331,9780060963002,,goodreads,skipped,0,0,,0,0,0,0,1,,,data
7332,9780944462072,,goodreads,skipped,0,0,,0,0,0,0,1,,,data
7333,9780451204554,,goodreads,skipped,0,0,,0,0,0,0,1,,,data
7334,9780312324780,,goodreads,skipped,0,0,,0,0,0,0,1,,,data
7335,9780441005420,,goodreads,skipped,0,0,,0,0,0,0,1,,,data
7336,9780312306915,,goodreads,skipped,0,0,,0,0,0,0,1,,,data
7337,9780312699727,,goodreads,skipped,0,0,,0,0,0,0,1,,,data
7338,9781582342801,,goodreads,skipped,0,0,,0,0,0,0,1,,,data
7339,9780312875299,,goodreads,skipped,0,0,,0,0,0,0,1,,,data
7340,9780765305985,,goodreads,skipped,0,0,,0,0,0,0,1,,,data
7341,9780743457224,,goodreads,skipped,0,0,,0,0,0,0,1,,,data
7342,9780066212722,,goodreads,skipped,0,0,,0,0,0,0,1,,,data
7343,9780553380385,,goodreads,skipped,0,0,,0,0,0,0,1,,,data
7344,9789062130450,,goodreads,skipped,0,0,,0,0,0,0,1,,,data
7345,9783629005007,,goodreads,skipped,0,0,,0,0,0,0,1,,,data
7346,9783110133776,,goodreads,skipped,0,0,,0,0,0,0,1,,,data
7347,9783822881644,,goodreads,skipped,0,0,,0,0,0,0,1,,,data
7348,9783453169968,,goodreads,skipped,0,0,,0,0,0,0,1,,,data
7349,9780804118729,,goodreads,skipped,0,0,,0,0,0,0,1,,,data
7350,9783442306268,,goodreads,skipped,0,0,,0,0,0,0,1,,,data
7351,9780375507076,,goodreads,skipped,0,0,,0,0,0,0,1,,,data
7352,9780060190255,,goodreads,skipped,0,0,,0,0,0,0,1,,,data
7353,9780374165376,,goodreads,skipped,0,0,,0,0,0,0,1,,,data
7354,9780151998951,,goodreads,skipped,0,0,,0,0,0,0,1,,,data
7355,9783596247349,,goodreads,skipped,0,0,,0,0,0,0,1,,,data
7356,9780809426683,,goodreads,skipped,0,0,,0,0,0,0,1,,,data
7357,9783424015096,,goodreads,skipped,0,0,,0,0,0,0,1,,,data
7358,9780449135679,,goodreads,skipped,0,0,,0,0,0,0,1,,,data
7359,9780440504962,,goodreads,skipped,0,0,,0,0,0,0,1,,,data
7360,9781585744060,,goodreads,skipped,0,0,,0,0,0,0,1,,,data
7361,9780809444588,,goodreads,skipped,0,0,,0,0,0,0,1,,,data
7362,9783783116007,,goodreads,skipped,0,0,,0,0,0,0,1,,,data
7363,9780380671083,,goodreads,skipped,0,0,,0,0,0,0,1,,,data
7364,9783821830438,,goodreads,skipped,0,0,,0,0,0,0,1,,,data
7365,9780848803704,,goodreads,skipped,0,0,,0,0,0,0,1,,,data
7366,9780333155165,,goodreads,skipped,0,0,,0,0,0,0,1,,,data
7367,9780140185393,,goodreads,skipped,0,0,,0,0,0,0,1,,,data
7368,9780449207635,,goodreads,skipped,0,0,,0,0,0,0,1,,,data
7369,9780312141394,,goodreads,skipped,0,0,,0,0,0,0,1,,,data
7370,9780140350166,,goodreads,skipped,0,0,,0,0,0,0,1,,,data
7371,9780812565621,,goodreads,skipped,0,0,,0,0,0,0,1,,,data
7372,9783453861664,,goodreads,skipped,0,0,,0,0,0,0,1,,,data
7373,9783453171534,,goodreads,skipped,0,0,,0,0,0,0,1,,,data
7374,9783453160187,,goodreads,skipped,0,0,,0,0,0,0,1,,,data
7375,9780805058437,,goodreads,skipped,0,0,,0,0,0,0,1,,,data
7376,9789029051781,,goodreads,skipped,0,0,,0,0,0,0,1,,,data
7377,9780671877293,,goodreads,skipped,0,0,,0,0,0,0,1,,,data
7378,9783453188051,,goodreads,skipped,0,0,,0,0,0,0,1,,,data
7379,9780786709991,,goodreads,skipped,0,0,,0,0,0,0,1,,,data
7380,9780195042382,,goodreads,skipped,0,0,,0,0,0,0,1,,,data
7381,9783785538968,,goodreads,skipped,0,0,,0,0,0,0,1,,,data
7382,9781400030743,,goodreads,skipped,0,0,,0,0,0,0,1,,,data
7383,9780812518986,,goodreads,skipped,0,0,,0,0,0,0,1,,,data
7384,9783401021577,,goodreads,skipped,0,0,,0,0,0,0,1,,,data
7385,9780393048544,,goodreads,skipped,0,0,,0,0,0,0,1,,,data
7386,9780385415149,,goodreads,skipped,0,0,,0,0,0,0,1,,,data
7387,9783442245925,,goodreads,skipped,0,0,,0,0,0,0,1,,,data
7388,9781565123656,,goodreads,skipped,0,0,,0,0,0,0,1,,,data
7389,9781577310242,,goodreads,skipped,0,0,,0,0,0,0,1,,,data
7390,9780688026578,,goodreads,skipped,0,0,,0,0,0,0,1,,,data
7391,9783570261163,,goodreads,skipped,0,0,,0,0,0,0,1,,,data
7392,9780340682562,,goodreads,partial,5,7,origin; genres,2,0,0,277,9,https://www.goodreads.com/book/show/96948282-a-matter-of-time,,data
7393,9780812971866,,goodreads,skipped,0,0,,0,0,0,0,1,,,data
7394,9780060166090,,goodreads,skipped,0,0,,0,0,0,0,1,,,data
7395,9783453864269,,goodreads,skipped,0,0,,0,0,0,0,1,,,data
7396,9780394535425,,goodreads,skipped,0,0,,0,0,0,0,1,,,data
7397,9780804103008,,goodreads,skipped,0,0,,0,0,0,0,1,,,data
7398,9783453864405,,goodreads,skipped,0,0,,0,0,0,0,1,,,data
7399,9789748303017,,goodreads,skipped,0,0,,0,0,0,0,1,,,data
7400,9783423008716,,goodreads,skipped,0,0,,0,0,0,0,1,,,data
7401,9780060926250,,goodreads,skipped,0,0,,0,0,0,0,1,,,data
7402,9780671740078,,goodreads,skipped,0,0,,0,0,0,0,1,,,data
7403,9783551552662,,goodreads,skipped,0,0,,0,0,0,0,1,,,data
7404,9783608910384,,goodreads,skipped,0,0,,0,0,0,0,1,,,data
7405,9781565847750,,goodreads,skipped,0,0,,0,0,0,0,1,,,data
7406,9783453196766,,goodreads,skipped,0,0,,0,0,0,0,1,,,data
7407,9780679025061,,goodreads,skipped,0,0,,0,0,0,0,1,,,data
7408,9780241105221,,goodreads,skipped,0,0,,0,0,0,0,1,,,data
7409,9780395498545,,goodreads,skipped,0,0,,0,0,0,0,1,,,data
7410,9788434896109,,goodreads,skipped,0,0,,0,0,0,0,1,,,data
7411,9780452282476,,goodreads,skipped,0,0,,0,0,0,0,1,,,data
7412,9780815136859,,goodreads,skipped,0,0,,0,0,0,0,1,,,data
7413,9780747404279,,goodreads,skipped,0,0,,0,0,0,0,1,,,data
7414,9780743201599,,goodreads,skipped,0,0,,0,0,0,0,1,,,data
7415,9780448195025,,goodreads,skipped,0,0,,0,0,0,0,1,,,data
7416,9780312854096,,goodreads,skipped,0,0,,0,0,0,0,1,,,data
7417,9780688113759,,goodreads,skipped,0,0,,0,0,0,0,1,,,data
7418,9780486204154,,goodreads,skipped,0,0,,0,0,0,0,1,,,data
7419,9780831702878,,goodreads,skipped,0,0,,0,0,0,0,1,,,data
7420,9780831703943,,goodreads,skipped,0,0,,0,0,0,0,1,,,data
7421,9780831768898,,goodreads,skipped,0,0,,0,0,0,0,1,,,data
7422,9780892961160,,goodreads,skipped,0,0,,0,0,0,0,1,,,data
7423,9780831752910,,goodreads,skipped,0,0,,0,0,0,0,1,,,data
7424,9780517670071,,goodreads,skipped,0,0,,0,0,0,0,1,,,data
7425,9780316881883,,goodreads,skipped,0,0,,0,0,0,0,1,,,data
7426,9780831780159,,goodreads,skipped,0,0,,0,0,0,0,1,,,data
7427,9780304334834,,goodreads,skipped,0,0,,0,0,0,0,1,,,data
7428,9780395294680,,goodreads,skipped,0,0,,0,0,0,0,1,,,data
7429,9780895429230,,goodreads,skipped,0,0,,0,0,0,0,1,,,data
7430,9782742741199,,goodreads,skipped,0,0,,0,0,0,0,1,,,data
7431,9780448403083,,goodreads,skipped,0,0,,0,0,0,0,1,,,data
7432,9780307168023,,goodreads,skipped,0,0,,0,0,0,0,1,,,data
7433,9780312269869,,goodreads,skipped,0,0,,0,0,0,0,1,,,data
7434,9780671061883,,goodreads,skipped,0,0,,0,0,0,0,1,,,data
7435,9780312168698,,goodreads,skipped,0,0,,0,0,0,0,1,,,data
7436,9780553055986,,goodreads,skipped,0,0,,0,0,0,0,1,,,data
7437,9781580630412,,goodreads,skipped,0,0,,0,0,0,0,1,,,data
7438,9780312909192,,goodreads,skipped,0,0,,0,0,0,0,1,,,data
7439,9780553055894,,goodreads,skipped,0,0,,0,0,0,0,1,,,data
7440,9780553055832,,goodreads,skipped,0,0,,0,0,0,0,1,,,data
7441,9780312873790,,goodreads,skipped,0,0,,0,0,0,0,1,,,data
7442,9780553055818,,goodreads,skipped,0,0,,0,0,0,0,1,,,data
7443,9780553055795,,goodreads,skipped,0,0,,0,0,0,0,1,,,data
7444,9780553382181,,goodreads,skipped,0,0,,0,0,0,0,1,,,data
7445,9780689813849,,goodreads,skipped,0,0,,0,0,0,0,1,,,data
7446,9780671701123,,goodreads,skipped,0,0,,0,0,0,0,1,,,data
7447,9780688119362,,goodreads,skipped,0,0,,0,0,0,0,1,,,data
7448,9780670031764,,goodreads,skipped,0,0,,0,0,0,0,1,,,data
7449,9780674306882,,goodreads,skipped,0,0,,0,0,0,0,1,,,data
7450,9780312283032,,goodreads,skipped,0,0,,0,0,0,0,1,,,data
7451,9780385263450,,goodreads,skipped,0,0,,0,0,0,0,1,,,data
7452,9780140178746,,goodreads,skipped,0,0,,0,0,0,0,1,,,data
7453,9780060512811,,goodreads,skipped,0,0,,0,0,0,0,1,,,data
7454,9780385415675,,goodreads,skipped,0,0,,0,0,0,0,1,,,data
7455,9781563330698,,goodreads,skipped,0,0,,0,0,0,0,1,,,data
7456,9780679408369,,goodreads,skipped,0,0,,0,0,0,0,1,,,data
7457,9780446676823,,goodreads,skipped,0,0,,0,0,0,0,1,,,data
7458,9780552994651,,goodreads,skipped,0,0,,0,0,0,0,1,,,data
7459,9780691027951,,goodreads,skipped,0,0,,0,0,0,0,1,,,data
7460,9780385337939,,goodreads,skipped,0,0,,0,0,0,0,1,,,data
7461,9780812827293,,goodreads,skipped,0,0,,0,0,0,0,1,,,data
7462,9780553108040,,goodreads,skipped,0,0,,0,0,0,0,1,,,data
7463,9780394718842,,goodreads,skipped,0,0,,0,0,0,0,1,,,data
7464,9780694522057,,goodreads,skipped,0,0,,0,0,0,0,1,,,data
7465,9781565041929,,goodreads,skipped,0,0,,0,0,0,0,1,,,data
7466,9780670031887,,goodreads,skipped,0,0,,0,0,0,0,1,,,data
7467,9780380767830,,goodreads,skipped,0,0,,0,0,0,0,1,,,data
7468,9781400040254,,goodreads,skipped,0,0,,0,0,0,0,1,,,data
7469,9780061006784,,goodreads,skipped,0,0,,0,0,0,0,1,,,data
7470,9781400040988,,goodreads,skipped,0,0,,0,0,0,0,1,,,data
7471,9780670821747,,goodreads,skipped,0,0,,0,0,0,0,1,,,data
7472,9780151008940,,goodreads,skipped,0,0,,0,0,0,0,1,,,data
7473,9780380798476,,goodreads,skipped,0,0,,0,0,0,0,1,,,data
7474,9780023602405,,goodreads,skipped,0,0,,0,0,0,0,1,,,data
7475,9780451146120,,goodreads,skipped,0,0,,0,0,0,0,1,,,data
7476,9780393954166,,goodreads,skipped,0,0,,0,0,0,0,1,,,data
7477,9781853027109,,goodreads,skipped,0,0,,0,0,0,0,1,,,data
7478,9780256029307,,goodreads,skipped,0,0,,0,0,0,0,1,,,data
7479,9780440222316,,goodreads,skipped,0,0,,0,0,0,0,1,,,data
7480,9780155837751,,goodreads,skipped,0,0,,0,0,0,0,1,,,data
7481,9780373223251,,goodreads,skipped,0,0,,0,0,0,0,1,,,data
7482,9780201168808,,goodreads,skipped,0,0,,0,0,0,0,1,,,data
7483,9780394351117,,goodreads,skipped,0,0,,0,0,0,0,1,,,data
7484,9780256031409,,goodreads,skipped,0,0,,0,0,0,0,1,,,data
7485,9781841640938,,goodreads,skipped,0,0,,0,0,0,0,1,,,data
7486,9780201675160,,goodreads,blocked,0,7,title; authors; publisher; origin; date_of_publication; language; genres,0,0,0,0,15,,,data
7487,9780744577815,,goodreads,skipped,0,0,,0,0,0,0,1,,,data
7488,9780136143147,,goodreads,skipped,0,0,,0,0,0,0,1,,,data
7489,9780030555473,,goodreads,skipped,0,0,,0,0,0,0,1,,,data
7490,9780070356009,,goodreads,skipped,0,0,,0,0,0,0,1,,,data
7491,9780821713846,,goodreads,skipped,0,0,,0,0,0,0,1,,,data
7492,9780195066166,,goodreads,skipped,0,0,,0,0,0,0,1,,,data
7493,9780452271029,,goodreads,skipped,0,0,,0,0,0,0,1,,,data
7494,9780312859138,,goodreads,skipped,0,0,,0,0,0,0,1,,,data
7495,9781929065004,,goodreads,skipped,0,0,,0,0,0,0,1,,,data
7496,9781857932867,,goodreads,skipped,0,0,,0,0,0,0,1,,,data
7497,9780130362292,,goodreads,skipped,0,0,,0,0,0,0,1,,,data
7498,9780394571591,,goodreads,skipped,0,0,,0,0,0,0,1,,,data
7499,9780023062513,,goodreads,skipped,0,0,,0,0,0,0,1,,,data
7500,9781929065493,,goodreads,skipped,0,0,,0,0,0,0,1,,,data
7501,9781568652047,,goodreads,skipped,0,0,,0,0,0,0,1,,,data
7502,9783822855584,,goodreads,skipped,0,0,,0,0,0,0,1,,,data
7503,9781585670079,,goodreads,skipped,0,0,,0,0,0,0,1,,,data
7504,9780312001902,,goodreads,skipped,0,0,,0,0,0,0,1,,,data
7505,9780743228633,,goodreads,skipped,0,0,,0,0,0,0,1,,,data
7506,9780553051629,,goodreads,skipped,0,0,,0,0,0,0,1,,,data
7507,9780920953334,,goodreads,skipped,0,0,,0,0,0,0,1,,,data
7508,9780060088941,,goodreads,skipped,0,0,,0,0,0,0,1,,,data
7509,9780141007403,,goodreads,skipped,0,0,,0,0,0,0,1,,,data
7510,9780525939054,,goodreads,skipped,0,0,,0,0,0,0,1,,,data
7511,9780735714113,,goodreads,skipped,0,0,,0,0,0,0,1,,,data
7512,9780679761563,,goodreads,skipped,0,0,,0,0,0,0,1,,,data
7513,9780712619196,,goodreads,skipped,0,0,,0,0,0,0,1,,,data
7514,9780452283343,,goodreads,skipped,0,0,,0,0,0,0,1,,,data
7515,9780312870003,,goodreads,skipped,0,0,,0,0,0,0,1,,,data
7516,9780345451187,,goodreads,skipped,0,0,,0,0,0,0,1,,,data
7517,9780373114344,,goodreads,skipped,0,0,,0,0,0,0,1,,,data
7518,9780030632563,,goodreads,skipped,0,0,,0,0,0,0,1,,,data
7519,9780140268447,,goodreads,skipped,0,0,,0,0,0,0,1,,,data
7520,9780060185725,,goodreads,skipped,0,0,,0,0,0,0,1,,,data
7521,9780340393659,,goodreads,skipped,0,0,,0,0,0,0,1,,,data
7522,9780786709656,,goodreads,skipped,0,0,,0,0,0,0,1,,,data
7523,9780312872298,,goodreads,skipped,0,0,,0,0,0,0,1,,,data
7524,9780816638079,,goodreads,skipped,0,0,,0,0,0,0,1,,,data
7525,9780446671194,,goodreads,skipped,0,0,,0,0,0,0,1,,,data
7526,9780062700476,,goodreads,skipped,0,0,,0,0,0,0,1,,,data
7527,9780679730675,,goodreads,skipped,0,0,,0,0,0,0,1,,,data
7528,9780671736408,,goodreads,skipped,0,0,,0,0,0,0,1,,,data
7529,9780739424773,,goodreads,skipped,0,0,,0,0,0,0,1,,,data
7530,9780553269895,,goodreads,skipped,0,0,,0,0,0,0,1,,,data
7531,9780345333308,,goodreads,skipped,0,0,,0,0,0,0,1,,,data
7532,9780517006603,,goodreads,skipped,0,0,,0,0,0,0,1,,,data
7533,9780812509465,,goodreads,skipped,0,0,,0,0,0,0,1,,,data
7534,9780310322207,,goodreads,skipped,0,0,,0,0,0,0,1,,,data
7535,9780060530471,,goodreads,skipped,0,0,,0,0,0,0,1,,,data
7536,9780688011123,,goodreads,skipped,0,0,,0,0,0,0,1,,,data
7537,9780771056727,,goodreads,skipped,0,0,,0,0,0,0,1,,,data
7538,9780451455901,,goodreads,skipped,0,0,,0,0,0,0,1,,,data
7539,9780968217504,,goodreads,skipped,0,0,,0,0,0,0,1,,,data
7540,9780140145618,,goodreads,skipped,0,0,,0,0,0,0,1,,,data
7541,9782020525718,,goodreads,skipped,0,0,,0,0,0,0,1,,,data
7542,9780671498054,,goodreads,skipped,0,0,,0,0,0,0,1,,,data
7543,9781572971097,,goodreads,skipped,0,0,,0,0,0,0,1,,,data
7544,9782253097884,,goodreads,skipped,0,0,,0,0,0,0,1,,,data
7545,9780931787485,,goodreads,skipped,0,0,,0,0,0,0,1,,,data
7546,9782253040835,,goodreads,skipped,0,0,,0,0,0,0,1,,,data
7547,9782253053286,,goodreads,skipped,0,0,,0,0,0,0,1,,,data
7548,9780805072174,,goodreads,skipped,0,0,,0,0,0,0,1,,,data
7549,9780486253404,,goodreads,skipped,0,0,,0,0,0,0,1,,,data
7550,9780486247779,,goodreads,skipped,0,0,,0,0,0,0,1,,,data
7551,9780880014076,,goodreads,skipped,0,0,,0,0,0,0,1,,,data
7552,9782070362165,,goodreads,skipped,0,0,,0,0,0,0,1,,,data
7553,9780486228259,,goodreads,skipped,0,0,,0,0,0,0,1,,,data
7554,9780486241760,,goodreads,skipped,0,0,,0,0,0,0,1,,,data
7555,9782277300076,,goodreads,skipped,0,0,,0,0,0,0,1,,,data
7556,9780312301460,,goodreads,skipped,0,0,,0,0,0,0,1,,,data
7557,9780486233994,,goodreads,skipped,0,0,,0,0,0,0,1,,,data
7558,9780486245782,,goodreads,skipped,0,0,,0,0,0,0,1,,,data
7559,9782070375523,,goodreads,skipped,0,0,,0,0,0,0,1,,,data
7560,9780452263468,,goodreads,skipped,0,0,,0,0,0,0,1,,,data
7561,9781857987874,,goodreads,skipped,0,0,,0,0,0,0,1,,,data
7562,9780465017300,,goodreads,skipped,0,0,,0,0,0,0,1,,,data
7563,9780486234441,,goodreads,skipped,0,0,,0,0,0,0,1,,,data
7564,9782253036371,,goodreads,skipped,0,0,,0,0,0,0,1,,,data
7565,9780486249162,,goodreads,skipped,0,0,,0,0,0,0,1,,,data
7566,9780198604600,,goodreads,skipped,0,0,,0,0,0,0,1,,,data
7567,9780140125290,,goodreads,skipped,0,0,,0,0,0,0,1,,,data
7568,9780671551391,,goodreads,skipped,0,0,,0,0,0,0,1,,,data
7569,9782702425367,,goodreads,skipped,0,0,,0,0,0,0,1,,,data
7570,9780525473602,,goodreads,skipped,0,0,,0,0,0,0,1,,,data
7571,9780465027286,,goodreads,skipped,0,0,,0,0,0,0,1,,,data
7572,9780345340740,,goodreads,skipped,0,0,,0,0,0,0,1,,,data
7573,9780743457989,,goodreads,skipped,0,0,,0,0,0,0,1,,,data
7574,9780140135510,,goodreads,skipped,0,0,,0,0,0,0,1,,,data
7575,9780671008925,,goodreads,skipped,0,0,,0,0,0,0,1,,,data
7576,9780865473881,,goodreads,skipped,0,0,,0,0,0,0,1,,,data
7577,9780563208112,,goodreads,skipped,0,0,,0,0,0,0,1,,,data
7578,9780671743543,,goodreads,skipped,0,0,,0,0,0,0,1,,,data
7579,9780702234088,,goodreads,skipped,0,0,,0,0,0,0,1,,,data
7580,9780671679651,,goodreads,skipped,0,0,,0,0,0,0,1,,,data
7581,9780671554255,,goodreads,skipped,0,0,,0,0,0,0,1,,,data
7582,9780575073968,,goodreads,skipped,0,0,,0,0,0,0,1,,,data
7583,9780671009953,,goodreads,skipped,0,0,,0,0,0,0,1,,,data
7584,9780151792603,,goodreads,skipped,0,0,,0,0,0,0,1,,,data
7585,9780671520977,,goodreads,skipped,0,0,,0,0,0,0,1,,,data
7586,9780060533229,,goodreads,skipped,0,0,,0,0,0,0,1,,,data
7587,9780671534813,,goodreads,skipped,0,0,,0,0,0,0,1,,,data
7588,9780375502828,,goodreads,skipped,0,0,,0,0,0,0,1,,,data
7589,9783462029260,,goodreads,skipped,0,0,,0,0,0,0,1,,,data
7590,9780312300401,,goodreads,skipped,0,0,,0,0,0,0,1,,,data
7591,9781890065003,,goodreads,skipped,0,0,,0,0,0,0,1,,,data
7592,9780060195588,,goodreads,skipped,0,0,,0,0,0,0,1,,,data
7593,9782921556415,,goodreads,skipped,0,0,,0,0,0,0,1,,,data
7594,9780374168254,,goodreads,skipped,0,0,,0,0,0,0,1,,,data
7595,9780786011858,,goodreads,skipped,0,0,,0,0,0,0,1,,,data
7596,9781895653113,,goodreads,skipped,0,0,,0,0,0,0,1,,,data
7597,9780345412744,,goodreads,skipped,0,0,,0,0,0,0,1,,,data
7598,9780862880200,,goodreads,skipped,0,0,,0,0,0,0,1,,,data
7599,9780140049992,,goodreads,skipped,0,0,,0,0,0,0,1,,,data
7600,9780879839680,,goodreads,skipped,0,0,,0,0,0,0,1,,,data
7601,9780500201954,,goodreads,skipped,0,0,,0,0,0,0,1,,,data
7602,9780375409202,,goodreads,skipped,0,0,,0,0,0,0,1,,,data
7603,9780316941358,,goodreads,skipped,0,0,,0,0,0,0,1,,,data
7604,9780061031694,,goodreads,skipped,0,0,,0,0,0,0,1,,,data
7605,9780415079181,,goodreads,skipped,0,0,,0,0,0,0,1,,,data
7606,9780394714127,,goodreads,skipped,0,0,,0,0,0,0,1,,,data
7607,9781928999089,,goodreads,skipped,0,0,,0,0,0,0,1,,,data
7608,9780440507253,,goodreads,skipped,0,0,,0,0,0,0,1,,,data
7609,9780785324461,,goodreads,skipped,0,0,,0,0,0,0,1,,,data
7610,9780142002957,,goodreads,skipped,0,0,,0,0,0,0,1,,,data
7611,9780835605434,,goodreads,skipped,0,0,,0,0,0,0,1,,,data
7612,9780817308841,,goodreads,skipped,0,0,,0,0,0,0,1,,,data
7613,9780345256621,,goodreads,skipped,0,0,,0,0,0,0,1,,,data
7614,9780850304459,,goodreads,skipped,0,0,,0,0,0,0,1,,,data
7615,9781582430966,,goodreads,skipped,0,0,,0,0,0,0,1,,,data
7616,9780850306842,,goodreads,skipped,0,0,,0,0,0,0,1,,,data
7617,9780915811168,,goodreads,skipped,0,0,,0,0,0,0,1,,,data
7618,9780671659042,,goodreads,skipped,0,0,,0,0,0,0,1,,,data
7619,9780312192525,,goodreads,skipped,0,0,,0,0,0,0,1,,,data
7620,9781551090696,,goodreads,skipped,0,0,,0,0,0,0,1,,,data
7621,9780060099107,,goodreads,skipped,0,0,,0,0,0,0,1,,,data
7622,9780140056693,,goodreads,skipped,0,0,,0,0,0,0,1,,,data
7623,9780395881682,,goodreads,skipped,0,0,,0,0,0,0,1,,,data
7624,9780517560815,,goodreads,skipped,0,0,,0,0,0,0,1,,,data
7625,9780963988225,,goodreads,skipped,0,0,,0,0,0,0,1,,,data
7626,9780375410086,,goodreads,skipped,0,0,,0,0,0,0,1,,,data
7627,9780312890285,,goodreads,skipped,0,0,,0,0,0,0,1,,,data
7628,9780760712481,,goodreads,skipped,0,0,,0,0,0,0,1,,,data
7629,9780425077634,,goodreads,skipped,0,0,,0,0,0,0,1,,,data
7630,9780060907525,,goodreads,skipped,0,0,,0,0,0,0,1,,,data
7631,9780738850139,,goodreads,skipped,0,0,,0,0,0,0,1,,,data
7632,9780345424655,,goodreads,skipped,0,0,,0,0,0,0,1,,,data
7633,9781577314011,,goodreads,skipped,0,0,,0,0,0,0,1,,,data
7634,9780060090623,,goodreads,skipped,0,0,,0,0,0,0,1,,,data
7635,9780525473381,,goodreads,skipped,0,0,,0,0,0,0,1,,,data
7636,9780525472612,,goodreads,skipped,0,0,,0,0,0,0,1,,,data
7637,9780969755166,,goodreads,skipped,0,0,,0,0,0,0,1,,,data
7638,9780525473398,,goodreads,skipped,0,0,,0,0,0,0,1,,,data
7639,9780679450962,,goodreads,skipped,0,0,,0,0,0,0,1,,,data
7640,9780525473060,,goodreads,skipped,0,0,,0,0,0,0,1,,,data
7641,9780786881178,,goodreads,skipped,0,0,,0,0,0,0,1,,,data
7642,9780525473541,,goodreads,skipped,0,0,,0,0,0,0,1,,,data
7643,9781568842011,,goodreads,skipped,0,0,,0,0,0,0,1,,,data
7644,9783630620381,,goodreads,skipped,0,0,,0,0,0,0,1,,,data
7645,9780399148712,,goodreads,skipped,0,0,,0,0,0,0,1,,,data
7646,9781854091291,,goodreads,skipped,0,0,,0,0,0,0,1,,,data
7647,9780440470212,,goodreads,skipped,0,0,,0,0,0,0,1,,,data
7648,9780804106122,,goodreads,skipped,0,0,,0,0,0,0,1,,,data
7649,9780425072547,,goodreads,skipped,0,0,,0,0,0,0,1,,,data
7650,9780806124599,,goodreads,skipped,0,0,,0,0,0,0,1,,,data
7651,9780373254538,,goodreads,skipped,0,0,,0,0,0,0,1,,,data
7652,9780806907512,,goodreads,skipped,0,0,,0,0,0,0,1,,,data
7653,9781552780923,,goodreads,skipped,0,0,,0,0,0,0,1,,,data
7654,9780739420706,,goodreads,skipped,0,0,,0,0,0,0,1,,,data
7655,9780375400254,,goodreads,skipped,0,0,,0,0,0,0,1,,,data
7656,9780931271571,,goodreads,skipped,0,0,,0,0,0,0,1,,,data
7657,9781577349860,,goodreads,skipped,0,0,,0,0,0,0,1,,,data
7658,9788401570599,,goodreads,skipped,0,0,,0,0,0,0,1,,,data
7659,9780962109515,,goodreads,skipped,0,0,,0,0,0,0,1,,,data
7660,9780786888153,,goodreads,skipped,0,0,,0,0,0,0,1,,,data
7661,9788401570520,,goodreads,skipped,0,0,,0,0,0,0,1,,,data
7662,9780316108843,,goodreads,skipped,0,0,,0,0,0,0,1,,,data
7663,9788401570544,,goodreads,skipped,0,0,,0,0,0,0,1,,,data
7664,9780876855966,,goodreads,skipped,0,0,,0,0,0,0,1,,,data
7665,9780375412394,,goodreads,skipped,0,0,,0,0,0,0,1,,,data
7666,9780394490380,,goodreads,skipped,0,0,,0,0,0,0,1,,,data
7667,9780965752510,,goodreads,skipped,0,0,,0,0,0,0,1,,,data
7668,9788401570537,,goodreads,skipped,0,0,,0,0,0,0,1,,,data
7669,9780875968681,,goodreads,skipped,0,0,,0,0,0,0,1,,,data
7670,9781932009101,,goodreads,skipped,0,0,,0,0,0,0,1,,,data
7671,9781880029978,,goodreads,skipped,0,0,,0,0,0,0,1,,,data
7672,9781565844841,,goodreads,skipped,0,0,,0,0,0,0,1,,,data
7673,9788434837973,,goodreads,skipped,0,0,,0,0,0,0,1,,,data
7674,9781930500082,,goodreads,skipped,0,0,,0,0,0,0,1,,,data
7675,9780785271932,,goodreads,skipped,0,0,,0,0,0,0,1,,,data
7676,9781567921717,,goodreads,skipped,0,0,,0,0,0,0,1,,,data
7677,9780863581427,,goodreads,skipped,0,0,,0,0,0,0,1,,,data
7678,9780698114272,,goodreads,skipped,0,0,,0,0,0,0,1,,,data
7679,9780028643724,,goodreads,skipped,0,0,,0,0,0,0,1,,,data
7680,9780696016257,,goodreads,skipped,0,0,,0,0,0,0,1,,,data
7681,9780821737170,,goodreads,skipped,0,0,,0,0,0,0,1,,,data
7682,9780312180867,,goodreads,skipped,0,0,,0,0,0,0,1,,,data
7683,9780152006723,,goodreads,skipped,0,0,,0,0,0,0,1,,,data
7684,9780395562673,,goodreads,skipped,0,0,,0,0,0,0,1,,,data
7685,9780684802862,,goodreads,skipped,0,0,,0,0,0,0,1,,,data
7686,9788432021473,,goodreads,skipped,0,0,,0,0,0,0,1,,,data
7687,9780316803595,,goodreads,skipped,0,0,,0,0,0,0,1,,,data
7688,9780156005845,,goodreads,skipped,0,0,,0,0,0,0,1,,,data
7689,9788432021497,,goodreads,skipped,0,0,,0,0,0,0,1,,,data
7690,9780449901854,,goodreads,skipped,0,0,,0,0,0,0,1,,,data
7691,9780448034874,,goodreads,skipped,0,0,,0,0,0,0,1,,,data
7692,9788401433665,,goodreads,skipped,0,0,,0,0,0,0,1,,,data
7693,9780030000836,,goodreads,skipped,0,0,,0,0,0,0,1,,,data
7694,9780399221279,,goodreads,skipped,0,0,,0,0,0,0,1,,,data
7695,9780688168414,,goodreads,skipped,0,0,,0,0,0,0,1,,,data
7696,9788433970039,,goodreads,skipped,0,0,,0,0,0,0,1,,,data
7697,9780931089022,,goodreads,skipped,0,0,,0,0,0,0,1,,,data
7698,9780399149467,,goodreads,skipped,0,0,,0,0,0,0,1,,,data
7699,9788495971128,,goodreads,skipped,0,0,,0,0,0,0,1,,,data
7700,9780876665565,,goodreads,skipped,0,0,,0,0,0,0,1,,,data
7701,9788495971012,,goodreads,skipped,0,0,,0,0,0,0,1,,,data
7702,9780394891279,,goodreads,skipped,0,0,,0,0,0,0,1,,,data
7703,9780385293631,,goodreads,skipped,0,0,,0,0,0,0,1,,,data
7704,9788433966902,,goodreads,skipped,0,0,,0,0,0,0,1,,,data
7705,9780312186852,,goodreads,skipped,0,0,,0,0,0,0,1,,,data
7706,9780689500091,,goodreads,skipped,0,0,,0,0,0,0,1,,,data
7707,9788486311506,,goodreads,skipped,0,0,,0,0,0,0,1,,,data
7708,9780883656990,,goodreads,skipped,0,0,,0,0,0,0,1,,,data
7709,9780811829519,,goodreads,skipped,0,0,,0,0,0,0,1,,,data
7710,9788433966728,,goodreads,skipped,0,0,,0,0,0,0,1,,,data
7711,9780966286052,,goodreads,skipped,0,0,,0,0,0,0,1,,,data
7712,9780762406050,,goodreads,skipped,0,0,,0,0,0,0,1,,,data
7713,9780670031979,,goodreads,skipped,0,0,,0,0,0,0,1,,,data
7714,9780441775675,,goodreads,skipped,0,0,,0,0,0,0,1,,,data
7715,9780913589779,,goodreads,skipped,0,0,,0,0,0,0,1,,,data
7716,9781892127198,,goodreads,skipped,0,0,,0,0,0,0,1,,,data
7717,9780895775825,,goodreads,skipped,0,0,,0,0,0,0,1,,,data
7718,9780380790067,,goodreads,skipped,0,0,,0,0,0,0,1,,,data
7719,9783442453573,,goodreads,skipped,0,0,,0,0,0,0,1,,,data
7720,9780843910841,,goodreads,skipped,0,0,,0,0,0,0,1,,,data
7721,9780671625337,,goodreads,skipped,0,0,,0,0,0,0,1,,,data
7722,9783404138456,,goodreads,skipped,0,0,,0,0,0,0,1,,,data
7723,9780892438778,,goodreads,skipped,0,0,,0,0,0,0,1,,,data
7724,9780395365113,,goodreads,skipped,0,0,,0,0,0,0,1,,,data
7725,9780843929607,,goodreads,skipped,0,0,,0,0,0,0,1,,,data
7726,9780553486575,,goodreads,skipped,0,0,,0,0,0,0,1,,,data
7727,9780062503985,,goodreads,skipped,0,0,,0,0,0,0,1,,,data
7728,9780671628994,,goodreads,skipped,0,0,,0,0,0,0,1,,,data
7729,9780684824680,,goodreads,skipped,0,0,,0,0,0,0,1,,,data
7730,9780380755578,,goodreads,skipped,0,0,,0,0,0,0,1,,,data
7731,9780380751594,,goodreads,skipped,0,0,,0,0,0,0,1,,,data
7732,9781863711425,,goodreads,skipped,0,0,,0,0,0,0,1,,,data
7733,9780373286843,,goodreads,skipped,0,0,,0,0,0,0,1,,,data
7734,9780746005637,,goodreads,skipped,0,0,,0,0,0,0,1,,,data
7735,9780373072569,,goodreads,skipped,0,0,,0,0,0,0,1,,,data
7736,9780394849614,,goodreads,skipped,0,0,,0,0,0,0,1,,,data
7737,9780373072644,,goodreads,skipped,0,0,,0,0,0,0,1,,,data
7738,9780570090489,,goodreads,skipped,0,0,,0,0,0,0,1,,,data
7739,9780590418201,,goodreads,skipped,0,0,,0,0,0,0,1,,,data
7740,9780061080364,,goodreads,skipped,0,0,,0,0,0,0,1,,,data
7741,9781896356136,,goodreads,skipped,0,0,,0,0,0,0,1,,,data
7742,9780590469005,,goodreads,skipped,0,0,,0,0,0,0,1,,,data
7743,9780609808016,,goodreads,skipped,0,0,,0,0,0,0,1,,,data
7744,9783401047133,,goodreads,skipped,0,0,,0,0,0,0,1,,,data
7745,9780451177223,,goodreads,skipped,0,0,,0,0,0,0,1,,,data
7746,9780899545103,,goodreads,skipped,0,0,,0,0,0,0,1,,,data
7747,9781576737163,,goodreads,skipped,0,0,,0,0,0,0,1,,,data
7748,9780066211268,,goodreads,skipped,0,0,,0,0,0,0,1,,,data
7749,9780140106800,,goodreads,skipped,0,0,,0,0,0,0,1,,,data
7750,9780746010822,,goodreads,skipped,0,0,,0,0,0,0,1,,,data
7751,9780821737804,,goodreads,skipped,0,0,,0,0,0,0,1,,,data
7752,9783423621052,,goodreads,skipped,0,0,,0,0,0,0,1,,,data
7753,9780380978601,,goodreads,skipped,0,0,,0,0,0,0,1,,,data
7754,9780679885290,,goodreads,skipped,0,0,,0,0,0,0,1,,,data
7755,9780373286508,,goodreads,skipped,0,0,,0,0,0,0,1,,,data
7756,9780821753989,,goodreads,skipped,0,0,,0,0,0,0,1,,,data
7757,9781551663197,,goodreads,skipped,0,0,,0,0,0,0,1,,,data
7758,9780394872261,,goodreads,skipped,0,0,,0,0,0,0,1,,,data
7759,9780380766888,,goodreads,skipped,0,0,,0,0,0,0,1,,,data
7760,9780380768530,,goodreads,skipped,0,0,,0,0,0,0,1,,,data
7761,9780809166244,,goodreads,skipped,0,0,,0,0,0,0,1,,,data
7762,9780061080128,,goodreads,skipped,0,0,,0,0,0,0,1,,,data
7763,9780060170790,,goodreads,skipped,0,0,,0,0,0,0,1,,,data
7764,9782894293935,,goodreads,skipped,0,0,,0,0,0,0,1,,,data
7765,9780898210910,,goodreads,skipped,0,0,,0,0,0,0,1,,,data
7766,9781400040384,,goodreads,skipped,0,0,,0,0,0,0,1,,,data
7767,9780375726071,,goodreads,skipped,0,0,,0,0,0,0,1,,,data
7768,9781411604667,,goodreads,skipped,0,0,,0,0,0,0,1,,,data
7769,9781585790395,,goodreads,skipped,0,0,,0,0,0,0,1,,,data
7770,9780553201574,,goodreads,skipped,0,0,,0,0,0,0,1,,,data
7771,9780812930573,,goodreads,skipped,0,0,,0,0,0,0,1,,,data
7772,9780688146061,,goodreads,skipped,0,0,,0,0,0,0,1,,,data
7773,9780525941040,,goodreads,skipped,0,0,,0,0,0,0,1,,,data
7774,9780062511720,,goodreads,skipped,0,0,,0,0,0,0,1,,,data
7775,9781893896062,,goodreads,skipped,0,0,,0,0,0,0,1,,,data
7776,9780312281991,,goodreads,skipped,0,0,,0,0,0,0,1,,,data
7777,9780316610896,,goodreads,skipped,0,0,,0,0,0,0,1,,,data
7778,9780895944115,,goodreads,skipped,0,0,,0,0,0,0,1,,,data
7779,9781582442617,,goodreads,skipped,0,0,,0,0,0,0,1,,,data
7780,9780892838547,,goodreads,skipped,0,0,,0,0,0,0,1,,,data
7781,9780517082409,,goodreads,skipped,0,0,,0,0,0,0,1,,,data
7782,9781580630870,,goodreads,skipped,0,0,,0,0,0,0,1,,,data
7783,9780872237537,,goodreads,skipped,0,0,,0,0,0,0,1,,,data
7784,9781931296120,,goodreads,skipped,0,0,,0,0,0,0,1,,,data
7785,9780312981662,,goodreads,skipped,0,0,,0,0,0,0,1,,,data
7786,9780965863902,,goodreads,skipped,0,0,,0,0,0,0,1,,,data
7787,9781931296113,,goodreads,skipped,0,0,,0,0,0,0,1,,,data
7788,9780312071837,,goodreads,skipped,0,0,,0,0,0,0,1,,,data
7789,9780801055584,,goodreads,skipped,0,0,,0,0,0,0,1,,,data
7790,9780140369267,,goodreads,skipped,0,0,,0,0,0,0,1,,,data
7791,9780963941909,,goodreads,skipped,0,0,,0,0,0,0,1,,,data
7792,9780312959685,,goodreads,skipped,0,0,,0,0,0,0,1,,,data
7793,9780972633901,,goodreads,skipped,0,0,,0,0,0,0,1,,,data
7794,9780395815687,,goodreads,skipped,0,0,,0,0,0,0,1,,,data
7795,9780385133913,,goodreads,skipped,0,0,,0,0,0,0,1,,,data
7796,9780028631967,,goodreads,skipped,0,0,,0,0,0,0,1,,,data
7797,9780399509308,,goodreads,skipped,0,0,,0,0,0,0,1,,,data
7798,9780316279017,,goodreads,skipped,0,0,,0,0,0,0,1,,,data
7799,9780679767473,,goodreads,skipped,0,0,,0,0,0,0,1,,,data
7800,9780312186913,,goodreads,skipped,0,0,,0,0,0,0,1,,,data
7801,9780760720677,,goodreads,skipped,0,0,,0,0,0,0,1,,,data
7802,9781573241960,,goodreads,skipped,0,0,,0,0,0,0,1,,,data
7803,9780517584910,,goodreads,skipped,0,0,,0,0,0,0,1,,,data
7804,9780671522933,,goodreads,skipped,0,0,,0,0,0,0,1,,,data
7805,9780832605529,,goodreads,skipped,0,0,,0,0,0,0,1,,,data
7806,9780142001875,,goodreads,skipped,0,0,,0,0,0,0,1,,,data
7807,9780786830879,,goodreads,skipped,0,0,,0,0,0,0,1,,,data
7808,9780312180089,,goodreads,skipped,0,0,,0,0,0,0,1,,,data
7809,9780395650257,,goodreads,skipped,0,0,,0,0,0,0,1,,,data
7810,9780789441164,,goodreads,skipped,0,0,,0,0,0,0,1,,,data
7811,9780786709823,,goodreads,skipped,0,0,,0,0,0,0,1,,,data
7812,9780345256089,,goodreads,skipped,0,0,,0,0,0,0,1,,,data
7813,9780312852917,,goodreads,skipped,0,0,,0,0,0,0,1,,,data
7814,9780785805090,,goodreads,skipped,0,0,,0,0,0,0,1,,,data
7815,9780786708475,,goodreads,skipped,0,0,,0,0,0,0,1,,,data
7816,9780060159368,,goodreads,skipped,0,0,,0,0,0,0,1,,,data
7817,9780312280819,,goodreads,skipped,0,0,,0,0,0,0,1,,,data
7818,9780385497060,,goodreads,skipped,0,0,,0,0,0,0,1,,,data
7819,9780517701720,,goodreads,skipped,0,0,,0,0,0,0,1,,,data
7820,9780671682194,,goodreads,skipped,0,0,,0,0,0,0,1,,,data
7821,9780658003745,,goodreads,skipped,0,0,,0,0,0,0,1,,,data
7822,9780939416820,,goodreads,skipped,0,0,,0,0,0,0,1,,,data
7823,9780452278530,,goodreads,skipped,0,0,,0,0,0,0,1,,,data
7824,9780813009100,,goodreads,skipped,0,0,,0,0,0,0,1,,,data
7825,9780689833755,,goodreads,skipped,0,0,,0,0,0,0,1,,,data
7826,9780440402893,,goodreads,skipped,0,0,,0,0,0,0,1,,,data
7827,9780813009483,,goodreads,skipped,0,0,,0,0,0,0,1,,,data
7828,9780442252571,,goodreads,skipped,0,0,,0,0,0,0,1,,,data
7829,9780964095595,,goodreads,skipped,0,0,,0,0,0,0,1,,,data
7830,9780380974290,,goodreads,skipped,0,0,,0,0,0,0,1,,,data
7831,9780440407454,,goodreads,skipped,0,0,,0,0,0,0,1,,,data
7832,9780553219807,,goodreads,skipped,0,0,,0,0,0,0,1,,,data
7833,9780821748213,,goodreads,skipped,0,0,,0,0,0,0,1,,,data
7834,9780684827667,,goodreads,skipped,0,0,,0,0,0,0,1,,,data
7835,9780553219784,,goodreads,skipped,0,0,,0,0,0,0,1,,,data
7836,9781880404195,,goodreads,skipped,0,0,,0,0,0,0,1,,,data
7837,9780394827056,,goodreads,skipped,0,0,,0,0,0,0,1,,,data
7838,9780553219791,,goodreads,skipped,0,0,,0,0,0,0,1,,,data
7839,9781573920377,,goodreads,skipped,0,0,,0,0,0,0,1,,,data
7840,9780385486613,,goodreads,skipped,0,0,,0,0,0,0,1,,,data
7841,9780842325103,,goodreads,skipped,0,0,,0,0,0,0,1,,,data
7842,9780590980685,,goodreads,skipped,0,0,,0,0,0,0,1,,,data
7843,9780760727935,,goodreads,skipped,0,0,,0,0,0,0,1,,,data
7844,9780553218985,,goodreads,skipped,0,0,,0,0,0,0,1,,,data
7845,9780590444545,,goodreads,skipped,0,0,,0,0,0,0,1,,,data
7846,9780451135629,,goodreads,skipped,0,0,,0,0,0,0,1,,,data
7847,9780915720132,,goodreads,skipped,0,0,,0,0,0,0,1,,,data
7848,9780743423991,,goodreads,skipped,0,0,,0,0,0,0,1,,,data
7849,9780451400574,,goodreads,skipped,0,0,,0,0,0,0,1,,,data
7850,9780912678580,,goodreads,skipped,0,0,,0,0,0,0,1,,,data
7851,9781562920302,,goodreads,skipped,0,0,,0,0,0,0,1,,,data
7852,9780671742966,,goodreads,skipped,0,0,,0,0,0,0,1,,,data
7853,9781580172028,,goodreads,skipped,0,0,,0,0,0,0,1,,,data
7854,9781573225809,,goodreads,skipped,0,0,,0,0,0,0,1,,,data
7855,9780312858049,,goodreads,skipped,0,0,,0,0,0,0,1,,,data
7856,9781565072527,,goodreads,skipped,0,0,,0,0,0,0,1,,,data
7857,9780385176002,,goodreads,skipped,0,0,,0,0,0,0,1,,,data
7858,9780373970155,,goodreads,skipped,0,0,,0,0,0,0,1,,,data
7859,9780800713188,,goodreads,skipped,0,0,,0,0,0,0,1,,,data
7860,9780671755768,,goodreads,skipped,0,0,,0,0,0,0,1,,,data
7861,9780373970131,,goodreads,skipped,0,0,,0,0,0,0,1,,,data
7862,9781583340417,,goodreads,skipped,0,0,,0,0,0,0,1,,,data
7863,9780811810487,,goodreads,skipped,0,0,,0,0,0,0,1,,,data
7864,9780375760402,,goodreads,skipped,0,0,,0,0,0,0,1,,,data
7865,9780809166336,,goodreads,skipped,0,0,,0,0,0,0,1,,,data
7866,9780062514660,,goodreads,skipped,0,0,,0,0,0,0,1,,,data
7867,9780875080710,,goodreads,skipped,0,0,,0,0,0,0,1,,,data
7868,9780802775245,,goodreads,skipped,0,0,,0,0,0,0,1,,,data
7869,9781569472132,,goodreads,skipped,0,0,,0,0,0,0,1,,,data
7870,9780890660843,,goodreads,skipped,0,0,,0,0,0,0,1,,,data
7871,9781567315165,,goodreads,skipped,0,0,,0,0,0,0,1,,,data
7872,9781859675151,,goodreads,skipped,0,0,,0,0,0,0,1,,,data
7873,9780207158636,,goodreads,skipped,0,0,,0,0,0,0,1,,,data
7874,9780800717070,,goodreads,skipped,0,0,,0,0,0,0,1,,,data
7875,9780590406321,,goodreads,skipped,0,0,,0,0,0,0,1,,,data
7876,9781883211035,,goodreads,skipped,0,0,,0,0,0,0,1,,,data
7877,9780892839063,,goodreads,skipped,0,0,,0,0,0,0,1,,,data
7878,9780307119469,,goodreads,skipped,0,0,,0,0,0,0,1,,,data
7879,9780375502538,,goodreads,skipped,0,0,,0,0,0,0,1,,,data
7880,9780882665917,,goodreads,skipped,0,0,,0,0,0,0,1,,,data
7881,9780965866873,,goodreads,skipped,0,0,,0,0,0,0,1,,,data
7882,9780486244426,,goodreads,skipped,0,0,,0,0,0,0,1,,,data
7883,9780766709522,,goodreads,skipped,0,0,,0,0,0,0,1,,,data
7884,9780892838011,,goodreads,skipped,0,0,,0,0,0,0,1,,,data
7885,9780590489331,,goodreads,skipped,0,0,,0,0,0,0,1,,,data
7886,9780517569894,,goodreads,skipped,0,0,,0,0,0,0,1,,,data
7887,9780892833528,,goodreads,skipped,0,0,,0,0,0,0,1,,,data
7888,9780446911719,,goodreads,skipped,0,0,,0,0,0,0,1,,,data
7889,9780060622138,,goodreads,skipped,0,0,,0,0,0,0,1,,,data
7890,9781561380374,,goodreads,skipped,0,0,,0,0,0,0,1,,,data
7891,9781878424075,,goodreads,skipped,0,0,,0,0,0,0,1,,,data
7892,9781576737040,,goodreads,skipped,0,0,,0,0,0,0,1,,,data
7893,9780836200553,,goodreads,skipped,0,0,,0,0,0,0,1,,,data
7894,9780800715885,,goodreads,skipped,0,0,,0,0,0,0,1,,,data
7895,9780139387791,,goodreads,skipped,0,0,,0,0,0,0,1,,,data
7896,9780880885751,,goodreads,skipped,0,0,,0,0,0,0,1,,,data
7897,9781582290959,,goodreads,skipped,0,0,,0,0,0,0,1,,,data
7898,9780132193955,,goodreads,skipped,0,0,,0,0,0,0,1,,,data
7899,9780802139856,,goodreads,skipped,0,0,,0,0,0,0,1,,,data
7900,9780809135042,,goodreads,skipped,0,0,,0,0,0,0,1,,,data
7901,9780679729891,,goodreads,skipped,0,0,,0,0,0,0,1,,,data
7902,9781878990907,,goodreads,skipped,0,0,,0,0,0,0,1,,,data
7903,9780877283638,,goodreads,skipped,0,0,,0,0,0,0,1,,,data
7904,9780883964675,,goodreads,skipped,0,0,,0,0,0,0,1,,,data
7905,9780877283621,,goodreads,skipped,0,0,,0,0,0,0,1,,,data
7906,9781878990914,,goodreads,skipped,0,0,,0,0,0,0,1,,,data
7907,9780679424277,,goodreads,skipped,0,0,,0,0,0,0,1,,,data
7908,9780802870100,,goodreads,skipped,0,0,,0,0,0,0,1,,,data
7909,9780425046814,,goodreads,skipped,0,0,,0,0,0,0,1,,,data
7910,9780892560783,,goodreads,skipped,0,0,,0,0,0,0,1,,,data
7911,9781558748989,,goodreads,skipped,0,0,,0,0,0,0,1,,,data
7912,9781561640423,,goodreads,skipped,0,0,,0,0,0,0,1,,,data
7913,9780385038560,,goodreads,skipped,0,0,,0,0,0,0,1,,,data
7914,9780061000881,,goodreads,skipped,0,0,,0,0,0,0,1,,,data
7915,9781558749825,,goodreads,skipped,0,0,,0,0,0,0,1,,,data
7916,9780671252519,,goodreads,skipped,0,0,,0,0,0,0,1,,,data
7917,9781561640706,,goodreads,skipped,0,0,,0,0,0,0,1,,,data
7918,9780803709058,,goodreads,skipped,0,0,,0,0,0,0,1,,,data
7919,9780757300387,,goodreads,skipped,0,0,,0,0,0,0,1,,,data
7920,9780525945109,,goodreads,skipped,0,0,,0,0,0,0,1,,,data
7921,9780140345780,,goodreads,skipped,0,0,,0,0,0,0,1,,,data
7922,9780375501098,,goodreads,skipped,0,0,,0,0,0,0,1,,,data
7923,9780156005708,,goodreads,skipped,0,0,,0,0,0,0,1,,,data
7924,9780793818815,,goodreads,skipped,0,0,,0,0,0,0,1,,,data
7925,9781854106278,,goodreads,skipped,0,0,,0,0,0,0,1,,,data
7926,9780757300189,,goodreads,skipped,0,0,,0,0,0,0,1,,,data
7927,9780671875282,,goodreads,skipped,0,0,,0,0,0,0,1,,,data
7928,9780395428573,,goodreads,skipped,0,0,,0,0,0,0,1,,,data
7929,9780399523878,,goodreads,skipped,0,0,,0,0,0,0,1,,,data
7930,9780684862361,,goodreads,skipped,0,0,,0,0,0,0,1,,,data
7931,9780385293716,,goodreads,skipped,0,0,,0,0,0,0,1,,,data
7932,9780446729079,,goodreads,skipped,0,0,,0,0,0,0,1,,,data
7933,9780918259011,,goodreads,skipped,0,0,,0,0,0,0,1,,,data
7934,9780525673156,,goodreads,skipped,0,0,,0,0,0,0,1,,,data
7935,9781558749658,,goodreads,skipped,0,0,,0,0,0,0,1,,,data
7936,9781551973067,,goodreads,skipped,0,0,,0,0,0,0,1,,,data
7937,9780440224952,,goodreads,skipped,0,0,,0,0,0,0,1,,,data
7938,9780310468028,,goodreads,skipped,0,0,,0,0,0,0,1,,,data
7939,9780553296549,,goodreads,skipped,0,0,,0,0,0,0,1,,,data
7940,9781568655710,,goodreads,skipped,0,0,,0,0,0,0,1,,,data
7941,9780061000157,,goodreads,skipped,0,0,,0,0,0,0,1,,,data
7942,9780394529165,,goodreads,skipped,0,0,,0,0,0,0,1,,,data
7943,9781552229804,,goodreads,skipped,0,0,,0,0,0,0,1,,,data
7944,9780207197161,,goodreads,skipped,0,0,,0,0,0,0,1,,,data
7945,9780684872209,,goodreads,skipped,0,0,,0,0,0,0,1,,,data
7946,9780373484034,,goodreads,skipped,0,0,,0,0,0,0,1,,,data
7947,9780060912413,,goodreads,skipped,0,0,,0,0,0,0,1,,,data
7948,9780446517126,,goodreads,skipped,0,0,,0,0,0,0,1,,,data
7949,9780316249553,,goodreads,skipped,0,0,,0,0,0,0,1,,,data
7950,9780884861553,,goodreads,skipped,0,0,,0,0,0,0,1,,,data
7951,9780943358277,,goodreads,skipped,0,0,,0,0,0,0,1,,,data
7952,9780451401601,,goodreads,skipped,0,0,,0,0,0,0,1,,,data
7953,9780590228671,,goodreads,skipped,0,0,,0,0,0,0,1,,,data
7954,9780380976935,,goodreads,skipped,0,0,,0,0,0,0,1,,,data
7955,9780446936842,,goodreads,skipped,0,0,,0,0,0,0,1,,,data
7956,9780394580197,,goodreads,skipped,0,0,,0,0,0,0,1,,,data
7957,9780553233223,,goodreads,skipped,0,0,,0,0,0,0,1,,,data
7958,9780590456524,,goodreads,skipped,0,0,,0,0,0,0,1,,,data
7959,9780373834303,,goodreads,skipped,0,0,,0,0,0,0,1,,,data
7960,9781586601430,,goodreads,skipped,0,0,,0,0,0,0,1,,,data
7961,9780840730756,,goodreads,skipped,0,0,,0,0,0,0,1,,,data
7962,9781562925123,,goodreads,skipped,0,0,,0,0,0,0,1,,,data
7963,9780849929830,,goodreads,skipped,0,0,,0,0,0,0,1,,,data
7964,9780679432906,,goodreads,skipped,0,0,,0,0,0,0,1,,,data
7965,9781558745476,,goodreads,skipped,0,0,,0,0,0,0,1,,,data
7966,9780397012169,,goodreads,skipped,0,0,,0,0,0,0,1,,,data
7967,9780590059978,,goodreads,skipped,0,0,,0,0,0,0,1,,,data
7968,9780385276603,,goodreads,skipped,0,0,,0,0,0,0,1,,,data
7969,9780757300882,,goodreads,skipped,0,0,,0,0,0,0,1,,,data
7970,9780590470148,,goodreads,skipped,0,0,,0,0,0,0,1,,,data
7971,9780449236901,,goodreads,skipped,0,0,,0,0,0,0,1,,,data
7972,9780590449601,,goodreads,skipped,0,0,,0,0,0,0,1,,,data
7973,9781576734919,,goodreads,skipped,0,0,,0,0,0,0,1,,,data
7974,9780914955870,,goodreads,skipped,0,0,,0,0,0,0,1,,,data
7975,9780373834327,,goodreads,skipped,0,0,,0,0,0,0,1,,,data
7976,9780689120893,,goodreads,skipped,0,0,,0,0,0,0,1,,,data
7977,9780806982663,,goodreads,skipped,0,0,,0,0,0,0,1,,,data
7978,9780816714155,,goodreads,blocked,0,7,title; authors; publisher; origin; date_of_publication; language; genres,0,0,0,0,14,,,data
7979,9780345405838,,goodreads,skipped,0,0,,0,0,0,0,1,,,data
7980,9780806942346,,goodreads,skipped,0,0,,0,0,0,0,1,,,data
7981,9780590460675,,goodreads,skipped,0,0,,0,0,0,0,1,,,data
7982,9780816706099,,goodreads,skipped,0,0,,0,0,0,0,1,,,data
7983,9780871296153,,goodreads,skipped,0,0,,0,0,0,0,1,,,data
7984,9781558749375,,goodreads,skipped,0,0,,0,0,0,0,1,,,data
7985,9780671767327,,goodreads,skipped,0,0,,0,0,0,0,1,,,data
7986,9780449907139,,goodreads,skipped,0,0,,0,0,0,0,1,,,data
7987,9780671680534,,goodreads,skipped,0,0,,0,0,0,0,1,,,data
7988,9780393051537,,goodreads,skipped,0,0,,0,0,0,0,1,,,data
7989,9780380753826,,goodreads,skipped,0,0,,0,0,0,0,1,,,data
7990,9780380018246,,goodreads,skipped,0,0,,0,0,0,0,1,,,data
7991,9780590435697,,goodreads,skipped,0,0,,0,0,0,0,1,,,data
7992,9781582292052,,goodreads,skipped,0,0,,0,0,0,0,1,,,data
7993,9781563525223,,goodreads,skipped,0,0,,0,0,0,0,1,,,data
7994,9780446517225,,goodreads,skipped,0,0,,0,0,0,0,1,,,data
7995,9780812925913,,goodreads,skipped,0,0,,0,0,0,0,1,,,data
7996,9781582292304,,goodreads,skipped,0,0,,0,0,0,0,1,,,data
7997,9781889538617,,goodreads,skipped,0,0,,0,0,0,0,1,,,data
7998,9780786882755,,goodreads,skipped,0,0,,0,0,0,0,1,,,data
7999,9780590456487,,goodreads,skipped,0,0,,0,0,0,0,1,,,data
8000,9780312280444,,goodreads,skipped,0,0,,0,0,0,0,1,,,data
8001,9780312112578,,goodreads,skipped,0,0,,0,0,0,0,1,,,data
8002,9781889538594,,goodreads,skipped,0,0,,0,0,0,0,1,,,data
8003,9780590503501,,goodreads,skipped,0,0,,0,0,0,0,1,,,data
8004,9781889538020,,goodreads,skipped,0,0,,0,0,0,0,1,,,data
8005,9781577487777,,goodreads,skipped,0,0,,0,0,0,0,1,,,data
8006,9781889538587,,goodreads,skipped,0,0,,0,0,0,0,1,,,data
8007,9780590334815,,goodreads,skipped,0,0,,0,0,0,0,1,,,data
8008,9780373163113,,goodreads,skipped,0,0,,0,0,0,0,1,,,data
8009,9780816717071,,goodreads,skipped,0,0,,0,0,0,0,1,,,data
8010,9780312154714,,goodreads,skipped,0,0,,0,0,0,0,1,,,data
8011,9781889538600,,goodreads,skipped,0,0,,0,0,0,0,1,,,data
8012,9780590483063,,goodreads,skipped,0,0,,0,0,0,0,1,,,data
8013,9780373193509,,goodreads,skipped,0,0,,0,0,0,0,1,,,data
8014,9780590405102,,goodreads,skipped,0,0,,0,0,0,0,1,,,data
8015,9781889538082,,goodreads,skipped,0,0,,0,0,0,0,1,,,data
8016,9780373193943,,goodreads,skipped,0,0,,0,0,0,0,1,,,data
8017,9780140350579,,goodreads,skipped,0,0,,0,0,0,0,1,,,data
8018,9781889538006,,goodreads,skipped,0,0,,0,0,0,0,1,,,data
8019,9781889538129,,goodreads,skipped,0,0,,0,0,0,0,1,,,data
8020,9780061040931,,goodreads,skipped,0,0,,0,0,0,0,1,,,data
8021,9780373163052,,goodreads,skipped,0,0,,0,0,0,0,1,,,data
8022,9780590338134,,goodreads,skipped,0,0,,0,0,0,0,1,,,data
8023,9780060953607,,goodreads,skipped,0,0,,0,0,0,0,1,,,data
8024,9780440206231,,goodreads,skipped,0,0,,0,0,0,0,1,,,data
8025,9780425080344,,goodreads,skipped,0,0,,0,0,0,0,1,,,data
8026,9780671041748,,goodreads,skipped,0,0,,0,0,0,0,1,,,data
8027,9780812505870,,goodreads,skipped,0,0,,0,0,0,0,1,,,data
8028,9780440212362,,goodreads,skipped,0,0,,0,0,0,0,1,,,data
8029,9780060534387,,goodreads,skipped,0,0,,0,0,0,0,1,,,data
8030,9780373254255,,goodreads,skipped,0,0,,0,0,0,0,1,,,data
8031,9780553443943,,goodreads,skipped,0,0,,0,0,0,0,1,,,data
8032,9781574860214,,goodreads,skipped,0,0,,0,0,0,0,1,,,data
8033,9780373254217,,goodreads,skipped,0,0,,0,0,0,0,1,,,data
8034,9780060969745,,goodreads,skipped,0,0,,0,0,0,0,1,,,data
8035,9780451165947,,goodreads,skipped,0,0,,0,0,0,0,1,,,data
8036,9780373254170,,goodreads,skipped,0,0,,0,0,0,0,1,,,data
8037,9780671796914,,goodreads,skipped,0,0,,0,0,0,0,1,,,data
8038,9780670030583,,goodreads,skipped,0,0,,0,0,0,0,1,,,data
8039,9780446382953,,goodreads,skipped,0,0,,0,0,0,0,1,,,data
8040,9781582790701,,goodreads,skipped,0,0,,0,0,0,0,1,,,data
8041,9780312157913,,goodreads,skipped,0,0,,0,0,0,0,1,,,data
8042,9780688033866,,goodreads,skipped,0,0,,0,0,0,0,1,,,data
8043,9780821717783,,goodreads,skipped,0,0,,0,0,0,0,1,,,data
8044,9780312860455,,goodreads,skipped,0,0,,0,0,0,0,1,,,data
8045,9780821717790,,goodreads,skipped,0,0,,0,0,0,0,1,,,data
8046,9780871068675,,goodreads,skipped,0,0,,0,0,0,0,1,,,data
8047,9781566490443,,goodreads,skipped,0,0,,0,0,0,0,1,,,data
8048,9780316818155,,goodreads,skipped,0,0,,0,0,0,0,1,,,data
8049,9781582430164,,goodreads,skipped,0,0,,0,0,0,0,1,,,data
8050,9780385313803,,goodreads,skipped,0,0,,0,0,0,0,1,,,data
8051,9780380703111,,goodreads,skipped,0,0,,0,0,0,0,1,,,data
8052,9780800753740,,goodreads,skipped,0,0,,0,0,0,0,1,,,data
8053,9780446354103,,goodreads,skipped,0,0,,0,0,0,0,1,,,data
8054,9781551923017,,goodreads,skipped,0,0,,0,0,0,0,1,,,data
8055,9780385152747,,goodreads,skipped,0,0,,0,0,0,0,1,,,data
8056,9780525937371,,goodreads,skipped,0,0,,0,0,0,0,1,,,data
8057,9780373832613,,goodreads,skipped,0,0,,0,0,0,0,1,,,data
8058,9780962858703,,goodreads,skipped,0,0,,0,0,0,0,1,,,data
8059,9789518841473,,goodreads,skipped,0,0,,0,0,0,0,1,,,data
8060,9780782903621,,goodreads,skipped,0,0,,0,0,0,0,1,,,data
8061,9780871132598,,goodreads,skipped,0,0,,0,0,0,0,1,,,data
8062,9780821727898,,goodreads,skipped,0,0,,0,0,0,0,1,,,data
8063,9780671459512,,goodreads,skipped,0,0,,0,0,0,0,1,,,data
8064,9780375505669,,goodreads,skipped,0,0,,0,0,0,0,1,,,data
8065,9780449146590,,goodreads,skipped,0,0,,0,0,0,0,1,,,data
8066,9780876854242,,goodreads,skipped,0,0,,0,0,0,0,1,,,data
8067,9781561630707,,goodreads,skipped,0,0,,0,0,0,0,1,,,data
8068,9780352334589,,goodreads,skipped,0,0,,0,0,0,0,1,,,data
8069,9781853712623,,goodreads,skipped,0,0,,0,0,0,0,1,,,data
8070,9780939680429,,goodreads,skipped,0,0,,0,0,0,0,1,,,data
8071,9780821752067,,goodreads,skipped,0,0,,0,0,0,0,1,,,data
8072,9780671661571,,goodreads,skipped,0,0,,0,0,0,0,1,,,data
8073,9780740706813,,goodreads,skipped,0,0,,0,0,0,0,1,,,data
8074,9780865475595,,goodreads,skipped,0,0,,0,0,0,0,1,,,data
8075,9780684184616,,goodreads,skipped,0,0,,0,0,0,0,1,,,data
8076,9780740738173,,goodreads,skipped,0,0,,0,0,0,0,1,,,data
8077,9780740726774,,goodreads,skipped,0,0,,0,0,0,0,1,,,data
8078,9780425132067,,goodreads,skipped,0,0,,0,0,0,0,1,,,data
8079,9780375707179,,goodreads,skipped,0,0,,0,0,0,0,1,,,data
8080,9781891575136,,goodreads,blocked,0,7,title; authors; publisher; origin; date_of_publication; language; genres,0,0,0,0,15,,,data
8081,9780553294552,,goodreads,skipped,0,0,,0,0,0,0,1,,,data
8082,9780684163833,,goodreads,skipped,0,0,,0,0,0,0,1,,,data
8083,9780345410313,,goodreads,skipped,0,0,,0,0,0,0,1,,,data
8084,9780895772541,,goodreads,skipped,0,0,,0,0,0,0,1,,,data
8085,9780525245063,,goodreads,skipped,0,0,,0,0,0,0,1,,,data
8086,9780876120415,,goodreads,skipped,0,0,,0,0,0,0,1,,,data
8087,9780523417844,,goodreads,skipped,0,0,,0,0,0,0,1,,,data
8088,9780679602972,,goodreads,skipped,0,0,,0,0,0,0,1,,,data
8089,9780201105544,,goodreads,skipped,0,0,,0,0,0,0,1,,,data
8090,9780523407234,,goodreads,skipped,0,0,,0,0,0,0,1,,,data
8091,9780899194387,,goodreads,skipped,0,0,,0,0,0,0,1,,,data
8092,9780345303721,,goodreads,skipped,0,0,,0,0,0,0,1,,,data
8093,9780441006113,,goodreads,skipped,0,0,,0,0,0,0,1,,,data
8094,9780440178101,,goodreads,skipped,0,0,,0,0,0,0,1,,,data
8095,9780876852293,,goodreads,skipped,0,0,,0,0,0,0,1,,,data
8096,9780876852033,,goodreads,skipped,0,0,,0,0,0,0,1,,,data
8097,9780345430564,,goodreads,skipped,0,0,,0,0,0,0,1,,,data
8098,9780812510089,,goodreads,skipped,0,0,,0,0,0,0,1,,,data
8099,9780136508137,,goodreads,skipped,0,0,,0,0,0,0,1,,,data
8100,9780842305228,,goodreads,skipped,0,0,,0,0,0,0,1,,,data
8101,9780688110352,,goodreads,skipped,0,0,,0,0,0,0,1,,,data
8102,9780345430533,,goodreads,skipped,0,0,,0,0,0,0,1,,,data
8103,9780140066821,,goodreads,skipped,0,0,,0,0,0,0,1,,,data
8104,9780671426095,,goodreads,skipped,0,0,,0,0,0,0,1,,,data
8105,9780531003343,,goodreads,skipped,0,0,,0,0,0,0,1,,,data
8106,9780451167705,,goodreads,skipped,0,0,,0,0,0,0,1,,,data
8107,9780553441093,,goodreads,skipped,0,0,,0,0,0,0,1,,,data
8108,9781882606023,,goodreads,skipped,0,0,,0,0,0,0,1,,,data
8109,9780373164301,,goodreads,skipped,0,0,,0,0,0,0,1,,,data
8110,9780373113231,,goodreads,skipped,0,0,,0,0,0,0,1,,,data
8111,9780312187774,,goodreads,skipped,0,0,,0,0,0,0,1,,,data
8112,9780684847207,,goodreads,skipped,0,0,,0,0,0,0,1,,,data
8113,9780373031641,,goodreads,skipped,0,0,,0,0,0,0,1,,,data
8114,9780964109971,,goodreads,skipped,0,0,,0,0,0,0,1,,,data
8115,9780393020397,,goodreads,skipped,0,0,,0,0,0,0,1,,,data
8116,9780451409102,,goodreads,skipped,0,0,,0,0,0,0,1,,,data
8117,9780373761791,,goodreads,skipped,0,0,,0,0,0,0,1,,,data
8118,9780373704811,,goodreads,skipped,0,0,,0,0,0,0,1,,,data
8119,9780671248222,,goodreads,skipped,0,0,,0,0,0,0,1,,,data
8120,9780816736515,,goodreads,skipped,0,0,,0,0,0,0,1,,,data
8121,9780061020049,,goodreads,skipped,0,0,,0,0,0,0,1,,,data
8122,9780931948329,,goodreads,skipped,0,0,,0,0,0,0,1,,,data
8123,9780300090215,,goodreads,skipped,0,0,,0,0,0,0,1,,,data
8124,9781567140378,,goodreads,skipped,0,0,,0,0,0,0,1,,,data
8125,9780373224371,,goodreads,skipped,0,0,,0,0,0,0,1,,,data
8126,9780345335258,,goodreads,skipped,0,0,,0,0,0,0,1,,,data
8127,9780345303356,,goodreads,skipped,0,0,,0,0,0,0,1,,,data
8128,9780394480244,,goodreads,skipped,0,0,,0,0,0,0,1,,,data
8129,9780917012938,,goodreads,skipped,0,0,,0,0,0,0,1,,,data
8130,9780861713547,,goodreads,skipped,0,0,,0,0,0,0,1,,,data
8131,9780373165896,,goodreads,skipped,0,0,,0,0,0,0,1,,,data
8132,9780894905858,,goodreads,skipped,0,0,,0,0,0,0,1,,,data
8133,9780609606339,,goodreads,skipped,0,0,,0,0,0,0,1,,,data
8134,9780373251254,,goodreads,skipped,0,0,,0,0,0,0,1,,,data
8135,9780451151537,,goodreads,skipped,0,0,,0,0,0,0,1,,,data
8136,9781558213760,,goodreads,skipped,0,0,,0,0,0,0,1,,,data
8137,9780373700417,,goodreads,skipped,0,0,,0,0,0,0,1,,,data
8138,9780061010972,,goodreads,skipped,0,0,,0,0,0,0,1,,,data
8139,9780971358409,,goodreads,skipped,0,0,,0,0,0,0,1,,,data
8140,9780515085884,,goodreads,skipped,0,0,,0,0,0,0,1,,,data
8141,9780440910848,,goodreads,skipped,0,0,,0,0,0,0,1,,,data
8142,9780373220618,,goodreads,skipped,0,0,,0,0,0,0,1,,,data
8143,9780393048797,,goodreads,skipped,0,0,,0,0,0,0,1,,,data
8144,9780785325178,,goodreads,skipped,0,0,,0,0,0,0,1,,,data
8145,9780345414939,,goodreads,skipped,0,0,,0,0,0,0,1,,,data
8146,9780684814131,,goodreads,skipped,0,0,,0,0,0,0,1,,,data
8147,9780312081447,,goodreads,skipped,0,0,,0,0,0,0,1,,,data
8148,9780385492911,,goodreads,skipped,0,0,,0,0,0,0,1,,,data
8149,9780875020600,,goodreads,skipped,0,0,,0,0,0,0,1,,,data
8150,9780820009049,,goodreads,skipped,0,0,,0,0,0,0,1,,,data
8151,9780312130787,,goodreads,skipped,0,0,,0,0,0,0,1,,,data
8152,9780670030057,,goodreads,skipped,0,0,,0,0,0,0,1,,,data
8153,9780070619968,,goodreads,skipped,0,0,,0,0,0,0,1,,,data
8154,9780960793402,,goodreads,skipped,0,0,,0,0,0,0,1,,,data
8155,9780440845928,,goodreads,skipped,0,0,,0,0,0,0,1,,,data
8156,9780671217860,,goodreads,skipped,0,0,,0,0,0,0,1,,,data
8157,9780312950989,,goodreads,skipped,0,0,,0,0,0,0,1,,,data
8158,9780299170943,,goodreads,skipped,0,0,,0,0,0,0,1,,,data
8159,9780698109612,,goodreads,skipped,0,0,,0,0,0,0,1,,,data
8160,9780446513128,,goodreads,skipped,0,0,,0,0,0,0,1,,,data
8161,9780590451222,,goodreads,skipped,0,0,,0,0,0,0,1,,,data
8162,9781555834975,,goodreads,skipped,0,0,,0,0,0,0,1,,,data
8163,9780590763424,,goodreads,skipped,0,0,,0,0,0,0,1,,,data
8164,9781555833541,,goodreads,skipped,0,0,,0,0,0,0,1,,,data
8165,9780816741281,,goodreads,skipped,0,0,,0,0,0,0,1,,,data
8166,9781418412067,,goodreads,skipped,0,0,,0,0,0,0,1,,,data
8167,9781562801427,,goodreads,skipped,0,0,,0,0,0,0,1,,,data
8168,9780152016555,,goodreads,skipped,0,0,,0,0,0,0,1,,,data
8169,9780941483759,,goodreads,skipped,0,0,,0,0,0,0,1,,,data
8170,9780671626723,,goodreads,skipped,0,0,,0,0,0,0,1,,,data
8171,9780415261272,,goodreads,skipped,0,0,,0,0,0,0,1,,,data
8172,9780671822101,,goodreads,skipped,0,0,,0,0,0,0,1,,,data
8173,9780688078768,,goodreads,skipped,0,0,,0,0,0,0,1,,,data
8174,9781593080051,,goodreads,skipped,0,0,,0,0,0,0,1,,,data
8175,9780886900922,,goodreads,skipped,0,0,,0,0,0,0,1,,,data
8176,9780684870342,,goodreads,skipped,0,0,,0,0,0,0,1,,,data
8177,9780553340969,,goodreads,skipped,0,0,,0,0,0,0,1,,,data
8178,9780452009998,,goodreads,skipped,0,0,,0,0,0,0,1,,,data
8179,9780671537920,,goodreads,skipped,0,0,,0,0,0,0,1,,,data
8180,9780425185957,,goodreads,skipped,0,0,,0,0,0,0,1,,,data
8181,9781563975141,,goodreads,skipped,0,0,,0,0,0,0,1,,,data
8182,9780590739108,,goodreads,skipped,0,0,,0,0,0,0,1,,,data
8183,9780836250763,,goodreads,skipped,0,0,,0,0,0,0,1,,,data
8184,9780739410684,,goodreads,skipped,0,0,,0,0,0,0,1,,,data
8185,9781592400164,,goodreads,skipped,0,0,,0,0,0,0,1,,,data
8186,9781566192538,,goodreads,skipped,0,0,,0,0,0,0,1,,,data
8187,9780385423625,,goodreads,skipped,0,0,,0,0,0,0,1,,,data
8188,9781589821026,,goodreads,skipped,0,0,,0,0,0,0,1,,,data
8189,9781558701069,,goodreads,skipped,0,0,,0,0,0,0,1,,,data
8190,9781894454087,,goodreads,skipped,0,0,,0,0,0,0,1,,,data
8191,9780553239904,,goodreads,skipped,0,0,,0,0,0,0,1,,,data
8192,9783822808344,,goodreads,skipped,0,0,,0,0,0,0,1,,,data
8193,9780312154271,,goodreads,skipped,0,0,,0,0,0,0,1,,,data
8194,9780802733443,,goodreads,skipped,0,0,,0,0,0,0,1,,,data
8195,9781591097747,,goodreads,skipped,0,0,,0,0,0,0,1,,,data
8196,9780618439102,,goodreads,skipped,0,0,,0,0,0,0,1,,,data
8197,9780752402659,,goodreads,skipped,0,0,,0,0,0,0,1,,,data
8198,9780899091679,,goodreads,skipped,0,0,,0,0,0,0,1,,,data
8199,9780671743529,,goodreads,skipped,0,0,,0,0,0,0,1,,,data
8200,9780743435659,,goodreads,skipped,0,0,,0,0,0,0,1,,,data
8201,9780671578725,,goodreads,skipped,0,0,,0,0,0,0,1,,,data
8202,9780399141706,,goodreads,skipped,0,0,,0,0,0,0,1,,,data
8203,9780671878856,,goodreads,skipped,0,0,,0,0,0,0,1,,,data
8204,9780671878658,,goodreads,skipped,0,0,,0,0,0,0,1,,,data
8205,9781858282572,,goodreads,skipped,0,0,,0,0,0,0,1,,,data
8206,9780151006106,,goodreads,skipped,0,0,,0,0,0,0,1,,,data
8207,9780571197606,,goodreads,skipped,0,0,,0,0,0,0,1,,,data
8208,9780785809036,,goodreads,skipped,0,0,,0,0,0,0,1,,,data
8209,9780886777135,,goodreads,skipped,0,0,,0,0,0,0,1,,,data
8210,9780679740612,,goodreads,skipped,0,0,,0,0,0,0,1,,,data
8211,9780451201157,,goodreads,skipped,0,0,,0,0,0,0,1,,,data
8212,9780886776602,,goodreads,skipped,0,0,,0,0,0,0,1,,,data
8213,9780886775346,,goodreads,skipped,0,0,,0,0,0,0,1,,,data
8214,9780886776114,,goodreads,skipped,0,0,,0,0,0,0,1,,,data
8215,9780830707652,,goodreads,skipped,0,0,,0,0,0,0,1,,,data
8216,9780886775773,,goodreads,skipped,0,0,,0,0,0,0,1,,,data
8217,9780886776312,,goodreads,skipped,0,0,,0,0,0,0,1,,,data
8218,9780349116501,,goodreads,skipped,0,0,,0,0,0,0,1,,,data
8219,9780920897270,,goodreads,skipped,0,0,,0,0,0,0,1,,,data
8220,9780553155563,,goodreads,skipped,0,0,,0,0,0,0,1,,,data
8221,9780345433039,,goodreads,skipped,0,0,,0,0,0,0,1,,,data
8222,9780553155631,,goodreads,skipped,0,0,,0,0,0,0,1,,,data
8223,9780340822012,,goodreads,skipped,0,0,,0,0,0,0,1,,,data
8224,9780765342447,,goodreads,skipped,0,0,,0,0,0,0,1,,,data
8225,9780886778026,,goodreads,skipped,0,0,,0,0,0,0,1,,,data
8226,9780886778514,,goodreads,skipped,0,0,,0,0,0,0,1,,,data
8227,9780517007006,,goodreads,skipped,0,0,,0,0,0,0,1,,,data
8228,9780099277088,,goodreads,skipped,0,0,,0,0,0,0,1,,,data
8229,9780743488228,,goodreads,skipped,0,0,,0,0,0,0,1,,,data
8230,9780689870576,,goodreads,skipped,0,0,,0,0,0,0,1,,,data
8231,9780809166343,,goodreads,skipped,0,0,,0,0,0,0,1,,,data
8232,9780316365628,,goodreads,skipped,0,0,,0,0,0,0,1,,,data
8233,9780316365567,,goodreads,skipped,0,0,,0,0,0,0,1,,,data
8234,9780671703172,,goodreads,skipped,0,0,,0,0,0,0,1,,,data
8235,9780060739423,,goodreads,skipped,0,0,,0,0,0,0,1,,,data
8236,9780440405924,,goodreads,skipped,0,0,,0,0,0,0,1,,,data
8237,9781562931162,,goodreads,skipped,0,0,,0,0,0,0,1,,,data
8238,9780679808466,,goodreads,skipped,0,0,,0,0,0,0,1,,,data
8239,9788401467318,,goodreads,skipped,0,0,,0,0,0,0,1,,,data
8240,9780195090239,,goodreads,skipped,0,0,,0,0,0,0,1,,,data
8241,9780486236469,,goodreads,skipped,0,0,,0,0,0,0,1,,,data
8242,9780820318714,,goodreads,skipped,0,0,,0,0,0,0,1,,,data
8243,9780394722269,,goodreads,skipped,0,0,,0,0,0,0,1,,,data
8244,9780743527538,,goodreads,skipped,0,0,,0,0,0,0,1,,,data
8245,9780140181890,,goodreads,skipped,0,0,,0,0,0,0,1,,,data
8246,9783453050297,,goodreads,skipped,0,0,,0,0,0,0,1,,,data
8247,9780375814655,,goodreads,skipped,0,0,,0,0,0,0,1,,,data
8248,9780679889168,,goodreads,skipped,0,0,,0,0,0,0,1,,,data
8249,9780785282419,,goodreads,skipped,0,0,,0,0,0,0,1,,,data
8250,9780448089256,,goodreads,skipped,0,0,,0,0,0,0,1,,,data
8251,9780679889151,,goodreads,skipped,0,0,,0,0,0,0,1,,,data
8252,9780804104449,,goodreads,skipped,0,0,,0,0,0,0,1,,,data
8253,9780689859397,,goodreads,skipped,0,0,,0,0,0,0,1,,,data
8254,9780933614093,,goodreads,skipped,0,0,,0,0,0,0,1,,,data
8255,9780671793142,,goodreads,skipped,0,0,,0,0,0,0,1,,,data
8256,9780142400531,,goodreads,skipped,0,0,,0,0,0,0,1,,,data
8257,9780826329707,,goodreads,skipped,0,0,,0,0,0,0,1,,,data
8258,9780380897117,,goodreads,skipped,0,0,,0,0,0,0,1,,,data
8259,9780440910480,,goodreads,skipped,0,0,,0,0,0,0,1,,,data
8260,9780373706808,,goodreads,skipped,0,0,,0,0,0,0,1,,,data
8261,9780671411169,,goodreads,skipped,0,0,,0,0,0,0,1,,,data
8262,9780449135532,,goodreads,skipped,0,0,,0,0,0,0,1,,,data
8263,9780380713011,,goodreads,skipped,0,0,,0,0,0,0,1,,,data
8264,9780553111491,,goodreads,skipped,0,0,,0,0,0,0,1,,,data
8265,9780671677596,,goodreads,skipped,0,0,,0,0,0,0,1,,,data
8266,9781576571453,,goodreads,skipped,0,0,,0,0,0,0,1,,,data
8267,9780939165278,,goodreads,skipped,0,0,,0,0,0,0,1,,,data
8268,9788804323426,,goodreads,skipped,0,0,,0,0,0,0,1,,,data
8269,9780439401869,,goodreads,skipped,0,0,,0,0,0,0,1,,,data
8270,9780449133026,,goodreads,skipped,0,0,,0,0,0,0,1,,,data
8271,9780821765388,,goodreads,skipped,0,0,,0,0,0,0,1,,,data
8272,9780873418690,,goodreads,skipped,0,0,,0,0,0,0,1,,,data
8273,9780896891241,,goodreads,skipped,0,0,,0,0,0,0,1,,,data
8274,9780449244708,,goodreads,skipped,0,0,,0,0,0,0,1,,,data
8275,9780679885474,,goodreads,skipped,0,0,,0,0,0,0,1,,,data
8276,9780396077169,,goodreads,skipped,0,0,,0,0,0,0,1,,,data
8277,9780345376022,,goodreads,skipped,0,0,,0,0,0,0,1,,,data
8278,9780440216223,,goodreads,skipped,0,0,,0,0,0,0,1,,,data
8279,9780393306309,,goodreads,skipped,0,0,,0,0,0,0,1,,,data
8280,9780836270433,,goodreads,skipped,0,0,,0,0,0,0,1,,,data
8281,9780689305245,,goodreads,skipped,0,0,,0,0,0,0,1,,,data
8282,9780312956790,,goodreads,skipped,0,0,,0,0,0,0,1,,,data
8283,9780374465360,,goodreads,skipped,0,0,,0,0,0,0,1,,,data
8284,9780425073841,,goodreads,skipped,0,0,,0,0,0,0,1,,,data
8285,9780671721459,,goodreads,skipped,0,0,,0,0,0,0,1,,,data
8286,9781885469007,,goodreads,skipped,0,0,,0,0,0,0,1,,,data
8287,9780740718649,,goodreads,skipped,0,0,,0,0,0,0,1,,,data
8288,9780027746051,,goodreads,skipped,0,0,,0,0,0,0,1,,,data
8289,9780688152246,,goodreads,skipped,0,0,,0,0,0,0,1,,,data
8290,9780449704554,,goodreads,skipped,0,0,,0,0,0,0,1,,,data
8291,9780877191926,,goodreads,skipped,0,0,,0,0,0,0,1,,,data
8292,9780689859380,,goodreads,skipped,0,0,,0,0,0,0,1,,,data
8293,9780380765355,,goodreads,skipped,0,0,,0,0,0,0,1,,,data
8294,9781566198080,,goodreads,skipped,0,0,,0,0,0,0,1,,,data
8295,9780821717073,,goodreads,skipped,0,0,,0,0,0,0,1,,,data
8296,9780811804974,,goodreads,skipped,0,0,,0,0,0,0,1,,,data
8297,9780064406291,,goodreads,skipped,0,0,,0,0,0,0,1,,,data
8298,9780373084081,,goodreads,skipped,0,0,,0,0,0,0,1,,,data
8299,9780515072174,,goodreads,skipped,0,0,,0,0,0,0,1,,,data
8300,9780553228427,,goodreads,skipped,0,0,,0,0,0,0,1,,,data
8301,9780898656350,,goodreads,skipped,0,0,,0,0,0,0,1,,,data
8302,9780373160167,,goodreads,skipped,0,0,,0,0,0,0,1,,,data
8303,9780865680449,,goodreads,skipped,0,0,,0,0,0,0,1,,,data
8304,9780765342324,,goodreads,skipped,0,0,,0,0,0,0,1,,,data
8305,9780449500972,,goodreads,skipped,0,0,,0,0,0,0,1,,,data
8306,9780373084197,,goodreads,skipped,0,0,,0,0,0,0,1,,,data
8307,9780393032123,,goodreads,skipped,0,0,,0,0,0,0,1,,,data
8308,9780552122108,,goodreads,skipped,0,0,,0,0,0,0,1,,,data
8309,9780671876722,,goodreads,skipped,0,0,,0,0,0,0,1,,,data
8310,9780553051216,,goodreads,skipped,0,0,,0,0,0,0,1,,,data
8311,9780449502655,,goodreads,skipped,0,0,,0,0,0,0,1,,,data
8312,9780671877521,,goodreads,skipped,0,0,,0,0,0,0,1,,,data
8313,9780231060899,,goodreads,skipped,0,0,,0,0,0,0,1,,,data
8314,9788823003088,,goodreads,skipped,0,0,,0,0,0,0,1,,,data
8315,9780373701339,,goodreads,skipped,0,0,,0,0,0,0,1,,,data
8316,9780192820358,,goodreads,skipped,0,0,,0,0,0,0,1,,,data
8317,9780373052547,,goodreads,skipped,0,0,,0,0,0,0,1,,,data
8318,9780849952746,,goodreads,skipped,0,0,,0,0,0,0,1,,,data
8319,9780449126561,,goodreads,skipped,0,0,,0,0,0,0,1,,,data
8320,9788842056898,,goodreads,skipped,0,0,,0,0,0,0,1,,,data
8321,9780440039174,,goodreads,skipped,0,0,,0,0,0,0,1,,,data
8322,9788833910147,,goodreads,skipped,0,0,,0,0,0,0,1,,,data
8323,9780312051006,,goodreads,skipped,0,0,,0,0,0,0,1,,,data
8324,9781881830368,,goodreads,skipped,0,0,,0,0,0,0,1,,,data
8325,9780590927130,,goodreads,skipped,0,0,,0,0,0,0,1,,,data
8326,9788526708068,,goodreads,skipped,0,0,,0,0,0,0,1,,,data
8327,9780590471183,,goodreads,skipped,0,0,,0,0,0,0,1,,,data
8328,9780801964893,,goodreads,skipped,0,0,,0,0,0,0,1,,,data
8329,9780060968793,,goodreads,skipped,0,0,,0,0,0,0,1,,,data
8330,9780590456593,,goodreads,skipped,0,0,,0,0,0,0,1,,,data
8331,9780671577780,,goodreads,skipped,0,0,,0,0,0,0,1,,,data
8332,9788811738435,,goodreads,skipped,0,0,,0,0,0,0,1,,,data
8333,9780590470087,,goodreads,skipped,0,0,,0,0,0,0,1,,,data
8334,9780812514315,,goodreads,skipped,0,0,,0,0,0,0,1,,,data
8335,9780732908379,,goodreads,skipped,0,0,,0,0,0,0,1,,,data
8336,9780812536713,,goodreads,skipped,0,0,,0,0,0,0,1,,,data
8337,9780373227198,,goodreads,skipped,0,0,,0,0,0,0,1,,,data
8338,9780373093069,,goodreads,skipped,0,0,,0,0,0,0,1,,,data
8339,9788804374299,,goodreads,skipped,0,0,,0,0,0,0,1,,,data
8340,9788822112187,,goodreads,skipped,0,0,,0,0,0,0,1,,,data
8341,9780440209997,,goodreads,skipped,0,0,,0,0,0,0,1,,,data
8342,9780836236620,,goodreads,skipped,0,0,,0,0,0,0,1,,,data
8343,9780671577773,,goodreads,skipped,0,0,,0,0,0,0,1,,,data
8344,9780471154037,,goodreads,skipped,0,0,,0,0,0,0,1,,,data
8345,9780671877699,,goodreads,skipped,0,0,,0,0,0,0,1,,,data
8346,9780896935419,,goodreads,skipped,0,0,,0,0,0,0,1,,,data
8347,9781895836639,,goodreads,skipped,0,0,,0,0,0,0,1,,,data
8348,9780060105402,,goodreads,skipped,0,0,,0,0,0,0,1,,,data
8349,9780152025519,,goodreads,skipped,0,0,,0,0,0,0,1,,,data
8350,9782020362412,,goodreads,skipped,0,0,,0,0,0,0,1,,,data
8351,9780809227716,,goodreads,skipped,0,0,,0,0,0,0,1,,,data
8352,9780671828226,,goodreads,skipped,0,0,,0,0,0,0,1,,,data
8353,9788817150545,,goodreads,skipped,0,0,,0,0,0,0,1,,,data
8354,9780668017626,,goodreads,skipped,0,0,,0,0,0,0,1,,,data
8355,9780399145384,,goodreads,skipped,0,0,,0,0,0,0,1,,,data
8356,9780671578275,,goodreads,skipped,0,0,,0,0,0,0,1,,,data
8357,9780671878771,,goodreads,skipped,0,0,,0,0,0,0,1,,,data
8358,9780886777432,,goodreads,skipped,0,0,,0,0,0,0,1,,,data
8359,9780440407362,,goodreads,skipped,0,0,,0,0,0,0,1,,,data
8360,9780821721117,,goodreads,skipped,0,0,,0,0,0,0,1,,,data
8361,9780553159165,,goodreads,skipped,0,0,,0,0,0,0,1,,,data
8362,9780553158830,,goodreads,skipped,0,0,,0,0,0,0,1,,,data
8363,9780440202592,,goodreads,skipped,0,0,,0,0,0,0,1,,,data
8364,9780440846895,,goodreads,skipped,0,0,,0,0,0,0,1,,,data
8365,9780345388780,,goodreads,skipped,0,0,,0,0,0,0,1,,,data
8366,9780553129779,,goodreads,skipped,0,0,,0,0,0,0,1,,,data
8367,9782266121750,,goodreads,skipped,0,0,,0,0,0,0,1,,,data
8368,9780688144777,,goodreads,skipped,0,0,,0,0,0,0,1,,,data
8369,9780345384775,,goodreads,skipped,0,0,,0,0,0,0,1,,,data
8370,9780345366313,,goodreads,skipped,0,0,,0,0,0,0,1,,,data
8371,9780471308249,,goodreads,skipped,0,0,,0,0,0,0,1,,,data
8372,9780671632557,,goodreads,skipped,0,0,,0,0,0,0,1,,,data
8373,9781883926137,,goodreads,skipped,0,0,,0,0,0,0,1,,,data
8374,9780345366306,,goodreads,skipped,0,0,,0,0,0,0,1,,,data
8375,9780812516647,,goodreads,skipped,0,0,,0,0,0,0,1,,,data
8376,9780375421341,,goodreads,skipped,0,0,,0,0,0,0,1,,,data
8377,9781568651910,,goodreads,skipped,0,0,,0,0,0,0,1,,,data
8378,9780802860606,,goodreads,skipped,0,0,,0,0,0,0,1,,,data
8379,9780684195100,,goodreads,skipped,0,0,,0,0,0,0,1,,,data
8380,9780940535961,,goodreads,skipped,0,0,,0,0,0,0,1,,,data
8381,9780064473545,,goodreads,skipped,0,0,,0,0,0,0,1,,,data
8382,9780898705805,,goodreads,skipped,0,0,,0,0,0,0,1,,,data
8383,9780786700301,,goodreads,skipped,0,0,,0,0,0,0,1,,,data
8384,9780195057430,,goodreads,skipped,0,0,,0,0,0,0,1,,,data
8385,9780764801723,,goodreads,skipped,0,0,,0,0,0,0,1,,,data
8386,9780812004335,,goodreads,skipped,0,0,,0,0,0,0,1,,,data
8387,9780374148225,,goodreads,skipped,0,0,,0,0,0,0,1,,,data
8388,9781593080044,,goodreads,skipped,0,0,,0,0,0,0,1,,,data
8389,9780451402424,,goodreads,skipped,0,0,,0,0,0,0,1,,,data
8390,9780140032666,,goodreads,skipped,0,0,,0,0,0,0,1,,,data
8391,9780802117243,,goodreads,skipped,0,0,,0,0,0,0,1,,,data
8392,9780803283534,,goodreads,skipped,0,0,,0,0,0,0,1,,,data
8393,9781578062690,,goodreads,skipped,0,0,,0,0,0,0,1,,,data
8394,9780910199018,,goodreads,skipped,0,0,,0,0,0,0,1,,,data
8395,9780395791257,,goodreads,skipped,0,0,,0,0,0,0,1,,,data
8396,9780425070147,,goodreads,skipped,0,0,,0,0,0,0,1,,,data
8397,9780879977696,,goodreads,skipped,0,0,,0,0,0,0,1,,,data
8398,9780804800587,,goodreads,skipped,0,0,,0,0,0,0,1,,,data
8399,9780380786329,,goodreads,skipped,0,0,,0,0,0,0,1,,,data
8400,9780380493463,,goodreads,skipped,0,0,,0,0,0,0,1,,,data
8401,9780942237610,,goodreads,skipped,0,0,,0,0,0,0,1,,,data
8402,9780812003307,,goodreads,skipped,0,0,,0,0,0,0,1,,,data
8403,9780898705249,,goodreads,skipped,0,0,,0,0,0,0,1,,,data
8404,9780941263825,,goodreads,skipped,0,0,,0,0,0,0,1,,,data
8405,9781552634042,,goodreads,skipped,0,0,,0,0,0,0,1,,,data
8406,9780515126938,,goodreads,skipped,0,0,,0,0,0,0,1,,,data
8407,9780020794301,,goodreads,skipped,0,0,,0,0,0,0,1,,,data
8408,9780395084106,,goodreads,skipped,0,0,,0,0,0,0,1,,,data
8409,9780836118681,,goodreads,skipped,0,0,,0,0,0,0,1,,,data
8410,9780895555342,,goodreads,skipped,0,0,,0,0,0,0,1,,,data
8411,9780590313506,,goodreads,skipped,0,0,,0,0,0,0,1,,,data
8412,9780061008948,,goodreads,skipped,0,0,,0,0,0,0,1,,,data
8413,9780877205388,,goodreads,skipped,0,0,,0,0,0,0,1,,,data
8414,9780821725986,,goodreads,skipped,0,0,,0,0,0,0,1,,,data
8415,9780895550972,,goodreads,skipped,0,0,,0,0,0,0,1,,,data
8416,9780936861302,,goodreads,skipped,0,0,,0,0,0,0,1,,,data
8417,9780895550132,,goodreads,skipped,0,0,,0,0,0,0,1,,,data
8418,9781550650242,,goodreads,skipped,0,0,,0,0,0,0,1,,,data
8419,9780345352927,,goodreads,skipped,0,0,,0,0,0,0,1,,,data
8420,9780517603543,,goodreads,skipped,0,0,,0,0,0,0,1,,,data
8421,9780935216585,,goodreads,skipped,0,0,,0,0,0,0,1,,,data
8422,9780936085104,,goodreads,skipped,0,0,,0,0,0,0,1,,,data
8423,9780373260058,,goodreads,skipped,0,0,,0,0,0,0,1,,,data
8424,9788804482642,,goodreads,skipped,0,0,,0,0,0,0,1,,,data
8425,9780140266702,,goodreads,skipped,0,0,,0,0,0,0,1,,,data
8426,9780345352910,,goodreads,skipped,0,0,,0,0,0,0,1,,,data
8427,9780441757398,,goodreads,skipped,0,0,,0,0,0,0,1,,,data
8428,9780553298871,,goodreads,skipped,0,0,,0,0,0,0,1,,,data
8429,9780345418562,,goodreads,skipped,0,0,,0,0,0,0,1,,,data
8430,9782081646049,,goodreads,skipped,0,0,,0,0,0,0,1,,,data
8431,9780517182390,,goodreads,skipped,0,0,,0,0,0,0,1,,,data
8432,9780425148693,,goodreads,skipped,0,0,,0,0,0,0,1,,,data
8433,9781850156291,,goodreads,skipped,0,0,,0,0,0,0,1,,,data
8434,9780886777289,,goodreads,skipped,0,0,,0,0,0,0,1,,,data
8435,9780553027259,,goodreads,skipped,0,0,,0,0,0,0,1,,,data
8436,9781577311331,,goodreads,skipped,0,0,,0,0,0,0,1,,,data
8437,9788804362746,,goodreads,skipped,0,0,,0,0,0,0,1,,,data
8438,9780812564235,,goodreads,skipped,0,0,,0,0,0,0,1,,,data
8439,9780898703924,,goodreads,skipped,0,0,,0,0,0,0,1,,,data
8440,9780553280982,,goodreads,skipped,0,0,,0,0,0,0,1,,,data
8441,9780843930382,,goodreads,skipped,0,0,,0,0,0,0,1,,,data
8442,9788401427206,,goodreads,skipped,0,0,,0,0,0,0,1,,,data
8443,9780441005611,,goodreads,skipped,0,0,,0,0,0,0,1,,,data
8444,9788811593904,,goodreads,skipped,0,0,,0,0,0,0,1,,,data
8445,9780816150441,,goodreads,skipped,0,0,,0,0,0,0,1,,,data
8446,9780441003266,,goodreads,skipped,0,0,,0,0,0,0,1,,,data
8447,9782831557168,,goodreads,skipped,0,0,,0,0,0,0,1,,,data
8448,9780380698776,,goodreads,skipped,0,0,,0,0,0,0,1,,,data
8449,9788839710284,,goodreads,skipped,0,0,,0,0,0,0,1,,,data
8450,9780671723453,,goodreads,skipped,0,0,,0,0,0,0,1,,,data
8451,9780553283563,,goodreads,skipped,0,0,,0,0,0,0,1,,,data
8452,9780060095291,,goodreads,skipped,0,0,,0,0,0,0,1,,,data
8453,9780394563688,,goodreads,skipped,0,0,,0,0,0,0,1,,,data
8454,9780812545821,,goodreads,skipped,0,0,,0,0,0,0,1,,,data
8455,9780590427906,,goodreads,skipped,0,0,,0,0,0,0,1,,,data
8456,9780385485142,,goodreads,skipped,0,0,,0,0,0,0,1,,,data
8457,9780812551167,,goodreads,skipped,0,0,,0,0,0,0,1,,,data
8458,9780064406048,,goodreads,skipped,0,0,,0,0,0,0,1,,,data
8459,9788401499814,,goodreads,skipped,0,0,,0,0,0,0,1,,,data
8460,9780449148020,,goodreads,skipped,0,0,,0,0,0,0,1,,,data
8461,9788437606385,,goodreads,skipped,0,0,,0,0,0,0,1,,,data
8462,9780445406872,,goodreads,skipped,0,0,,0,0,0,0,1,,,data
8463,9780373092253,,goodreads,skipped,0,0,,0,0,0,0,1,,,data
8464,9782877060561,,goodreads,skipped,0,0,,0,0,0,0,1,,,data
8465,9782877060554,,goodreads,skipped,0,0,,0,0,0,0,1,,,data
8466,9788433914958,,goodreads,skipped,0,0,,0,0,0,0,1,,,data
8467,9788433911681,,goodreads,skipped,0,0,,0,0,0,0,1,,,data
8468,9781878424174,,goodreads,skipped,0,0,,0,0,0,0,1,,,data
8469,9780345392466,,goodreads,skipped,0,0,,0,0,0,0,1,,,data
8470,9788437601618,,goodreads,skipped,0,0,,0,0,0,0,1,,,data
8471,9780192838445,,goodreads,skipped,0,0,,0,0,0,0,1,,,data
8472,9782253137504,,goodreads,skipped,0,0,,0,0,0,0,1,,,data
8473,9780821726624,,goodreads,skipped,0,0,,0,0,0,0,1,,,data
8474,9783404149421,,goodreads,skipped,0,0,,0,0,0,0,1,,,data
8475,9780671578060,,goodreads,skipped,0,0,,0,0,0,0,1,,,data
8476,9789681906146,,goodreads,skipped,0,0,,0,0,0,0,1,,,data
8477,9780060965419,,goodreads,skipped,0,0,,0,0,0,0,1,,,data
8478,9780812541687,,goodreads,skipped,0,0,,0,0,0,0,1,,,data
8479,9780373023097,,goodreads,skipped,0,0,,0,0,0,0,1,,,data
8480,9780821754382,,goodreads,skipped,0,0,,0,0,0,0,1,,,data
8481,9781552093115,,goodreads,skipped,0,0,,0,0,0,0,1,,,data
8482,9780671634971,,goodreads,skipped,0,0,,0,0,0,0,1,,,data
8483,9788440622792,,goodreads,skipped,0,0,,0,0,0,0,1,,,data
8484,9780373059577,,goodreads,skipped,0,0,,0,0,0,0,1,,,data
8485,9780064408073,,goodreads,skipped,0,0,,0,0,0,0,1,,,data
8486,9780972328500,,goodreads,skipped,0,0,,0,0,0,0,1,,,data
8487,9780440228592,,goodreads,skipped,0,0,,0,0,0,0,1,,,data
8488,9780809129997,,goodreads,skipped,0,0,,0,0,0,0,1,,,data
8489,9780140129199,,goodreads,skipped,0,0,,0,0,0,0,1,,,data
8490,9780671559885,,goodreads,skipped,0,0,,0,0,0,0,1,,,data
8491,9780380799152,,goodreads,skipped,0,0,,0,0,0,0,1,,,data
8492,9780425167359,,goodreads,skipped,0,0,,0,0,0,0,1,,,data
8493,9780812534290,,goodreads,skipped,0,0,,0,0,0,0,1,,,data
8494,9781566197038,,goodreads,skipped,0,0,,0,0,0,0,1,,,data
8495,9780440214069,,goodreads,skipped,0,0,,0,0,0,0,1,,,data
8496,9780425061664,,goodreads,skipped,0,0,,0,0,0,0,1,,,data
8497,9780812567588,,goodreads,skipped,0,0,,0,0,0,0,1,,,data
8498,9781587360381,,goodreads,skipped,0,0,,0,0,0,0,1,,,data
8499,9780449207628,,goodreads,skipped,0,0,,0,0,0,0,1,,,data
8500,9780821723340,,goodreads,skipped,0,0,,0,0,0,0,1,,,data
8501,9780452271890,,goodreads,skipped,0,0,,0,0,0,0,1,,,data
8502,9780812525526,,goodreads,skipped,0,0,,0,0,0,0,1,,,data
8503,9781558173750,,goodreads,skipped,0,0,,0,0,0,0,1,,,data
8504,9780312956806,,goodreads,skipped,0,0,,0,0,0,0,1,,,data
8505,9780446403979,,goodreads,skipped,0,0,,0,0,0,0,1,,,data
8506,9780312955151,,goodreads,skipped,0,0,,0,0,0,0,1,,,data
8507,9780312950477,,goodreads,skipped,0,0,,0,0,0,0,1,,,data
8508,9780821745038,,goodreads,skipped,0,0,,0,0,0,0,1,,,data
8509,9780553446098,,goodreads,skipped,0,0,,0,0,0,0,1,,,data
8510,9780373243396,,goodreads,skipped,0,0,,0,0,0,0,1,,,data
8511,9780553070255,,goodreads,skipped,0,0,,0,0,0,0,1,,,data
8512,9780373194902,,goodreads,skipped,0,0,,0,0,0,0,1,,,data
8513,9783453177246,,goodreads,skipped,0,0,,0,0,0,0,1,,,data
8514,9780380716753,,goodreads,skipped,0,0,,0,0,0,0,1,,,data
8515,9783453174108,,goodreads,skipped,0,0,,0,0,0,0,1,,,data
8516,9780446958868,,goodreads,skipped,0,0,,0,0,0,0,1,,,data
8517,9780553125849,,goodreads,skipped,0,0,,0,0,0,0,1,,,data
8518,9780812535877,,goodreads,skipped,0,0,,0,0,0,0,1,,,data
8519,9788484502425,,goodreads,skipped,0,0,,0,0,0,0,1,,,data
8520,9781557734778,,goodreads,skipped,0,0,,0,0,0,0,1,,,data
8521,9780345388902,,goodreads,skipped,0,0,,0,0,0,0,1,,,data
8522,9780449215821,,goodreads,skipped,0,0,,0,0,0,0,1,,,data
8523,9780670906420,,goodreads,skipped,0,0,,0,0,0,0,1,,,data
8524,9780316340946,,goodreads,skipped,0,0,,0,0,0,0,1,,,data
8525,9780875167237,,goodreads,skipped,0,0,,0,0,0,0,1,,,data
8526,9780722525661,,goodreads,skipped,0,0,,0,0,0,0,1,,,data
8527,9788433924490,,goodreads,skipped,0,0,,0,0,0,0,1,,,data
8528,9780373167784,,goodreads,skipped,0,0,,0,0,0,0,1,,,data
8529,9780345356703,,goodreads,skipped,0,0,,0,0,0,0,1,,,data
8530,9780312865122,,goodreads,skipped,0,0,,0,0,0,0,1,,,data
8531,9780393090666,,goodreads,skipped,0,0,,0,0,0,0,1,,,data
8532,9780942394368,,goodreads,skipped,0,0,,0,0,0,0,1,,,data
8533,9780764227127,,goodreads,skipped,0,0,,0,0,0,0,1,,,data
8534,9780671759926,,goodreads,skipped,0,0,,0,0,0,0,1,,,data
8535,9781564147042,,goodreads,skipped,0,0,,0,0,0,0,1,,,data
8536,9780749930752,,goodreads,skipped,0,0,,0,0,0,0,1,,,data
8537,9780836230192,,goodreads,skipped,0,0,,0,0,0,0,1,,,data
8538,9780471328872,,goodreads,skipped,0,0,,0,0,0,0,1,,,data
8539,9780843944952,,goodreads,skipped,0,0,,0,0,0,0,1,,,data
8540,9781561739851,,goodreads,skipped,0,0,,0,0,0,0,1,,,data
8541,9780140345698,,goodreads,skipped,0,0,,0,0,0,0,1,,,data
8542,9780395080825,,goodreads,skipped,0,0,,0,0,0,0,1,,,data
8543,9780393957365,,goodreads,skipped,0,0,,0,0,0,0,1,,,data
8544,9781573220583,,goodreads,skipped,0,0,,0,0,0,0,1,,,data
8545,9781570713750,,goodreads,skipped,0,0,,0,0,0,0,1,,,data
8546,9780304354344,,goodreads,skipped,0,0,,0,0,0,0,1,,,data
8547,9780312193416,,goodreads,skipped,0,0,,0,0,0,0,1,,,data
8548,9780694524914,,goodreads,skipped,0,0,,0,0,0,0,1,,,data
8549,9780395742815,,goodreads,skipped,0,0,,0,0,0,0,1,,,data
8550,9780940625990,,goodreads,skipped,0,0,,0,0,0,0,1,,,data
8551,9788483240502,,goodreads,skipped,0,0,,0,0,0,0,1,,,data
8552,9780792453741,,goodreads,skipped,0,0,,0,0,0,0,1,,,data
8553,9780312851545,,goodreads,skipped,0,0,,0,0,0,0,1,,,data
8554,9780517691281,,goodreads,skipped,0,0,,0,0,0,0,1,,,data
8555,9781852424251,,goodreads,skipped,0,0,,0,0,0,0,1,,,data
8556,9780394717616,,goodreads,skipped,0,0,,0,0,0,0,1,,,data
8557,9788420436142,,goodreads,skipped,0,0,,0,0,0,0,1,,,data
8558,9781558211186,,goodreads,skipped,0,0,,0,0,0,0,1,,,data
8559,9780312855109,,goodreads,skipped,0,0,,0,0,0,0,1,,,data
8560,9780761126423,,goodreads,skipped,0,0,,0,0,0,0,1,,,data
8561,9788488793362,,goodreads,skipped,0,0,,0,0,0,0,1,,,data
8562,9780898158427,,goodreads,skipped,0,0,,0,0,0,0,1,,,data
8563,9788485815081,,goodreads,skipped,0,0,,0,0,0,0,1,,,data
8564,9788485815296,,goodreads,skipped,0,0,,0,0,0,0,1,,,data
8565,9780140242607,,goodreads,skipped,0,0,,0,0,0,0,1,,,data
8566,9781555834104,,goodreads,skipped,0,0,,0,0,0,0,1,,,data
8567,9788485815371,,goodreads,skipped,0,0,,0,0,0,0,1,,,data
8568,9780140366884,,goodreads,skipped,0,0,,0,0,0,0,1,,,data
8569,9780684143880,,goodreads,skipped,0,0,,0,0,0,0,1,,,data
8570,9780847699124,,goodreads,skipped,0,0,,0,0,0,0,1,,,data
8571,9780684853284,,goodreads,skipped,0,0,,0,0,0,0,1,,,data
8572,9780385051972,,goodreads,skipped,0,0,,0,0,0,0,1,,,data
8573,9781576732274,,goodreads,skipped,0,0,,0,0,0,0,1,,,data
8574,9780394506609,,goodreads,skipped,0,0,,0,0,0,0,1,,,data
8575,9780670823017,,goodreads,skipped,0,0,,0,0,0,0,1,,,data
8576,9780805010954,,goodreads,skipped,0,0,,0,0,0,0,1,,,data
8577,9780006281252,,goodreads,skipped,0,0,,0,0,0,0,1,,,data
8578,9780671691981,,goodreads,skipped,0,0,,0,0,0,0,1,,,data
8579,9780884114246,,goodreads,skipped,0,0,,0,0,0,0,1,,,data
8580,9780752509273,,goodreads,skipped,0,0,,0,0,0,0,1,,,data
8581,9780688058821,,goodreads,skipped,0,0,,0,0,0,0,1,,,data
8582,9780439080835,,goodreads,skipped,0,0,,0,0,0,0,1,,,data
8583,9780752509228,,goodreads,skipped,0,0,,0,0,0,0,1,,,data
8584,9780060952303,,goodreads,skipped,0,0,,0,0,0,0,1,,,data
8585,9780671660444,,goodreads,skipped,0,0,,0,0,0,0,1,,,data
8586,9781854794451,,goodreads,skipped,0,0,,0,0,0,0,1,,,data
8587,9780425087664,,goodreads,skipped,0,0,,0,0,0,0,1,,,data
8588,9780590317238,,goodreads,skipped,0,0,,0,0,0,0,1,,,data
8589,9780060654238,,goodreads,skipped,0,0,,0,0,0,0,1,,,data
8590,9780151972036,,goodreads,skipped,0,0,,0,0,0,0,1,,,data
8591,9780669047141,,goodreads,skipped,0,0,,0,0,0,0,1,,,data
8592,9780425183434,,goodreads,skipped,0,0,,0,0,0,0,1,,,data
8593,9780439115230,,goodreads,skipped,0,0,,0,0,0,0,1,,,data
8594,9780865317499,,goodreads,skipped,0,0,,0,0,0,0,1,,,data
8595,9780806500393,,goodreads,skipped,0,0,,0,0,0,0,1,,,data
8596,9780028611273,,goodreads,skipped,0,0,,0,0,0,0,1,,,data
8597,9780931445163,,goodreads,skipped,0,0,,0,0,0,0,1,,,data
8598,9780688173654,,goodreads,skipped,0,0,,0,0,0,0,1,,,data
8599,9780812543872,,goodreads,skipped,0,0,,0,0,0,0,1,,,data
8600,9780385264587,,goodreads,skipped,0,0,,0,0,0,0,1,,,data
8601,9780333002148,,goodreads,skipped,0,0,,0,0,0,0,1,,,data
8602,9780345371621,,goodreads,skipped,0,0,,0,0,0,0,1,,,data
8603,9780312140328,,goodreads,skipped,0,0,,0,0,0,0,1,,,data
8604,9780312277017,,goodreads,skipped,0,0,,0,0,0,0,1,,,data
8605,9780452274303,,goodreads,skipped,0,0,,0,0,0,0,1,,,data
8606,9780394712598,,goodreads,skipped,0,0,,0,0,0,0,1,,,data
8607,9780452283664,,goodreads,skipped,0,0,,0,0,0,0,1,,,data
8608,9780061061752,,goodreads,skipped,0,0,,0,0,0,0,1,,,data
8609,9780030104558,,goodreads,skipped,0,0,,0,0,0,0,1,,,data
8610,9780373253975,,goodreads,skipped,0,0,,0,0,0,0,1,,,data
8611,9780061061806,,goodreads,skipped,0,0,,0,0,0,0,1,,,data
8612,9780671241995,,goodreads,skipped,0,0,,0,0,0,0,1,,,data
8613,9780553211054,,goodreads,skipped,0,0,,0,0,0,0,1,,,data
8614,9781851585564,,goodreads,skipped,0,0,,0,0,0,0,1,,,data
8615,9781851585557,,goodreads,skipped,0,0,,0,0,0,0,1,,,data
8616,9780670821969,,goodreads,skipped,0,0,,0,0,0,0,1,,,data
8617,9780842342964,,goodreads,skipped,0,0,,0,0,0,0,1,,,data
8618,9780140114232,,goodreads,skipped,0,0,,0,0,0,0,1,,,data
8619,9780842342957,,goodreads,skipped,0,0,,0,0,0,0,1,,,data
8620,9780842342940,,goodreads,skipped,0,0,,0,0,0,0,1,,,data
8621,9780805013702,,goodreads,skipped,0,0,,0,0,0,0,1,,,data
8622,9780792275381,,goodreads,skipped,0,0,,0,0,0,0,1,,,data
8623,9780750504188,,goodreads,skipped,0,0,,0,0,0,0,1,,,data
8624,9780374199449,,goodreads,skipped,0,0,,0,0,0,0,1,,,data
8625,9780138756093,,goodreads,skipped,0,0,,0,0,0,0,1,,,data
8626,9780842343121,,goodreads,skipped,0,0,,0,0,0,0,1,,,data
8627,9781401359256,,goodreads,skipped,0,0,,0,0,0,0,1,,,data
8628,9780962348303,,goodreads,skipped,0,0,,0,0,0,0,1,,,data
8629,9780842342995,,goodreads,skipped,0,0,,0,0,0,0,1,,,data
8630,9780631133926,,goodreads,skipped,0,0,,0,0,0,0,1,,,data
8631,9780894105807,,goodreads,skipped,0,0,,0,0,0,0,1,,,data
8632,9780425157930,,goodreads,skipped,0,0,,0,0,0,0,1,,,data
8633,9780802115089,,goodreads,skipped,0,0,,0,0,0,0,1,,,data
8634,9780609804148,,goodreads,skipped,0,0,,0,0,0,0,1,,,data
8635,9780871240750,,goodreads,skipped,0,0,,0,0,0,0,1,,,data
8636,9780394487045,,goodreads,skipped,0,0,,0,0,0,0,1,,,data
8637,9781569801239,,goodreads,skipped,0,0,,0,0,0,0,1,,,data
8638,9780446518277,,goodreads,skipped,0,0,,0,0,0,0,1,,,data
8639,9780375704420,,goodreads,skipped,0,0,,0,0,0,0,1,,,data
8640,9780263054965,,goodreads,skipped,0,0,,0,0,0,0,1,,,data
8641,9781557831255,,goodreads,skipped,0,0,,0,0,0,0,1,,,data
8642,9780425106860,,goodreads,skipped,0,0,,0,0,0,0,1,,,data
8643,9780517641033,,goodreads,skipped,0,0,,0,0,0,0,1,,,data
8644,9781564142009,,goodreads,skipped,0,0,,0,0,0,0,1,,,data
8645,9780805006698,,goodreads,skipped,0,0,,0,0,0,0,1,,,data
8646,9780316537698,,goodreads,skipped,0,0,,0,0,0,0,1,,,data
8647,9780394738475,,goodreads,skipped,0,0,,0,0,0,0,1,,,data
8648,9780425131770,,goodreads,skipped,0,0,,0,0,0,0,1,,,data
8649,9780880290692,,goodreads,skipped,0,0,,0,0,0,0,1,,,data
8650,9781856196086,,goodreads,skipped,0,0,,0,0,0,0,1,,,data
8651,9780520008274,,goodreads,skipped,0,0,,0,0,0,0,1,,,data
8652,9780156343206,,goodreads,skipped,0,0,,0,0,0,0,1,,,data
8653,9780141005225,,goodreads,skipped,0,0,,0,0,0,0,1,,,data
8654,9781550224078,,goodreads,skipped,0,0,,0,0,0,0,1,,,data
8655,9780030632570,,goodreads,skipped,0,0,,0,0,0,0,1,,,data
8656,9781564141361,,goodreads,skipped,0,0,,0,0,0,0,1,,,data
8657,9780151005130,,goodreads,skipped,0,0,,0,0,0,0,1,,,data
8658,9780060935450,,goodreads,skipped,0,0,,0,0,0,0,1,,,data
8659,9780816515615,,goodreads,skipped,0,0,,0,0,0,0,1,,,data
8660,9780673520449,,goodreads,skipped,0,0,,0,0,0,0,1,,,data
8661,9780866228299,,goodreads,skipped,0,0,,0,0,0,0,1,,,data
8662,9780691003153,,goodreads,skipped,0,0,,0,0,0,0,1,,,data
8663,9780679803218,,goodreads,skipped,0,0,,0,0,0,0,1,,,data
8664,9780385488587,,goodreads,skipped,0,0,,0,0,0,0,1,,,data
8665,9780895773203,,goodreads,partial,6,7,origin,6,30,10,221,4,https://www.goodreads.com/book/show/1734356.The_Memoirs_of_Sherlock_Holmes,,data
8666,9781864485240,,goodreads,partial,6,7,origin,2,1,1,865,5,https://www.goodreads.com/book/show/702467.Straight_Bent_and_Barbara_Vine,,data
8667,9780752843452,,goodreads,partial,6,7,origin,6,1,1,504,6,https://www.goodreads.com/book/show/3253123-himoff,,data
8668,9780747561460,,goodreads,partial,6,7,origin,6,30,10,930,3,https://www.goodreads.com/book/show/118813.War_Crimes_for_the_Home,,data
8669,9780027003611,,goodreads,partial,5,7,origin; genres,1,2,0,205,7,https://www.goodreads.com/book/show/708210.A_Tribe_for_Lexi,,data
8670,9781862071384,,goodreads,partial,6,7,origin,6,5,1,660,6,https://www.goodreads.com/book/show/117771.The_Granta_Book_of_the_Family,,data
8671,9780385120456,,goodreads,partial,6,7,origin,5,29,10,900,4,https://www.goodreads.com/book/show/3073636-a-street-in-marrakech,,data
8672,9781403362940,,goodreads,partial,5,7,origin; genres,1,0,0,18,8,https://www.goodreads.com/book/show/6751733-faces-from-another-time,,data
8673,9780141305806,,goodreads,partial,6,7,origin,6,30,10,610,3,https://www.goodreads.com/book/show/864313.Second_Star_to_the_Right,,data
8674,9780060524487,,goodreads,partial,6,7,origin,6,19,3,1037,6,https://www.goodreads.com/book/show/3260637-speak-without-fear,,data
8675,9780140286236,,goodreads,partial,6,7,origin,6,29,9,1477,3,https://www.goodreads.com/book/show/388649.Motherland,,data
8676,9780773673687,,goodreads,partial,6,7,origin,5,15,5,21,5,https://www.goodreads.com/book/show/1605527.Five_Days_of_the_Ghost,,data
8677,9780152000097,,goodreads,partial,6,7,origin,6,16,5,244,6,https://www.goodreads.com/book/show/3201375-sweet-friday-island,,data
8678,9780812550542,,goodreads,partial,6,7,origin,6,30,10,289,4,https://www.goodreads.com/book/show/1333415.Haunted_America,,data
8679,9780472108268,,goodreads,partial,6,7,origin,3,2,2,1622,6,https://www.goodreads.com/book/show/1534645.The_Cat_and_the_Human_Imagination,,data
8680,9781561712694,,goodreads,partial,6,7,origin,2,0,1,744,6,https://www.goodreads.com/book/show/1683931.Target_America,,data
8681,9781903207499,,goodreads,partial,5,7,origin; genres,6,0,0,171,9,https://www.goodreads.com/book/show/8152341-colour-and-shape,,data
8682,9780838820698,,goodreads,partial,6,7,origin,3,0,3,126,6,https://www.goodreads.com/book/show/978478.Keeping_a_Head_in_School,,data
8683,9780001941946,,goodreads,partial,6,7,origin,6,18,5,1052,6,https://www.goodreads.com/book/show/2531832.Little_Grey_Rabbit_s_Christmas,,data
8684,9780001941960,,goodreads,partial,6,7,origin,6,8,3,77,6,https://www.goodreads.com/book/show/2531868.Little_Grey_Rabbit_s_Birthday,,data
8685,9780060652852,,goodreads,partial,6,7,origin,6,28,10,625,4,https://www.goodreads.com/book/show/57493928-readings-for-meditation-and-reflection,,data
8686,9780224617833,,goodreads,partial,6,7,origin,6,30,10,237,4,https://www.goodreads.com/book/show/3954670-the-human-zoo,,data
8687,9783492043557,,goodreads,partial,6,7,origin,2,1,1,47,7,https://www.goodreads.com/book/show/5410049-die-panik-macher,,data
8688,9780671794255,,goodreads,partial,6,7,origin,2,6,7,240,6,https://www.goodreads.com/book/show/469344.Cop_to_Call_Girl,,data
8689,9780809118540,,goodreads,skipped,0,0,,0,0,0,0,1,,,data
8690,9783596132515,,goodreads,skipped,0,0,,0,0,0,0,1,,,data
8691,9780883448991,,goodreads,skipped,0,0,,0,0,0,0,1,,,data
8692,9780671002022,,goodreads,skipped,0,0,,0,0,0,0,1,,,data
8693,9780751515633,,goodreads,skipped,0,0,,0,0,0,0,1,,,data
8694,9780452277618,,goodreads,skipped,0,0,,0,0,0,0,1,,,data
8695,9780141184289,,goodreads,skipped,0,0,,0,0,0,0,1,,,data
8696,9780066214436,,goodreads,skipped,0,0,,0,0,0,0,1,,,data
8697,9782226127877,,goodreads,skipped,0,0,,0,0,0,0,1,,,data
8698,9780874518047,,goodreads,skipped,0,0,,0,0,0,0,1,,,data
8699,9789164200037,,goodreads,skipped,0,0,,0,0,0,0,1,,,data
8700,9782877305396,,goodreads,skipped,0,0,,0,0,0,0,1,,,data
8701,9780140179064,,goodreads,skipped,0,0,,0,0,0,0,1,,,data
8702,9780451161215,,goodreads,skipped,0,0,,0,0,0,0,1,,,data
8703,9780025176508,,goodreads,skipped,0,0,,0,0,0,0,1,,,data
8704,9780962197932,,goodreads,skipped,0,0,,0,0,0,0,1,,,data
8705,9780449903391,,goodreads,skipped,0,0,,0,0,0,0,1,,,data
8706,9780060159290,,goodreads,skipped,0,0,,0,0,0,0,1,,,data
8707,9783815717004,,goodreads,skipped,0,0,,0,0,0,0,1,,,data
8708,9783551735676,,goodreads,skipped,0,0,,0,0,0,0,1,,,data
8709,9780316856355,,goodreads,skipped,0,0,,0,0,0,0,1,,,data
8710,9780586091968,,goodreads,skipped,0,0,,0,0,0,0,1,,,data
8711,9781567188172,,goodreads,skipped,0,0,,0,0,0,0,1,,,data
8712,9781591295402,,goodreads,skipped,0,0,,0,0,0,0,1,,,data
8713,9780146001765,,goodreads,skipped,0,0,,0,0,0,0,1,,,data
8714,9788586821073,,goodreads,skipped,0,0,,0,0,0,0,1,,,data
8715,9780060175825,,goodreads,skipped,0,0,,0,0,0,0,1,,,data
8716,9781856193115,,goodreads,skipped,0,0,,0,0,0,0,1,,,data
8717,9781860493492,,goodreads,skipped,0,0,,0,0,0,0,1,,,data
8718,9780373612536,,goodreads,skipped,0,0,,0,0,0,0,1,,,data
8719,9780440124108,,goodreads,skipped,0,0,,0,0,0,0,1,,,data
8720,9780373264391,,goodreads,skipped,0,0,,0,0,0,0,1,,,data
8721,9780140126518,,goodreads,skipped,0,0,,0,0,0,0,1,,,data
8722,9780747256069,,goodreads,skipped,0,0,,0,0,0,0,1,,,data
8723,9780671799489,,goodreads,skipped,0,0,,0,0,0,0,1,,,data
8724,9781402201974,,goodreads,skipped,0,0,,0,0,0,0,1,,,data
8725,9780743217071,,goodreads,skipped,0,0,,0,0,0,0,1,,,data
8726,9780006552390,,goodreads,skipped,0,0,,0,0,0,0,1,,,data
8727,9780130104700,,goodreads,skipped,0,0,,0,0,0,0,1,,,data
8728,9780385096850,,goodreads,skipped,0,0,,0,0,0,0,1,,,data
8729,9781400076246,,goodreads,skipped,0,0,,0,0,0,0,1,,,data
8730,9780671701765,,goodreads,skipped,0,0,,0,0,0,0,1,,,data
8731,9780373872404,,goodreads,skipped,0,0,,0,0,0,0,1,,,data
8732,9780830813247,,goodreads,skipped,0,0,,0,0,0,0,1,,,data
8733,9780595301867,,goodreads,skipped,0,0,,0,0,0,0,1,,,data
8734,9780449220481,,goodreads,skipped,0,0,,0,0,0,0,1,,,data
8735,9780345407986,,goodreads,skipped,0,0,,0,0,0,0,1,,,data
8736,9780345439987,,goodreads,skipped,0,0,,0,0,0,0,1,,,data
8737,9780373835058,,goodreads,skipped,0,0,,0,0,0,0,1,,,data
8738,9780886802943,,goodreads,skipped,0,0,,0,0,0,0,1,,,data
8739,9780440153207,,goodreads,skipped,0,0,,0,0,0,0,1,,,data
8740,9780786818372,,goodreads,skipped,0,0,,0,0,0,0,1,,,data
8741,9780786700424,,goodreads,skipped,0,0,,0,0,0,0,1,,,data
8742,9780416467109,,goodreads,skipped,0,0,,0,0,0,0,1,,,data
8743,9780830819096,,goodreads,skipped,0,0,,0,0,0,0,1,,,data
8744,9780312031381,,goodreads,skipped,0,0,,0,0,0,0,1,,,data
8745,9780595259748,,goodreads,partial,5,7,origin; genres,1,1,0,755,7,https://www.goodreads.com/book/show/5230685-the-chain,,data
8746,9780140258509,,goodreads,partial,5,7,origin; genres,2,1,0,47,10,https://www.goodreads.com/book/show/68337292-shulas-story,,data
8747,9780967987897,,goodreads,partial,5,7,origin; genres,3,0,0,688,8,https://www.goodreads.com/book/show/2820663-fat-and-furious,,data
8748,9781578050499,,goodreads,partial,6,7,origin,6,28,10,2113,3,https://www.goodreads.com/book/show/23194.My_Story_as_told_by_Water,,data
8749,9780967578866,,goodreads,partial,5,7,origin; genres,3,0,0,897,8,https://www.goodreads.com/book/show/1113072.How_to_Spot_Hidden_Alcoholics,,data
8750,9780671601027,,goodreads,partial,6,7,origin,4,9,1,209,6,https://www.goodreads.com/book/show/1234641.Queen_of_Hearts,,data
8751,9780385299275,,goodreads,partial,6,7,origin,6,28,10,929,4,https://www.goodreads.com/book/show/562741.Treasures,,data
8752,9780440214397,,goodreads,partial,6,7,origin,6,29,10,880,5,https://www.goodreads.com/book/show/909040.Going_After_Cacciato,,data
8753,9780399231667,,goodreads,partial,6,7,origin,6,30,10,922,4,https://www.goodreads.com/book/show/1243302.Thank_You_Mr_Falker,,data
8754,9780140150810,,goodreads,partial,6,7,origin,6,14,6,582,5,https://www.goodreads.com/book/show/2713.The_Portable_Chaucer,,data
8755,9780571142422,,goodreads,partial,6,7,origin,6,30,10,152,6,https://www.goodreads.com/book/show/2563876-the-wimbledon-poisoner,,data
8756,9780439135252,,goodreads,partial,6,7,origin,3,28,10,188,3,https://www.goodreads.com/book/show/1167695.Book_Book_Book_,,data
8757,9780553277869,,goodreads,partial,6,7,origin,6,30,10,211,4,https://www.goodreads.com/book/show/837130.Joni,,data
8758,9780373264384,,goodreads,partial,6,7,origin,6,30,7,277,4,https://www.goodreads.com/book/show/1373145.To_Perish_in_Penzance,,data
8759,9780689801129,,goodreads,partial,6,7,origin,6,29,10,1730,4,https://www.goodreads.com/book/show/1291914.Sophie_s_Masterpiece,,data
8760,9781588983688,,goodreads,partial,5,7,origin; genres,1,0,0,71,9,https://www.goodreads.com/book/show/80740423-rat2rap,,data
8761,9781853262616,,goodreads,partial,6,7,origin,6,30,10,474,5,https://www.goodreads.com/book/show/826912.Jude_the_Obscure,,data
8762,9781840221152,,goodreads,partial,6,7,origin,6,29,10,1238,3,https://www.goodreads.com/book/show/864286.Faust_and_the_Urfaust,,data
8763,9780066212586,,goodreads,partial,6,7,origin,6,10,1,1244,6,https://www.goodreads.com/book/show/2302433.Tangled_Up_in_Daydreams,,data
8764,9780060219079,,goodreads,partial,6,7,origin,6,30,10,138,4,https://www.goodreads.com/book/show/1435440.Graven_Images,,data
8765,9781567182286,,goodreads,partial,6,7,origin,4,13,7,1789,5,https://www.goodreads.com/book/show/1069225.Pagans_Christians,,data
8766,9783423124478,,goodreads,partial,6,7,origin,6,30,10,21,4,https://www.goodreads.com/book/show/1753915.Ein_weites_Feld,,data
8767,9780773761339,,goodreads,partial,6,7,origin,6,2,5,255,6,https://www.goodreads.com/book/show/53075.Second_Gates_of_Paradise,,data
8768,9780416194890,,goodreads,partial,6,7,origin,6,30,10,270,5,https://www.goodreads.com/book/show/25709225-winnie-ille-pu,,data
8769,9780671618346,,goodreads,partial,6,7,origin,6,25,5,276,4,https://www.goodreads.com/book/show/1013137.Learning_to_Swim,,data
8770,9780099928201,,goodreads,partial,6,7,origin,6,30,10,366,5,https://www.goodreads.com/book/show/1479486.Loves_Music_Loves_to_Dance,,data
8771,9780070379374,,goodreads,partial,6,7,origin,5,6,4,698,7,https://www.goodreads.com/book/show/356680.Great_Ideas_in_Physics,,data
8772,9781892723024,,goodreads,partial,5,7,origin; genres,3,0,0,813,9,https://www.goodreads.com/book/show/373087.Guilty_Pleasures,,data
8773,9780913546956,,goodreads,partial,6,7,origin,6,0,2,904,6,https://www.goodreads.com/book/show/2083780.Knowledge_of_Freedom,,data
8774,9780553211931,,goodreads,partial,6,7,origin,6,30,10,405,5,https://www.goodreads.com/book/show/877164.Bleak_House,,data
8775,9781884570858,,goodreads,partial,5,7,origin; genres,2,2,0,47,8,https://www.goodreads.com/book/show/3068676-defending-hillsborough,,data
8776,9780805043815,,goodreads,partial,6,7,origin,4,7,4,1469,6,https://www.goodreads.com/book/show/981977.Virtual_Tibet,,data
8777,9783453196186,,goodreads,partial,6,7,origin,6,30,10,210,5,https://www.goodreads.com/book/show/1593005.Der_Traum_des_Baders_,,data
8778,9780684182353,,goodreads,partial,6,7,origin,6,7,2,283,7,https://www.goodreads.com/book/show/3437159-a-scientist-at-the-seashore,,data
8779,9783746612935,,goodreads,skipped,0,0,,0,0,0,0,1,,,data
8780,9780674514713,,goodreads,partial,6,7,origin,6,16,10,1799,5,https://www.goodreads.com/book/show/38128.Law_and_Literature,,data
8781,9780262162180,,goodreads,partial,6,7,origin,6,16,4,1719,6,https://www.goodreads.com/book/show/902024.Turing,,data
8782,9783453864733,,goodreads,partial,6,7,origin,6,13,5,35,6,https://www.goodreads.com/book/show/2938235-melodie-des-fr-hlings,,data
8783,9780684810003,,goodreads,partial,6,7,origin,6,14,1,223,6,https://www.goodreads.com/book/show/2024853.The_Mortal_Nuts,,data
8784,9780451144768,,goodreads,partial,6,7,origin,6,30,10,208,5,https://www.goodreads.com/book/show/1813884.A_Maggot,,data
8785,9783404149131,,goodreads,partial,4,7,origin; language; genres,2,1,0,47,9,https://www.goodreads.com/book/show/9071791-der-zauber-des-sommers,,data
8786,9781932690002,,goodreads,partial,5,7,origin; genres,3,2,0,4996,7,https://www.goodreads.com/book/show/1373555.Beyond_Trauma,,data
8787,9780451403766,,goodreads,partial,6,7,origin,6,26,9,956,3,https://www.goodreads.com/book/show/1054230.Maggody_in_Manhattan,,data
8788,9780070089655,,goodreads,partial,6,7,origin,6,29,10,25,4,https://www.goodreads.com/book/show/96576.The_End_of_the_World_News,,data
8789,9783518392041,,goodreads,partial,6,7,origin,6,27,6,315,4,https://www.goodreads.com/book/show/1905358.Der_Anwalt_Der_H_hne,,data
8790,9783442351909,,goodreads,partial,6,7,origin,6,22,10,187,6,https://www.goodreads.com/book/show/4245776-die-h-terin-von-jericho,,data
8791,9780803247390,,goodreads,partial,6,7,origin,6,29,10,461,4,https://www.goodreads.com/book/show/1159212.Waterlily,,data
8792,9780679765202,,goodreads,partial,6,7,origin,5,11,4,776,5,https://www.goodreads.com/book/show/454251.The_Unwanted_Gaze,,data
8793,9780525242529,,goodreads,partial,6,7,origin,6,30,10,955,4,https://www.goodreads.com/book/show/635739.Machine_Dreams,,data
8794,9780394542867,,goodreads,partial,6,7,origin,6,29,10,2828,4,https://www.goodreads.com/book/show/1156446.The_Nuclear_Age,,data
8795,9780312965662,,goodreads,partial,6,7,origin,6,28,10,390,4,https://www.goodreads.com/book/show/684225.Agatha_Raisin_and_the_Terrible_Tourist,,data
8796,9780330489126,,goodreads,partial,6,7,origin,4,10,3,802,5,https://www.goodreads.com/book/show/2227797.Trial_and_Retribution_V,,data
8797,9780671401108,,goodreads,partial,6,7,origin,6,30,10,799,4,https://www.goodreads.com/book/show/881829.Vida,,data
8798,9780553573718,,goodreads,partial,6,7,origin,6,30,10,241,5,https://www.goodreads.com/book/show/436567.Complicity,,data
8799,9780812551044,,goodreads,partial,6,7,origin,2,4,1,444,5,https://www.goodreads.com/book/show/1734104.Blood_Relations,,data
8800,9780425186824,,goodreads,partial,6,7,origin,5,15,3,297,5,https://www.goodreads.com/book/show/1457012.The_Crossword_Obsession,,data
8801,9780394559285,,goodreads,partial,6,7,origin,6,5,7,21,6,https://www.goodreads.com/book/show/4780303-chinese-lives,,data
8802,9780345297969,,goodreads,partial,6,7,origin,6,29,10,356,5,https://www.goodreads.com/book/show/2078372.Garfield_Bigger_Than_Life,,data
8803,9780385334631,,goodreads,partial,6,7,origin,1,5,4,1542,5,https://www.goodreads.com/book/show/2117577.I_ll_Be_Home_for_Christmas,,data
8804,9780345320100,,goodreads,partial,6,7,origin,6,29,10,343,4,https://www.goodreads.com/book/show/1529811.Garfield_Weighs_In,,data
8805,9780452261143,,goodreads,partial,6,7,origin,6,30,10,293,4,https://www.goodreads.com/book/show/1703670.The_Four_Gated_City,,data
8806,9780743216036,,goodreads,partial,6,7,origin,6,9,3,957,5,https://www.goodreads.com/book/show/492557.Rules_for_the_Unruly,,data
8807,9780140249286,,goodreads,partial,6,7,origin,6,29,9,572,4,https://www.goodreads.com/book/show/894388.The_White_House_Mess,,data
8808,9781590861455,,goodreads,partial,6,7,origin,6,30,10,1250,5,https://www.goodreads.com/book/show/1397579.The_Seal_Wife,,data
8809,9780736649605,,goodreads,partial,6,7,origin,6,29,10,153,5,https://www.goodreads.com/book/show/1550745.Eden_Close,,data
8810,9780028629308,,goodreads,partial,6,7,origin,5,3,1,587,5,https://www.goodreads.com/book/show/801382.The_Complete_Idiot_s_Guide_to_Enhancing_Self_Esteem,,data
8811,9780345351586,,goodreads,skipped,0,0,,0,0,0,0,1,,,data
8812,9780679409540,,goodreads,skipped,0,0,,0,0,0,0,1,,,data
8813,9780743200233,,goodreads,skipped,0,0,,0,0,0,0,1,,,data
8814,9780373512102,,goodreads,skipped,0,0,,0,0,0,0,1,,,data
8815,9780399133541,,goodreads,skipped,0,0,,0,0,0,0,1,,,data
8816,9780575602908,,goodreads,skipped,0,0,,0,0,0,0,1,,,data
8817,9780156519984,,goodreads,skipped,0,0,,0,0,0,0,1,,,data
8818,9780307215987,,goodreads,skipped,0,0,,0,0,0,0,1,,,data
8819,9780712634809,,goodreads,skipped,0,0,,0,0,0,0,1,,,data
8820,9780671787301,,goodreads,skipped,0,0,,0,0,0,0,1,,,data
8821,9780671668150,,goodreads,skipped,0,0,,0,0,0,0,1,,,data
8822,9780373612765,,goodreads,skipped,0,0,,0,0,0,0,1,,,data
8823,9780312928285,,goodreads,skipped,0,0,,0,0,0,0,1,,,data
8824,9781550139334,,goodreads,skipped,0,0,,0,0,0,0,1,,,data
8825,9780373512126,,goodreads,skipped,0,0,,0,0,0,0,1,,,data
8826,9780373627059,,goodreads,skipped,0,0,,0,0,0,0,1,,,data
8827,9780688162153,,goodreads,skipped,0,0,,0,0,0,0,1,,,data
8828,9780373264742,,goodreads,skipped,0,0,,0,0,0,0,1,,,data
8829,9780553233605,,goodreads,skipped,0,0,,0,0,0,0,1,,,data
8830,9780688177874,,goodreads,skipped,0,0,,0,0,0,0,1,,,data
8831,9780704380004,,goodreads,skipped,0,0,,0,0,0,0,1,,,data
8832,9780860512639,,goodreads,skipped,0,0,,0,0,0,0,1,,,data
8833,9780064442756,,goodreads,skipped,0,0,,0,0,0,0,1,,,data
8834,9780446393270,,goodreads,skipped,0,0,,0,0,0,0,1,,,data
8835,9789549103458,,goodreads,skipped,0,0,,0,0,0,0,1,,,data
8836,9780448424934,,goodreads,skipped,0,0,,0,0,0,0,1,,,data
8837,9780553157130,,goodreads,skipped,0,0,,0,0,0,0,1,,,data
8838,9780553487084,,goodreads,skipped,0,0,,0,0,0,0,1,,,data
8839,9783822872130,,goodreads,skipped,0,0,,0,0,0,0,1,,,data
8840,9780664325633,,goodreads,skipped,0,0,,0,0,0,0,1,,,data
8841,9780439369039,,goodreads,skipped,0,0,,0,0,0,0,1,,,data
8842,9780373227464,,goodreads,skipped,0,0,,0,0,0,0,1,,,data
8843,9780373512041,,goodreads,skipped,0,0,,0,0,0,0,1,,,data
8844,9780439369046,,goodreads,skipped,0,0,,0,0,0,0,1,,,data
8845,9780760738856,,goodreads,skipped,0,0,,0,0,0,0,1,,,data
8846,9780452276956,,goodreads,skipped,0,0,,0,0,0,0,1,,,data
8847,9781584850229,,goodreads,skipped,0,0,,0,0,0,0,1,,,data
8848,9780760738900,,goodreads,skipped,0,0,,0,0,0,0,1,,,data
8849,9780373512058,,goodreads,skipped,0,0,,0,0,0,0,1,,,data
8850,9780140242706,,goodreads,skipped,0,0,,0,0,0,0,1,,,data
8851,9781584850243,,goodreads,partial,6,7,origin,6,29,10,156,3,https://www.goodreads.com/book/show/722999.Kit_Saves_the_Day,,data
8852,9780913836286,,goodreads,partial,6,7,origin,6,7,5,1308,5,https://www.goodreads.com/book/show/746974.St_Seraphim_of_Sarov,,data
8853,9780373227358,,goodreads,partial,6,7,origin,6,2,2,732,5,https://www.goodreads.com/book/show/3455942-covert-cowboy,,data
8854,9780688221140,,goodreads,partial,6,7,origin,6,30,10,719,5,https://www.goodreads.com/book/show/756770.Ramona_and_Her_Father_Ramona_Quimby_,,data
8855,9780810928954,,goodreads,partial,6,7,origin,5,7,5,217,6,https://www.goodreads.com/book/show/440835.The_Irish_Famine,,data
8856,9781402200373,,goodreads,partial,6,7,origin,6,29,7,175,4,https://www.goodreads.com/book/show/1281359.The_Spoken_Word_Revolution,,data
8857,9780373169207,,goodreads,partial,5,7,origin; genres,6,1,0,621,7,https://www.goodreads.com/book/show/2167952.Two_Little_Secrets,,data
8858,9780814788080,,goodreads,partial,6,7,origin,6,2,1,857,5,https://www.goodreads.com/book/show/1788519.Inventing_the_20th_Century,,data
8859,9780399144400,,goodreads,partial,6,7,origin,4,3,2,258,5,https://www.goodreads.com/book/show/1801000.Self_Portrait_with_Ghosts,,data
8860,9780140098686,,goodreads,partial,6,7,origin,6,30,10,812,5,https://www.goodreads.com/book/show/1056483.The_Broom_of_the_System,,data
8861,9780937702147,,goodreads,partial,5,7,origin; genres,1,0,0,363,8,https://www.goodreads.com/book/show/10560700-the-irish-famine,,data
8862,9780316314770,,goodreads,partial,6,7,origin,6,30,3,286,4,https://www.goodreads.com/book/show/1442440.Sarah_Conley,,data
8863,9781573248235,,goodreads,partial,6,7,origin,5,11,3,1198,5,https://www.goodreads.com/book/show/2381587.Meditations_on_Design,,data
8864,9780938805076,,goodreads,partial,5,7,origin; genres,2,0,0,642,8,https://www.goodreads.com/book/show/3989622-passion-of-the-ages,,data
8865,9780373192915,,goodreads,partial,5,7,origin; genres,6,1,0,571,8,https://www.goodreads.com/book/show/14801643-shotgun-groom,,data
8866,9780521508759,,goodreads,partial,6,7,origin,1,2,1,708,5,https://www.goodreads.com/book/show/689640.The_NRSV_Cambridge_Annotated_Study_Apocrypha,,data
8867,9780316314244,,goodreads,partial,6,7,origin,6,30,6,583,6,https://www.goodreads.com/book/show/1072430.Net_of_Jewels,,data
8868,9780373034918,,goodreads,partial,6,7,origin,4,1,2,648,6,https://www.goodreads.com/book/show/2844329-dash-to-the-altar,,data
8869,9780761305101,,goodreads,partial,6,7,origin,5,0,1,120,6,https://www.goodreads.com/book/show/14841832-secret-societies,,data
8870,9780517615331,,goodreads,partial,6,7,origin,6,3,6,182,6,https://www.goodreads.com/book/show/1540052.The_Celtic_World,,data
8871,9780804101172,,goodreads,partial,6,7,origin,5,13,5,10,6,https://www.goodreads.com/book/show/805839.Murder_in_a_Mummy_Case,,data
8872,9780812920796,,goodreads,partial,6,7,origin,6,30,8,2213,4,https://www.goodreads.com/book/show/2306245.Turning_Point,,data
8873,9780810919426,,goodreads,partial,6,7,origin,4,6,4,1782,6,https://www.goodreads.com/book/show/4241084-american-art,,data
8874,9780974579009,,goodreads,partial,5,7,origin; genres,2,0,0,417,8,https://www.goodreads.com/book/show/6643852-typhoon-rising,,data
8875,9780525944522,,goodreads,partial,6,7,origin,6,30,9,1674,5,https://www.goodreads.com/book/show/572217.Starr_Bright_Will_Be_with_You_Soon,,data
8876,9780471323778,,goodreads,partial,6,7,origin,6,2,1,333,6,https://www.goodreads.com/book/show/5902235-getting-started-in-bonds,,data
8877,9780373201877,,goodreads,partial,5,7,origin; genres,1,0,0,1219,8,https://www.goodreads.com/book/show/3000226-mother-s-day,,data
8878,9780060525699,,goodreads,partial,6,7,origin,6,30,7,1365,3,https://www.goodreads.com/book/show/104657.Bob_Dylan,,data
8879,9780060187378,,goodreads,partial,6,7,origin,6,29,10,1043,4,https://www.goodreads.com/book/show/821935.Already_Dead,,data
8880,9781890394288,,goodreads,partial,5,7,origin; genres,3,0,0,216,8,https://www.goodreads.com/book/show/4676560-u-s-savings-bonds,,data
8881,9780802138910,,goodreads,partial,6,7,origin,6,29,10,2400,3,https://www.goodreads.com/book/show/132038.Down_the_Highway,,data
8882,9780684186696,,goodreads,partial,6,7,origin,6,30,10,209,4,https://www.goodreads.com/book/show/1026815.Poisoned_Blood,,data
8883,9780500283530,,goodreads,partial,6,7,origin,2,3,1,1884,5,https://www.goodreads.com/book/show/1347473.Art_Deco_Graphics,,data
8884,9780974168531,,goodreads,skipped,0,0,,0,0,0,0,1,,,data
8885,9780786885596,,goodreads,skipped,0,0,,0,0,0,0,1,,,data
8886,9780385425292,,goodreads,skipped,0,0,,0,0,0,0,1,,,data
8887,9782879392295,,goodreads,skipped,0,0,,0,0,0,0,1,,,data
8888,9780679423980,,goodreads,skipped,0,0,,0,0,0,0,1,,,data
8889,9780891348191,,goodreads,skipped,0,0,,0,0,0,0,1,,,data
8890,9780898799125,,goodreads,skipped,0,0,,0,0,0,0,1,,,data
8891,9780689116124,,goodreads,skipped,0,0,,0,0,0,0,1,,,data
8892,9780849903762,,goodreads,skipped,0,0,,0,0,0,0,1,,,data
8893,9780741414366,,goodreads,skipped,0,0,,0,0,0,0,1,,,data
8894,9780521004381,,goodreads,skipped,0,0,,0,0,0,0,1,,,data
8895,9780688045289,,goodreads,skipped,0,0,,0,0,0,0,1,,,data
8896,9781886039247,,goodreads,skipped,0,0,,0,0,0,0,1,,,data
8897,9780373511945,,goodreads,skipped,0,0,,0,0,0,0,1,,,data
8898,9780764154850,,goodreads,skipped,0,0,,0,0,0,0,1,,,data
8899,9780525245452,,goodreads,skipped,0,0,,0,0,0,0,1,,,data
8900,9780373511969,,goodreads,skipped,0,0,,0,0,0,0,1,,,data
8901,9780385121620,,goodreads,skipped,0,0,,0,0,0,0,1,,,data
8902,9780963078308,,goodreads,skipped,0,0,,0,0,0,0,1,,,data
8903,9780373512614,,goodreads,skipped,0,0,,0,0,0,0,1,,,data
8904,9780932102119,,goodreads,skipped,0,0,,0,0,0,0,1,,,data
8905,9780373512591,,goodreads,skipped,0,0,,0,0,0,0,1,,,data
8906,9780380977567,,goodreads,skipped,0,0,,0,0,0,0,1,,,data
8907,9780676601664,,goodreads,skipped,0,0,,0,0,0,0,1,,,data
8908,9780873417518,,goodreads,skipped,0,0,,0,0,0,0,1,,,data
8909,9780670818129,,goodreads,skipped,0,0,,0,0,0,0,1,,,data
8910,9780020509875,,goodreads,skipped,0,0,,0,0,0,0,1,,,data
8911,9780916856595,,goodreads,skipped,0,0,,0,0,0,0,1,,,data
8912,9780786001736,,goodreads,skipped,0,0,,0,0,0,0,1,,,data
8913,9780894860041,,goodreads,skipped,0,0,,0,0,0,0,1,,,data
8914,9781878067586,,goodreads,skipped,0,0,,0,0,0,0,1,,,data
8915,9780671001582,,goodreads,skipped,0,0,,0,0,0,0,1,,,data
8916,9780316313278,,goodreads,skipped,0,0,,0,0,0,0,1,,,data
8917,9780380760954,,goodreads,skipped,0,0,,0,0,0,0,1,,,data
8918,9781557788061,,goodreads,skipped,0,0,,0,0,0,0,1,,,data
8919,9780394576657,,goodreads,skipped,0,0,,0,0,0,0,1,,,data
8920,9780380751709,,goodreads,skipped,0,0,,0,0,0,0,1,,,data
8921,9780872862098,,goodreads,skipped,0,0,,0,0,0,0,1,,,data
8922,9780882081410,,goodreads,skipped,0,0,,0,0,0,0,1,,,data
8923,9780971663398,,goodreads,skipped,0,0,,0,0,0,0,1,,,data
8924,9781583220443,,goodreads,skipped,0,0,,0,0,0,0,1,,,data
8925,9780679441700,,goodreads,skipped,0,0,,0,0,0,0,1,,,data
8926,9781583224649,,goodreads,skipped,0,0,,0,0,0,0,1,,,data
8927,9780316313032,,goodreads,skipped,0,0,,0,0,0,0,1,,,data
8928,9788472237810,,goodreads,skipped,0,0,,0,0,0,0,1,,,data
8929,9780395302330,,goodreads,skipped,0,0,,0,0,0,0,1,,,data
8930,9781583224908,,goodreads,skipped,0,0,,0,0,0,0,1,,,data
8931,9788472238701,,goodreads,skipped,0,0,,0,0,0,0,1,,,data
8932,9781859844113,,goodreads,skipped,0,0,,0,0,0,0,1,,,data
8933,9780684832029,,goodreads,skipped,0,0,,0,0,0,0,1,,,data
8934,9781572305274,,goodreads,skipped,0,0,,0,0,0,0,1,,,data
8935,9780425165713,,goodreads,skipped,0,0,,0,0,0,0,1,,,data
8936,9780029146736,,goodreads,skipped,0,0,,0,0,0,0,1,,,data
8937,9780670032167,,goodreads,skipped,0,0,,0,0,0,0,1,,,data
8938,9780395515983,,goodreads,partial,6,7,origin,6,30,10,165,5,https://www.goodreads.com/book/show/893101.The_Things_They_Carried,,data
8939,9780786707614,,goodreads,partial,6,7,origin,4,0,1,478,6,https://www.goodreads.com/book/show/1702564.Midnight_Butterfly,,data
8940,9780807537817,,goodreads,partial,5,7,origin; genres,4,3,0,238,7,https://www.goodreads.com/book/show/1749653.Jason_s_Miracle,,data
8941,9781568217468,,goodreads,partial,5,7,origin; genres,2,0,0,614,8,https://www.goodreads.com/book/show/884302.The_Couple_Who_Fell_in_Hate,,data
8942,9780393314038,,goodreads,partial,6,7,origin,6,29,10,1148,3,https://www.goodreads.com/book/show/80453.The_Freud_Reader,,data
8943,9780500051115,,goodreads,partial,6,7,origin,6,12,10,1104,5,https://www.goodreads.com/book/show/438921.The_Complete_World_of_The_Dead_Sea_Scrolls,,data
8944,9780590467377,,goodreads,partial,6,7,origin,5,30,10,237,4,https://www.goodreads.com/book/show/1419619.The_Road_Home,,data
8945,9780531159613,,goodreads,partial,5,7,origin; genres,4,0,0,509,9,https://www.goodreads.com/book/show/1018489.The_Colors_of_Freedom,,data
8946,9780525944966,,goodreads,partial,5,7,origin; genres,3,3,0,271,7,https://www.goodreads.com/book/show/1462996.Boys_Into_Men,,data
8947,9780385322980,,goodreads,partial,6,7,origin,6,19,4,814,6,https://www.goodreads.com/book/show/846574.Thin_Ice,,data
8948,9780805738650,,goodreads,partial,5,7,origin; genres,1,2,0,810,7,https://www.goodreads.com/book/show/3989089-white-power-white-pride,,data
8949,9781578611492,,goodreads,partial,6,7,origin,6,4,2,414,5,https://www.goodreads.com/book/show/113936.Writing_Measurable_Iep_Goals_and_Objectives,,data
8950,9780395755181,,goodreads,partial,6,7,origin,6,27,10,956,4,https://www.goodreads.com/book/show/1012215.The_Passion_of_Alice,,data
8951,9781578614905,,goodreads,partial,5,7,origin; genres,6,1,0,413,7,https://www.goodreads.com/book/show/192835.Why_Johnny_Doesn_t_Behave,,data
8952,9780891417644,,goodreads,partial,6,7,origin,6,13,4,772,6,https://www.goodreads.com/book/show/1199625.Dancing_with_the_Dragon,,data
8953,9780821774274,,goodreads,partial,6,7,origin,6,29,10,1219,4,https://www.goodreads.com/book/show/226083.Highland_Groom,,data
8954,9780192822468,,goodreads,partial,6,7,origin,6,29,10,505,4,https://www.goodreads.com/book/show/1344770.The_Importance_of_Being_Earnest_and_Other_Plays,,data
8955,9781591132295,,goodreads,partial,5,7,origin; genres,1,0,0,1499,8,https://www.goodreads.com/book/show/10398074-buried-in-burrywood,,data
8956,9781931499033,,goodreads,partial,6,7,origin,3,1,4,544,5,https://www.goodreads.com/book/show/778081.Beading_in_the_Native_American_Tradition,,data
8957,9780972555807,,goodreads,partial,5,7,origin; genres,1,0,0,1254,8,https://www.goodreads.com/book/show/6883389-the-dry-well,,data
8958,9780895556448,,goodreads,partial,6,7,origin,5,16,3,670,6,https://www.goodreads.com/book/show/53479569-the-permanent-instruction-of-the-alta-vendita,,data
8959,9780373076017,,goodreads,partial,5,7,origin; genres,2,0,0,738,8,https://www.goodreads.com/book/show/601836.Callaghan_s_Way,,data
8960,9780781807890,,goodreads,partial,6,7,origin,3,1,3,302,5,https://www.goodreads.com/book/show/3609862-gaelic-english-english-gaelic-dictionary,,data
8961,9780240803883,,goodreads,partial,5,7,origin; genres,6,3,0,1095,8,https://www.goodreads.com/book/show/6533955-the-radio-station,,data
8962,9780373836338,,goodreads,partial,6,7,origin,1,5,5,118,5,https://www.goodreads.com/book/show/633853.Reading_Between_the_Lines,,data
8963,9780312291051,,goodreads,partial,6,7,origin,6,20,6,2173,6,https://www.goodreads.com/book/show/1039785.The_Terrorist_Next_Door,,data
8964,9780156000062,,goodreads,partial,6,7,origin,5,8,3,246,5,https://www.goodreads.com/book/show/740774.My_Tears_Spoiled_My_Aim,,data
8965,9780966517675,,goodreads,partial,6,7,origin,6,10,4,164,5,https://www.goodreads.com/book/show/1034966.The_Dimwit_s_Dictionary,,data
8966,9780671448134,,goodreads,partial,6,7,origin,6,5,3,554,5,https://www.goodreads.com/book/show/2625542-gamemaster,,data
8967,9780786003846,,goodreads,partial,6,7,origin,6,11,3,201,5,https://www.goodreads.com/book/show/1179483.Hidden_Agenda,,data
8968,9780871161956,,goodreads,partial,6,7,origin,2,11,4,234,3,https://www.goodreads.com/book/show/984189.The_Writer_s_Guide_to_Fantasy_Literature,,data
8969,9780373512690,,goodreads,partial,5,7,origin; genres,2,1,0,561,7,https://www.goodreads.com/book/show/7214137-dangerous-practice,,data
8970,9780373512669,,goodreads,partial,5,7,origin; genres,6,2,0,261,7,https://www.goodreads.com/book/show/5395136-emergency,,data
8971,9780316197410,,goodreads,skipped,0,0,,0,0,0,0,1,,,data
8972,9783822812570,,goodreads,skipped,0,0,,0,0,0,0,1,,,data
8973,9780373512683,,goodreads,skipped,0,0,,0,0,0,0,1,,,data
8974,9780517703489,,goodreads,skipped,0,0,,0,0,0,0,1,,,data
8975,9780373512676,,goodreads,skipped,0,0,,0,0,0,0,1,,,data
8976,9781841483757,,goodreads,skipped,0,0,,0,0,0,0,1,,,data
8977,9780373264704,,goodreads,skipped,0,0,,0,0,0,0,1,,,data
8978,9780425189153,,goodreads,skipped,0,0,,0,0,0,0,1,,,data
8979,9780373264711,,goodreads,skipped,0,0,,0,0,0,0,1,,,data
8980,9781573228725,,goodreads,skipped,0,0,,0,0,0,0,1,,,data
8981,9780373264728,,goodreads,skipped,0,0,,0,0,0,0,1,,,data
8982,9780151730957,,goodreads,skipped,0,0,,0,0,0,0,1,,,data
8983,9780553250442,,goodreads,skipped,0,0,,0,0,0,0,1,,,data
8984,9780964894273,,goodreads,skipped,0,0,,0,0,0,0,1,,,data
8985,9780671786571,,goodreads,skipped,0,0,,0,0,0,0,1,,,data
8986,9780964894297,,goodreads,skipped,0,0,,0,0,0,0,1,,,data
8987,9780312873912,,goodreads,skipped,0,0,,0,0,0,0,1,,,data
8988,9780590320016,,goodreads,skipped,0,0,,0,0,0,0,1,,,data
8989,9781585420018,,goodreads,skipped,0,0,,0,0,0,0,1,,,data
8990,9781572302099,,goodreads,skipped,0,0,,0,0,0,0,1,,,data
8991,9780786888511,,goodreads,skipped,0,0,,0,0,0,0,1,,,data
8992,9781891944338,,goodreads,skipped,0,0,,0,0,0,0,1,,,data
8993,9780312170639,,goodreads,skipped,0,0,,0,0,0,0,1,,,data
8994,9780152426576,,goodreads,skipped,0,0,,0,0,0,0,1,,,data
8995,9780373273553,,goodreads,skipped,0,0,,0,0,0,0,1,,,data
8996,9780767907484,,goodreads,skipped,0,0,,0,0,0,0,1,,,data
8997,9780373273676,,goodreads,skipped,0,0,,0,0,0,0,1,,,data
8998,9780679741060,,goodreads,skipped,0,0,,0,0,0,0,1,,,data
8999,9780935111507,,goodreads,skipped,0,0,,0,0,0,0,1,,,data
9000,9780688004774,,goodreads,skipped,0,0,,0,0,0,0,1,,,data
9001,9781568651835,,goodreads,skipped,0,0,,0,0,0,0,1,,,data
9002,9780446606899,,goodreads,skipped,0,0,,0,0,0,0,1,,,data
9003,9780028635941,,goodreads,skipped,0,0,,0,0,0,0,1,,,data
9004,9781566194129,,goodreads,skipped,0,0,,0,0,0,0,1,,,data
9005,9780446603461,,goodreads,skipped,0,0,,0,0,0,0,1,,,data
9006,9780803759916,,goodreads,skipped,0,0,,0,0,0,0,1,,,data
9007,9780451162618,,goodreads,skipped,0,0,,0,0,0,0,1,,,data
9008,9780671680732,,goodreads,skipped,0,0,,0,0,0,0,1,,,data
9009,9780062500861,,goodreads,skipped,0,0,,0,0,0,0,1,,,data
9010,9780972647304,,goodreads,skipped,0,0,,0,0,0,0,1,,,data
9011,9780373691463,,goodreads,skipped,0,0,,0,0,0,0,1,,,data
9012,9780671025953,,goodreads,skipped,0,0,,0,0,0,0,1,,,data
9013,9780963411235,,goodreads,skipped,0,0,,0,0,0,0,1,,,data
9014,9780373511952,,goodreads,skipped,0,0,,0,0,0,0,1,,,data
9015,9781585742974,,goodreads,skipped,0,0,,0,0,0,0,1,,,data
9016,9783446124233,,goodreads,skipped,0,0,,0,0,0,0,1,,,data
9017,9780440242178,,goodreads,skipped,0,0,,0,0,0,0,1,,,data
9018,9780252068294,,goodreads,skipped,0,0,,0,0,0,0,1,,,data
9019,9783462024005,,goodreads,skipped,0,0,,0,0,0,0,1,,,data
9020,9780440482031,,goodreads,skipped,0,0,,0,0,0,0,1,,,data
9021,9780393039146,,goodreads,skipped,0,0,,0,0,0,0,1,,,data
9022,9780345400536,,goodreads,partial,6,7,origin,4,16,5,156,5,https://www.goodreads.com/book/show/1191178.Inside_Oscar,,data
9023,9780373511396,,goodreads,partial,5,7,origin; genres,2,0,0,274,8,https://www.goodreads.com/book/show/10543075-tender-liaison,,data
9024,9781932100051,,goodreads,partial,6,7,origin,6,30,10,877,4,https://www.goodreads.com/book/show/915431.The_Sheep_Look_Up,,data
9025,9783596151523,,goodreads,partial,6,7,origin,6,29,10,716,5,https://www.goodreads.com/book/show/1489418.Marcus_und_Eneides,,data
9026,9780316314862,,goodreads,partial,6,7,origin,6,10,3,254,6,https://www.goodreads.com/book/show/1442441.Flights_of_Angels,,data
9027,9783761080559,,goodreads,partial,5,7,origin; genres,2,1,0,6,7,https://www.goodreads.com/book/show/4874000-vaterspuren,,data
9028,9781932100013,,goodreads,partial,6,7,origin,6,30,10,300,3,https://www.goodreads.com/book/show/41074.The_Sheep_Look_Up,,data
9029,9780373264698,,goodreads,partial,6,7,origin,6,7,2,186,6,https://www.goodreads.com/book/show/7094153-don-t-leave-me,,data
9030,9780451153920,,goodreads,partial,6,7,origin,6,30,10,194,5,https://www.goodreads.com/book/show/10157766-biloxi-blues,,data
9031,9783801230050,,goodreads,partial,5,7,origin; genres,1,0,0,6,8,https://www.goodreads.com/book/show/4756266-wie-mutlu-zt-rk-schwimmen-lernen-muss,,data
9032,9780595230068,,goodreads,partial,6,7,origin,6,30,10,528,5,https://www.goodreads.com/book/show/2701317-the-book-of-five-rings,,data
9033,9780399144660,,goodreads,partial,6,7,origin,5,27,6,270,4,https://www.goodreads.com/book/show/1268941.For_the_Love_of_Books,,data
9034,9780312959234,,goodreads,partial,6,7,origin,4,18,3,231,6,https://www.goodreads.com/book/show/6100557-without-mercy,,data
9035,9780373264285,,goodreads,partial,6,7,origin,2,7,1,311,6,https://www.goodreads.com/book/show/1014789.The_Midnight_Special,,data
9036,9780373511976,,goodreads,partial,6,7,origin,2,4,5,517,5,https://www.goodreads.com/book/show/637919.Burning_Times,,data
9037,9780373263578,,goodreads,partial,6,7,origin,3,1,1,235,5,https://www.goodreads.com/book/show/1315966.Murder_Flies_Left_Seat,,data
9038,9783453189874,,goodreads,partial,6,7,origin,6,30,10,263,4,https://www.goodreads.com/book/show/611193.So_wahr_mir_Gott_helfe,,data
9039,9780679755821,,goodreads,partial,6,7,origin,6,27,10,1301,4,https://www.goodreads.com/book/show/29538.Remembering_Satan,,data
9040,9783404146444,,goodreads,partial,5,7,origin; genres,1,0,0,412,8,https://www.goodreads.com/book/show/6837703-zweite-halbzeit,,data
9041,9780373512539,,goodreads,partial,5,7,origin; genres,6,5,0,281,8,https://www.goodreads.com/book/show/7945102-lovesick,,data
9042,9780812524703,,goodreads,partial,6,7,origin,6,29,10,271,5,https://www.goodreads.com/book/show/3034985-die-for-love,,data
9043,9780373512607,,goodreads,partial,6,7,origin,6,13,4,686,6,https://www.goodreads.com/book/show/6888239-on-the-mend,,data
9044,9780595157976,,goodreads,partial,5,7,origin; genres,1,0,0,302,8,https://www.goodreads.com/book/show/6083837-black-box-inc,,data
9045,9783442729753,,goodreads,partial,5,7,origin; genres,1,0,0,47,9,https://www.goodreads.com/book/show/106600899-der-verlorene-sommer,,data
9046,9780373512522,,goodreads,partial,5,7,origin; genres,6,2,0,271,8,https://www.goodreads.com/book/show/899531.Chemical_Reaction,,data
9047,9781573441285,,goodreads,partial,6,7,origin,6,30,10,306,3,https://www.goodreads.com/book/show/120354.Odd_Girl_Out,,data
9048,9780373512515,,goodreads,partial,5,7,origin; genres,1,1,0,280,7,https://www.goodreads.com/book/show/1885311.No_Strings,,data
9049,9783442727575,,goodreads,partial,6,7,origin,6,30,10,1094,5,https://www.goodreads.com/book/show/1823272.England_England_,,data
9050,9781893896178,,goodreads,partial,6,7,origin,3,13,6,943,5,https://www.goodreads.com/book/show/2491991.Midnight_Redeemer,,data
9051,9780786001347,,goodreads,partial,6,7,origin,4,8,7,231,5,https://www.goodreads.com/book/show/2491990.Midnight_Surrender,,data
9052,9780385486071,,goodreads,partial,6,7,origin,4,30,7,1947,3,https://www.goodreads.com/book/show/171059.Inside_Edge,,data
9053,9783442449170,,goodreads,partial,6,7,origin,6,30,10,450,5,https://www.goodreads.com/book/show/4576353-nacht-ohne-gesicht,,data
9054,9783257200959,,goodreads,partial,5,7,origin; genres,3,0,0,122,8,https://www.goodreads.com/book/show/52651884-h-rspiele,,data
9055,9780553158199,,goodreads,skipped,0,0,,0,0,0,0,1,,,data
9056,9780440203148,,goodreads,partial,6,7,origin,3,8,3,158,7,https://www.goodreads.com/book/show/11491996-secrets-meant-kept,,data
9057,9780373806959,,goodreads,partial,6,7,origin,6,15,10,546,5,https://www.goodreads.com/book/show/186949.Nightwalker,,data
9058,9783462021967,,goodreads,partial,5,7,origin; genres,1,1,0,1130,7,https://www.goodreads.com/book/show/1696048.Guten_Tach_Auf_Wiedersehn_Autobiographie_Teil_1_,,data
9059,9780373201891,,goodreads,partial,6,7,origin,1,1,2,584,5,https://www.goodreads.com/book/show/2836733-the-cowboy-s-code,,data
9060,9780312985028,,goodreads,partial,6,7,origin,6,11,4,1007,5,https://www.goodreads.com/book/show/279181.Without_a_Trace,,data
9061,9783257260076,,goodreads,partial,5,7,origin; genres,3,0,0,6,9,https://www.goodreads.com/book/show/121172347-jos-guadalupe-posada-diogenes-kunst-taschenbuch,,data
9062,9780373195640,,goodreads,partial,5,7,origin; genres,6,0,0,107,8,https://www.goodreads.com/book/show/3057173-a-triple-threat-to-bachelorhood,,data
9063,9780140280654,,goodreads,partial,6,7,origin,6,18,5,298,5,https://www.goodreads.com/book/show/849555.Edge_of_Glory,,data
9064,9780345291103,,goodreads,partial,6,7,origin,6,27,6,165,4,https://www.goodreads.com/book/show/1347480.About_Three_Bricks_Shy_of_a_Load,,data
9065,9783458319245,,goodreads,partial,6,7,origin,6,30,10,28,6,https://www.goodreads.com/book/show/5418196-die-erz-hlungen-aus-den-tausendundein-n-chten-band-1---12-abgeschlossen,,data
9066,9780373195053,,goodreads,partial,6,7,origin,5,1,2,479,5,https://www.goodreads.com/book/show/4567609-rough-around-the-edges,,data
9067,9780684801674,,goodreads,partial,6,7,origin,4,30,7,227,4,https://www.goodreads.com/book/show/2170575.INSIDE_EDGE,,data
9068,9780671451707,,goodreads,partial,6,7,origin,5,9,2,215,6,https://www.goodreads.com/book/show/4963333-nile,,data
9069,9780802774439,,goodreads,partial,6,7,origin,4,4,2,266,5,https://www.goodreads.com/book/show/219674.Opera,,data
9070,9780140112801,,goodreads,partial,6,7,origin,6,30,10,600,4,https://www.goodreads.com/book/show/1685338.First_Love_Last_Rites,,data
9071,9780515133462,,goodreads,partial,6,7,origin,6,15,3,275,3,https://www.goodreads.com/book/show/188210.Greenwich,,data
9072,9780671533502,,goodreads,partial,5,7,origin; genres,1,1,0,444,5,https://www.goodreads.com/book/show/1601697.Stay_Sweet_Love,,data
9073,9780385306140,,goodreads,partial,6,7,origin,6,30,9,1372,1,https://www.goodreads.com/book/show/1417013.Cold_Case,,data
9074,9781564405067,,goodreads,partial,5,7,origin; genres,3,0,0,193,6,https://www.goodreads.com/book/show/5505712-how-to-recognize-and-refinish-antiques-for-pleasure-and-profit,,data
9075,9780553443790,,goodreads,partial,6,7,origin,5,2,1,137,3,https://www.goodreads.com/book/show/2569180-illegal-motion,,data
9076,9780896382893,,goodreads,partial,5,7,origin; genres,2,0,0,9,7,https://www.goodreads.com/book/show/745739.Can_t_Buy_Me_Love,,data
9077,9780821774694,,goodreads,partial,6,7,origin,3,6,5,930,4,https://www.goodreads.com/book/show/667656.The_Twelfth_Night_Bride,,data
9078,9780553444711,,goodreads,partial,6,7,origin,4,12,4,223,3,https://www.goodreads.com/book/show/773288.Surrender_the_Dark,,data
9079,9780394546919,,goodreads,partial,5,7,origin; genres,5,9,0,64,5,https://www.goodreads.com/book/show/1616781.The_Universe,,data
9081,9780786013616,,goodreads,partial,5,7,origin; genres,2,1,0,270,5,https://www.goodreads.com/book/show/12231611-the-academy-awards-handbook-2001,,data
9082,9780718127251,,goodreads,partial,5,7,origin; genres,2,0,0,117,6,https://www.goodreads.com/book/show/1037533.Evolution_the_story_of_the_origins_of_humankind,,data
9083,9780156972154,,goodreads,partial,6,7,origin,6,30,10,218,1,https://www.goodreads.com/book/show/223411.Winter_Brothers,,data
9084,9780553445770,,goodreads,partial,6,7,origin,2,12,2,148,3,https://www.goodreads.com/book/show/2170798.Light_My_Fire,,data
9085,9780590093200,,goodreads,partial,6,7,origin,6,17,3,482,3,https://www.goodreads.com/book/show/58846889-senior-year,,data
9086,9780684848037,,goodreads,partial,6,7,origin,6,29,4,709,1,https://www.goodreads.com/book/show/177526.A_Do_Right_Man,,data
9087,9781559724739,,goodreads,partial,6,7,origin,2,0,1,224,4,https://www.goodreads.com/book/show/949273.Hollywood_and_Whine,,data
9088,9780312273293,,goodreads,partial,5,7,origin; genres,4,2,0,663,5,https://www.goodreads.com/book/show/1069607.The_Struggle_for_Happiness,,data
9089,9780893343859,,goodreads,partial,6,7,origin,6,8,5,1452,3,https://www.goodreads.com/book/show/1334688.The_Tao_of_Star_Wars,,data
9090,9780671517205,,goodreads,partial,6,7,origin,6,6,2,2380,3,https://www.goodreads.com/book/show/55565.Love_Me_to_Death,,data
9091,9780060976682,,goodreads,partial,6,7,origin,6,17,2,249,3,https://www.goodreads.com/book/show/452937.Di_and_I,,data
9092,9780972914512,,goodreads,partial,5,7,origin; genres,2,2,0,25,5,https://www.goodreads.com/book/show/1918401.The_Magic_Formula,,data
9093,9783879751532,,goodreads,partial,5,7,origin; genres,1,0,0,6,7,https://www.goodreads.com/book/show/5684622-gertrud-meyer-die-frau-mit-gr-nen-haaren,,data
9094,9780590317092,,goodreads,partial,5,7,origin; language,1,9,2,700,4,https://www.goodreads.com/book/show/2618225-the-great-lakeside-high-experiment,,data
9095,9781930859043,,goodreads,partial,5,7,origin; genres,2,0,0,184,6,https://www.goodreads.com/book/show/7921724-harry-mccreedy,,data
9096,9783882432312,,goodreads,partial,5,7,origin; genres,1,0,0,6,6,https://www.goodreads.com/book/show/3552568-mafia-im-staat,,data
9097,9783891050118,,goodreads,partial,5,7,origin; genres,1,0,0,6,7,https://www.goodreads.com/book/show/3907484-demokratie-oder-eliteherrschaft,,data
9098,9781930586345,,goodreads,partial,5,7,origin; genres,1,0,0,1032,6,https://www.goodreads.com/book/show/5046737-angels-of-saigon,,data
9099,9780897933919,,goodreads,partial,6,7,origin,6,23,7,624,3,https://www.goodreads.com/book/show/186706.The_Cortisol_Connection,,data
9100,9781560445326,,goodreads,partial,5,7,origin; genres,6,0,0,68,6,https://www.goodreads.com/book/show/13203219-mountain-biking-denver-boulder,,data
9101,9780451518989,,goodreads,partial,6,7,origin,6,30,10,931,3,https://www.goodreads.com/book/show/1744595.Main_Street,,data
9102,9780373073153,,goodreads,partial,5,7,origin; genres,1,1,0,47,7,https://www.goodreads.com/book/show/2005647.Love_Is_a_Long_Shot,,data
9103,9780373761401,,goodreads,partial,5,7,origin; genres,6,1,0,91,5,https://www.goodreads.com/book/show/3269177-taming-the-tycoon,,data
9104,9783453212282,,goodreads,partial,5,7,origin; genres,1,1,0,6,5,https://www.goodreads.com/book/show/1767361.Hotel_Marazul_,,data
9105,9783423085328,,goodreads,partial,6,7,origin,6,30,8,1046,2,https://www.goodreads.com/book/show/183517.Das_Fr_hlingsopfer,,data
9106,9780385295666,,goodreads,partial,6,7,origin,6,30,10,184,2,https://www.goodreads.com/book/show/4024547-twisted-window,,data
9107,9780307215956,,goodreads,partial,6,7,origin,4,28,10,182,1,https://www.goodreads.com/book/show/183151.The_Mystery_at_Saratoga,,data
9108,9780373166725,,goodreads,partial,5,7,origin; genres,3,1,0,565,5,https://www.goodreads.com/book/show/1383229.A_Million_Dollar_Man,,data
9109,9780373763337,,goodreads,partial,6,7,origin,6,8,6,91,3,https://www.goodreads.com/book/show/6276973-irresistible-you,,data
9110,9780375702693,,goodreads,partial,6,7,origin,6,30,10,895,1,https://www.goodreads.com/book/show/439011.Our_Guys,,data
9111,9780373257898,,goodreads,partial,6,7,origin,6,3,2,505,3,https://www.goodreads.com/book/show/1798334.Black_Velvet,,data
9112,9780316305990,,goodreads,partial,6,7,origin,6,30,4,226,1,https://www.goodreads.com/book/show/5509190-swimming-sweet-arrow,,data
9113,9780373258253,,goodreads,partial,6,7,origin,4,1,2,91,4,https://www.goodreads.com/book/show/3519291-just-for-the-night,,data
9114,9783761081259,,goodreads,partial,5,7,origin; genres,2,0,0,26,7,https://www.goodreads.com/book/show/4409227-vielleicht-auf-knien-aber-vorw-rts,,data
9115,9780520010703,,goodreads,partial,6,7,origin,6,30,10,233,1,https://www.goodreads.com/book/show/467142.Rilke,,data
9116,9781403376176,,goodreads,partial,5,7,origin; genres,3,1,0,886,5,https://www.goodreads.com/book/show/11023123-smelling-lilac,,data
9117,9781570270741,,goodreads,partial,6,7,origin,3,29,10,548,1,https://www.goodreads.com/book/show/115006.The_Passionate_Mistakes_and_Intricate_Corruption_of_One_Girl_in_America,,data
9118,9783891360118,,goodreads,partial,5,7,origin; genres,1,0,0,6,7,https://www.goodreads.com/book/show/3758410-hitlers-sternstunde,,data
9119,9780373201105,,goodreads,partial,5,7,origin; genres,1,2,0,2271,5,https://www.goodreads.com/book/show/4618030-missing-memories,,data
9120,9780312989736,,goodreads,partial,6,7,origin,6,7,1,1079,4,https://www.goodreads.com/book/show/1936664.Killing_Time,,data
9121,9780020554103,,goodreads,skipped,0,0,,0,0,0,0,1,,,data
9122,9780373259236,,goodreads,skipped,0,0,,0,0,0,0,1,,,data
9123,9780804111447,,goodreads,skipped,0,0,,0,0,0,0,1,,,data
9124,9780965190077,,goodreads,skipped,0,0,,0,0,0,0,1,,,data
9125,9783426031766,,goodreads,skipped,0,0,,0,0,0,0,1,,,data
9126,9780821774335,,goodreads,skipped,0,0,,0,0,0,0,1,,,data
9127,9780821774861,,goodreads,skipped,0,0,,0,0,0,0,1,,,data
9128,9780821774854,,goodreads,skipped,0,0,,0,0,0,0,1,,,data
9129,9780440227717,,goodreads,skipped,0,0,,0,0,0,0,1,,,data
9130,9780803495944,,goodreads,skipped,0,0,,0,0,0,0,1,,,data
9131,9780786002931,,goodreads,skipped,0,0,,0,0,0,0,1,,,data
9132,9780451517708,,goodreads,skipped,0,0,,0,0,0,0,1,,,data
9133,9783888800573,,goodreads,skipped,0,0,,0,0,0,0,1,,,data
9134,9780471178286,,goodreads,skipped,0,0,,0,0,0,0,1,,,data
9135,9783442084968,,goodreads,skipped,0,0,,0,0,0,0,1,,,data
9136,9781588984227,,goodreads,skipped,0,0,,0,0,0,0,1,,,data
9137,9780140464979,,goodreads,skipped,0,0,,0,0,0,0,1,,,data
9138,9780151008063,,goodreads,skipped,0,0,,0,0,0,0,1,,,data
9139,9781562393724,,goodreads,skipped,0,0,,0,0,0,0,1,,,data
9140,9780373034161,,goodreads,skipped,0,0,,0,0,0,0,1,,,data
9141,9780713727784,,goodreads,skipped,0,0,,0,0,0,0,1,,,data
9142,9780800757779,,goodreads,skipped,0,0,,0,0,0,0,1,,,data
9143,9780590466165,,goodreads,skipped,0,0,,0,0,0,0,1,,,data
9144,9783761005835,,goodreads,skipped,0,0,,0,0,0,0,1,,,data
9145,9780060534264,,goodreads,skipped,0,0,,0,0,0,0,1,,,data
9146,9780684818849,,goodreads,skipped,0,0,,0,0,0,0,1,,,data
9147,9781400035007,,goodreads,skipped,0,0,,0,0,0,0,1,,,data
9148,9780679765554,,goodreads,skipped,0,0,,0,0,0,0,1,,,data
9149,9780373077496,,goodreads,skipped,0,0,,0,0,0,0,1,,,data
9150,9780020264859,,goodreads,skipped,0,0,,0,0,0,0,1,,,data
9151,9780373835829,,goodreads,skipped,0,0,,0,0,0,0,1,,,data
9152,9780684813394,,goodreads,skipped,0,0,,0,0,0,0,1,,,data
9153,9780898154139,,goodreads,skipped,0,0,,0,0,0,0,1,,,data
9154,9781931402347,,goodreads,skipped,0,0,,0,0,0,0,1,,,data
9155,9781575000848,,goodreads,skipped,0,0,,0,0,0,0,1,,,data
9156,9781883011543,,goodreads,skipped,0,0,,0,0,0,0,1,,,data
9157,9780446679589,,goodreads,skipped,0,0,,0,0,0,0,1,,,data
9158,9780871138118,,goodreads,skipped,0,0,,0,0,0,0,1,,,data
9159,9788408040231,,goodreads,skipped,0,0,,0,0,0,0,1,,,data
9160,9781565076983,,goodreads,skipped,0,0,,0,0,0,0,1,,,data
9161,9780373836321,,goodreads,skipped,0,0,,0,0,0,0,1,,,data
9162,9780373612567,,goodreads,skipped,0,0,,0,0,0,0,1,,,data
9163,9780141311333,,goodreads,skipped,0,0,,0,0,0,0,1,,,data
9164,9780373079780,,goodreads,skipped,0,0,,0,0,0,0,1,,,data
9165,9780887482847,,goodreads,skipped,0,0,,0,0,0,0,1,,,data
9166,9780452275003,,goodreads,skipped,0,0,,0,0,0,0,1,,,data
9167,9780373612598,,goodreads,skipped,0,0,,0,0,0,0,1,,,data
9168,9780373196234,,goodreads,skipped,0,0,,0,0,0,0,1,,,data
9169,9780802775993,,goodreads,skipped,0,0,,0,0,0,0,1,,,data
9170,9783485003698,,goodreads,skipped,0,0,,0,0,0,0,1,,,data
9171,9780373089673,,goodreads,skipped,0,0,,0,0,0,0,1,,,data
9172,9780373185047,,goodreads,skipped,0,0,,0,0,0,0,1,,,data
9173,9780553441895,,goodreads,skipped,0,0,,0,0,0,0,1,,,data
9174,9780878055876,,goodreads,skipped,0,0,,0,0,0,0,1,,,data
9175,9780879727369,,goodreads,skipped,0,0,,0,0,0,0,1,,,data
9176,9780843931860,,goodreads,skipped,0,0,,0,0,0,0,1,,,data
9177,9780679742135,,goodreads,skipped,0,0,,0,0,0,0,1,,,data
9178,9783548251431,,goodreads,skipped,0,0,,0,0,0,0,1,,,data
9179,9780140062861,,goodreads,skipped,0,0,,0,0,0,0,1,,,data
9180,9780924486319,,goodreads,skipped,0,0,,0,0,0,0,1,,,data
9181,9780787953843,,goodreads,skipped,0,0,,0,0,0,0,1,,,data
9182,9780679507840,,goodreads,skipped,0,0,,0,0,0,0,1,,,data
9183,9781893896215,,goodreads,skipped,0,0,,0,0,0,0,1,,,data
9184,9780440226925,,goodreads,skipped,0,0,,0,0,0,0,1,,,data
9185,9780373691272,,goodreads,skipped,0,0,,0,0,0,0,1,,,data
9186,9780345280206,,goodreads,skipped,0,0,,0,0,0,0,1,,,data
9187,9780060245375,,goodreads,skipped,0,0,,0,0,0,0,1,,,data
9188,9780786862825,,goodreads,skipped,0,0,,0,0,0,0,1,,,data
9189,9780139471285,,goodreads,skipped,0,0,,0,0,0,0,1,,,data
9190,9780373691531,,goodreads,skipped,0,0,,0,0,0,0,1,,,data
9191,9780966431537,,goodreads,skipped,0,0,,0,0,0,0,1,,,data
9192,9780880012638,,goodreads,skipped,0,0,,0,0,0,0,1,,,data
9193,9780373169375,,goodreads,skipped,0,0,,0,0,0,0,1,,,data
9194,9780895990105,,goodreads,skipped,0,0,,0,0,0,0,1,,,data
9195,9780312252687,,goodreads,skipped,0,0,,0,0,0,0,1,,,data
9196,9780807085011,,goodreads,skipped,0,0,,0,0,0,0,1,,,data
9197,9780684800738,,goodreads,skipped,0,0,,0,0,0,0,1,,,data
9198,9780151813902,,goodreads,skipped,0,0,,0,0,0,0,1,,,data
9199,9780671798062,,goodreads,skipped,0,0,,0,0,0,0,1,,,data
9200,9782020220989,,goodreads,skipped,0,0,,0,0,0,0,1,,,data
9201,9781930586161,,goodreads,skipped,0,0,,0,0,0,0,1,,,data
9202,9780373765676,,goodreads,skipped,0,0,,0,0,0,0,1,,,data
9203,9788433969231,,goodreads,skipped,0,0,,0,0,0,0,1,,,data
9204,9783426602362,,goodreads,skipped,0,0,,0,0,0,0,1,,,data
9205,9783423703307,,goodreads,skipped,0,0,,0,0,0,0,1,,,data
9206,9780553801651,,goodreads,skipped,0,0,,0,0,0,0,1,,,data
9207,9781572242876,,goodreads,skipped,0,0,,0,0,0,0,1,,,data
9208,9780061085178,,goodreads,skipped,0,0,,0,0,0,0,1,,,data
9209,9781931742016,,goodreads,skipped,0,0,,0,0,0,0,1,,,data
9210,9780963906540,,goodreads,skipped,0,0,,0,0,0,0,1,,,data
9211,9781900924245,,goodreads,skipped,0,0,,0,0,0,0,1,,,data
9212,9780373096497,,goodreads,skipped,0,0,,0,0,0,0,1,,,data
9213,9780759903869,,goodreads,skipped,0,0,,0,0,0,0,1,,,data
9214,9781591050360,,goodreads,skipped,0,0,,0,0,0,0,1,,,data
9215,9780373095414,,goodreads,skipped,0,0,,0,0,0,0,1,,,data
9216,9780971734500,,goodreads,skipped,0,0,,0,0,0,0,1,,,data
9217,9780373099924,,goodreads,skipped,0,0,,0,0,0,0,1,,,data
9218,9781401033149,,goodreads,skipped,0,0,,0,0,0,0,1,,,data
9219,9780373484607,,goodreads,skipped,0,0,,0,0,0,0,1,,,data
9220,9780595220151,,goodreads,skipped,0,0,,0,0,0,0,1,,,data
9221,9780373098187,,goodreads,skipped,0,0,,0,0,0,0,1,,,data
9222,9780425134764,,goodreads,skipped,0,0,,0,0,0,0,1,,,data
9223,9780806645544,,goodreads,skipped,0,0,,0,0,0,0,1,,,data
9224,9780553380927,,goodreads,skipped,0,0,,0,0,0,0,1,,,data
9225,9789580439110,,goodreads,skipped,0,0,,0,0,0,0,1,,,data
9226,9780373192168,,goodreads,skipped,0,0,,0,0,0,0,1,,,data
9227,9780028740027,,goodreads,skipped,0,0,,0,0,0,0,1,,,data
9228,9780373270606,,goodreads,skipped,0,0,,0,0,0,0,1,,,data
9229,9780373612833,,goodreads,skipped,0,0,,0,0,0,0,1,,,data
9230,9780515071085,,goodreads,skipped,0,0,,0,0,0,0,1,,,data
9231,9780140156805,,goodreads,skipped,0,0,,0,0,0,0,1,,,data
9232,9780061083464,,goodreads,skipped,0,0,,0,0,0,0,1,,,data
9233,9780373612819,,goodreads,skipped,0,0,,0,0,0,0,1,,,data
9234,9780446360104,,goodreads,skipped,0,0,,0,0,0,0,1,,,data
9235,9780373765560,,goodreads,skipped,0,0,,0,0,0,0,1,,,data
9236,9780892961481,,goodreads,skipped,0,0,,0,0,0,0,1,,,data
9237,9780006371649,,goodreads,skipped,0,0,,0,0,0,0,1,,,data
9238,9780345429353,,goodreads,skipped,0,0,,0,0,0,0,1,,,data
9239,9780373320127,,goodreads,partial,6,7,origin,1,2,1,722,3,https://www.goodreads.com/book/show/4962434-castle-malice,,data
9240,9780373765577,,goodreads,partial,6,7,origin,6,4,10,655,3,https://www.goodreads.com/book/show/2452074.Midnight_Seduction,,data
9241,9780312952365,,goodreads,partial,5,7,origin; genres,3,1,0,217,5,https://www.goodreads.com/book/show/10523212-rich-as-sin,,data
9242,9780449216408,,goodreads,partial,6,7,origin,6,30,10,640,2,https://www.goodreads.com/book/show/1417048.A_Trouble_of_Fools,,data
9243,9780373652259,,goodreads,partial,6,7,origin,4,1,3,586,4,https://www.goodreads.com/book/show/2869072-the-cowboy-takes-a-lady,,data
9244,9780688100247,,goodreads,partial,6,7,origin,6,29,10,397,1,https://www.goodreads.com/book/show/4213679-written-in-blood,,data
9245,9780312959401,,goodreads,partial,6,7,origin,3,4,2,209,4,https://www.goodreads.com/book/show/2821719-flower-girls,,data
9246,9780449001820,,goodreads,partial,6,7,origin,6,28,8,892,1,https://www.goodreads.com/book/show/1443709.Betrayed,,data
9247,9780764221231,,goodreads,partial,6,7,origin,6,11,4,233,5,https://www.goodreads.com/book/show/1458126.Grave_Matters,,data
9248,9780373032570,,goodreads,partial,6,7,origin,5,6,1,491,6,https://www.goodreads.com/book/show/11920441-singing-tree,,data
9249,9780373225477,,goodreads,partial,6,7,origin,2,1,1,613,5,https://www.goodreads.com/book/show/6113077-twice-tempted,,data
9250,9780373035847,,goodreads,partial,6,7,origin,6,3,3,591,6,https://www.goodreads.com/book/show/10167327-one-man-to-the-altar,,data
9251,9780140280166,,goodreads,partial,6,7,origin,5,1,1,192,5,https://www.goodreads.com/book/show/713262.Prey_Dancing,,data
9252,9780345433350,,goodreads,partial,6,7,origin,6,28,10,1862,5,https://www.goodreads.com/book/show/3202210-the-china-bride,,data
9253,9780385316989,,goodreads,partial,6,7,origin,6,30,10,1619,4,https://www.goodreads.com/book/show/1843685.Pack_of_Two,,data
9254,9780146000379,,goodreads,partial,6,7,origin,3,20,5,61,5,https://www.goodreads.com/book/show/662869.Four_Essays,,data
9255,9780060809225,,goodreads,partial,6,7,origin,6,30,10,216,4,https://www.goodreads.com/book/show/2091394.No_Way_Out,,data
9256,9780020859703,,goodreads,partial,6,7,origin,6,30,10,421,4,https://www.goodreads.com/book/show/1322545.The_Varieties_of_Religious_Experience,,data
9257,9780749306236,,goodreads,partial,5,7,origin; genres,3,0,0,270,8,https://www.goodreads.com/book/show/8419299-the-gibraltar-factor,,data
9258,9781572971752,,goodreads,partial,5,7,origin; genres,4,1,0,208,7,https://www.goodreads.com/book/show/1570942.Crime_on_Deadline,,data
9259,9780862641986,,goodreads,partial,5,7,origin; genres,2,2,0,139,7,https://www.goodreads.com/book/show/3663451-anyone-seen-harry-lately,,data
9260,9780752903583,,goodreads,partial,6,7,origin,6,3,1,54,6,https://www.goodreads.com/book/show/25291238-trouble,,data
9261,9780821726662,,goodreads,partial,5,7,origin; genres,1,3,0,1035,7,https://www.goodreads.com/book/show/8363618-yankee-mistress,,data
9262,9780007119769,,goodreads,partial,5,7,origin; genres,5,1,0,375,7,https://www.goodreads.com/book/show/3614600-everyone-s-friend-percy,,data
9263,9780743201223,,goodreads,partial,6,7,origin,5,4,1,173,5,https://www.goodreads.com/book/show/1108822.The_Banana_Sculptor_the_Purple_Lady_and_the_All_Night_Swimmer,,data
9264,9780843953015,,goodreads,partial,6,7,origin,6,28,10,529,3,https://www.goodreads.com/book/show/1897897.His_Bonnie_Bride,,data
9265,9780373078844,,goodreads,partial,6,7,origin,6,29,10,495,5,https://www.goodreads.com/book/show/593714.Harvard_s_Education,,data
9266,9780863581618,,goodreads,partial,6,7,origin,5,13,5,923,6,https://www.goodreads.com/book/show/1586043.Constance_Markievicz,,data
9267,9780373261710,,goodreads,partial,6,7,origin,6,4,5,243,5,https://www.goodreads.com/book/show/2280856.Cracking_Open_A_Coffin,,data
9268,9780898150124,,goodreads,partial,5,7,origin; genres,4,1,0,72,9,https://www.goodreads.com/book/show/3912645-finding-facts-fast,,data
9269,9780373261338,,goodreads,partial,6,7,origin,6,11,5,922,5,https://www.goodreads.com/book/show/2224601.Coffin_and_the_Paper_Man,,data
9270,9780385145114,,goodreads,partial,6,7,origin,5,18,6,582,7,https://www.goodreads.com/book/show/11578324-cowgirls,,data
9271,9780785283133,,goodreads,partial,5,7,origin; genres,5,1,0,238,8,https://www.goodreads.com/book/show/3857132-dr-kenneth-h-cooper-s-antioxidant-revolution,,data
9272,9780140282368,,goodreads,partial,6,7,origin,6,4,2,213,6,https://www.goodreads.com/book/show/2910795-blood-acre,,data
9273,9780446343817,,goodreads,partial,6,7,origin,5,7,2,3,7,https://www.goodreads.com/book/show/6667703-solitaire,,data
9274,9780671644666,,goodreads,partial,5,7,origin; genres,1,0,0,47,10,https://www.goodreads.com/book/show/1750927.The_Pulitzer_Prizes_Vol_1_1987,,data
9275,9780373652365,,goodreads,partial,6,7,origin,6,28,7,440,4,https://www.goodreads.com/book/show/2704949-call-me,,data
9276,9788420401553,,goodreads,partial,5,7,origin; genres,3,1,0,774,7,https://www.goodreads.com/book/show/1792991.En_la_distancia,,data
9277,9780373652334,,goodreads,partial,6,7,origin,6,6,2,877,7,https://www.goodreads.com/book/show/2704950-the-water-baby,,data
9278,9788403092907,,goodreads,partial,6,7,origin,6,13,2,1072,5,https://www.goodreads.com/book/show/1925111.Vicki_Sherpa,,data
9279,9780446512541,,goodreads,partial,6,7,origin,6,10,5,381,6,https://www.goodreads.com/book/show/1689472.Ascent_Into_Hell,,data
9280,9780373652228,,goodreads,partial,6,7,origin,5,7,2,9,7,https://www.goodreads.com/book/show/2895050-lone-wolf-s-lady,,data
9281,9780684830353,,goodreads,partial,5,7,origin; genres,5,0,0,397,9,https://www.goodreads.com/book/show/1460785.Thinner_at_Last,,data
9282,9780373652211,,goodreads,partial,5,7,origin; genres,6,2,0,9,8,https://www.goodreads.com/book/show/2884123-the-guardian-s-bride,,data
9283,9783464052198,,goodreads,partial,6,7,origin,6,29,10,31,5,https://www.goodreads.com/book/show/622049.The_Quiet_American_F_r_Die_Sek_Ii_Senior_English_Library,,data
9284,9780233983370,,goodreads,partial,6,7,origin,2,0,1,47,8,https://www.goodreads.com/book/show/3471562-colemanballs,,data
9285,9783442150045,,goodreads,partial,6,7,origin,6,30,10,655,4,https://www.goodreads.com/book/show/1972252.Titanic_Wie_ich_den_Untergang_berlebte,,data
9286,9780671735319,,goodreads,partial,6,7,origin,6,6,5,330,5,https://www.goodreads.com/book/show/1856734.Bone_Idle,,data
9287,9780373287741,,goodreads,partial,6,7,origin,3,1,3,542,6,https://www.goodreads.com/book/show/2844191-spindrift,,data
9288,9783404143085,,goodreads,partial,6,7,origin,6,27,10,52,4,https://www.goodreads.com/book/show/3154186-spione-in-uniform,,data
9289,9780446512657,,goodreads,partial,6,7,origin,6,5,4,198,6,https://www.goodreads.com/book/show/7869506-the-final-planet,,data
9290,9780373163502,,goodreads,partial,5,7,origin; genres,2,0,0,461,8,https://www.goodreads.com/book/show/8071672-a-man-for-maggie,,data
9291,9783423127028,,goodreads,partial,6,7,origin,6,29,6,906,4,https://www.goodreads.com/book/show/301976.Simple_Storys,,data
9292,9780373078189,,goodreads,partial,6,7,origin,3,9,4,98,5,https://www.goodreads.com/book/show/339593.Wife_Mother_Lover_,,data
9293,9783257700510,,goodreads,partial,6,7,origin,6,30,10,501,4,https://www.goodreads.com/book/show/3073399-ber-die-pflicht-zum-ungehorsam-gegen-den-staat,,data
9294,9780583134088,,goodreads,partial,5,7,origin; genres,2,1,0,47,9,https://www.goodreads.com/book/show/4888162-the-vanishing-land,,data
9295,9780373311330,,goodreads,partial,6,7,origin,2,3,7,677,5,https://www.goodreads.com/book/show/2482947.Sussex_Summer,,data
9296,9781565970441,,goodreads,partial,5,7,origin; genres,1,2,0,1206,7,https://www.goodreads.com/book/show/1996595.To_Love_a_Stranger,,data
9297,9781841071220,,goodreads,partial,6,7,origin,4,6,1,189,6,https://www.goodreads.com/book/show/308486.Charles_Rennie_Mackintosh,,data
9298,9780380727742,,goodreads,partial,6,7,origin,4,1,2,876,5,https://www.goodreads.com/book/show/107757.Carried_Away,,data
9299,9780349120768,,goodreads,partial,6,7,origin,6,29,10,714,4,https://www.goodreads.com/book/show/2303763.Time_after_Time,,data
9300,9780393313673,,goodreads,partial,6,7,origin,6,30,10,298,6,https://www.goodreads.com/book/show/728610.The_Arabian_Nights,,data
9301,9780711709843,,goodreads,partial,5,7,origin; genres,1,0,0,41,8,https://www.goodreads.com/book/show/6931490-a-little-book-of-wit,,data
9302,9780060973759,,goodreads,partial,6,7,origin,6,29,10,169,4,https://www.goodreads.com/book/show/112775.The_Tao_of_Inner_Peace,,data
9303,9780380783045,,goodreads,partial,5,7,origin; genres,1,0,0,1419,8,https://www.goodreads.com/book/show/2386780.Melatonin,,data
9304,9781860195587,,goodreads,partial,5,7,origin; genres,1,0,0,26,8,https://www.goodreads.com/book/show/2785099-the-funny-book-of-school,,data
9305,9780373078721,,goodreads,skipped,0,0,,0,0,0,0,1,,,data
9306,9780747557760,,goodreads,partial,6,7,origin,6,30,4,530,4,https://www.goodreads.com/book/show/912274.The_Only_Boy_for_Me,,data
9307,9780743214629,,goodreads,partial,6,7,origin,6,30,10,322,5,https://www.goodreads.com/book/show/2661545-seaflower,,data
9308,9780399136719,,goodreads,partial,6,7,origin,6,29,10,379,4,https://www.goodreads.com/book/show/3657537-line-of-fire,,data
9309,9780373258901,,goodreads,partial,6,7,origin,6,29,10,848,5,https://www.goodreads.com/book/show/806584.Morgan,,data
9310,9780783801407,,goodreads,partial,6,7,origin,6,28,10,275,4,https://www.goodreads.com/book/show/1284121.The_Investigators,,data
9311,9780732910303,,goodreads,partial,5,7,origin; language,5,11,1,1110,7,https://www.goodreads.com/book/show/3625477-the-forgotten-sea,,data
9312,9780333989197,,goodreads,partial,6,7,origin,6,26,4,666,5,https://www.goodreads.com/book/show/7933402-the-nightspinners,,data
9313,9780345361585,,goodreads,partial,6,7,origin,6,29,6,619,5,https://www.goodreads.com/book/show/2716561-a-really-cute-corpse,,data
9314,9780821772188,,goodreads,partial,6,7,origin,3,8,6,1205,6,https://www.goodreads.com/book/show/1064460.The_Irish_Knight,,data
9315,9780671033255,,goodreads,partial,6,7,origin,6,7,3,242,6,https://www.goodreads.com/book/show/2189281.Faceless_Strangers,,data
9316,9781569752982,,goodreads,partial,6,7,origin,6,29,10,648,3,https://www.goodreads.com/book/show/1816452.What_Would_Buddha_Do_,,data
9317,9780719560286,,goodreads,partial,6,7,origin,2,0,2,66,6,https://www.goodreads.com/book/show/396066.Brothel_in_Pimlico,,data
9318,9780821763100,,goodreads,partial,6,7,origin,3,26,9,255,3,https://www.goodreads.com/book/show/3810296-untamed,,data
9319,9781857926811,,goodreads,partial,5,7,origin; genres,1,0,0,47,9,https://www.goodreads.com/book/show/5716517-angels-surround-us,,data
9320,9780373222339,,goodreads,partial,6,7,origin,3,1,2,766,6,https://www.goodreads.com/book/show/1936804.Cradle_and_All,,data
9321,9780708823200,,goodreads,partial,6,7,origin,6,5,1,25,5,https://www.goodreads.com/book/show/1125270.Innocent_voices_in_my_ear,,data
9322,9780446606936,,goodreads,partial,6,7,origin,6,27,10,366,3,https://www.goodreads.com/book/show/889613.Golden_Girl,,data
9323,9780340822487,,goodreads,partial,6,7,origin,6,29,10,340,5,https://www.goodreads.com/book/show/2221066.China_Lake,,data
9324,9780345406248,,goodreads,partial,6,7,origin,6,18,7,1528,5,https://www.goodreads.com/book/show/43820.The_Witches_Companion,,data
9325,9780671511487,,goodreads,partial,6,7,origin,6,11,2,202,6,https://www.goodreads.com/book/show/2216199.The_Ruthless_Realtor_Murders,,data
9326,9780132963930,,goodreads,partial,6,7,origin,6,22,10,984,6,https://www.goodreads.com/book/show/2972152-exploring-corporate-strategy,,data
9327,9780762104208,,goodreads,partial,6,7,origin,6,28,10,300,3,https://www.goodreads.com/book/show/34224.New_Complete_Guide_to_Sewing,,data
9328,9780374399740,,goodreads,partial,6,7,origin,6,12,3,1340,5,https://www.goodreads.com/book/show/2200949.The_Lion_s_Share,,data
9329,9780333387658,,goodreads,partial,5,7,origin; genres,2,0,0,368,8,https://www.goodreads.com/book/show/2410639.Strategic_Management,,data
9330,9780380765256,,goodreads,partial,6,7,origin,2,2,1,193,5,https://www.goodreads.com/book/show/1924088.Killer_on_Campus,,data
9331,9781555137687,,goodreads,partial,6,7,origin,2,3,2,96,5,https://www.goodreads.com/book/show/658433.Grapefruit_Basket_Upset,,data
9332,9780029253601,,goodreads,partial,6,7,origin,6,30,10,1854,4,https://www.goodreads.com/book/show/1826180.Competitive_Strategy,,data
9333,9780553480382,,goodreads,partial,6,7,origin,3,2,4,87,5,https://www.goodreads.com/book/show/588178.Sara_s_Homecoming,,data
9334,9780600420378,,goodreads,partial,5,7,origin; genres,4,1,0,23,7,https://www.goodreads.com/book/show/6922794-newnes-complete-needlecraft,,data
9335,9780449233931,,goodreads,partial,6,7,origin,5,16,6,75,5,https://www.goodreads.com/book/show/1801075.Hauntings,,data
9336,9780807554104,,goodreads,partial,6,7,origin,6,20,6,244,7,https://www.goodreads.com/book/show/53492011-the-mystery-in-washington-d-c,,data
9337,9780821769911,,goodreads,skipped,0,0,,0,0,0,0,1,,,data
9338,9780373614585,,goodreads,skipped,0,0,,0,0,0,0,1,,,data
9339,9780718137533,,goodreads,skipped,0,0,,0,0,0,0,1,,,data
9340,9780340654491,,goodreads,skipped,0,0,,0,0,0,0,1,,,data
9341,9780590569002,,goodreads,skipped,0,0,,0,0,0,0,1,,,data
9342,9780136585015,,goodreads,skipped,0,0,,0,0,0,0,1,,,data
9343,9780812503753,,goodreads,skipped,0,0,,0,0,0,0,1,,,data
9344,9780385298926,,goodreads,skipped,0,0,,0,0,0,0,1,,,data
9345,9780590453752,,goodreads,skipped,0,0,,0,0,0,0,1,,,data
9346,9780373833986,,goodreads,skipped,0,0,,0,0,0,0,1,,,data
9347,9780356142302,,goodreads,skipped,0,0,,0,0,0,0,1,,,data
9348,9780590475358,,goodreads,skipped,0,0,,0,0,0,0,1,,,data
9349,9780373059690,,goodreads,skipped,0,0,,0,0,0,0,1,,,data
9350,9781850292463,,goodreads,skipped,0,0,,0,0,0,0,1,,,data
9351,9780932592156,,goodreads,skipped,0,0,,0,0,0,0,1,,,data
9352,9780816708208,,goodreads,skipped,0,0,,0,0,0,0,1,,,data
9353,9780855337193,,goodreads,skipped,0,0,,0,0,0,0,1,,,data
9354,9780373611515,,goodreads,skipped,0,0,,0,0,0,0,1,,,data
9355,9780879056308,,goodreads,skipped,0,0,,0,0,0,0,1,,,data
9356,9780452261594,,goodreads,skipped,0,0,,0,0,0,0,1,,,data
9357,9780590469388,,goodreads,skipped,0,0,,0,0,0,0,1,,,data
9358,9780373484522,,goodreads,skipped,0,0,,0,0,0,0,1,,,data
9359,9780582025035,,goodreads,skipped,0,0,,0,0,0,0,1,,,data
9360,9780553404845,,goodreads,skipped,0,0,,0,0,0,0,1,,,data
9361,9780684195650,,goodreads,skipped,0,0,,0,0,0,0,1,,,data
9362,9780276423918,,goodreads,skipped,0,0,,0,0,0,0,1,,,data
9363,9780345381736,,goodreads,skipped,0,0,,0,0,0,0,1,,,data
9364,9780380977352,,goodreads,skipped,0,0,,0,0,0,0,1,,,data
9365,9780851214900,,goodreads,skipped,0,0,,0,0,0,0,1,,,data
9366,9780061082580,,goodreads,skipped,0,0,,0,0,0,0,1,,,data
9367,9780174481218,,goodreads,skipped,0,0,,0,0,0,0,1,,,data
9368,9780130693280,,goodreads,skipped,0,0,,0,0,0,0,1,,,data
9369,9780449150481,,goodreads,skipped,0,0,,0,0,0,0,1,,,data
9370,9780741404671,,goodreads,skipped,0,0,,0,0,0,0,1,,,data
9371,9780449148907,,goodreads,skipped,0,0,,0,0,0,0,1,,,data
9372,9780759660120,,goodreads,skipped,0,0,,0,0,0,0,1,,,data
9373,9780553228557,,goodreads,skipped,0,0,,0,0,0,0,1,,,data
9374,9780080066165,,goodreads,skipped,0,0,,0,0,0,0,1,,,data
9375,9780312917401,,goodreads,skipped,0,0,,0,0,0,0,1,,,data
9376,9780741413178,,goodreads,skipped,0,0,,0,0,0,0,1,,,data
9377,9780812516791,,goodreads,skipped,0,0,,0,0,0,0,1,,,data
9378,9780140444889,,goodreads,skipped,0,0,,0,0,0,0,1,,,data
9379,9780486203263,,goodreads,skipped,0,0,,0,0,0,0,1,,,data
9380,9780821732687,,goodreads,skipped,0,0,,0,0,0,0,1,,,data
9381,9780312965549,,goodreads,skipped,0,0,,0,0,0,0,1,,,data
9382,9780273030690,,goodreads,skipped,0,0,,0,0,0,0,1,,,data
9383,9780451184764,,goodreads,skipped,0,0,,0,0,0,0,1,,,data
9384,9780140233940,,goodreads,skipped,0,0,,0,0,0,0,1,,,data
9385,9781850521693,,goodreads,skipped,0,0,,0,0,0,0,1,,,data
9386,9780714527338,,goodreads,skipped,0,0,,0,0,0,0,1,,,data
9387,9780312014551,,goodreads,skipped,0,0,,0,0,0,0,1,,,data
9388,9780843943221,,goodreads,skipped,0,0,,0,0,0,0,1,,,data
9389,9780440405825,,goodreads,skipped,0,0,,0,0,0,0,1,,,data
9390,9780312977658,,goodreads,skipped,0,0,,0,0,0,0,1,,,data
9391,9780030000935,,goodreads,skipped,0,0,,0,0,0,0,1,,,data
9392,9781856191593,,goodreads,skipped,0,0,,0,0,0,0,1,,,data
9393,9780451211439,,goodreads,skipped,0,0,,0,0,0,0,1,,,data
9394,9780333409305,,goodreads,skipped,0,0,,0,0,0,0,1,,,data
9395,9780897331715,,goodreads,partial,6,7,origin,6,4,1,372,6,https://www.goodreads.com/book/show/4884267-come-and-be-killed,,data
9396,9780571056798,,goodreads,partial,6,7,origin,6,30,10,562,5,https://www.goodreads.com/book/show/856532.Justine,,data
9397,9780852923870,,goodreads,partial,5,7,origin; genres,1,0,0,47,11,https://www.goodreads.com/book/show/5040783-personnel-in-context,,data
9398,9780140053296,,goodreads,partial,6,7,origin,1,3,1,76,6,https://www.goodreads.com/book/show/4439772-dead-to-rites,,data
9399,9780441005024,,goodreads,partial,6,7,origin,6,30,10,222,4,https://www.goodreads.com/book/show/1148968.Dragon_s_winter,,data
9400,9780718131791,,goodreads,partial,6,7,origin,6,30,10,732,4,https://www.goodreads.com/book/show/1819370.The_Edge,,data
9401,9780679433491,,goodreads,partial,6,7,origin,6,29,10,247,5,https://www.goodreads.com/book/show/2443220.Dead_Lagoon,,data
9402,9780689121326,,goodreads,partial,6,7,origin,2,0,1,263,8,https://www.goodreads.com/book/show/4566219-infra-dig,,data
9403,9780903505215,,goodreads,partial,6,7,origin,5,1,2,232,5,https://www.goodreads.com/book/show/746542.The_Indoor_Plant_Spotter,,data
9404,9780903505130,,goodreads,partial,6,7,origin,6,30,8,134,1,https://www.goodreads.com/book/show/2883546-the-house-plant-expert,,data
9405,9780316319362,,goodreads,partial,5,7,origin; genres,2,3,0,19,5,https://www.goodreads.com/book/show/6948175-mothers,,data
9406,9780892966561,,goodreads,partial,6,7,origin,6,30,10,654,2,https://www.goodreads.com/book/show/2281607.Storm_Track,,data
9407,9780684845630,,goodreads,partial,6,7,origin,6,25,7,1633,1,https://www.goodreads.com/book/show/2795360-murder-maggody-com,,data
9408,9780140227437,,goodreads,partial,5,7,origin; genres,1,0,0,84,7,https://www.goodreads.com/book/show/24873398-understanding-the-british,,data
9409,9780385312240,,goodreads,partial,6,7,origin,5,29,6,814,1,https://www.goodreads.com/book/show/3771048-the-blue-corn-murders,,data
9410,9780582297166,,goodreads,partial,5,7,origin; genres,1,0,0,47,8,https://www.goodreads.com/book/show/1730979.The_European_Community,,data
9411,9780935091007,,goodreads,partial,5,7,origin; genres,1,0,0,47,7,https://www.goodreads.com/book/show/5488528-graduated-training,,data
9412,9780882668697,,goodreads,partial,5,7,origin; genres,2,0,0,93,7,https://www.goodreads.com/book/show/1000219.Baby_Safe_Houseplants_Cut_Flowers,,data
9413,9783785533956,,goodreads,partial,6,7,origin,6,16,6,384,4,https://www.goodreads.com/book/show/3153.Cindy_macht_ihren_Weg,,data
9414,9780004123943,,goodreads,partial,5,7,origin; genres,1,1,0,40,6,https://www.goodreads.com/book/show/112083675-cacti-and-succulents,,data
9415,9780684184869,,goodreads,partial,6,7,origin,5,3,2,192,4,https://www.goodreads.com/book/show/3913584-tickled-to-death,,data
9416,9781551669687,,goodreads,partial,6,7,origin,6,28,10,804,2,https://www.goodreads.com/book/show/602030.Butterfly,,data
9417,9780140181876,,goodreads,partial,6,7,origin,6,30,10,444,3,https://www.goodreads.com/book/show/1226460.The_Home_and_the_World,,data
9418,9780435905323,,goodreads,partial,6,7,origin,6,30,10,831,2,https://www.goodreads.com/book/show/387509.Houseboy,,data
9419,9780739405338,,goodreads,partial,6,7,origin,6,29,10,1007,2,https://www.goodreads.com/book/show/2825529-the-alibi,,data
9420,9781899606207,,goodreads,partial,5,7,origin; genres,1,0,0,71,6,https://www.goodreads.com/book/show/12265858-the-bumper-book-of-babies-names,,data
9421,9780198662518,,goodreads,partial,5,7,origin; genres,4,0,0,356,6,https://www.goodreads.com/book/show/22935356-babies-names,,data
9422,9780670827756,,goodreads,partial,5,7,origin; genres,5,0,0,200,7,https://www.goodreads.com/book/show/3990423-the-eye-of-the-beholder,,data
9423,9780671019853,,goodreads,partial,6,7,origin,6,30,10,333,2,https://www.goodreads.com/book/show/6639794-white-butterfly,,data
9424,9780450542657,,goodreads,partial,5,7,origin; genres,2,0,0,142,6,https://www.goodreads.com/book/show/18338234-a-midsummer-killing,,data
9425,9780805209013,,goodreads,partial,6,7,origin,6,4,6,222,4,https://www.goodreads.com/book/show/1079244.The_New_Yorker_Book_of_War_Pieces,,data
9426,9780345375452,,goodreads,partial,6,7,origin,6,6,3,634,3,https://www.goodreads.com/book/show/2029178.Heroes_of_WW_II,,data
9427,9780804105651,,goodreads,partial,6,7,origin,6,10,5,829,3,https://www.goodreads.com/book/show/222372.Rangers_in_World_War_II,,data
9428,9780373292837,,goodreads,skipped,0,0,,0,0,0,0,1,,,data
9429,9780425101735,,goodreads,skipped,0,0,,0,0,0,0,1,,,data
9430,9780471291077,,goodreads,skipped,0,0,,0,0,0,0,1,,,data
9431,9780786226443,,goodreads,skipped,0,0,,0,0,0,0,1,,,data
9432,9780671468101,,goodreads,skipped,0,0,,0,0,0,0,1,,,data
9433,9780345284938,,goodreads,skipped,0,0,,0,0,0,0,1,,,data
9434,9780679803355,,goodreads,skipped,0,0,,0,0,0,0,1,,,data
9435,9780340785416,,goodreads,skipped,0,0,,0,0,0,0,1,,,data
9436,9781574534146,,goodreads,skipped,0,0,,0,0,0,0,1,,,data
9437,9780843922905,,goodreads,skipped,0,0,,0,0,0,0,1,,,data
9438,9780721404134,,goodreads,partial,5,7,origin; language,1,0,3,93,5,https://www.goodreads.com/book/show/6782852-cooking-with-mother,,data
9439,9780747536482,,goodreads,partial,6,7,origin,6,29,6,90,1,https://www.goodreads.com/book/show/659728.The_Best_Friends_Guide_to_Surviving_the_First_Year_of_Motherhood,,data
9440,9780812540390,,goodreads,skipped,0,0,,0,0,0,0,1,,,data
9441,9780866225069,,goodreads,skipped,0,0,,0,0,0,0,1,,,data
9442,9780380768653,,goodreads,skipped,0,0,,0,0,0,0,1,,,data
9443,9780765306937,,goodreads,skipped,0,0,,0,0,0,0,1,,,data
9444,9780352333575,,goodreads,skipped,0,0,,0,0,0,0,1,,,data
9445,9780821724507,,goodreads,skipped,0,0,,0,0,0,0,1,,,data
9446,9780843947380,,goodreads,skipped,0,0,,0,0,0,0,1,,,data
9447,9780151555567,,goodreads,skipped,0,0,,0,0,0,0,1,,,data
9448,9780500274057,,goodreads,skipped,0,0,,0,0,0,0,1,,,data
9449,9780373218363,,goodreads,skipped,0,0,,0,0,0,0,1,,,data
9450,9781860495342,,goodreads,skipped,0,0,,0,0,0,0,1,,,data
9451,9780688080938,,goodreads,skipped,0,0,,0,0,0,0,1,,,data
9452,9780722149706,,goodreads,skipped,0,0,,0,0,0,0,1,,,data
9453,9780894717833,,goodreads,skipped,0,0,,0,0,0,0,1,,,data
9454,9780521827751,,goodreads,skipped,0,0,,0,0,0,0,1,,,data
9455,9780061053955,,goodreads,skipped,0,0,,0,0,0,0,1,,,data
9456,9780821731413,,goodreads,skipped,0,0,,0,0,0,0,1,,,data
9457,9780373201853,,goodreads,partial,6,7,origin,4,3,2,268,3,https://www.goodreads.com/book/show/2089245.In_The_Beginning,,data
9458,9780446404181,,goodreads,partial,6,7,origin,6,30,8,538,1,https://www.goodreads.com/book/show/537286.Baby_Doll_Games,,data
9459,9780671042530,,goodreads,partial,6,7,origin,6,28,10,300,2,https://www.goodreads.com/book/show/74014.Don_t_Look_Now,,data
9460,9780743412803,,goodreads,partial,6,7,origin,6,30,10,885,1,https://www.goodreads.com/book/show/12843.The_Wheel_of_Time,,data
9461,9780373259373,,goodreads,partial,6,7,origin,4,2,2,96,4,https://www.goodreads.com/book/show/1801408.Never_Say_Never_Again,,data
9462,9780373762163,,goodreads,partial,6,7,origin,6,12,6,89,4,https://www.goodreads.com/book/show/1806729.Having_His_Baby,,data
9463,9780373057115,,goodreads,partial,6,7,origin,4,2,1,92,4,https://www.goodreads.com/book/show/652803.Talk_of_the_Town,,data
9464,9780862411794,,goodreads,partial,6,7,origin,6,30,10,256,2,https://www.goodreads.com/book/show/1203812.Sunset_Song,,data
9465,9780425082706,,goodreads,partial,6,7,origin,6,13,2,176,4,https://www.goodreads.com/book/show/1852716.Ohio_Town,,data
9466,9780373078776,,goodreads,partial,6,7,origin,5,7,2,90,4,https://www.goodreads.com/book/show/1437612.Lone_Wolf_s_Lady,,data
9467,9780380725731,,goodreads,partial,6,7,origin,6,28,7,255,1,https://www.goodreads.com/book/show/1830354.A_Fine_Place_for_Death,,data
9468,9780373046591,,goodreads,partial,6,7,origin,3,12,5,475,4,https://www.goodreads.com/book/show/652813.Defending_His_Own,,data
9469,9780571172078,,goodreads,partial,6,7,origin,5,17,1,771,3,https://www.goodreads.com/book/show/1596487.Emergency_Kit,,data
9470,9780373272174,,goodreads,partial,6,7,origin,6,1,1,600,3,https://www.goodreads.com/book/show/724364.His_Father_s_Son,,data
9471,9783442425556,,goodreads,partial,5,7,origin; genres,6,1,0,1610,5,https://www.goodreads.com/book/show/1579680.Babylon,,data
9472,9781860495052,,goodreads,partial,6,7,origin,6,26,8,858,1,https://www.goodreads.com/book/show/28778.Eating_Fire_,,data
9473,9780312181680,,goodreads,partial,6,7,origin,5,25,6,1173,1,https://www.goodreads.com/book/show/522969.Murder_in_the_Map_Room,,data
9474,9780373075690,,goodreads,partial,6,7,origin,1,1,1,680,3,https://www.goodreads.com/book/show/11521542-suspect,,data
9475,9783499110573,,goodreads,partial,6,7,origin,6,26,10,92,2,https://www.goodreads.com/book/show/1490739.Wolf_unter_W_lfen,,data
9476,9780812565287,,goodreads,partial,5,7,origin; genres,4,8,0,1091,5,https://www.goodreads.com/book/show/2649625-witness-for-the-dead,,data
9477,9780112904199,,goodreads,partial,5,7,origin; genres,1,0,0,109,6,https://www.goodreads.com/book/show/3822411-stage-by-stage,,data
9478,9780553445732,,goodreads,partial,6,7,origin,4,23,8,651,3,https://www.goodreads.com/book/show/3021564-too-close-for-comfort,,data
9479,9780553283150,,goodreads,partial,6,7,origin,6,29,10,692,2,https://www.goodreads.com/book/show/1335267.The_Last_Silk_Dress,,data
9480,9780553445749,,goodreads,partial,6,7,origin,6,30,10,185,1,https://www.goodreads.com/book/show/3527715-almost-a-family,,data
9481,9780553219944,,goodreads,partial,6,7,origin,4,0,1,988,4,https://www.goodreads.com/book/show/8049181-any-thursday,,data
9482,9780748662272,,goodreads,partial,5,7,origin; genres,1,0,0,112,7,https://www.goodreads.com/book/show/1735702.Aotromachd_agus_d_in_eile_Lightness_and_Other_Poems,,data
9483,9780969428763,,goodreads,partial,5,7,origin; genres,1,0,0,7,7,https://www.goodreads.com/book/show/5725956-what-the-heck-is-a-grape-nut,,data
9484,9781852243395,,goodreads,partial,5,7,origin; genres,2,0,0,652,6,https://www.goodreads.com/book/show/339495.Histories_of_Desire,,data
9485,9783257215403,,goodreads,partial,6,7,origin,6,28,10,601,1,https://www.goodreads.com/book/show/51912649-justiz,,data
9486,9780804102841,,goodreads,skipped,0,0,,0,0,0,0,1,,,data
9487,9780060926915,,goodreads,skipped,0,0,,0,0,0,0,1,,,data
9488,9780786702596,,goodreads,skipped,0,0,,0,0,0,0,1,,,data
9489,9780517705865,,goodreads,skipped,0,0,,0,0,0,0,1,,,data
9490,9780553061741,,goodreads,skipped,0,0,,0,0,0,0,1,,,data
9491,9780224050180,,goodreads,skipped,0,0,,0,0,0,0,1,,,data
9492,9781893896109,,goodreads,skipped,0,0,,0,0,0,0,1,,,data
9493,9780933377332,,goodreads,skipped,0,0,,0,0,0,0,1,,,data
9494,9780688143121,,goodreads,skipped,0,0,,0,0,0,0,1,,,data
9495,9780802079527,,goodreads,skipped,0,0,,0,0,0,0,1,,,data
9496,9783518398906,,goodreads,skipped,0,0,,0,0,0,0,1,,,data
9497,9780373273263,,goodreads,skipped,0,0,,0,0,0,0,1,,,data
9498,9780345314307,,goodreads,skipped,0,0,,0,0,0,0,1,,,data
9499,9780312152345,,goodreads,skipped,0,0,,0,0,0,0,1,,,data
9500,9780451122667,,goodreads,skipped,0,0,,0,0,0,0,1,,,data
9501,9780679448587,,goodreads,skipped,0,0,,0,0,0,0,1,,,data
9502,9780373242276,,goodreads,skipped,0,0,,0,0,0,0,1,,,data
9503,9780805058369,,goodreads,skipped,0,0,,0,0,0,0,1,,,data
9504,9780373241712,,goodreads,skipped,0,0,,0,0,0,0,1,,,data
9505,9780440983750,,goodreads,skipped,0,0,,0,0,0,0,1,,,data
9506,9780373094233,,goodreads,skipped,0,0,,0,0,0,0,1,,,data
9507,9780373270620,,goodreads,skipped,0,0,,0,0,0,0,1,,,data
9508,9780373059430,,goodreads,skipped,0,0,,0,0,0,0,1,,,data
9509,9780373195909,,goodreads,skipped,0,0,,0,0,0,0,1,,,data
9510,9780553294583,,goodreads,skipped,0,0,,0,0,0,0,1,,,data
9511,9781853261534,,goodreads,skipped,0,0,,0,0,0,0,1,,,data
9512,9780060972882,,goodreads,skipped,0,0,,0,0,0,0,1,,,data
9513,9781899791378,,goodreads,skipped,0,0,,0,0,0,0,1,,,data
9514,9780062592378,,goodreads,skipped,0,0,,0,0,0,0,1,,,data
9515,9780830813780,,goodreads,skipped,0,0,,0,0,0,0,1,,,data
9516,9780425053508,,goodreads,skipped,0,0,,0,0,0,0,1,,,data
9517,9780802809704,,goodreads,skipped,0,0,,0,0,0,0,1,,,data
9518,9780393318555,,goodreads,skipped,0,0,,0,0,0,0,1,,,data
9519,9780830819799,,goodreads,skipped,0,0,,0,0,0,0,1,,,data
9520,9780749918514,,goodreads,skipped,0,0,,0,0,0,0,1,,,data
9521,9781565122031,,goodreads,skipped,0,0,,0,0,0,0,1,,,data
9522,9780553146509,,goodreads,skipped,0,0,,0,0,0,0,1,,,data
9523,9780373032778,,goodreads,skipped,0,0,,0,0,0,0,1,,,data
9524,9780914101024,,goodreads,skipped,0,0,,0,0,0,0,1,,,data
9525,9780373764099,,goodreads,skipped,0,0,,0,0,0,0,1,,,data
9526,9781857026740,,goodreads,skipped,0,0,,0,0,0,0,1,,,data
9527,9780373151547,,goodreads,skipped,0,0,,0,0,0,0,1,,,data
9528,9780373258833,,goodreads,skipped,0,0,,0,0,0,0,1,,,data
9529,9780749931483,,goodreads,skipped,0,0,,0,0,0,0,1,,,data
9531,9780352324344,,goodreads,skipped,0,0,,0,0,0,0,1,,,data
9532,9780752261942,,goodreads,skipped,0,0,,0,0,0,0,1,,,data
9533,9780679745358,,goodreads,skipped,0,0,,0,0,0,0,1,,,data
9534,9780385318730,,goodreads,skipped,0,0,,0,0,0,0,1,,,data
9535,9780586087862,,goodreads,skipped,0,0,,0,0,0,0,1,,,data
9536,9781558175600,,goodreads,skipped,0,0,,0,0,0,0,1,,,data
9537,9780671735814,,goodreads,skipped,0,0,,0,0,0,0,1,,,data
9538,9780380548743,,goodreads,skipped,0,0,,0,0,0,0,1,,,data
9539,9780713632316,,goodreads,skipped,0,0,,0,0,0,0,1,,,data
9540,9780373440313,,goodreads,skipped,0,0,,0,0,0,0,1,,,data
9541,9780895262370,,goodreads,skipped,0,0,,0,0,0,0,1,,,data
9542,9780812554625,,goodreads,skipped,0,0,,0,0,0,0,1,,,data
9543,9780312968106,,goodreads,skipped,0,0,,0,0,0,0,1,,,data
9544,9780445206182,,goodreads,skipped,0,0,,0,0,0,0,1,,,data
9545,9781587541162,,goodreads,skipped,0,0,,0,0,0,0,1,,,data
9546,9780312951580,,goodreads,skipped,0,0,,0,0,0,0,1,,,data
9547,9780671653514,,goodreads,skipped,0,0,,0,0,0,0,1,,,data
9548,9780373762095,,goodreads,skipped,0,0,,0,0,0,0,1,,,data
9549,9780553289862,,goodreads,skipped,0,0,,0,0,0,0,1,,,data
9550,9780425031742,,goodreads,skipped,0,0,,0,0,0,0,1,,,data
9551,9780452264076,,goodreads,skipped,0,0,,0,0,0,0,1,,,data
9552,9781560728917,,goodreads,skipped,0,0,,0,0,0,0,1,,,data
9553,9780553259919,,goodreads,skipped,0,0,,0,0,0,0,1,,,data
9554,9780385069502,,goodreads,skipped,0,0,,0,0,0,0,1,,,data
9555,9780345343345,,goodreads,skipped,0,0,,0,0,0,0,1,,,data
9556,9780821737422,,goodreads,skipped,0,0,,0,0,0,0,1,,,data
9557,9780380798858,,goodreads,skipped,0,0,,0,0,0,0,1,,,data
9558,9780553230574,,goodreads,skipped,0,0,,0,0,0,0,1,,,data
9559,9780758205957,,goodreads,skipped,0,0,,0,0,0,0,1,,,data
9560,9781895688597,,goodreads,skipped,0,0,,0,0,0,0,1,,,data
9561,9780373079148,,goodreads,skipped,0,0,,0,0,0,0,1,,,data
9562,9780446692465,,goodreads,skipped,0,0,,0,0,0,0,1,,,data
9563,9780380897100,,goodreads,skipped,0,0,,0,0,0,0,1,,,data
9564,9780393313611,,goodreads,skipped,0,0,,0,0,0,0,1,,,data
9565,9780441071814,,goodreads,skipped,0,0,,0,0,0,0,1,,,data
9566,9780373258796,,goodreads,skipped,0,0,,0,0,0,0,1,,,data
9567,9783548254074,,goodreads,skipped,0,0,,0,0,0,0,1,,,data
9568,9781559720373,,goodreads,skipped,0,0,,0,0,0,0,1,,,data
9569,9780821762936,,goodreads,skipped,0,0,,0,0,0,0,1,,,data
9570,9780446314213,,goodreads,skipped,0,0,,0,0,0,0,1,,,data
9571,9780373520718,,goodreads,skipped,0,0,,0,0,0,0,1,,,data
9572,9780345012517,,goodreads,skipped,0,0,,0,0,0,0,1,,,data
9573,9780373765775,,goodreads,skipped,0,0,,0,0,0,0,1,,,data
9574,9780373765553,,goodreads,skipped,0,0,,0,0,0,0,1,,,data
9575,9780821745854,,goodreads,skipped,0,0,,0,0,0,0,1,,,data
9576,9780671501143,,goodreads,skipped,0,0,,0,0,0,0,1,,,data
9577,9780821753101,,goodreads,skipped,0,0,,0,0,0,0,1,,,data
9578,9780374132774,,goodreads,skipped,0,0,,0,0,0,0,1,,,data
9579,9780425194188,,goodreads,skipped,0,0,,0,0,0,0,1,,,data
9580,9780689317460,,goodreads,skipped,0,0,,0,0,0,0,1,,,data
9581,9780373292660,,goodreads,skipped,0,0,,0,0,0,0,1,,,data
9582,9788484370048,,goodreads,skipped,0,0,,0,0,0,0,1,,,data
9583,9780373484768,,goodreads,skipped,0,0,,0,0,0,0,1,,,data
9584,9780380770229,,goodreads,skipped,0,0,,0,0,0,0,1,,,data
9585,9780373242146,,goodreads,skipped,0,0,,0,0,0,0,1,,,data
9586,9780449146538,,goodreads,skipped,0,0,,0,0,0,0,1,,,data
9587,9780449220573,,goodreads,skipped,0,0,,0,0,0,0,1,,,data
9588,9788320530711,,goodreads,skipped,0,0,,0,0,0,0,1,,,data
9589,9780373272259,,goodreads,skipped,0,0,,0,0,0,0,1,,,data
9590,9780380815524,,goodreads,skipped,0,0,,0,0,0,0,1,,,data
9591,9780449148525,,goodreads,skipped,0,0,,0,0,0,0,1,,,data
9592,9780743208031,,goodreads,skipped,0,0,,0,0,0,0,1,,,data
9593,9780441872862,,goodreads,skipped,0,0,,0,0,0,0,1,,,data
9594,9780886774073,,goodreads,skipped,0,0,,0,0,0,0,1,,,data
9595,9780886772024,,goodreads,skipped,0,0,,0,0,0,0,1,,,data
9596,9780812571899,,goodreads,skipped,0,0,,0,0,0,0,1,,,data
9597,9780886772307,,goodreads,skipped,0,0,,0,0,0,0,1,,,data
9598,9780812540369,,goodreads,skipped,0,0,,0,0,0,0,1,,,data
9599,9780688046552,,goodreads,skipped,0,0,,0,0,0,0,1,,,data
9600,9780446600385,,goodreads,skipped,0,0,,0,0,0,0,1,,,data
9601,9780380812554,,goodreads,skipped,0,0,,0,0,0,0,1,,,data
9602,9780821768426,,goodreads,skipped,0,0,,0,0,0,0,1,,,data
9603,9780006269281,,goodreads,skipped,0,0,,0,0,0,0,1,,,data
9604,9781551665580,,goodreads,skipped,0,0,,0,0,0,0,1,,,data
9605,9780670805716,,goodreads,skipped,0,0,,0,0,0,0,1,,,data
9606,9780345275479,,goodreads,skipped,0,0,,0,0,0,0,1,,,data
9607,9780393036596,,goodreads,skipped,0,0,,0,0,0,0,1,,,data
9608,9780739438206,,goodreads,skipped,0,0,,0,0,0,0,1,,,data
9609,9780702222993,,goodreads,skipped,0,0,,0,0,0,0,1,,,data
9610,9780445208445,,goodreads,skipped,0,0,,0,0,0,0,1,,,data
9611,9780671618315,,goodreads,skipped,0,0,,0,0,0,0,1,,,data
9612,9780373057962,,goodreads,skipped,0,0,,0,0,0,0,1,,,data
9613,9780446328982,,goodreads,skipped,0,0,,0,0,0,0,1,,,data
9614,9780609607053,,goodreads,skipped,0,0,,0,0,0,0,1,,,data
9615,9780553343588,,goodreads,skipped,0,0,,0,0,0,0,1,,,data
9616,9780373244850,,goodreads,skipped,0,0,,0,0,0,0,1,,,data
9617,9780139218835,,goodreads,skipped,0,0,,0,0,0,0,1,,,data
9618,9780843774030,,goodreads,skipped,0,0,,0,0,0,0,1,,,data
9619,9781555215590,,goodreads,skipped,0,0,,0,0,0,0,1,,,data
9620,9780747273509,,goodreads,skipped,0,0,,0,0,0,0,1,,,data
9621,9780345281395,,goodreads,skipped,0,0,,0,0,0,0,1,,,data
9622,9780897212175,,goodreads,skipped,0,0,,0,0,0,0,1,,,data
9623,9780380795055,,goodreads,skipped,0,0,,0,0,0,0,1,,,data
9624,9780439098236,,goodreads,skipped,0,0,,0,0,0,0,1,,,data
9625,9783442426188,,goodreads,skipped,0,0,,0,0,0,0,1,,,data
9626,9782877142939,,goodreads,skipped,0,0,,0,0,0,0,1,,,data
9627,9780453005753,,goodreads,skipped,0,0,,0,0,0,0,1,,,data
9628,9780606189958,,goodreads,skipped,0,0,,0,0,0,0,1,,,data
9629,9782877141598,,goodreads,skipped,0,0,,0,0,0,0,1,,,data
9630,9781558533639,,goodreads,skipped,0,0,,0,0,0,0,1,,,data
9631,9780373272471,,goodreads,skipped,0,0,,0,0,0,0,1,,,data
9632,9780340128725,,goodreads,skipped,0,0,,0,0,0,0,1,,,data
9633,9780486202235,,goodreads,skipped,0,0,,0,0,0,0,1,,,data
9634,9780373270859,,goodreads,skipped,0,0,,0,0,0,0,1,,,data
9635,9780871881045,,goodreads,skipped,0,0,,0,0,0,0,1,,,data
9636,9780310468424,,goodreads,partial,6,7,origin,1,3,2,596,3,https://www.goodreads.com/book/show/6921522-beyond-the-smoky-curtain,,data
9637,9780440206361,,goodreads,partial,5,7,origin; genres,1,4,0,173,5,https://www.goodreads.com/book/show/2204994.Will_the_Nurse_Make_Me_Take_My_Underwear_Off_,,data
9638,9783596134199,,goodreads,partial,6,7,origin,6,29,10,471,1,https://www.goodreads.com/book/show/279773.Mister_Sandman,,data
9639,9780688087272,,goodreads,partial,6,7,origin,6,30,10,267,1,https://www.goodreads.com/book/show/1401755.Prince_of_Chaos,,data
9640,9783442541935,,goodreads,partial,6,7,origin,6,30,10,3133,2,https://www.goodreads.com/book/show/818.Cryptonomicon,,data
9641,9780684854878,,goodreads,partial,6,7,origin,6,14,6,797,3,https://www.goodreads.com/book/show/463649.The_Mysteries_Within,,data
9642,9780801483899,,goodreads,partial,6,7,origin,6,29,10,1099,1,https://www.goodreads.com/book/show/25459.Holding_the_Line,,data
9643,9780688087265,,goodreads,partial,6,7,origin,6,30,10,117,1,https://www.goodreads.com/book/show/1393069.Knight_of_Shadows,,data
9644,9780671695712,,goodreads,partial,6,7,origin,4,11,3,1127,3,https://www.goodreads.com/book/show/2285747.I_Just_Got_A_Puppy_What_Do_I_Do_,,data
9645,9780877959267,,goodreads,partial,6,7,origin,6,27,10,133,2,https://www.goodreads.com/book/show/1332163.Sign_of_Chaos,,data
9646,9780375415166,,goodreads,partial,6,7,origin,5,9,3,2523,3,https://www.goodreads.com/book/show/906076.Ten_Circles_Upon_the_Pond,,data
9647,9780877957188,,goodreads,partial,6,7,origin,6,29,10,389,1,https://www.goodreads.com/book/show/1773784.Trumps_of_Doom,,data
9648,9780373078196,,goodreads,partial,6,7,origin,5,6,5,96,5,https://www.goodreads.com/book/show/1272401.A_Man_Like_Morgan_Kane,,data
9649,9780385326582,,goodreads,partial,6,7,origin,6,28,10,485,1,https://www.goodreads.com/book/show/471184.Maggie_s_Door,,data
9650,9780373077076,,goodreads,partial,6,7,origin,6,11,6,91,4,https://www.goodreads.com/book/show/652840.Blackwood_s_Woman,,data
9651,9780060007867,,goodreads,partial,5,7,origin; genres,4,3,0,2109,5,https://www.goodreads.com/book/show/399660.The_Seven_Stories_of_Love,,data
9652,9780395366141,,goodreads,partial,6,7,origin,6,28,10,1607,1,https://www.goodreads.com/book/show/357252.The_Book_of_Lost_Tales_Part_Two,,data
9653,9780385230698,,goodreads,partial,6,7,origin,6,29,10,620,2,https://www.goodreads.com/book/show/572746.Stranger_in_Savannah,,data
9654,9781580172387,,goodreads,partial,5,7,origin; genres,2,0,0,467,6,https://www.goodreads.com/book/show/2523570.Working_from_Home,,data
9655,9780385286398,,goodreads,partial,6,7,origin,6,30,9,156,1,https://www.goodreads.com/book/show/874225.Mazes_and_Monsters,,data
9656,9780060183820,,goodreads,partial,5,7,origin; genres,4,1,0,1279,5,https://www.goodreads.com/book/show/3944565-st-john-s-wort,,data
9657,9780395355367,,goodreads,partial,6,7,origin,6,30,8,190,1,https://www.goodreads.com/book/show/1350746.The_Dungeon_Master,,data
9658,9780448095707,,goodreads,partial,6,7,origin,6,29,10,162,2,https://www.goodreads.com/book/show/914291.The_Secret_of_The_Old_Clock,,data
9659,9780684852980,,goodreads,partial,6,7,origin,6,7,4,162,3,https://www.goodreads.com/book/show/273599.Spoken_in_Whispers,,data
9660,9780743252140,,goodreads,partial,5,7,origin; genres,6,4,0,1390,5,https://www.goodreads.com/book/show/814104.The_Blueprint_for_My_Girls,,data
9661,9788432206818,,goodreads,partial,6,7,origin,6,29,7,315,1,https://www.goodreads.com/book/show/1292914.Bella_y_oscura,,data
9662,9780553570939,,goodreads,partial,6,7,origin,6,27,10,730,1,https://www.goodreads.com/book/show/1036305.Garden_of_Angels,,data
9663,9780345462152,,goodreads,partial,6,7,origin,5,28,9,1921,1,https://www.goodreads.com/book/show/3459096-a-blessed-event,,data
9664,9780836269130,,goodreads,partial,6,7,origin,2,1,1,99,3,https://www.goodreads.com/book/show/353373.Safe_Return_Home,,data
9665,9780373258970,,goodreads,partial,6,7,origin,5,1,2,90,3,https://www.goodreads.com/book/show/1165943.Breaking_The_Rules,,data
9666,9780449006368,,goodreads,partial,6,7,origin,6,30,10,1995,2,https://www.goodreads.com/book/show/958535.The_Duke,,data
9667,9781567310801,,goodreads,partial,6,7,origin,6,29,10,260,2,https://www.goodreads.com/book/show/3572525-you-only-live-twice,,data
9668,9780740710209,,goodreads,partial,5,7,origin; genres,6,0,0,998,6,https://www.goodreads.com/book/show/739516.365_Ways_to_Live_to_100,,data
9669,9782253037323,,goodreads,partial,6,7,origin,6,28,10,602,1,https://www.goodreads.com/book/show/21941768-un-cri-dans-la-nuit,,data
9670,9780345315601,,goodreads,partial,6,7,origin,6,29,10,25,1,https://www.goodreads.com/book/show/917367.Rendezvous_with_Rama,,data
9671,9780375814891,,goodreads,skipped,0,0,,0,0,0,0,1,,,data
9672,9782070404490,,goodreads,partial,6,7,origin,6,2,1,688,3,https://www.goodreads.com/book/show/2391095.L_Amour_des_trois_soeurs_Piale,,data
9673,9780373258987,,goodreads,partial,6,7,origin,6,28,10,627,2,https://www.goodreads.com/book/show/1944050.Jordan,,data
9674,9780821724255,,goodreads,partial,5,7,origin; genres,1,2,0,214,5,https://www.goodreads.com/book/show/11425533-texas-conquest,,data
9675,9780967431505,,goodreads,partial,5,7,origin; genres,2,0,0,1693,6,https://www.goodreads.com/book/show/923884.Bon_App_tit_Baby_,,data
9676,9780373258888,,goodreads,partial,6,7,origin,5,9,5,680,3,https://www.goodreads.com/book/show/1885077.Boone_s_Bounty,,data
9677,9780898653793,,goodreads,partial,6,7,origin,6,30,10,312,1,https://www.goodreads.com/book/show/1404145.Myth_ing_Persons,,data
9678,9780375814914,,goodreads,partial,6,7,origin,6,30,5,892,1,https://www.goodreads.com/book/show/1657177.Zipped,,data
9679,9780307475077,,goodreads,partial,5,7,origin; genres,1,0,0,144,6,https://www.goodreads.com/book/show/2687035-mother-s-survival-guide,,data
9680,9780446527767,,goodreads,partial,6,7,origin,6,30,8,745,1,https://www.goodreads.com/book/show/2343220.Behind_the_Smile,,data
9681,9780739301913,,goodreads,partial,6,7,origin,6,30,9,2308,1,https://www.goodreads.com/book/show/7190078-the-story-of-my-father,,data
9682,9780807101506,,goodreads,partial,6,7,origin,6,29,10,2065,2,https://www.goodreads.com/book/show/1356498.Twelve_Years_a_Slave,,data
9683,9780312275181,,goodreads,partial,6,7,origin,6,30,2,1724,1,https://www.goodreads.com/book/show/461393.Good_Nights,,data
9684,9780964731349,,goodreads,partial,5,7,origin; genres,1,1,0,434,6,https://www.goodreads.com/book/show/434182.Touchstones_and_Wellsprings,,data
9685,9780471149637,,goodreads,partial,5,7,origin; genres,1,0,0,1129,6,https://www.goodreads.com/book/show/1447662.The_In_Law_Survival_Manual,,data
9686,9780449210840,,goodreads,partial,6,7,origin,6,30,10,411,1,https://www.goodreads.com/book/show/44748.The_Mask_of_the_Enchantress,,data
9687,9780903505437,,goodreads,partial,6,7,origin,6,4,5,855,3,https://www.goodreads.com/book/show/1044037.The_Container_Expert,,data
9688,9781841881485,,goodreads,partial,5,7,origin; genres,1,0,0,787,6,https://www.goodreads.com/book/show/501242.Country_Series,,data
9689,9780517886533,,goodreads,partial,6,7,origin,6,30,8,1143,1,https://www.goodreads.com/book/show/306367.Get_the_Sugar_Out,,data
9690,9781571517135,,goodreads,partial,5,7,origin; genres,1,0,0,267,6,https://www.goodreads.com/book/show/3693127-my-sparkle-basket-easter-book,,data
9691,9780671875121,,goodreads,partial,6,7,origin,6,28,7,505,1,https://www.goodreads.com/book/show/1771984.The_Rogue,,data
9692,9780441898541,,goodreads,partial,6,7,origin,6,29,10,15,1,https://www.goodreads.com/book/show/958831.THE_WITCHES_OF_KARRES,,data
9693,9781585420049,,goodreads,partial,6,7,origin,6,30,10,240,1,https://www.goodreads.com/book/show/238813.The_Hard_Questions,,data
9694,9780794401498,,goodreads,partial,6,7,origin,6,18,4,58,3,https://www.goodreads.com/book/show/2171118.Caterpillar_Spring,,data
9695,9780843935585,,goodreads,partial,6,7,origin,1,4,3,759,3,https://www.goodreads.com/book/show/2828198-lady-rogue,,data
9696,9780525444473,,goodreads,partial,6,7,origin,6,30,10,917,2,https://www.goodreads.com/book/show/99111.The_World_of_Winnie_the_Pooh,,data
9697,9780441138074,,goodreads,partial,5,7,origin; genres,1,0,0,166,7,https://www.goodreads.com/book/show/6186126-quest-for-the-demon-gate,,data
9698,9781566933070,,goodreads,partial,6,7,origin,6,8,4,232,3,https://www.goodreads.com/book/show/2464475.Star_Wars,,data
9699,9780393313482,,goodreads,partial,6,7,origin,6,29,10,827,1,https://www.goodreads.com/book/show/359139.Women_s_Work,,data
9700,9780062516633,,goodreads,partial,6,7,origin,1,3,1,215,3,https://www.goodreads.com/book/show/721789.The_Healing_Companion,,data
9701,9780394873329,,goodreads,partial,6,7,origin,6,30,9,430,1,https://www.goodreads.com/book/show/728456.The_Berenstain_Bears_and_Too_Much_Birthday,,data
9702,9780739424995,,goodreads,partial,6,7,origin,5,17,1,1343,4,https://www.goodreads.com/book/show/8388632-trust-fund-babies,,data
9703,9781400031214,,goodreads,skipped,0,0,,0,0,0,0,1,,,data
9704,9780884046417,,goodreads,skipped,0,0,,0,0,0,0,1,,,data
9705,9780312054670,,goodreads,skipped,0,0,,0,0,0,0,1,,,data
9706,9780689835605,,goodreads,skipped,0,0,,0,0,0,0,1,,,data
9707,9780571136933,,goodreads,skipped,0,0,,0,0,0,0,1,,,data
9708,9781581170245,,goodreads,skipped,0,0,,0,0,0,0,1,,,data
9709,9780385488594,,goodreads,skipped,0,0,,0,0,0,0,1,,,data
9710,9780380806218,,goodreads,skipped,0,0,,0,0,0,0,1,,,data
9711,9780671877187,,goodreads,skipped,0,0,,0,0,0,0,1,,,data
9712,9780345395351,,goodreads,skipped,0,0,,0,0,0,0,1,,,data
9713,9781556612886,,goodreads,skipped,0,0,,0,0,0,0,1,,,data
9714,9781556610844,,goodreads,skipped,0,0,,0,0,0,0,1,,,data
9715,9780373764105,,goodreads,skipped,0,0,,0,0,0,0,1,,,data
9716,9781556610004,,goodreads,skipped,0,0,,0,0,0,0,1,,,data
9717,9780380717392,,goodreads,skipped,0,0,,0,0,0,0,1,,,data
9718,9780373272297,,goodreads,skipped,0,0,,0,0,0,0,1,,,data
9719,9780871239778,,goodreads,skipped,0,0,,0,0,0,0,1,,,data
9720,9780891374145,,goodreads,skipped,0,0,,0,0,0,0,1,,,data
9721,9780373764976,,goodreads,skipped,0,0,,0,0,0,0,1,,,data
9722,9781569247877,,goodreads,skipped,0,0,,0,0,0,0,1,,,data
9723,9780553288032,,goodreads,skipped,0,0,,0,0,0,0,1,,,data
9724,9783798703315,,goodreads,skipped,0,0,,0,0,0,0,1,,,data
9725,9780440226154,,goodreads,skipped,0,0,,0,0,0,0,1,,,data
9726,9781580625821,,goodreads,skipped,0,0,,0,0,0,0,1,,,data
9727,9780060185107,,goodreads,skipped,0,0,,0,0,0,0,1,,,data
9728,9780373484362,,goodreads,skipped,0,0,,0,0,0,0,1,,,data
9729,9780373272440,,goodreads,skipped,0,0,,0,0,0,0,1,,,data
9730,9780671737672,,goodreads,skipped,0,0,,0,0,0,0,1,,,data
9731,9781569247778,,goodreads,skipped,0,0,,0,0,0,0,1,,,data
9732,9780224014793,,goodreads,skipped,0,0,,0,0,0,0,1,,,data
9733,9780312998813,,goodreads,skipped,0,0,,0,0,0,0,1,,,data
9734,9781580174480,,goodreads,skipped,0,0,,0,0,0,0,1,,,data
9735,9780712646932,,goodreads,skipped,0,0,,0,0,0,0,1,,,data
9736,9780440219477,,goodreads,skipped,0,0,,0,0,0,0,1,,,data
9737,9780450485541,,goodreads,skipped,0,0,,0,0,0,0,1,,,data
9738,9780345347213,,goodreads,skipped,0,0,,0,0,0,0,1,,,data
9739,9780310951858,,goodreads,skipped,0,0,,0,0,0,0,1,,,data
9740,9780304291946,,goodreads,skipped,0,0,,0,0,0,0,1,,,data
9741,9780874775617,,goodreads,skipped,0,0,,0,0,0,0,1,,,data
9742,9780373762880,,goodreads,skipped,0,0,,0,0,0,0,1,,,data
9743,9780553352665,,goodreads,skipped,0,0,,0,0,0,0,1,,,data
9744,9780972384209,,goodreads,skipped,0,0,,0,0,0,0,1,,,data
9745,9780340201572,,goodreads,skipped,0,0,,0,0,0,0,1,,,data
9746,9780882073446,,goodreads,skipped,0,0,,0,0,0,0,1,,,data
9747,9780340596166,,goodreads,skipped,0,0,,0,0,0,0,1,,,data
9748,9781578562312,,goodreads,skipped,0,0,,0,0,0,0,1,,,data
9749,9780712638319,,goodreads,skipped,0,0,,0,0,0,0,1,,,data
9750,9780333539095,,goodreads,skipped,0,0,,0,0,0,0,1,,,data
9751,9780553290493,,goodreads,skipped,0,0,,0,0,0,0,1,,,data
9752,9780140312669,,goodreads,skipped,0,0,,0,0,0,0,1,,,data
9753,9780002210478,,goodreads,skipped,0,0,,0,0,0,0,1,,,data
9754,9780425045435,,goodreads,skipped,0,0,,0,0,0,0,1,,,data
9755,9780451208248,,goodreads,skipped,0,0,,0,0,0,0,1,,,data
9756,9780394524290,,goodreads,skipped,0,0,,0,0,0,0,1,,,data
9757,9789727110100,,goodreads,skipped,0,0,,0,0,0,0,1,,,data
9758,9780551027503,,goodreads,skipped,0,0,,0,0,0,0,1,,,data
9759,9780312130817,,goodreads,skipped,0,0,,0,0,0,0,1,,,data
9760,9780684834221,,goodreads,skipped,0,0,,0,0,0,0,1,,,data
9761,9781853024719,,goodreads,skipped,0,0,,0,0,0,0,1,,,data
9762,9780877013686,,goodreads,skipped,0,0,,0,0,0,0,1,,,data
9763,9780505523983,,goodreads,skipped,0,0,,0,0,0,0,1,,,data
9764,9780932096098,,goodreads,skipped,0,0,,0,0,0,0,1,,,data
9765,9780971447325,,goodreads,skipped,0,0,,0,0,0,0,1,,,data
9766,9780884043799,,goodreads,skipped,0,0,,0,0,0,0,1,,,data
9767,9780877932123,,goodreads,skipped,0,0,,0,0,0,0,1,,,data
9768,9780385314343,,goodreads,skipped,0,0,,0,0,0,0,1,,,data
9769,9780373258994,,goodreads,skipped,0,0,,0,0,0,0,1,,,data
9770,9780425171905,,goodreads,skipped,0,0,,0,0,0,0,1,,,data
9771,9780812572339,,goodreads,skipped,0,0,,0,0,0,0,1,,,data
9772,9780736412612,,goodreads,skipped,0,0,,0,0,0,0,1,,,data
9773,9780380808182,,goodreads,skipped,0,0,,0,0,0,0,1,,,data
9774,9780373613816,,goodreads,skipped,0,0,,0,0,0,0,1,,,data
9775,9780028632674,,goodreads,skipped,0,0,,0,0,0,0,1,,,data
9776,9780345275394,,goodreads,skipped,0,0,,0,0,0,0,1,,,data
9777,9780933855076,,goodreads,skipped,0,0,,0,0,0,0,1,,,data
9778,9780395299173,,goodreads,skipped,0,0,,0,0,0,0,1,,,data
9779,9780964140912,,goodreads,skipped,0,0,,0,0,0,0,1,,,data
9780,9780785100331,,goodreads,skipped,0,0,,0,0,0,0,1,,,data
9781,9780395276280,,goodreads,skipped,0,0,,0,0,0,0,1,,,data
9782,9780395253601,,goodreads,skipped,0,0,,0,0,0,0,1,,,data
9783,9780441078981,,goodreads,skipped,0,0,,0,0,0,0,1,,,data
9784,9781929180127,,goodreads,skipped,0,0,,0,0,0,0,1,,,data
9785,9780821754191,,goodreads,skipped,0,0,,0,0,0,0,1,,,data
9786,9780394278308,,goodreads,skipped,0,0,,0,0,0,0,1,,,data
9787,9780817455453,,goodreads,skipped,0,0,,0,0,0,0,1,,,data
9788,9780448164557,,goodreads,skipped,0,0,,0,0,0,0,1,,,data
9789,9780395249819,,goodreads,skipped,0,0,,0,0,0,0,1,,,data
9790,9780395284285,,goodreads,skipped,0,0,,0,0,0,0,1,,,data
9791,9780764560798,,goodreads,skipped,0,0,,0,0,0,0,1,,,data
9792,9780425057612,,goodreads,skipped,0,0,,0,0,0,0,1,,,data
9793,9780373264094,,goodreads,skipped,0,0,,0,0,0,0,1,,,data
9794,9780439568456,,goodreads,skipped,0,0,,0,0,0,0,1,,,data
9795,9781570670091,,goodreads,skipped,0,0,,0,0,0,0,1,,,data
9796,9780931411199,,goodreads,skipped,0,0,,0,0,0,0,1,,,data
9797,9780935526370,,goodreads,skipped,0,0,,0,0,0,0,1,,,data
9798,9780060158651,,goodreads,skipped,0,0,,0,0,0,0,1,,,data
9799,9780451519320,,goodreads,skipped,0,0,,0,0,0,0,1,,,data
9800,9780899972138,,goodreads,skipped,0,0,,0,0,0,0,1,,,data
9801,9781880032756,,goodreads,skipped,0,0,,0,0,0,0,1,,,data
9802,9780380001989,,goodreads,skipped,0,0,,0,0,0,0,1,,,data
9803,9781401902803,,goodreads,skipped,0,0,,0,0,0,0,1,,,data
9804,9780525442387,,goodreads,skipped,0,0,,0,0,0,0,1,,,data
9805,9780140234855,,goodreads,skipped,0,0,,0,0,0,0,1,,,data
9806,9780060532680,,goodreads,skipped,0,0,,0,0,0,0,1,,,data
9807,9780201091472,,goodreads,skipped,0,0,,0,0,0,0,1,,,data
9808,9780380808014,,goodreads,skipped,0,0,,0,0,0,0,1,,,data
9809,9780618176762,,goodreads,skipped,0,0,,0,0,0,0,1,,,data
9810,9780884113867,,goodreads,skipped,0,0,,0,0,0,0,1,,,data
9811,9780380787562,,goodreads,skipped,0,0,,0,0,0,0,1,,,data
9812,9780553213485,,goodreads,skipped,0,0,,0,0,0,0,1,,,data
9813,9780618176748,,goodreads,skipped,0,0,,0,0,0,0,1,,,data
9814,9780768204766,,goodreads,skipped,0,0,,0,0,0,0,1,,,data
9815,9780821770795,,goodreads,skipped,0,0,,0,0,0,0,1,,,data
9816,9781564405272,,goodreads,skipped,0,0,,0,0,0,0,1,,,data
9817,9780451458100,,goodreads,skipped,0,0,,0,0,0,0,1,,,data
9818,9780789717962,,goodreads,skipped,0,0,,0,0,0,0,1,,,data
9819,9780816024025,,goodreads,skipped,0,0,,0,0,0,0,1,,,data
9820,9780060166038,,goodreads,skipped,0,0,,0,0,0,0,1,,,data
9821,9780061084171,,goodreads,skipped,0,0,,0,0,0,0,1,,,data
9822,9780316920292,,goodreads,skipped,0,0,,0,0,0,0,1,,,data
9823,9780631175018,,goodreads,skipped,0,0,,0,0,0,0,1,,,data
9824,9780671798567,,goodreads,skipped,0,0,,0,0,0,0,1,,,data
9825,9780152001308,,goodreads,skipped,0,0,,0,0,0,0,1,,,data
9826,9780375801600,,goodreads,skipped,0,0,,0,0,0,0,1,,,data
9827,9780397324262,,goodreads,skipped,0,0,,0,0,0,0,1,,,data
9828,9780679752554,,goodreads,skipped,0,0,,0,0,0,0,1,,,data
9829,9780140268218,,goodreads,skipped,0,0,,0,0,0,0,1,,,data
9830,9780439496872,,goodreads,skipped,0,0,,0,0,0,0,1,,,data
9831,9780345353764,,goodreads,skipped,0,0,,0,0,0,0,1,,,data
9832,9780671034788,,goodreads,skipped,0,0,,0,0,0,0,1,,,data
9833,9780671737689,,goodreads,skipped,0,0,,0,0,0,0,1,,,data
9834,9780373217359,,goodreads,skipped,0,0,,0,0,0,0,1,,,data
9835,9780786709533,,goodreads,skipped,0,0,,0,0,0,0,1,,,data
9836,9780684869162,,goodreads,skipped,0,0,,0,0,0,0,1,,,data
9837,9780590442923,,goodreads,skipped,0,0,,0,0,0,0,1,,,data
9838,9780142501559,,goodreads,skipped,0,0,,0,0,0,0,1,,,data
9839,9780373241330,,goodreads,skipped,0,0,,0,0,0,0,1,,,data
9840,9780060520465,,goodreads,skipped,0,0,,0,0,0,0,1,,,data
9841,9780671676865,,goodreads,skipped,0,0,,0,0,0,0,1,,,data
9842,9780756400439,,goodreads,skipped,0,0,,0,0,0,0,1,,,data
9843,9788478886869,,goodreads,skipped,0,0,,0,0,0,0,1,,,data
9844,9780671676377,,goodreads,skipped,0,0,,0,0,0,0,1,,,data
9845,9780786012640,,goodreads,skipped,0,0,,0,0,0,0,1,,,data
9846,9781567315332,,goodreads,skipped,0,0,,0,0,0,0,1,,,data
9847,9780964628069,,goodreads,skipped,0,0,,0,0,0,0,1,,,data
9848,9780886778309,,goodreads,skipped,0,0,,0,0,0,0,1,,,data
9849,9780312317126,,goodreads,skipped,0,0,,0,0,0,0,1,,,data
9850,9788408017233,,goodreads,skipped,0,0,,0,0,0,0,1,,,data
9851,9780425080092,,goodreads,skipped,0,0,,0,0,0,0,1,,,data
9852,9788432204760,,goodreads,skipped,0,0,,0,0,0,0,1,,,data
9853,9780312317119,,goodreads,skipped,0,0,,0,0,0,0,1,,,data
9854,9780525200154,,goodreads,skipped,0,0,,0,0,0,0,1,,,data
9855,9788429709414,,goodreads,skipped,0,0,,0,0,0,0,1,,,data
9856,9780590470704,,goodreads,skipped,0,0,,0,0,0,0,1,,,data
9857,9780451520173,,goodreads,skipped,0,0,,0,0,0,0,1,,,data
9858,9780312287559,,goodreads,skipped,0,0,,0,0,0,0,1,,,data
9859,9781581822465,,goodreads,skipped,0,0,,0,0,0,0,1,,,data
9860,9788408037415,,goodreads,partial,5,7,origin; genres,6,3,0,330,5,https://www.goodreads.com/book/show/12128189-eres-mi-vida-eres-mi-muerte,,data
9861,9780449204344,,goodreads,partial,6,7,origin,6,27,10,85,1,https://www.goodreads.com/book/show/1928754.All_This_and_Snoopy_Too,,data
9862,9788432207334,,goodreads,partial,6,7,origin,6,6,1,696,3,https://www.goodreads.com/book/show/1713470.Cuadernos_de_Temuco,,data
9863,9780449213162,,goodreads,partial,6,7,origin,3,4,3,24,3,https://www.goodreads.com/book/show/2471256.This_is_the_Best_Time_of_the_Day_Charlie_Brown,,data
9864,9781584851356,,goodreads,partial,6,7,origin,6,29,10,133,1,https://www.goodreads.com/book/show/5040224-angelina-ballerina,,data
9865,9780590485562,,goodreads,partial,6,7,origin,4,11,4,195,3,https://www.goodreads.com/book/show/523090.Horrors_of_the_Haunted_Museum,,data
9866,9788433912732,,goodreads,partial,6,7,origin,6,30,10,1219,2,https://www.goodreads.com/book/show/713889.El_libro_de_Rachel,,data
9867,9781561708291,,goodreads,partial,6,7,origin,6,29,7,215,1,https://www.goodreads.com/book/show/67755.Little_Money_Bible,,data
9868,9780962743702,,goodreads,partial,5,7,origin; genres,1,0,0,35,7,https://www.goodreads.com/book/show/2696513-managing-motherhood,,data
9869,9780679960430,,goodreads,partial,6,7,origin,4,1,1,222,4,https://www.goodreads.com/book/show/1879657.Enter_Magneto,,data
9870,9780380804252,,goodreads,partial,6,7,origin,3,10,3,1003,4,https://www.goodreads.com/book/show/1587045.A_Simple_Shaker_Murder,,data
9871,9780609804162,,goodreads,partial,6,7,origin,2,1,1,1269,3,https://www.goodreads.com/book/show/2152803.The_Power_of_Perimenopause,,data
9872,9780861888955,,goodreads,partial,5,7,origin; genres,1,0,0,47,7,https://www.goodreads.com/book/show/36693206-reincarnation---an-invest-hb,,data
9873,9780938753698,,goodreads,partial,6,7,origin,2,6,2,520,3,https://www.goodreads.com/book/show/3312657-the-marvel-x-men-guidebook,,data
9874,9780722529607,,goodreads,partial,5,7,origin; genres,1,0,0,47,7,https://www.goodreads.com/book/show/3134059-food-combining-in-30-days,,data
9875,9781564584922,,goodreads,partial,6,7,origin,5,3,1,203,3,https://www.goodreads.com/book/show/2445666.Encyclopedia_of_Fishing_The_Complete_Guide_to_the_Fish_Tackle_and_Techniques_of_Fresh_and_Saltwater_Angling,,data
9876,9788401327186,,goodreads,partial,6,7,origin,6,30,10,930,2,https://www.goodreads.com/book/show/1783749.La_mandolina_del_capit_n_Corelli,,data
9877,9780671794705,,goodreads,partial,6,7,origin,1,2,2,186,3,https://www.goodreads.com/book/show/1130300.Virtual_Villainy,,data
9878,9788433969026,,goodreads,partial,6,7,origin,6,30,10,844,1,https://www.goodreads.com/book/show/11156378-grandes-simios,,data
9879,9780743436083,,goodreads,partial,6,7,origin,6,21,10,284,4,https://www.goodreads.com/book/show/28727.Spirits_White_as_Lightning,,data
9880,9780505519146,,goodreads,partial,5,7,origin; genres,3,0,0,219,6,https://www.goodreads.com/book/show/9586530-gilded-splendor,,data
9881,9781573220491,,goodreads,partial,6,7,origin,6,30,10,220,1,https://www.goodreads.com/book/show/881292.STILL_HERE,,data
9882,9780446351942,,goodreads,partial,6,7,origin,6,17,8,745,3,https://www.goodreads.com/book/show/4452849-across-a-starlit-sea,,data
9883,9780380708291,,goodreads,partial,6,7,origin,3,4,1,119,3,https://www.goodreads.com/book/show/758044.How_to_Find_a_Ghost,,data
9884,9780821710340,,goodreads,partial,5,7,origin; genres,2,3,0,481,5,https://www.goodreads.com/book/show/4258203-passion-s-pleasure,,data
9885,9781564020444,,goodreads,partial,6,7,origin,6,29,10,156,1,https://www.goodreads.com/book/show/3333555-where-s-waldo-in-hollywood,,data
9886,9780345451828,,goodreads,partial,6,7,origin,6,30,10,1150,1,https://www.goodreads.com/book/show/160257.Before_the_Dawn,,data
9887,9788423988600,,goodreads,partial,6,7,origin,6,30,10,89,3,https://www.goodreads.com/book/show/5975991-shakespeare-cuenta,,data
9888,9780671746902,,goodreads,partial,6,7,origin,3,3,2,215,3,https://www.goodreads.com/book/show/2458821.Goldilocks,,data
9889,9780445208810,,goodreads,partial,6,7,origin,3,0,1,979,4,https://www.goodreads.com/book/show/2794822-destiny-s-kiss,,data
9890,9788472231634,,goodreads,partial,6,7,origin,6,30,10,1007,2,https://www.goodreads.com/book/show/8735849-el-club-de-la-buena-estrella,,data
9891,9780380755639,,goodreads,partial,5,7,origin; genres,1,0,0,9,6,https://www.goodreads.com/book/show/1428251.Lady_Midnight,,data
9892,9780307158161,,goodreads,partial,5,7,origin; genres,1,0,0,160,6,https://www.goodreads.com/book/show/5138020-the-sesame-street-question-and-answer-book-about-animals---featuring-jim,,data
9893,9780590469456,,goodreads,partial,5,7,origin; genres,1,1,0,121,5,https://www.goodreads.com/book/show/3235074-sea-turtles,,data
9894,9788484530251,,goodreads,skipped,0,0,,0,0,0,0,1,,,data
9895,9788423331970,,goodreads,partial,6,7,origin,6,30,4,388,1,https://www.goodreads.com/book/show/237086.Dafne_desvanecida,,data
9896,9780517618134,,goodreads,partial,6,7,origin,6,29,10,142,1,https://www.goodreads.com/book/show/3199125-the-velveteen-rabbit,,data
9897,9788573023350,,goodreads,partial,6,7,origin,6,30,10,822,2,https://www.goodreads.com/book/show/171817.O_Dem_nio_e_a_Srta_Prym,,data
9898,9780307158277,,goodreads,partial,5,7,origin; genres,2,0,0,9,7,https://www.goodreads.com/book/show/717360.Bugs_Bunny_Stories,,data
9899,9780688019853,,goodreads,partial,5,7,origin; genres,1,1,0,138,6,https://www.goodreads.com/book/show/5195429-billy-gorilla,,data
9900,9788481301632,,goodreads,partial,6,7,origin,6,30,10,416,5,https://www.goodreads.com/book/show/676699.La_perla,,data
9901,9788401901607,,goodreads,partial,5,7,origin; genres,1,0,0,21,8,https://www.goodreads.com/book/show/7955614-como-hacer-bien-el-amor-a-un-hombre-how-to-make-love-to-a-man,,data
9902,9780139995668,,goodreads,partial,5,7,origin; genres,1,0,0,9,8,https://www.goodreads.com/book/show/346877.Out_of_Many,,data
9903,9780670816453,,goodreads,partial,6,7,origin,3,3,2,116,6,https://www.goodreads.com/book/show/2874597-the-cut-ups-carry-on,,data
9904,9780590452137,,goodreads,partial,6,7,origin,5,4,3,123,5,https://www.goodreads.com/book/show/327077.Hide_And_Seek_Science_02,,data
9905,9780590428903,,goodreads,partial,6,7,origin,6,11,5,101,7,https://www.goodreads.com/book/show/4217550-the-hungry-thing-returns,,data
9906,9780893752446,,goodreads,partial,5,7,origin; genres,2,0,0,153,9,https://www.goodreads.com/book/show/569451.Sea_Monsters,,data
9907,9780874491937,,goodreads,partial,5,7,origin; genres,1,1,0,17,7,https://www.goodreads.com/book/show/4267161-a-first-book-for-bedtime-dinosaur-playhouse,,data
9908,9788484502524,,goodreads,partial,6,7,origin,6,30,10,442,5,https://www.goodreads.com/book/show/1082594.Cuentos_Del_Escondite_Secreto,,data
9909,9780307621146,,goodreads,partial,6,7,origin,4,5,2,90,6,https://www.goodreads.com/book/show/6491063-bert-and-the-broken-teapot,,data
9910,9780061013652,,goodreads,partial,6,7,origin,6,27,10,1499,3,https://www.goodreads.com/book/show/692929.Sweetwood_Bride,,data
9911,9780804119566,,goodreads,partial,6,7,origin,3,9,9,1082,5,https://www.goodreads.com/book/show/1374082.Moonlit,,data
9912,9780590102940,,goodreads,partial,6,7,origin,6,29,10,252,5,https://www.goodreads.com/book/show/417787.Why_Mosquitoes_Buzz_in_People_s_Ears,,data
9913,9780440226307,,goodreads,partial,6,7,origin,6,26,9,491,3,https://www.goodreads.com/book/show/1328609.The_Ravishing_One,,data
9914,9788478809684,,goodreads,partial,6,7,origin,6,24,2,627,6,https://www.goodreads.com/book/show/5470801-solas,,data
9915,9780394897486,,goodreads,partial,6,7,origin,6,28,10,512,3,https://www.goodreads.com/book/show/728484.The_Berenstain_Bears_and_the_Double_Dare,,data
9916,9788483731611,,goodreads,partial,5,7,origin; genres,1,0,0,465,8,https://www.goodreads.com/book/show/3620060-periodismo-en-internet,,data
9917,9780786001828,,goodreads,partial,6,7,origin,5,12,6,224,6,https://www.goodreads.com/book/show/4645102-the-bawdy-bride,,data
9918,9788484505341,,goodreads,partial,6,7,origin,1,2,1,337,5,https://www.goodreads.com/book/show/2008250.50_poemas_del_milenio,,data
9919,9780590451741,,goodreads,partial,6,7,origin,6,11,3,190,6,https://www.goodreads.com/book/show/4583237-the-field-beyond-the-outfield,,data
9920,9780440507185,,goodreads,partial,6,7,origin,6,30,6,1289,3,https://www.goodreads.com/book/show/287829.It_s_Only_Too_Late_If_You_Don_t_Start_Now,,data
9921,9780671534820,,goodreads,partial,6,7,origin,6,17,8,990,5,https://www.goodreads.com/book/show/163271.The_Black_Diamond,,data
9922,9780316111201,,goodreads,partial,6,7,origin,6,14,4,163,6,https://www.goodreads.com/book/show/2247001.The_Bionic_Bunny_Show,,data
9923,9788495359469,,goodreads,partial,5,7,origin; genres,5,8,0,1169,7,https://www.goodreads.com/book/show/5599161-opiniones-mohicanas,,data
9924,9780517566466,,goodreads,partial,6,7,origin,6,28,9,163,4,https://www.goodreads.com/book/show/3507099-shake-my-sillies-out,,data
9925,9780756401115,,goodreads,partial,6,7,origin,1,3,2,242,5,https://www.goodreads.com/book/show/509425.The_Marked_Man_Omnibus,,data
9926,9780689714139,,goodreads,partial,6,7,origin,4,18,5,128,6,https://www.goodreads.com/book/show/63336.Aunt_Lulu,,data
9927,9780739404638,,goodreads,partial,6,7,origin,6,29,10,1137,5,https://www.goodreads.com/book/show/8087849-the-murder-of-roger-ackroyd,,data
9928,9781581127126,,goodreads,partial,5,7,origin; genres,4,0,0,803,8,https://www.goodreads.com/book/show/7659566-business-english-and-conversation-for-the-efl-esl-classroom,,data
9929,9780440228486,,goodreads,partial,6,7,origin,1,6,1,599,5,https://www.goodreads.com/book/show/3349277-simply-irresistible,,data
9930,9780690044287,,goodreads,partial,6,7,origin,6,29,10,175,4,https://www.goodreads.com/book/show/2956106-germs-make-me-sick-let-s-read-and-find-out-science,,data
9931,9788476516416,,goodreads,partial,6,7,origin,6,26,4,656,4,https://www.goodreads.com/book/show/7782539-el-ruise-or-y-la-rosa-y-otros-cuentos-de-hadas,,data
9932,9780690045239,,goodreads,partial,6,7,origin,6,28,10,75,4,https://www.goodreads.com/book/show/2956097-what-makes-day-and-night,,data
9933,9780307100634,,goodreads,partial,6,7,origin,1,2,1,75,5,https://www.goodreads.com/book/show/3962835-happy-birthday-garfield-super,,data
9934,9783821818276,,goodreads,partial,5,7,origin; genres,1,2,0,47,8,https://www.goodreads.com/book/show/296070.Hey_,,data
9935,9780961474614,,goodreads,partial,5,7,origin; genres,1,0,0,113,9,https://www.goodreads.com/book/show/4533353-daniel-scott-and-the-monster,,data
9936,9788423334445,,goodreads,partial,5,7,origin; genres,2,0,0,47,10,https://www.goodreads.com/book/show/4530521-tiempo-de-editores,,data
9937,9783442094127,,goodreads,partial,6,7,origin,6,28,10,85,5,https://www.goodreads.com/book/show/5135670-das-haus-hinter-dem-wind,,data
9938,9780373484751,,goodreads,partial,6,7,origin,1,4,1,310,5,https://www.goodreads.com/book/show/332414.The_Leopard_s_Woman_White_Wolf,,data
9939,9788479017255,,goodreads,partial,6,7,origin,6,29,9,549,4,https://www.goodreads.com/book/show/289007.J_K_Rowling_vista_por_j_K_Rowling,,data
9940,9780590379304,,goodreads,partial,6,7,origin,4,18,6,390,5,https://www.goodreads.com/book/show/615230.Clifford_Makes_a_Friend,,data
9941,9788420465531,,goodreads,partial,6,7,origin,6,30,10,915,4,https://www.goodreads.com/book/show/529079.Fiebre_y_lanza,,data
9942,9780441338504,,goodreads,partial,6,7,origin,6,29,10,425,4,https://www.goodreads.com/book/show/2061459.Hit_or_Myth,,data
9943,9780394868776,,goodreads,partial,6,7,origin,4,27,8,101,3,https://www.goodreads.com/book/show/863915.Sleepy_Dog,,data
9944,9781854878731,,goodreads,partial,5,7,origin; genres,3,2,0,7,9,https://www.goodreads.com/book/show/342084.The_Most_Dangerous_Game,,data
9945,9780394747705,,goodreads,partial,5,7,origin; language,6,30,6,374,4,https://www.goodreads.com/book/show/119841.The_Gold_Cell,,data
9946,9782707311740,,goodreads,partial,6,7,origin,4,4,1,158,5,https://www.goodreads.com/book/show/3645272-l-image,,data
9947,9782020338349,,goodreads,partial,6,7,origin,6,30,9,732,4,https://www.goodreads.com/book/show/30633306-explication-des-oiseaux,,data
9948,9780064442640,,goodreads,partial,6,7,origin,6,29,10,575,3,https://www.goodreads.com/book/show/1223963.Bathtime_for_Biscuit,,data
9949,9782267015959,,goodreads,partial,6,7,origin,6,15,4,997,6,https://www.goodreads.com/book/show/64587725-n-entre-pas-si-vite-dans-cette-nuit-noire,,data
9950,9780064442374,,goodreads,partial,6,7,origin,6,27,7,539,3,https://www.goodreads.com/book/show/260095.Happy_Birthday_Danny_and_the_Dinosaur_,,data
9951,9788429744309,,goodreads,partial,5,7,origin; genres,1,0,0,731,8,https://www.goodreads.com/book/show/5062769-ablanatanalba-novel-la-verb-vora,,data
9952,9780140320848,,goodreads,partial,5,7,origin; genres,6,1,0,153,9,https://www.goodreads.com/book/show/4235348-m-m-and-the-mummy-mess,,data
9953,9780307020413,,goodreads,partial,6,7,origin,6,28,10,374,4,https://www.goodreads.com/book/show/3445011-walt-disney-s-mother-goose,,data
9954,9788484321781,,goodreads,partial,5,7,origin; genres,1,0,0,325,8,https://www.goodreads.com/book/show/106061454-la-crisis-de-la-razon,,data
9955,9780786004034,,goodreads,partial,6,7,origin,1,1,2,1007,6,https://www.goodreads.com/book/show/1967095.A_Brighter_Dawn,,data
9956,9780375802157,,goodreads,partial,6,7,origin,6,30,10,488,5,https://www.goodreads.com/book/show/820286.How_Tia_Lola_Came_to_Visit_Stay,,data
9957,9780307010339,,goodreads,partial,6,7,origin,6,17,5,89,6,https://www.goodreads.com/book/show/2861198-mother-goose,,data
9958,9782070423125,,goodreads,partial,6,7,origin,6,18,2,714,6,https://www.goodreads.com/book/show/2050453.Elle_par_bonheur_et_toujours_nue,,data
9959,9780439098304,,goodreads,partial,6,7,origin,6,28,4,269,4,https://www.goodreads.com/book/show/985500.A_Hole_In_The_World,,data
9960,9788423990443,,goodreads,partial,6,7,origin,6,29,10,319,4,https://www.goodreads.com/book/show/2164596.Capitanes_intrepidos_Captains_Courageous,,data
9961,9782707302960,,goodreads,partial,6,7,origin,6,29,10,1494,4,https://www.goodreads.com/book/show/891413.Compagnie,,data
9962,9781557739704,,goodreads,partial,6,7,origin,2,13,7,409,5,https://www.goodreads.com/book/show/2027408.The_Texan_and_The_Lady,,data
9963,9782868693341,,goodreads,partial,6,7,origin,6,30,10,441,4,https://www.goodreads.com/book/show/1495836.Notre_besoin_de_consolation_est_impossible_rassasier,,data
9964,9780307111548,,goodreads,partial,6,7,origin,6,27,10,363,3,https://www.goodreads.com/book/show/327194.The_Three_Little_Kittens,,data
9965,9781887178648,,goodreads,partial,6,7,origin,6,11,6,208,6,https://www.goodreads.com/book/show/499611.Kundun,,data
9966,9781558580282,,goodreads,partial,6,7,origin,6,28,7,358,4,https://www.goodreads.com/book/show/1085659.Ahoy_There_Little_Polar_Bear,,data
9967,9780828908740,,goodreads,partial,5,7,origin; genres,1,7,0,57,7,https://www.goodreads.com/book/show/2653298-the-key-to-rebecca-the-man-from-st-petersburg,,data
9968,9780821223642,,goodreads,partial,6,7,origin,3,9,1,487,5,https://www.goodreads.com/book/show/344166.The_Rose_Window_and_Other_Verse_from_New_Poems,,data
9969,9780316358149,,goodreads,partial,6,7,origin,6,29,10,139,3,https://www.goodreads.com/book/show/87421.The_Adventures_of_Tintin_Vol_4,,data
9970,9780312291686,,goodreads,partial,6,7,origin,6,29,10,633,3,https://www.goodreads.com/book/show/152492.Abigail_Adams,,data
9971,9780689714078,,goodreads,partial,6,7,origin,4,14,4,134,5,https://www.goodreads.com/book/show/577272.Tooth_Gnasher_Superflash,,data
9972,9780690044225,,goodreads,partial,6,7,origin,6,27,9,102,4,https://www.goodreads.com/book/show/316902.My_Visit_to_the_Dinosaurs,,data
9973,9780679740759,,goodreads,partial,6,7,origin,6,30,10,2057,3,https://www.goodreads.com/book/show/290594.The_Murder_of_Helen_Jewett,,data
9974,9780064409094,,goodreads,partial,6,7,origin,6,24,5,182,5,https://www.goodreads.com/book/show/216069.Scare_School,,data
9975,9780753700648,,goodreads,partial,6,7,origin,6,29,10,932,5,https://www.goodreads.com/book/show/2522433.Ghosts_True_Encounters_With_the_World_Be,,data
9976,9780553352788,,goodreads,partial,6,7,origin,6,30,10,92,4,https://www.goodreads.com/book/show/530862.All_New_People,,data
9977,9780394715919,,goodreads,partial,6,7,origin,6,25,6,456,4,https://www.goodreads.com/book/show/1194802.Mozart,,data
9978,9780670876662,,goodreads,partial,6,7,origin,3,2,1,234,5,https://www.goodreads.com/book/show/370837.Metamorphosis,,data
9979,9780316111195,,goodreads,partial,6,7,origin,3,2,3,89,5,https://www.goodreads.com/book/show/802315.What_Do_You_Call_a_Dumb_Bunny_,,data
9980,9780517100899,,goodreads,partial,5,7,origin; genres,2,1,0,202,8,https://www.goodreads.com/book/show/1351545.Van_Gogh,,data
9981,9780393300925,,goodreads,partial,6,7,origin,6,0,2,43,7,https://www.goodreads.com/book/show/2585562-new-grove-wagner,,data
9982,9780385173971,,goodreads,partial,5,7,origin; genres,1,0,0,87,9,https://www.goodreads.com/book/show/3558785-the-know-it-alls-help-out,,data
9983,9780060616342,,goodreads,partial,6,7,origin,6,30,10,903,3,https://www.goodreads.com/book/show/640510.Excavating_Jesus,,data
9984,9780940188037,,goodreads,partial,5,7,origin; genres,2,0,0,857,9,https://www.goodreads.com/book/show/2182656.Gunfighters,,data
9985,9780307030931,,goodreads,partial,6,7,origin,3,4,5,78,6,https://www.goodreads.com/book/show/51449889-my-little-golden-book-of-dogs,,data
9986,9780671833015,,goodreads,partial,6,7,origin,6,30,10,543,5,https://www.goodreads.com/book/show/6332842-the-year-of-the-french,,data
9987,9780307602183,,goodreads,partial,6,7,origin,3,7,2,112,5,https://www.goodreads.com/book/show/1743230.Good_Night_Aunt_Lilly,,data
9988,9781575213163,,goodreads,partial,5,7,origin; genres,1,0,0,274,8,https://www.goodreads.com/book/show/2019109.Teach_Yourself_Javabeans_in_21_Days,,data
9989,9780764503702,,goodreads,partial,6,7,origin,6,1,2,803,5,https://www.goodreads.com/book/show/307663.Visual_Basic_6_For_Dummies,,data
9990,9780312169923,,goodreads,partial,6,7,origin,5,2,5,689,6,https://www.goodreads.com/book/show/312618.The_Rune_Cards,,data
9991,9781565072350,,goodreads,partial,6,7,origin,3,10,2,149,5,https://www.goodreads.com/book/show/289633.The_Heirloom,,data
9992,9780816704194,,goodreads,skipped,0,0,,0,0,0,0,1,,,data
9993,9780786887934,,goodreads,skipped,0,0,,0,0,0,0,1,,,data
9994,9780671668723,,goodreads,skipped,0,0,,0,0,0,0,1,,,data
9995,9780819311191,,goodreads,skipped,0,0,,0,0,0,0,1,,,data
9996,9780819310279,,goodreads,skipped,0,0,,0,0,0,0,1,,,data
9997,9780395270660,,goodreads,skipped,0,0,,0,0,0,0,1,,,data
9998,9780394506579,,goodreads,skipped,0,0,,0,0,0,0,1,,,data
9999,9780819309853,,goodreads,skipped,0,0,,0,0,0,0,1,,,data
10000,9780819311931,,goodreads,skipped,0,0,,0,0,0,0,1,,,data
10001,9780553107043,,goodreads,skipped,0,0,,0,0,0,0,1,,,data
