csv_row,isbn13,label,source,status,fields_found,fields_total,missing_fields,covers_written,reviews_written,genres_written,blurb_chars,warnings,book_url,error,out_dir
2,9780821716595,,amazon,skipped,0,0,,0,0,0,0,1,,,data
3,9780312954154,,amazon,skipped,0,0,,0,0,0,0,1,,,data
4,9780553259100,,amazon,skipped,0,0,,0,0,0,0,1,,,data
5,9780671729592,,amazon,skipped,0,0,,0,0,0,0,1,,,data
6,9780671736743,,amazon,skipped,0,0,,0,0,0,0,1,,,data
7,9780671674885,,amazon,skipped,0,0,,0,0,0,0,1,,,data
8,9780671730918,,amazon,skipped,0,0,,0,0,0,0,1,,,data
9,9780394805719,,amazon,skipped,0,0,,0,0,0,0,1,,,data
10,9780671740849,,amazon,skipped,0,0,,0,0,0,0,1,,,data
11,9780590462280,,amazon,skipped,0,0,,0,0,0,0,1,,,data
12,9780140341683,,amazon,skipped,0,0,,0,0,0,0,1,,,data
13,9780380777624,,amazon,skipped,0,0,,0,0,0,0,1,,,data
14,9780525465218,,amazon,skipped,0,0,,0,0,0,0,1,,,data
15,9780515107319,,amazon,skipped,0,0,,0,0,0,0,1,,,data
16,9780345280336,,amazon,skipped,0,0,,0,0,0,0,1,,,data
17,9780553283457,,amazon,skipped,0,0,,0,0,0,0,1,,,data
18,9781558175594,,amazon,skipped,0,0,,0,0,0,0,1,,,data
19,9780060804848,,amazon,skipped,0,0,,0,0,0,0,1,,,data
20,9780881501322,,amazon,skipped,0,0,,0,0,0,0,1,,,data
21,9780345364203,,amazon,skipped,0,0,,0,0,0,0,1,,,data
22,9780449126820,,amazon,skipped,0,0,,0,0,0,0,1,,,data
23,9780804102292,,amazon,skipped,0,0,,0,0,0,0,1,,,data
24,9780441001347,,amazon,skipped,0,0,,0,0,0,0,1,,,data
25,9780345353986,,amazon,skipped,0,0,,0,0,0,0,1,,,data
26,9780553117660,,amazon,skipped,0,0,,0,0,0,0,1,,,data
27,9780671476991,,amazon,skipped,0,0,,0,0,0,0,1,,,data
28,9780440208778,,amazon,skipped,0,0,,0,0,0,0,1,,,data
29,9780553202694,,amazon,skipped,0,0,,0,0,0,0,1,,,data
30,9780812582703,,amazon,skipped,0,0,,0,0,0,0,1,,,data
31,9780394740799,,amazon,skipped,0,0,,0,0,0,0,1,,,data
32,9780380475308,,amazon,skipped,0,0,,0,0,0,0,1,,,data
33,9780373642243,,amazon,skipped,0,0,,0,0,0,0,1,,,data
34,9780380008926,,amazon,skipped,0,0,,0,0,0,0,1,,,data
35,9780373075270,,amazon,skipped,0,0,,0,0,0,0,1,,,data
36,9780373500710,,amazon,skipped,0,0,,0,0,0,0,1,,,data
37,9780451163318,,amazon,skipped,0,0,,0,0,0,0,1,,,data
38,9780821771334,,amazon,skipped,0,0,,0,0,0,0,1,,,data
39,9780553133646,,amazon,skipped,0,0,,0,0,0,0,1,,,data
40,9780373483419,,amazon,skipped,0,0,,0,0,0,0,1,,,data
41,9780449234020,,amazon,skipped,0,0,,0,0,0,0,1,,,data
42,9780380768769,,amazon,skipped,0,0,,0,0,0,0,1,,,data
43,9780821754245,,amazon,skipped,0,0,,0,0,0,0,1,,,data
44,9780373260973,,amazon,skipped,0,0,,0,0,0,0,1,,,data
45,9780523405155,,amazon,skipped,0,0,,0,0,0,0,1,,,data
46,9780446895576,,amazon,skipped,0,0,,0,0,0,0,1,,,data
47,9780441106035,,amazon,skipped,0,0,,0,0,0,0,1,,,data
48,9780939391295,,amazon,skipped,0,0,,0,0,0,0,1,,,data
49,9780920501924,,amazon,skipped,0,0,,0,0,0,0,1,,,data
50,9780425045268,,amazon,skipped,0,0,,0,0,0,0,1,,,data
51,9780890849330,,amazon,skipped,0,0,,0,0,0,0,1,,,data
52,9780671672645,,amazon,skipped,0,0,,0,0,0,0,1,,,data
53,9780373056224,,amazon,skipped,0,0,,0,0,0,0,1,,,data
54,9780373270460,,amazon,skipped,0,0,,0,0,0,0,1,,,data
55,9780452270275,,amazon,skipped,0,0,,0,0,0,0,1,,,data
56,9780373760039,,amazon,skipped,0,0,,0,0,0,0,1,,,data
57,9780373650088,,amazon,skipped,0,0,,0,0,0,0,1,,,data
58,9780373166190,,amazon,skipped,0,0,,0,0,0,0,1,,,data
59,9780373243846,,amazon,skipped,0,0,,0,0,0,0,1,,,data
60,9780373056941,,amazon,skipped,0,0,,0,0,0,0,1,,,data
61,9780671731328,,amazon,skipped,0,0,,0,0,0,0,1,,,data
62,9780373287956,,amazon,skipped,0,0,,0,0,0,0,1,,,data
63,9780373166312,,amazon,skipped,0,0,,0,0,0,0,1,,,data
64,9780671702687,,amazon,skipped,0,0,,0,0,0,0,1,,,data
65,9780449146934,,amazon,skipped,0,0,,0,0,0,0,1,,,data
66,9780440205302,,amazon,skipped,0,0,,0,0,0,0,1,,,data
67,9780449220856,,amazon,skipped,0,0,,0,0,0,0,1,,,data
68,9780812542950,,amazon,skipped,0,0,,0,0,0,0,1,,,data
69,9780812551594,,amazon,skipped,0,0,,0,0,0,0,1,,,data
70,9780515064261,,amazon,skipped,0,0,,0,0,0,0,1,,,data
71,9781551668024,,amazon,skipped,0,0,,0,0,0,0,1,,,data
72,9780373483631,,amazon,skipped,0,0,,0,0,0,0,1,,,data
73,9780380802487,,amazon,skipped,0,0,,0,0,0,0,1,,,data
74,9780912376011,,amazon,skipped,0,0,,0,0,0,0,1,,,data
75,9780525672890,,amazon,skipped,0,0,,0,0,0,0,1,,,data
76,9780822942207,,amazon,skipped,0,0,,0,0,0,0,1,,,data
77,9780821770054,,amazon,skipped,0,0,,0,0,0,0,1,,,data
78,9780373288762,,amazon,skipped,0,0,,0,0,0,0,1,,,data
79,9781572970366,,amazon,skipped,0,0,,0,0,0,0,1,,,data
80,9780590053877,,amazon,skipped,0,0,,0,0,0,0,1,,,data
81,9780380009572,,amazon,skipped,0,0,,0,0,0,0,1,,,data
82,9780440176336,,amazon,skipped,0,0,,0,0,0,0,1,,,data
83,9780307105554,,amazon,skipped,0,0,,0,0,0,0,1,,,data
84,9780486286914,,amazon,skipped,0,0,,0,0,0,0,1,,,data
85,9780570050247,,amazon,skipped,0,0,,0,0,0,0,1,,,data
86,9780590431019,,amazon,skipped,0,0,,0,0,0,0,1,,,data
87,9780307126894,,amazon,skipped,0,0,,0,0,0,0,1,,,data
88,9780812527445,,amazon,skipped,0,0,,0,0,0,0,1,,,data
89,9780553141429,,amazon,skipped,0,0,,0,0,0,0,1,,,data
90,9780553158106,,amazon,skipped,0,0,,0,0,0,0,1,,,data
91,9780671741884,,amazon,skipped,0,0,,0,0,0,0,1,,,data
92,9780817300319,,amazon,skipped,0,0,,0,0,0,0,1,,,data
93,9780451160577,,amazon,skipped,0,0,,0,0,0,0,1,,,data
94,9780671439378,,amazon,skipped,0,0,,0,0,0,0,1,,,data
95,9780425056523,,amazon,skipped,0,0,,0,0,0,0,1,,,data
96,9780671789626,,amazon,skipped,0,0,,0,0,0,0,1,,,data
97,9780590428040,,amazon,skipped,0,0,,0,0,0,0,1,,,data
98,9780590098908,,amazon,skipped,0,0,,0,0,0,0,1,,,data
99,9780590863704,,amazon,skipped,0,0,,0,0,0,0,1,,,data
100,9780553285604,,amazon,skipped,0,0,,0,0,0,0,1,,,data
101,9780425145326,,amazon,skipped,0,0,,0,0,0,0,1,,,data
102,9780553285079,,amazon,skipped,0,0,,0,0,0,0,1,,,data
103,9780440171676,,amazon,skipped,0,0,,0,0,0,0,1,,,data
104,9780515076387,,amazon,skipped,0,0,,0,0,0,0,1,,,data
105,9780380713189,,amazon,skipped,0,0,,0,0,0,0,1,,,data
106,9780812517828,,amazon,skipped,0,0,,0,0,0,0,1,,,data
107,9780061043949,,amazon,skipped,0,0,,0,0,0,0,1,,,data
108,9780821743164,,amazon,skipped,0,0,,0,0,0,0,1,,,data
109,9780944276761,,amazon,skipped,0,0,,0,0,0,0,1,,,data
110,9780446352314,,amazon,skipped,0,0,,0,0,0,0,1,,,data
111,9780505522351,,amazon,skipped,0,0,,0,0,0,0,1,,,data
112,9780590453455,,amazon,skipped,0,0,,0,0,0,0,1,,,data
113,9780553578034,,amazon,skipped,0,0,,0,0,0,0,1,,,data
114,9780671669409,,amazon,skipped,0,0,,0,0,0,0,1,,,data
115,9781558176133,,amazon,skipped,0,0,,0,0,0,0,1,,,data
116,9780932294098,,amazon,skipped,0,0,,0,0,0,0,1,,,data
117,9780802730824,,amazon,skipped,0,0,,0,0,0,0,1,,,data
118,9781878624444,,amazon,skipped,0,0,,0,0,0,0,1,,,data
119,9780394836645,,amazon,skipped,0,0,,0,0,0,0,1,,,data
120,9780307681034,,amazon,skipped,0,0,,0,0,0,0,1,,,data
121,9780445405257,,amazon,skipped,0,0,,0,0,0,0,1,,,data
122,9780523413198,,amazon,skipped,0,0,,0,0,0,0,1,,,data
123,9780373074419,,amazon,skipped,0,0,,0,0,0,0,1,,,data
124,9780395409275,,amazon,skipped,0,0,,0,0,0,0,1,,,data
125,9780515105148,,amazon,skipped,0,0,,0,0,0,0,1,,,data
126,9780373291977,,amazon,skipped,0,0,,0,0,0,0,1,,,data
127,9780553572810,,amazon,skipped,0,0,,0,0,0,0,1,,,data
128,9780843944754,,amazon,skipped,0,0,,0,0,0,0,1,,,data
129,9780843924978,,amazon,skipped,0,0,,0,0,0,0,1,,,data
130,9780373217328,,amazon,skipped,0,0,,0,0,0,0,1,,,data
131,9780373225156,,amazon,skipped,0,0,,0,0,0,0,1,,,data
132,9780373224319,,amazon,skipped,0,0,,0,0,0,0,1,,,data
133,9780812514131,,amazon,skipped,0,0,,0,0,0,0,1,,,data
134,9780373224401,,amazon,skipped,0,0,,0,0,0,0,1,,,data
135,9780373223664,,amazon,skipped,0,0,,0,0,0,0,1,,,data
136,9780373221950,,amazon,skipped,0,0,,0,0,0,0,1,,,data
137,9780553120189,,amazon,skipped,0,0,,0,0,0,0,1,,,data
138,9780373223275,,amazon,skipped,0,0,,0,0,0,0,1,,,data
139,9780373221356,,amazon,skipped,0,0,,0,0,0,0,1,,,data
140,9780812533187,,amazon,skipped,0,0,,0,0,0,0,1,,,data
141,9780812524932,,amazon,skipped,0,0,,0,0,0,0,1,,,data
142,9780812509625,,amazon,skipped,0,0,,0,0,0,0,1,,,data
143,9780812507140,,amazon,skipped,0,0,,0,0,0,0,1,,,data
144,9780671039868,,amazon,skipped,0,0,,0,0,0,0,1,,,data
145,9780373703852,,amazon,skipped,0,0,,0,0,0,0,1,,,data
146,9780553444858,,amazon,skipped,0,0,,0,0,0,0,1,,,data
147,9780446351478,,amazon,empty,0,7,title; authors; publisher; origin; date_of_publication; language; genres,0,0,0,0,9,,,data
148,9780373078271,,amazon,skipped,0,0,,0,0,0,0,1,,,data
149,9780837898582,,amazon,skipped,0,0,,0,0,0,0,1,,,data
150,9780679874379,,amazon,skipped,0,0,,0,0,0,0,1,,,data
151,9780816743971,,amazon,skipped,0,0,,0,0,0,0,1,,,data
152,9780590519250,,amazon,skipped,0,0,,0,0,0,0,1,,,data
153,9780816748129,,amazon,skipped,0,0,,0,0,0,0,1,,,data
154,9780439082099,,amazon,skipped,0,0,,0,0,0,0,1,,,data
155,9780849934728,,amazon,skipped,0,0,,0,0,0,0,1,,,data
156,9780440401964,,amazon,skipped,0,0,,0,0,0,0,1,,,data
157,9781556613883,,amazon,skipped,0,0,,0,0,0,0,1,,,data
158,9780590407496,,amazon,skipped,0,0,,0,0,0,0,1,,,data
159,9780717283347,,amazon,skipped,0,0,,0,0,0,0,1,,,data
160,9780769605630,,amazon,skipped,0,0,,0,0,0,0,1,,,data
161,9780140375138,,amazon,skipped,0,0,,0,0,0,0,1,,,data
162,9780380763504,,amazon,skipped,0,0,,0,0,0,0,1,,,data
163,9780425161906,,amazon,skipped,0,0,,0,0,0,0,1,,,data
164,9780679811817,,amazon,skipped,0,0,,0,0,0,0,1,,,data
165,9780553212655,,amazon,skipped,0,0,,0,0,0,0,1,,,data
166,9780671722258,,amazon,skipped,0,0,,0,0,0,0,1,,,data
167,9780399210808,,amazon,skipped,0,0,,0,0,0,0,1,,,data
168,9780345274922,,amazon,skipped,0,0,,0,0,0,0,1,,,data
169,9780821743386,,amazon,skipped,0,0,,0,0,0,0,1,,,data
170,9780373114559,,amazon,skipped,0,0,,0,0,0,0,1,,,data
171,9780373034543,,amazon,skipped,0,0,,0,0,0,0,1,,,data
172,9780373706051,,amazon,skipped,0,0,,0,0,0,0,1,,,data
173,9780373170630,,amazon,skipped,0,0,,0,0,0,0,1,,,data
174,9780373105052,,amazon,skipped,0,0,,0,0,0,0,1,,,data
175,9780373252527,,amazon,skipped,0,0,,0,0,0,0,1,,,data
176,9780373108305,,amazon,skipped,0,0,,0,0,0,0,1,,,data
177,9780373160549,,amazon,skipped,0,0,,0,0,0,0,1,,,data
178,9780373110469,,amazon,skipped,0,0,,0,0,0,0,1,,,data
179,9780373104789,,amazon,skipped,0,0,,0,0,0,0,1,,,data
180,9780373104895,,amazon,skipped,0,0,,0,0,0,0,1,,,data
181,9780373161102,,amazon,skipped,0,0,,0,0,0,0,1,,,data
182,9780373161881,,amazon,skipped,0,0,,0,0,0,0,1,,,data
183,9780373110940,,amazon,skipped,0,0,,0,0,0,0,1,,,data
184,9780373161218,,amazon,skipped,0,0,,0,0,0,0,1,,,data
185,9780373028573,,amazon,skipped,0,0,,0,0,0,0,1,,,data
186,9780307100214,,amazon,skipped,0,0,,0,0,0,0,1,,,data
187,9780373027866,,amazon,skipped,0,0,,0,0,0,0,1,,,data
188,9780373707331,,amazon,skipped,0,0,,0,0,0,0,1,,,data
189,9780373108893,,amazon,skipped,0,0,,0,0,0,0,1,,,data
190,9780373029792,,amazon,skipped,0,0,,0,0,0,0,1,,,data
191,9780373109494,,amazon,skipped,0,0,,0,0,0,0,1,,,data
192,9780840751225,,amazon,skipped,0,0,,0,0,0,0,1,,,data
193,9780805021394,,amazon,skipped,0,0,,0,0,0,0,1,,,data
194,9780394873046,,amazon,skipped,0,0,,0,0,0,0,1,,,data
195,9780307106520,,amazon,skipped,0,0,,0,0,0,0,1,,,data
196,9780687078165,,amazon,skipped,0,0,,0,0,0,0,1,,,data
197,9780590481571,,amazon,skipped,0,0,,0,0,0,0,1,,,data
198,9780717282890,,amazon,skipped,0,0,,0,0,0,0,1,,,data
199,9780679890485,,amazon,skipped,0,0,,0,0,0,0,1,,,data
200,9780590445757,,amazon,skipped,0,0,,0,0,0,0,1,,,data
201,9780345316806,,amazon,skipped,0,0,,0,0,0,0,1,,,data
202,9780440969778,,amazon,skipped,0,0,,0,0,0,0,1,,,data
203,9780939979219,,amazon,skipped,0,0,,0,0,0,0,1,,,data
204,9780373104369,,amazon,skipped,0,0,,0,0,0,0,1,,,data
205,9780373705085,,amazon,skipped,0,0,,0,0,0,0,1,,,data
206,9780373027903,,amazon,skipped,0,0,,0,0,0,0,1,,,data
207,9780373110810,,amazon,skipped,0,0,,0,0,0,0,1,,,data
208,9780373028528,,amazon,skipped,0,0,,0,0,0,0,1,,,data
209,9780373107698,,amazon,skipped,0,0,,0,0,0,0,1,,,data
210,9780373105861,,amazon,skipped,0,0,,0,0,0,0,1,,,data
211,9780373706945,,amazon,skipped,0,0,,0,0,0,0,1,,,data
212,9780373111299,,amazon,skipped,0,0,,0,0,0,0,1,,,data
213,9780373704293,,amazon,skipped,0,0,,0,0,0,0,1,,,data
214,9780373104178,,amazon,skipped,0,0,,0,0,0,0,1,,,data
215,9780373111398,,amazon,skipped,0,0,,0,0,0,0,1,,,data
216,9780373116027,,amazon,skipped,0,0,,0,0,0,0,1,,,data
217,9780373251377,,amazon,skipped,0,0,,0,0,0,0,1,,,data
218,9780373107087,,amazon,skipped,0,0,,0,0,0,0,1,,,data
219,9780373106462,,amazon,skipped,0,0,,0,0,0,0,1,,,data
220,9780373106493,,amazon,skipped,0,0,,0,0,0,0,1,,,data
221,9780373028160,,amazon,skipped,0,0,,0,0,0,0,1,,,data
222,9780373104567,,amazon,skipped,0,0,,0,0,0,0,1,,,data
223,9780373707171,,amazon,skipped,0,0,,0,0,0,0,1,,,data
224,9780373251681,,amazon,skipped,0,0,,0,0,0,0,1,,,data
225,9780373106431,,amazon,skipped,0,0,,0,0,0,0,1,,,data
226,9780373028481,,amazon,skipped,0,0,,0,0,0,0,1,,,data
227,9780373112111,,amazon,skipped,0,0,,0,0,0,0,1,,,data
228,9780373111992,,amazon,skipped,0,0,,0,0,0,0,1,,,data
229,9780373105083,,amazon,skipped,0,0,,0,0,0,0,1,,,data
230,9780373112296,,amazon,skipped,0,0,,0,0,0,0,1,,,data
231,9780373112197,,amazon,skipped,0,0,,0,0,0,0,1,,,data
232,9780373105250,,amazon,skipped,0,0,,0,0,0,0,1,,,data
233,9780373112890,,amazon,skipped,0,0,,0,0,0,0,1,,,data
234,9780307123398,,amazon,skipped,0,0,,0,0,0,0,1,,,data
235,9780373704279,,amazon,skipped,0,0,,0,0,0,0,1,,,data
236,9780373093380,,amazon,skipped,0,0,,0,0,0,0,1,,,data
237,9780821738146,,amazon,skipped,0,0,,0,0,0,0,1,,,data
238,9780515058659,,amazon,skipped,0,0,,0,0,0,0,1,,,data
239,9780373092901,,amazon,skipped,0,0,,0,0,0,0,1,,,data
240,9780380419210,,amazon,skipped,0,0,,0,0,0,0,1,,,data
241,9780821727126,,amazon,skipped,0,0,,0,0,0,0,1,,,data
242,9780373030804,,amazon,skipped,0,0,,0,0,0,0,1,,,data
243,9780373289707,,amazon,skipped,0,0,,0,0,0,0,1,,,data
244,9780310466529,,amazon,skipped,0,0,,0,0,0,0,1,,,data
245,9780821748473,,amazon,skipped,0,0,,0,0,0,0,1,,,data
246,9780671496524,,amazon,skipped,0,0,,0,0,0,0,1,,,data
247,9780684174709,,amazon,skipped,0,0,,0,0,0,0,1,,,data
248,9780671028428,,amazon,skipped,0,0,,0,0,0,0,1,,,data
249,9780671015404,,amazon,skipped,0,0,,0,0,0,0,1,,,data
250,9780812530094,,amazon,skipped,0,0,,0,0,0,0,1,,,data
251,9780821721919,,amazon,skipped,0,0,,0,0,0,0,1,,,data
252,9780821732571,,amazon,skipped,0,0,,0,0,0,0,1,,,data
253,9780821730980,,amazon,skipped,0,0,,0,0,0,0,1,,,data
254,9780786844319,,amazon,skipped,0,0,,0,0,0,0,1,,,data
255,9781887734011,,amazon,skipped,0,0,,0,0,0,0,1,,,data
256,9780152321598,,amazon,skipped,0,0,,0,0,0,0,1,,,data
257,9780553055771,,amazon,skipped,0,0,,0,0,0,0,1,,,data
258,9780448030944,,amazon,skipped,0,0,,0,0,0,0,1,,,data
259,9780816714667,,amazon,skipped,0,0,,0,0,0,0,1,,,data
260,9780307200136,,amazon,skipped,0,0,,0,0,0,0,1,,,data
261,9780590101769,,amazon,skipped,0,0,,0,0,0,0,1,,,data
262,9780689821721,,amazon,skipped,0,0,,0,0,0,0,1,,,data
263,9780874036886,,amazon,skipped,0,0,,0,0,0,0,1,,,data
264,9780816703807,,amazon,skipped,0,0,,0,0,0,0,1,,,data
265,9780425153406,,amazon,skipped,0,0,,0,0,0,0,1,,,data
266,9780684176604,,amazon,skipped,0,0,,0,0,0,0,1,,,data
267,9780679822370,,amazon,skipped,0,0,,0,0,0,0,1,,,data
268,9780373024568,,amazon,skipped,0,0,,0,0,0,0,1,,,data
269,9780688137557,,amazon,skipped,0,0,,0,0,0,0,1,,,data
270,9780399228179,,amazon,skipped,0,0,,0,0,0,0,1,,,data
271,9780374367800,,amazon,skipped,0,0,,0,0,0,0,1,,,data
272,9780385013932,,amazon,skipped,0,0,,0,0,0,0,1,,,data
273,9780809244096,,amazon,skipped,0,0,,0,0,0,0,1,,,data
274,9780689849640,,amazon,skipped,0,0,,0,0,0,0,1,,,data
275,9780816431618,,amazon,skipped,0,0,,0,0,0,0,1,,,data
276,9780307121097,,amazon,skipped,0,0,,0,0,0,0,1,,,data
277,9780394834603,,amazon,skipped,0,0,,0,0,0,0,1,,,data
278,9780590337786,,amazon,skipped,0,0,,0,0,0,0,1,,,data
279,9780395670644,,amazon,skipped,0,0,,0,0,0,0,1,,,data
280,9780816732630,,amazon,skipped,0,0,,0,0,0,0,1,,,data
281,9780763616137,,amazon,skipped,0,0,,0,0,0,0,1,,,data
282,9780899193366,,amazon,skipped,0,0,,0,0,0,0,1,,,data
283,9780870442438,,amazon,skipped,0,0,,0,0,0,0,1,,,data
284,9781562882235,,amazon,skipped,0,0,,0,0,0,0,1,,,data
285,9780930323998,,amazon,skipped,0,0,,0,0,0,0,1,,,data
286,9780679894568,,amazon,skipped,0,0,,0,0,0,0,1,,,data
287,9780440005339,,amazon,skipped,0,0,,0,0,0,0,1,,,data
288,9780064450935,,amazon,skipped,0,0,,0,0,0,0,1,,,data
289,9780819310675,,amazon,skipped,0,0,,0,0,0,0,1,,,data
290,9780553152517,,amazon,skipped,0,0,,0,0,0,0,1,,,data
291,9780064451130,,amazon,skipped,0,0,,0,0,0,0,1,,,data
292,9780307130228,,amazon,skipped,0,0,,0,0,0,0,1,,,data
293,9780394841090,,amazon,skipped,0,0,,0,0,0,0,1,,,data
294,9780590423120,,amazon,skipped,0,0,,0,0,0,0,1,,,data
295,9780690044812,,amazon,skipped,0,0,,0,0,0,0,1,,,data
296,9780316119597,,amazon,skipped,0,0,,0,0,0,0,1,,,data
297,9780060208004,,amazon,skipped,0,0,,0,0,0,0,1,,,data
298,9780064450942,,amazon,skipped,0,0,,0,0,0,0,1,,,data
299,9780679891246,,amazon,skipped,0,0,,0,0,0,0,1,,,data
300,9780934426794,,amazon,skipped,0,0,,0,0,0,0,1,,,data
301,9780373263622,,amazon,skipped,0,0,,0,0,0,0,1,,,data
302,9780451405395,,amazon,skipped,0,0,,0,0,0,0,1,,,data
303,9780312982874,,amazon,skipped,0,0,,0,0,0,0,1,,,data
304,9780446314350,,amazon,skipped,0,0,,0,0,0,0,1,,,data
305,9780451188656,,amazon,skipped,0,0,,0,0,0,0,1,,,data
306,9780380798735,,amazon,skipped,0,0,,0,0,0,0,1,,,data
307,9780553248852,,amazon,skipped,0,0,,0,0,0,0,1,,,data
308,9780061043987,,amazon,skipped,0,0,,0,0,0,0,1,,,data
309,9780061043970,,amazon,skipped,0,0,,0,0,0,0,1,,,data
310,9781565121621,,amazon,skipped,0,0,,0,0,0,0,1,,,data
311,9780553256246,,amazon,skipped,0,0,,0,0,0,0,1,,,data
312,9780449219997,,amazon,skipped,0,0,,0,0,0,0,1,,,data
313,9780515110104,,amazon,skipped,0,0,,0,0,0,0,1,,,data
314,9780312960957,,amazon,skipped,0,0,,0,0,0,0,1,,,data
315,9780307116543,,amazon,skipped,0,0,,0,0,0,0,1,,,data
316,9781570641282,,amazon,skipped,0,0,,0,0,0,0,1,,,data
317,9780448411026,,amazon,skipped,0,0,,0,0,0,0,1,,,data
318,9780448191157,,amazon,skipped,0,0,,0,0,0,0,1,,,data
319,9780140549928,,amazon,skipped,0,0,,0,0,0,0,1,,,data
320,9780934323123,,amazon,skipped,0,0,,0,0,0,0,1,,,data
321,9781577593447,,amazon,skipped,0,0,,0,0,0,0,1,,,data
322,9780451174246,,amazon,skipped,0,0,,0,0,0,0,1,,,data
323,9780310415510,,amazon,skipped,0,0,,0,0,0,0,1,,,data
324,9780769604343,,amazon,skipped,0,0,,0,0,0,0,1,,,data
325,9780439105965,,amazon,skipped,0,0,,0,0,0,0,1,,,data
326,9780962954115,,amazon,skipped,0,0,,0,0,0,0,1,,,data
327,9780307123305,,amazon,skipped,0,0,,0,0,0,0,1,,,data
328,9780451521132,,amazon,skipped,0,0,,0,0,0,0,1,,,data
329,9780440182610,,amazon,skipped,0,0,,0,0,0,0,1,,,data
330,9780671784614,,amazon,skipped,0,0,,0,0,0,0,1,,,data
331,9780837818245,,amazon,skipped,0,0,,0,0,0,0,1,,,data
332,9780140360028,,amazon,skipped,0,0,,0,0,0,0,1,,,data
333,9781573248532,,amazon,skipped,0,0,,0,0,0,0,1,,,data
334,9780446610049,,amazon,skipped,0,0,,0,0,0,0,1,,,data
335,9781558742956,,amazon,skipped,0,0,,0,0,0,0,1,,,data
336,9780823049004,,amazon,skipped,0,0,,0,0,0,0,1,,,data
337,9783423124485,,amazon,skipped,0,0,,0,0,0,0,1,,,data
338,9783548254401,,amazon,skipped,0,0,,0,0,0,0,1,,,data
339,9783442133413,,amazon,skipped,0,0,,0,0,0,0,1,,,data
340,9783442442720,,amazon,skipped,0,0,,0,0,0,0,1,,,data
341,9783453178113,,amazon,skipped,0,0,,0,0,0,0,1,,,data
342,9783404142361,,amazon,skipped,0,0,,0,0,0,0,1,,,data
343,9783453196124,,amazon,skipped,0,0,,0,0,0,0,1,,,data
344,9783442151370,,amazon,skipped,0,0,,0,0,0,0,1,,,data
345,9783442098231,,amazon,skipped,0,0,,0,0,0,0,1,,,data
346,9783406502712,,amazon,skipped,0,0,,0,0,0,0,1,,,data
347,9780843935189,,amazon,skipped,0,0,,0,0,0,0,1,,,data
348,9780812538236,,amazon,skipped,0,0,,0,0,0,0,1,,,data
349,9780721408491,,amazon,skipped,0,0,,0,0,0,0,1,,,data
350,9780385510097,,amazon,skipped,0,0,,0,0,0,0,1,,,data
351,9780785810735,,amazon,skipped,0,0,,0,0,0,0,1,,,data
352,9780679438311,,amazon,skipped,0,0,,0,0,0,0,1,,,data
353,9781414049397,,amazon,skipped,0,0,,0,0,0,0,1,,,data
354,9781853753374,,amazon,skipped,0,0,,0,0,0,0,1,,,data
355,9780263826982,,amazon,skipped,0,0,,0,0,0,0,1,,,data
356,9780533102082,,amazon,skipped,0,0,,0,0,0,0,1,,,data
357,9783257232707,,amazon,skipped,0,0,,0,0,0,0,1,,,data
358,9780812590425,,amazon,skipped,0,0,,0,0,0,0,1,,,data
359,9780595209309,,amazon,skipped,0,0,,0,0,0,0,1,,,data
360,9783608875157,,amazon,skipped,0,0,,0,0,0,0,1,,,data
361,9780465098385,,amazon,skipped,0,0,,0,0,0,0,1,,,data
362,9780684825625,,amazon,skipped,0,0,,0,0,0,0,1,,,data
363,9781887053068,,amazon,skipped,0,0,,0,0,0,0,1,,,data
364,9781575420240,,amazon,skipped,0,0,,0,0,0,0,1,,,data
365,9781890612139,,amazon,skipped,0,0,,0,0,0,0,1,,,data
366,9782070368655,,amazon,skipped,0,0,,0,0,0,0,1,,,data
367,9780752837260,,amazon,skipped,0,0,,0,0,0,0,1,,,data
368,9780740738371,,amazon,skipped,0,0,,0,0,0,0,1,,,data
369,9780340861707,,amazon,skipped,0,0,,0,0,0,0,1,,,data
370,9781577311652,,amazon,skipped,0,0,,0,0,0,0,1,,,data
371,9780795152399,,amazon,skipped,0,0,,0,0,0,0,1,,,data
372,9780312929084,,amazon,skipped,0,0,,0,0,0,0,1,,,data
373,9780440219170,,amazon,skipped,0,0,,0,0,0,0,1,,,data
374,9783257233711,,amazon,skipped,0,0,,0,0,0,0,1,,,data
375,9783257233445,,amazon,skipped,0,0,,0,0,0,0,1,,,data
376,9788811666783,,amazon,skipped,0,0,,0,0,0,0,1,,,data
377,9781568582221,,amazon,skipped,0,0,,0,0,0,0,1,,,data
378,9783423201889,,amazon,skipped,0,0,,0,0,0,0,1,,,data
379,9783442724062,,amazon,skipped,0,0,,0,0,0,0,1,,,data
380,9780727841933,,amazon,skipped,0,0,,0,0,0,0,1,,,data
381,9780553813760,,amazon,skipped,0,0,,0,0,0,0,1,,,data
382,9780973119701,,amazon,skipped,0,0,,0,0,0,0,1,,,data
383,9780752535463,,amazon,skipped,0,0,,0,0,0,0,1,,,data
384,9781400030668,,amazon,skipped,0,0,,0,0,0,0,1,,,data
385,9780871401748,,amazon,skipped,0,0,,0,0,0,0,1,,,data
386,9780006280835,,amazon,skipped,0,0,,0,0,0,0,1,,,data
387,9780156949521,,amazon,skipped,0,0,,0,0,0,0,1,,,data
388,9780156572040,,amazon,skipped,0,0,,0,0,0,0,1,,,data
389,9780883683828,,amazon,skipped,0,0,,0,0,0,0,1,,,data
390,9780140440331,,amazon,skipped,0,0,,0,0,0,0,1,,,data
391,9780060935740,,amazon,skipped,0,0,,0,0,0,0,1,,,data
392,9780553251616,,amazon,skipped,0,0,,0,0,0,0,1,,,data
393,9780415213684,,amazon,skipped,0,0,,0,0,0,0,1,,,data
394,9780140122879,,amazon,skipped,0,0,,0,0,0,0,1,,,data
395,9780671630904,,amazon,skipped,0,0,,0,0,0,0,1,,,data
396,9781561792214,,amazon,skipped,0,0,,0,0,0,0,1,,,data
397,9780140281637,,amazon,skipped,0,0,,0,0,0,0,1,,,data
398,9780345426390,,amazon,skipped,0,0,,0,0,0,0,1,,,data
399,9782290302958,,amazon,skipped,0,0,,0,0,0,0,1,,,data
400,9782070372188,,amazon,skipped,0,0,,0,0,0,0,1,,,data
401,9782266113984,,amazon,skipped,0,0,,0,0,0,0,1,,,data
402,9783453206342,,amazon,skipped,0,0,,0,0,0,0,1,,,data
403,9780595185023,,amazon,skipped,0,0,,0,0,0,0,1,,,data
404,9780595187287,,amazon,skipped,0,0,,0,0,0,0,1,,,data
405,9780307062536,,amazon,skipped,0,0,,0,0,0,0,1,,,data
406,9780525462330,,amazon,skipped,0,0,,0,0,0,0,1,,,data
407,9780140095753,,amazon,skipped,0,0,,0,0,0,0,1,,,data
408,9789053330562,,amazon,skipped,0,0,,0,0,0,0,1,,,data
409,9780156167741,,amazon,skipped,0,0,,0,0,0,0,1,,,data
410,9789060126462,,amazon,skipped,0,0,,0,0,0,0,1,,,data
411,9780394744551,,amazon,skipped,0,0,,0,0,0,0,1,,,data
412,9780300065954,,amazon,skipped,0,0,,0,0,0,0,1,,,data
413,9789038845432,,amazon,skipped,0,0,,0,0,0,0,1,,,data
414,9789073978966,,amazon,skipped,0,0,,0,0,0,0,1,,,data
415,9780395521052,,amazon,skipped,0,0,,0,0,0,0,1,,,data
416,9780140007367,,amazon,skipped,0,0,,0,0,0,0,1,,,data
417,9789023438847,,amazon,skipped,0,0,,0,0,0,0,1,,,data
418,9781400032525,,amazon,skipped,0,0,,0,0,0,0,1,,,data
419,9780826414793,,amazon,skipped,0,0,,0,0,0,0,1,,,data
420,9780413696809,,amazon,skipped,0,0,,0,0,0,0,1,,,data
421,9780553285055,,amazon,skipped,0,0,,0,0,0,0,1,,,data
422,9780749396084,,amazon,skipped,0,0,,0,0,0,0,1,,,data
423,9780807219966,,amazon,skipped,0,0,,0,0,0,0,1,,,data
424,9780812036039,,amazon,skipped,0,0,,0,0,0,0,1,,,data
425,9789029535946,,amazon,skipped,0,0,,0,0,0,0,1,,,data
426,9781860492525,,amazon,skipped,0,0,,0,0,0,0,1,,,data
427,9780671871161,,amazon,skipped,0,0,,0,0,0,0,1,,,data
428,9780135197295,,amazon,skipped,0,0,,0,0,0,0,1,,,data
429,9780766829299,,amazon,skipped,0,0,,0,0,0,0,1,,,data
430,9780743528559,,amazon,skipped,0,0,,0,0,0,0,1,,,data
431,9780714528755,,amazon,skipped,0,0,,0,0,0,0,1,,,data
432,9780755101924,,amazon,skipped,0,0,,0,0,0,0,1,,,data
433,9780061051104,,amazon,skipped,0,0,,0,0,0,0,1,,,data
434,9780380977024,,amazon,skipped,0,0,,0,0,0,0,1,,,data
435,9781410100320,,amazon,skipped,0,0,,0,0,0,0,1,,,data
436,9780684189574,,amazon,skipped,0,0,,0,0,0,0,1,,,data
437,9780618258024,,amazon,skipped,0,0,,0,0,0,0,1,,,data
438,9780765306739,,amazon,skipped,0,0,,0,0,0,0,1,,,data
439,9781578152674,,amazon,skipped,0,0,,0,0,0,0,1,,,data
440,9780007116249,,amazon,skipped,0,0,,0,0,0,0,1,,,data
441,9780345420794,,amazon,skipped,0,0,,0,0,0,0,1,,,data
442,9780345320223,,amazon,skipped,0,0,,0,0,0,0,1,,,data
443,9781561797950,,amazon,skipped,0,0,,0,0,0,0,1,,,data
444,9780486223056,,amazon,skipped,0,0,,0,0,0,0,1,,,data
445,9781594130021,,amazon,skipped,0,0,,0,0,0,0,1,,,data
446,9780786222735,,amazon,skipped,0,0,,0,0,0,0,1,,,data
447,9785845105127,,amazon,skipped,0,0,,0,0,0,0,1,,,data
448,9780553561982,,amazon,skipped,0,0,,0,0,0,0,1,,,data
449,9780759600560,,amazon,skipped,0,0,,0,0,0,0,1,,,data
450,9788806117849,,amazon,skipped,0,0,,0,0,0,0,1,,,data
451,9781574090741,,amazon,skipped,0,0,,0,0,0,0,1,,,data
452,9780553232721,,amazon,skipped,0,0,,0,0,0,0,1,,,data
453,9780671002749,,amazon,skipped,0,0,,0,0,0,0,1,,,data
454,9780399121197,,amazon,skipped,0,0,,0,0,0,0,1,,,data
455,9780380007387,,amazon,skipped,0,0,,0,0,0,0,1,,,data
456,9780806998558,,amazon,skipped,0,0,,0,0,0,0,1,,,data
457,9780821721377,,amazon,skipped,0,0,,0,0,0,0,1,,,data
458,9780821721797,,amazon,skipped,0,0,,0,0,0,0,1,,,data
459,9780385195775,,amazon,skipped,0,0,,0,0,0,0,1,,,data
460,9780373055968,,amazon,skipped,0,0,,0,0,0,0,1,,,data
461,9780373252879,,amazon,skipped,0,0,,0,0,0,0,1,,,data
462,9781570361401,,amazon,skipped,0,0,,0,0,0,0,1,,,data
463,9780316352505,,amazon,skipped,0,0,,0,0,0,0,1,,,data
464,9781558582200,,amazon,skipped,0,0,,0,0,0,0,1,,,data
465,9780895656179,,amazon,skipped,0,0,,0,0,0,0,1,,,data
466,9780060265533,,amazon,skipped,0,0,,0,0,0,0,1,,,data
467,9780394856407,,amazon,skipped,0,0,,0,0,0,0,1,,,data
468,9780679812494,,amazon,skipped,0,0,,0,0,0,0,1,,,data
469,9781891327032,,amazon,skipped,0,0,,0,0,0,0,1,,,data
470,9780064430180,,amazon,skipped,0,0,,0,0,0,0,1,,,data
471,9780060170325,,amazon,skipped,0,0,,0,0,0,0,1,,,data
472,9780743429696,,amazon,skipped,0,0,,0,0,0,0,1,,,data
473,9780764105692,,amazon,skipped,0,0,,0,0,0,0,1,,,data
474,9781555216979,,amazon,skipped,0,0,,0,0,0,0,1,,,data
475,9780316109222,,amazon,skipped,0,0,,0,0,0,0,1,,,data
476,9780373898053,,amazon,skipped,0,0,,0,0,0,0,1,,,data
477,9780316112468,,amazon,skipped,0,0,,0,0,0,0,1,,,data
478,9780316110471,,amazon,skipped,0,0,,0,0,0,0,1,,,data
479,9780394931272,,amazon,skipped,0,0,,0,0,0,0,1,,,data
480,9780060205270,,amazon,skipped,0,0,,0,0,0,0,1,,,data
481,9780060224660,,amazon,skipped,0,0,,0,0,0,0,1,,,data
482,9780689821257,,amazon,skipped,0,0,,0,0,0,0,1,,,data
483,9780310329619,,amazon,skipped,0,0,,0,0,0,0,1,,,data
484,9780394831305,,amazon,skipped,0,0,,0,0,0,0,1,,,data
485,9780864421463,,amazon,skipped,0,0,,0,0,0,0,1,,,data
486,9780374403447,,amazon,skipped,0,0,,0,0,0,0,1,,,data
487,9780448149226,,amazon,skipped,0,0,,0,0,0,0,1,,,data
488,9780307128201,,amazon,skipped,0,0,,0,0,0,0,1,,,data
489,9780307126375,,amazon,skipped,0,0,,0,0,0,0,1,,,data
490,9780307127662,,amazon,skipped,0,0,,0,0,0,0,1,,,data
491,9780307682703,,amazon,skipped,0,0,,0,0,0,0,1,,,data
492,9780671506926,,amazon,skipped,0,0,,0,0,0,0,1,,,data
493,9780312928445,,amazon,skipped,0,0,,0,0,0,0,1,,,data
494,9780310591634,,amazon,skipped,0,0,,0,0,0,0,1,,,data
495,9780830057566,,amazon,skipped,0,0,,0,0,0,0,1,,,data
496,9780060245870,,amazon,skipped,0,0,,0,0,0,0,1,,,data
497,9780694010424,,amazon,skipped,0,0,,0,0,0,0,1,,,data
498,9780001821323,,amazon,skipped,0,0,,0,0,0,0,1,,,data
499,9780679881278,,amazon,skipped,0,0,,0,0,0,0,1,,,data
500,9780064440325,,amazon,skipped,0,0,,0,0,0,0,1,,,data
501,9780194218207,,amazon,skipped,0,0,,0,0,0,0,1,,,data
502,9780194218214,,amazon,skipped,0,0,,0,0,0,0,1,,,data
503,9780307140043,,amazon,skipped,0,0,,0,0,0,0,1,,,data
504,9780723237761,,amazon,skipped,0,0,,0,0,0,0,1,,,data
505,9780064432511,,amazon,skipped,0,0,,0,0,0,0,1,,,data
506,9780064432542,,amazon,skipped,0,0,,0,0,0,0,1,,,data
507,9780425162415,,amazon,skipped,0,0,,0,0,0,0,1,,,data
508,9780316140539,,amazon,skipped,0,0,,0,0,0,0,1,,,data
509,9780064420563,,amazon,skipped,0,0,,0,0,0,0,1,,,data
510,9780553345568,,amazon,skipped,0,0,,0,0,0,0,1,,,data
511,9780874065862,,amazon,skipped,0,0,,0,0,0,0,1,,,data
512,9780449001585,,amazon,skipped,0,0,,0,0,0,0,1,,,data
513,9780816742011,,amazon,skipped,0,0,,0,0,0,0,1,,,data
514,9780786801091,,amazon,skipped,0,0,,0,0,0,0,1,,,data
515,9780789429605,,amazon,skipped,0,0,,0,0,0,0,1,,,data
516,9780192641601,,amazon,skipped,0,0,,0,0,0,0,1,,,data
517,9780446670364,,amazon,skipped,0,0,,0,0,0,0,1,,,data
518,9780849916946,,amazon,skipped,0,0,,0,0,0,0,1,,,data
519,9780448092836,,amazon,skipped,0,0,,0,0,0,0,1,,,data
520,9780590427586,,amazon,skipped,0,0,,0,0,0,0,1,,,data
521,9780595223718,,amazon,skipped,0,0,,0,0,0,0,1,,,data
522,9780743411509,,amazon,skipped,0,0,,0,0,0,0,1,,,data
523,9780806523408,,amazon,skipped,0,0,,0,0,0,0,1,,,data
524,9780806580166,,amazon,skipped,0,0,,0,0,0,0,1,,,data
525,9780449132807,,amazon,skipped,0,0,,0,0,0,0,1,,,data
526,9780821728383,,amazon,skipped,0,0,,0,0,0,0,1,,,data
527,9780451628244,,amazon,skipped,0,0,,0,0,0,0,1,,,data
528,9780931128028,,amazon,skipped,0,0,,0,0,0,0,1,,,data
529,9780689831218,,amazon,skipped,0,0,,0,0,0,0,1,,,data
530,9780881923766,,amazon,skipped,0,0,,0,0,0,0,1,,,data
531,9780060928728,,amazon,skipped,0,0,,0,0,0,0,1,,,data
532,9780505519870,,amazon,skipped,0,0,,0,0,0,0,1,,,data
533,9780671460556,,amazon,skipped,0,0,,0,0,0,0,1,,,data
534,9780689843013,,amazon,skipped,0,0,,0,0,0,0,1,,,data
535,9780821744222,,amazon,skipped,0,0,,0,0,0,0,1,,,data
536,9780307165480,,amazon,skipped,0,0,,0,0,0,0,1,,,data
537,9780307103840,,amazon,skipped,0,0,,0,0,0,0,1,,,data
538,9780030402418,,amazon,skipped,0,0,,0,0,0,0,1,,,data
539,9780030402463,,amazon,skipped,0,0,,0,0,0,0,1,,,data
540,9780030449567,,amazon,skipped,0,0,,0,0,0,0,1,,,data
541,9780819310910,,amazon,skipped,0,0,,0,0,0,0,1,,,data
542,9780060202491,,amazon,skipped,0,0,,0,0,0,0,1,,,data
543,9780590420310,,amazon,skipped,0,0,,0,0,0,0,1,,,data
544,9780786701056,,amazon,skipped,0,0,,0,0,0,0,1,,,data
545,9780861128167,,amazon,skipped,0,0,,0,0,0,0,1,,,data
546,9780874494983,,amazon,skipped,0,0,,0,0,0,0,1,,,data
547,9780887080265,,amazon,skipped,0,0,,0,0,0,0,1,,,data
548,9781570822797,,amazon,skipped,0,0,,0,0,0,0,1,,,data
549,9781888444186,,amazon,empty,0,7,title; authors; publisher; origin; date_of_publication; language; genres,0,0,0,0,10,,,data
550,9780688112899,,amazon,skipped,0,0,,0,0,0,0,1,,,data
551,9780689820472,,amazon,skipped,0,0,,0,0,0,0,1,,,data
552,9781885211460,,amazon,skipped,0,0,,0,0,0,0,1,,,data
553,9780575072404,,amazon,skipped,0,0,,0,0,0,0,1,,,data
554,9780375507939,,amazon,skipped,0,0,,0,0,0,0,1,,,data
555,9780202010823,,amazon,skipped,0,0,,0,0,0,0,1,,,data
556,9780609604908,,amazon,skipped,0,0,,0,0,0,0,1,,,data
557,9781577660590,,amazon,skipped,0,0,,0,0,0,0,1,,,data
558,9780140086041,,amazon,skipped,0,0,,0,0,0,0,1,,,data
559,9780435988326,,amazon,skipped,0,0,,0,0,0,0,1,,,data
560,9780374528348,,amazon,skipped,0,0,,0,0,0,0,1,,,data
561,9780374505967,,amazon,skipped,0,0,,0,0,0,0,1,,,data
562,9780140106619,,amazon,skipped,0,0,,0,0,0,0,1,,,data
563,9780060971489,,amazon,skipped,0,0,,0,0,0,0,1,,,data
564,9780671201531,,amazon,skipped,0,0,,0,0,0,0,1,,,data
565,9780864420053,,amazon,skipped,0,0,,0,0,0,0,1,,,data
566,9780553050967,,amazon,skipped,0,0,,0,0,0,0,1,,,data
567,9780030623288,,amazon,skipped,0,0,,0,0,0,0,1,,,data
568,9780385042383,,amazon,skipped,0,0,,0,0,0,0,1,,,data
569,9780451618719,,amazon,skipped,0,0,,0,0,0,0,1,,,data
570,9780380848225,,amazon,skipped,0,0,,0,0,0,0,1,,,data
571,9780804103794,,amazon,skipped,0,0,,0,0,0,0,1,,,data
572,9780716719564,,amazon,skipped,0,0,,0,0,0,0,1,,,data
573,9780395369111,,amazon,skipped,0,0,,0,0,0,0,1,,,data
574,9780671420413,,amazon,skipped,0,0,,0,0,0,0,1,,,data
575,9780672602184,,amazon,skipped,0,0,,0,0,0,0,1,,,data
576,9781559635332,,amazon,skipped,0,0,,0,0,0,0,1,,,data
577,9780691083612,,amazon,skipped,0,0,,0,0,0,0,1,,,data
578,9780201632248,,amazon,skipped,0,0,,0,0,0,0,1,,,data
579,9780435905361,,amazon,skipped,0,0,,0,0,0,0,1,,,data
580,9780394722160,,amazon,skipped,0,0,,0,0,0,0,1,,,data
581,9780882899404,,amazon,skipped,0,0,,0,0,0,0,1,,,data
582,9781885352675,,amazon,skipped,0,0,,0,0,0,0,1,,,data
583,9780140441604,,amazon,skipped,0,0,,0,0,0,0,1,,,data
584,9780380691463,,amazon,skipped,0,0,,0,0,0,0,1,,,data
585,9780764507335,,amazon,skipped,0,0,,0,0,0,0,1,,,data
586,9780299131548,,amazon,skipped,0,0,,0,0,0,0,1,,,data
587,9780060638450,,amazon,skipped,0,0,,0,0,0,0,1,,,data
588,9780688103262,,amazon,skipped,0,0,,0,0,0,0,1,,,data
589,9780195094121,,amazon,skipped,0,0,,0,0,0,0,1,,,data
590,9780521367745,,amazon,skipped,0,0,,0,0,0,0,1,,,data
591,9780299131203,,amazon,skipped,0,0,,0,0,0,0,1,,,data
592,9780810464506,,amazon,skipped,0,0,,0,0,0,0,1,,,data
593,9780030494932,,amazon,skipped,0,0,,0,0,0,0,1,,,data
594,9780471879015,,amazon,skipped,0,0,,0,0,0,0,1,,,data
595,9780340203804,,amazon,skipped,0,0,,0,0,0,0,1,,,data
596,9784311700026,,amazon,skipped,0,0,,0,0,0,0,1,,,data
597,9780393092981,,amazon,skipped,0,0,,0,0,0,0,1,,,data
598,9780139358913,,amazon,skipped,0,0,,0,0,0,0,1,,,data
599,9780030069567,,amazon,skipped,0,0,,0,0,0,0,1,,,data
600,9780122603402,,amazon,skipped,0,0,,0,0,0,0,1,,,data
601,9780226767161,,amazon,skipped,0,0,,0,0,0,0,1,,,data
602,9780674116634,,amazon,skipped,0,0,,0,0,0,0,1,,,data
603,9780226102450,,amazon,skipped,0,0,,0,0,0,0,1,,,data
604,9780791405536,,amazon,skipped,0,0,,0,0,0,0,1,,,data
605,9780521423717,,amazon,skipped,0,0,,0,0,0,0,1,,,data
606,9780300050295,,amazon,skipped,0,0,,0,0,0,0,1,,,data
607,9780226474847,,amazon,skipped,0,0,,0,0,0,0,1,,,data
608,9780140195996,,amazon,skipped,0,0,,0,0,0,0,1,,,data
609,9780451625625,,amazon,skipped,0,0,,0,0,0,0,1,,,data
610,9780449240113,,amazon,skipped,0,0,,0,0,0,0,1,,,data
611,9780140074659,,amazon,skipped,0,0,,0,0,0,0,1,,,data
612,9781575660424,,amazon,skipped,0,0,,0,0,0,0,1,,,data
613,9781886910782,,amazon,skipped,0,0,,0,0,0,0,1,,,data
614,9780805009682,,amazon,skipped,0,0,,0,0,0,0,1,,,data
615,9780804713368,,amazon,skipped,0,0,,0,0,0,0,1,,,data
616,9780312185190,,amazon,skipped,0,0,,0,0,0,0,1,,,data
617,9780449906330,,amazon,skipped,0,0,,0,0,0,0,1,,,data
618,9780446525367,,amazon,skipped,0,0,,0,0,0,0,1,,,data
619,9780451458162,,amazon,skipped,0,0,,0,0,0,0,1,,,data
620,9780792276838,,amazon,skipped,0,0,,0,0,0,0,1,,,data
621,9780802111166,,amazon,skipped,0,0,,0,0,0,0,1,,,data
622,9780312530105,,amazon,skipped,0,0,,0,0,0,0,1,,,data
623,9780670845811,,amazon,skipped,0,0,,0,0,0,0,1,,,data
624,9780441002092,,amazon,skipped,0,0,,0,0,0,0,1,,,data
625,9780446513913,,amazon,skipped,0,0,,0,0,0,0,1,,,data
626,9780786704149,,amazon,skipped,0,0,,0,0,0,0,1,,,data
627,9781887178150,,amazon,skipped,0,0,,0,0,0,0,1,,,data
628,9780241127001,,amazon,skipped,0,0,,0,0,0,0,1,,,data
629,9780151269303,,amazon,skipped,0,0,,0,0,0,0,1,,,data
630,9780307161819,,amazon,skipped,0,0,,0,0,0,0,1,,,data
631,9780553157772,,amazon,skipped,0,0,,0,0,0,0,1,,,data
632,9780816737819,,amazon,skipped,0,0,,0,0,0,0,1,,,data
633,9780590603812,,amazon,skipped,0,0,,0,0,0,0,1,,,data
634,9780816734382,,amazon,skipped,0,0,,0,0,0,0,1,,,data
635,9780816735822,,amazon,skipped,0,0,,0,0,0,0,1,,,data
636,9780396070184,,amazon,skipped,0,0,,0,0,0,0,1,,,data
637,9788571644823,,amazon,skipped,0,0,,0,0,0,0,1,,,data
638,9780752820781,,amazon,skipped,0,0,,0,0,0,0,1,,,data
639,9780356206585,,amazon,skipped,0,0,,0,0,0,0,1,,,data
640,9783453152717,,amazon,skipped,0,0,,0,0,0,0,1,,,data
641,9783462032550,,amazon,skipped,0,0,,0,0,0,0,1,,,data
642,9780064410250,,amazon,skipped,0,0,,0,0,0,0,1,,,data
643,9780671876517,,amazon,skipped,0,0,,0,0,0,0,1,,,data
644,9780743443067,,amazon,skipped,0,0,,0,0,0,0,1,,,data
645,9783257700015,,amazon,skipped,0,0,,0,0,0,0,1,,,data
646,9780373288977,,amazon,skipped,0,0,,0,0,0,0,1,,,data
647,9780821733301,,amazon,skipped,0,0,,0,0,0,0,1,,,data
648,9780895771858,,amazon,skipped,0,0,,0,0,0,0,1,,,data
649,9780895774149,,amazon,skipped,0,0,,0,0,0,0,1,,,data
650,9780671528294,,amazon,skipped,0,0,,0,0,0,0,1,,,data
651,9781573222617,,amazon,skipped,0,0,,0,0,0,0,1,,,data
652,9782831578491,,amazon,skipped,0,0,,0,0,0,0,1,,,data
653,9780002557290,,amazon,skipped,0,0,,0,0,0,0,1,,,data
654,9781550549805,,amazon,skipped,0,0,,0,0,0,0,1,,,data
655,9780965451796,,amazon,skipped,0,0,,0,0,0,0,1,,,data
656,9780886451882,,amazon,skipped,0,0,,0,0,0,0,1,,,data
657,9780679758280,,amazon,skipped,0,0,,0,0,0,0,1,,,data
658,9781851681945,,amazon,skipped,0,0,,0,0,0,0,1,,,data
659,9780373791040,,amazon,skipped,0,0,,0,0,0,0,1,,,data
660,9780889951679,,amazon,skipped,0,0,,0,0,0,0,1,,,data
661,9780385258074,,amazon,skipped,0,0,,0,0,0,0,1,,,data
662,9781571685483,,amazon,skipped,0,0,,0,0,0,0,1,,,data
663,9780451521125,,amazon,skipped,0,0,,0,0,0,0,1,,,data
664,9780385503839,,amazon,skipped,0,0,,0,0,0,0,1,,,data
665,9782709623186,,amazon,skipped,0,0,,0,0,0,0,1,,,data
666,9780744561012,,amazon,skipped,0,0,,0,0,0,0,1,,,data
667,9780735812994,,amazon,skipped,0,0,,0,0,0,0,1,,,data
668,9783426615263,,amazon,skipped,0,0,,0,0,0,0,1,,,data
669,9780374195625,,amazon,skipped,0,0,,0,0,0,0,1,,,data
670,9780881849134,,amazon,skipped,0,0,,0,0,0,0,1,,,data
671,9781557780386,,amazon,skipped,0,0,,0,0,0,0,1,,,data
672,9780713726558,,amazon,skipped,0,0,,0,0,0,0,1,,,data
673,9780373244409,,amazon,skipped,0,0,,0,0,0,0,1,,,data
674,9780849914560,,amazon,skipped,0,0,,0,0,0,0,1,,,data
675,9781576737873,,amazon,skipped,0,0,,0,0,0,0,1,,,data
676,9780741412942,,amazon,skipped,0,0,,0,0,0,0,1,,,data
677,9780452267763,,amazon,skipped,0,0,,0,0,0,0,1,,,data
678,9780836236644,,amazon,skipped,0,0,,0,0,0,0,1,,,data
679,9780740705557,,amazon,skipped,0,0,,0,0,0,0,1,,,data
680,9780060582579,,amazon,skipped,0,0,,0,0,0,0,1,,,data
681,9780060564469,,amazon,skipped,0,0,,0,0,0,0,1,,,data
682,9780060510626,,amazon,skipped,0,0,,0,0,0,0,1,,,data
683,9780060595012,,amazon,skipped,0,0,,0,0,0,0,1,,,data
684,9780786817986,,amazon,skipped,0,0,,0,0,0,0,1,,,data
685,9780425094549,,amazon,skipped,0,0,,0,0,0,0,1,,,data
686,9780786817979,,amazon,skipped,0,0,,0,0,0,0,1,,,data
687,9780786817955,,amazon,skipped,0,0,,0,0,0,0,1,,,data
688,9780786817320,,amazon,skipped,0,0,,0,0,0,0,1,,,data
689,9780786817313,,amazon,skipped,0,0,,0,0,0,0,1,,,data
690,9780786817306,,amazon,skipped,0,0,,0,0,0,0,1,,,data
691,9780786817290,,amazon,skipped,0,0,,0,0,0,0,1,,,data
692,9780786852574,,amazon,skipped,0,0,,0,0,0,0,1,,,data
693,9780786703395,,amazon,skipped,0,0,,0,0,0,0,1,,,data
694,9780736634151,,amazon,skipped,0,0,,0,0,0,0,1,,,data
695,9780060923969,,amazon,skipped,0,0,,0,0,0,0,1,,,data
696,9780553762952,,amazon,skipped,0,0,,0,0,0,0,1,,,data
697,9781842327371,,amazon,skipped,0,0,,0,0,0,0,1,,,data
698,9782800100104,,amazon,skipped,0,0,,0,0,0,0,1,,,data
699,9782800100081,,amazon,skipped,0,0,,0,0,0,0,1,,,data
700,9782800100111,,amazon,skipped,0,0,,0,0,0,0,1,,,data
701,9782800100067,,amazon,skipped,0,0,,0,0,0,0,1,,,data
702,9782800100142,,amazon,skipped,0,0,,0,0,0,0,1,,,data
703,9780340796474,,amazon,skipped,0,0,,0,0,0,0,1,,,data
704,9780340796443,,amazon,skipped,0,0,,0,0,0,0,1,,,data
705,9780749719821,,amazon,skipped,0,0,,0,0,0,0,1,,,data
706,9780749719807,,amazon,skipped,0,0,,0,0,0,0,1,,,data
707,9780749719791,,amazon,skipped,0,0,,0,0,0,0,1,,,data
708,9780749719753,,amazon,skipped,0,0,,0,0,0,0,1,,,data
709,9780749719838,,amazon,skipped,0,0,,0,0,0,0,1,,,data
710,9780749719739,,amazon,skipped,0,0,,0,0,0,0,1,,,data
711,9780749719722,,amazon,skipped,0,0,,0,0,0,0,1,,,data
712,9780749719715,,amazon,skipped,0,0,,0,0,0,0,1,,,data
713,9780749719692,,amazon,skipped,0,0,,0,0,0,0,1,,,data
714,9780749719708,,amazon,skipped,0,0,,0,0,0,0,1,,,data
715,9780749719678,,amazon,skipped,0,0,,0,0,0,0,1,,,data
716,9780749719685,,amazon,skipped,0,0,,0,0,0,0,1,,,data
717,9780749719142,,amazon,skipped,0,0,,0,0,0,0,1,,,data
718,9780749719135,,amazon,skipped,0,0,,0,0,0,0,1,,,data
719,9780749719128,,amazon,skipped,0,0,,0,0,0,0,1,,,data
720,9780749719111,,amazon,skipped,0,0,,0,0,0,0,1,,,data
721,9780749719104,,amazon,skipped,0,0,,0,0,0,0,1,,,data
722,9780749719098,,amazon,skipped,0,0,,0,0,0,0,1,,,data
723,9780749744854,,amazon,skipped,0,0,,0,0,0,0,1,,,data
724,9780749744847,,amazon,skipped,0,0,,0,0,0,0,1,,,data
725,9780749744830,,amazon,skipped,0,0,,0,0,0,0,1,,,data
726,9780754061137,,amazon,skipped,0,0,,0,0,0,0,1,,,data
727,9780340796276,,amazon,skipped,0,0,,0,0,0,0,1,,,data
728,9780340796269,,amazon,skipped,0,0,,0,0,0,0,1,,,data
729,9780340796252,,amazon,skipped,0,0,,0,0,0,0,1,,,data
730,9780340796245,,amazon,skipped,0,0,,0,0,0,0,1,,,data
731,9780340796238,,amazon,skipped,0,0,,0,0,0,0,1,,,data
732,9780340796221,,amazon,skipped,0,0,,0,0,0,0,1,,,data
733,9780340796214,,amazon,skipped,0,0,,0,0,0,0,1,,,data
734,9780340796207,,amazon,skipped,0,0,,0,0,0,0,1,,,data
735,9780340796191,,amazon,skipped,0,0,,0,0,0,0,1,,,data
736,9780340796184,,amazon,skipped,0,0,,0,0,0,0,1,,,data
737,9780340796153,,amazon,skipped,0,0,,0,0,0,0,1,,,data
738,9780340796146,,amazon,skipped,0,0,,0,0,0,0,1,,,data
739,9780553762990,,amazon,skipped,0,0,,0,0,0,0,1,,,data
740,9780553762969,,amazon,skipped,0,0,,0,0,0,0,1,,,data
741,9781572702325,,amazon,skipped,0,0,,0,0,0,0,1,,,data
742,9780553763041,,amazon,skipped,0,0,,0,0,0,0,1,,,data
743,9780156551328,,amazon,skipped,0,0,,0,0,0,0,1,,,data
744,9781572701045,,amazon,skipped,0,0,,0,0,0,0,1,,,data
745,9781572700390,,amazon,skipped,0,0,,0,0,0,0,1,,,data
746,9780425130261,,amazon,skipped,0,0,,0,0,0,0,1,,,data
747,9780755102112,,amazon,skipped,0,0,,0,0,0,0,1,,,data
748,9780755102068,,amazon,skipped,0,0,,0,0,0,0,1,,,data
749,9780755102051,,amazon,skipped,0,0,,0,0,0,0,1,,,data
750,9781572702103,,amazon,skipped,0,0,,0,0,0,0,1,,,data
751,9782253142942,,amazon,skipped,0,0,,0,0,0,0,1,,,data
752,9780786704460,,amazon,skipped,0,0,,0,0,0,0,1,,,data
753,9781842326664,,amazon,skipped,0,0,,0,0,0,0,1,,,data
754,9781883402082,,amazon,skipped,0,0,,0,0,0,0,1,,,data
755,9781570714825,,amazon,skipped,0,0,,0,0,0,0,1,,,data
756,9780679642848,,amazon,skipped,0,0,,0,0,0,0,1,,,data
757,9780304366316,,amazon,skipped,0,0,,0,0,0,0,1,,,data
758,9780312265052,,amazon,skipped,0,0,,0,0,0,0,1,,,data
759,9783446200395,,amazon,skipped,0,0,,0,0,0,0,1,,,data
760,9780316358446,,amazon,skipped,0,0,,0,0,0,0,1,,,data
761,9780867199024,,amazon,skipped,0,0,,0,0,0,0,1,,,data
762,9781857543865,,amazon,skipped,0,0,,0,0,0,0,1,,,data
763,9780789483492,,amazon,skipped,0,0,,0,0,0,0,1,,,data
764,9780789483515,,amazon,skipped,0,0,,0,0,0,0,1,,,data
765,9780789483508,,amazon,skipped,0,0,,0,0,0,0,1,,,data
766,9780805794397,,amazon,skipped,0,0,,0,0,0,0,1,,,data
767,9780812966930,,amazon,skipped,0,0,,0,0,0,0,1,,,data
768,9780811205566,,amazon,skipped,0,0,,0,0,0,0,1,,,data
769,9780816621125,,amazon,skipped,0,0,,0,0,0,0,1,,,data
770,9780374526511,,amazon,skipped,0,0,,0,0,0,0,1,,,data
771,9789681905859,,amazon,skipped,0,0,,0,0,0,0,1,,,data
772,9780375418419,,amazon,skipped,0,0,,0,0,0,0,1,,,data
773,9780684813134,,amazon,skipped,0,0,,0,0,0,0,1,,,data
774,9780879518011,,amazon,skipped,0,0,,0,0,0,0,1,,,data
775,9781564780010,,amazon,skipped,0,0,,0,0,0,0,1,,,data
776,9780399131271,,amazon,skipped,0,0,,0,0,0,0,1,,,data
777,9780811209984,,amazon,skipped,0,0,,0,0,0,0,1,,,data
778,9780679444732,,amazon,skipped,0,0,,0,0,0,0,1,,,data
779,9780803264045,,amazon,skipped,0,0,,0,0,0,0,1,,,data
780,9789721040168,,amazon,skipped,0,0,,0,0,0,0,1,,,data
781,9780385492102,,amazon,skipped,0,0,,0,0,0,0,1,,,data
782,9780316825849,,amazon,skipped,0,0,,0,0,0,0,1,,,data
783,9780802117328,,amazon,skipped,0,0,,0,0,0,0,1,,,data
784,9780802134769,,amazon,skipped,0,0,,0,0,0,0,1,,,data
785,9782264011091,,amazon,skipped,0,0,,0,0,0,0,1,,,data
786,9780679457978,,amazon,skipped,0,0,,0,0,0,0,1,,,data
787,9780312870362,,amazon,skipped,0,0,,0,0,0,0,1,,,data
788,9780340794920,,amazon,skipped,0,0,,0,0,0,0,1,,,data
789,9780153022319,,amazon,skipped,0,0,,0,0,0,0,1,,,data
790,9780764505942,,amazon,skipped,0,0,,0,0,0,0,1,,,data
791,9780873585866,,amazon,skipped,0,0,,0,0,0,0,1,,,data
792,9781404802193,,amazon,skipped,0,0,,0,0,0,0,1,,,data
793,9781404803183,,amazon,skipped,0,0,,0,0,0,0,1,,,data
794,9780736413220,,amazon,skipped,0,0,,0,0,0,0,1,,,data
795,9780736480093,,amazon,skipped,0,0,,0,0,0,0,1,,,data
796,9780521599788,,amazon,skipped,0,0,,0,0,0,0,1,,,data
797,9780595653188,,amazon,skipped,0,0,,0,0,0,0,1,,,data
798,9780140433173,,amazon,skipped,0,0,,0,0,0,0,1,,,data
799,9782867441387,,amazon,skipped,0,0,,0,0,0,0,1,,,data
800,9780446307840,,amazon,skipped,0,0,,0,0,0,0,1,,,data
801,9780340766293,,amazon,skipped,0,0,,0,0,0,0,1,,,data
802,9780740711572,,amazon,skipped,0,0,,0,0,0,0,1,,,data
803,9782207249499,,amazon,skipped,0,0,,0,0,0,0,1,,,data
804,9782207250327,,amazon,skipped,0,0,,0,0,0,0,1,,,data
805,9782207251072,,amazon,skipped,0,0,,0,0,0,0,1,,,data
806,9782207304921,,amazon,skipped,0,0,,0,0,0,0,1,,,data
807,9782207304815,,amazon,skipped,0,0,,0,0,0,0,1,,,data
808,9782207505366,,amazon,skipped,0,0,,0,0,0,0,1,,,data
809,9782207249192,,amazon,skipped,0,0,,0,0,0,0,1,,,data
810,9782207304327,,amazon,skipped,0,0,,0,0,0,0,1,,,data
811,9782207303931,,amazon,skipped,0,0,,0,0,0,0,1,,,data
812,9782207304297,,amazon,skipped,0,0,,0,0,0,0,1,,,data
813,9782207303337,,amazon,skipped,0,0,,0,0,0,0,1,,,data
814,9782207303320,,amazon,skipped,0,0,,0,0,0,0,1,,,data
815,9782207303580,,amazon,skipped,0,0,,0,0,0,0,1,,,data
816,9782207304754,,amazon,skipped,0,0,,0,0,0,0,1,,,data
817,9782207505069,,amazon,skipped,0,0,,0,0,0,0,1,,,data
818,9782207303832,,amazon,skipped,0,0,,0,0,0,0,1,,,data
819,9782290316306,,amazon,skipped,0,0,,0,0,0,0,1,,,data
820,9782207247341,,amazon,skipped,0,0,,0,0,0,0,1,,,data
821,9782207503065,,amazon,skipped,0,0,,0,0,0,0,1,,,data
822,9782207250891,,amazon,skipped,0,0,,0,0,0,0,1,,,data
823,9782207305577,,amazon,skipped,0,0,,0,0,0,0,1,,,data
824,9782207301999,,amazon,skipped,0,0,,0,0,0,0,1,,,data
825,9782207249376,,amazon,skipped,0,0,,0,0,0,0,1,,,data
826,9782207503850,,amazon,skipped,0,0,,0,0,0,0,1,,,data
827,9782207250433,,amazon,skipped,0,0,,0,0,0,0,1,,,data
828,9782207305997,,amazon,skipped,0,0,,0,0,0,0,1,,,data
829,9788845248665,,amazon,skipped,0,0,,0,0,0,0,1,,,data
830,9780679428176,,amazon,skipped,0,0,,0,0,0,0,1,,,data
831,9780553578225,,amazon,skipped,0,0,,0,0,0,0,1,,,data
832,9780307121417,,amazon,skipped,0,0,,0,0,0,0,1,,,data
833,9780373035946,,amazon,skipped,0,0,,0,0,0,0,1,,,data
834,9780373708871,,amazon,skipped,0,0,,0,0,0,0,1,,,data
835,9780738702223,,amazon,skipped,0,0,,0,0,0,0,1,,,data
836,9780373611614,,amazon,skipped,0,0,,0,0,0,0,1,,,data
837,9780373610655,,amazon,skipped,0,0,,0,0,0,0,1,,,data
838,9780373614011,,amazon,skipped,0,0,,0,0,0,0,1,,,data
839,9780523004037,,amazon,skipped,0,0,,0,0,0,0,1,,,data
840,9780060804169,,amazon,skipped,0,0,,0,0,0,0,1,,,data
841,9780373610402,,amazon,skipped,0,0,,0,0,0,0,1,,,data
842,9780523401669,,amazon,skipped,0,0,,0,0,0,0,1,,,data
843,9780553147124,,amazon,skipped,0,0,,0,0,0,0,1,,,data
844,9780553147087,,amazon,skipped,0,0,,0,0,0,0,1,,,data
845,9780373258185,,amazon,skipped,0,0,,0,0,0,0,1,,,data
846,9780373240388,,amazon,skipped,0,0,,0,0,0,0,1,,,data
847,9780373760510,,amazon,skipped,0,0,,0,0,0,0,1,,,data
848,9780553219135,,amazon,skipped,0,0,,0,0,0,0,1,,,data
849,9780373052585,,amazon,skipped,0,0,,0,0,0,0,1,,,data
850,9780373034130,,amazon,skipped,0,0,,0,0,0,0,1,,,data
851,9780373033324,,amazon,skipped,0,0,,0,0,0,0,1,,,data
852,9780373191017,,amazon,skipped,0,0,,0,0,0,0,1,,,data
853,9780373111701,,amazon,skipped,0,0,,0,0,0,0,1,,,data
854,9780373114146,,amazon,skipped,0,0,,0,0,0,0,1,,,data
855,9780373033393,,amazon,skipped,0,0,,0,0,0,0,1,,,data
856,9780373104345,,amazon,skipped,0,0,,0,0,0,0,1,,,data
857,9780380975556,,amazon,skipped,0,0,,0,0,0,0,1,,,data
858,9780061084164,,amazon,skipped,0,0,,0,0,0,0,1,,,data
859,9780940685383,,amazon,skipped,0,0,,0,0,0,0,1,,,data
860,9780679720485,,amazon,skipped,0,0,,0,0,0,0,1,,,data
861,9780866222815,,amazon,skipped,0,0,,0,0,0,0,1,,,data
862,9780399217807,,amazon,skipped,0,0,,0,0,0,0,1,,,data
863,9780448401782,,amazon,skipped,0,0,,0,0,0,0,1,,,data
864,9780553252033,,amazon,skipped,0,0,,0,0,0,0,1,,,data
865,9780345295545,,amazon,skipped,0,0,,0,0,0,0,1,,,data
866,9780516419664,,amazon,skipped,0,0,,0,0,0,0,1,,,data
867,9780812526424,,amazon,skipped,0,0,,0,0,0,0,1,,,data
868,9780440194712,,amazon,skipped,0,0,,0,0,0,0,1,,,data
869,9780380009923,,amazon,skipped,0,0,,0,0,0,0,1,,,data
870,9780439429887,,amazon,skipped,0,0,,0,0,0,0,1,,,data
871,9780876668764,,amazon,skipped,0,0,,0,0,0,0,1,,,data
872,9780809242764,,amazon,skipped,0,0,,0,0,0,0,1,,,data
873,9780671671556,,amazon,skipped,0,0,,0,0,0,0,1,,,data
874,9780385189262,,amazon,skipped,0,0,,0,0,0,0,1,,,data
875,9780671619268,,amazon,skipped,0,0,,0,0,0,0,1,,,data
876,9780316115445,,amazon,skipped,0,0,,0,0,0,0,1,,,data
877,9780439194464,,amazon,skipped,0,0,,0,0,0,0,1,,,data
878,9780768102093,,amazon,skipped,0,0,,0,0,0,0,1,,,data
879,9780531180471,,amazon,skipped,0,0,,0,0,0,0,1,,,data
880,9780824980351,,amazon,skipped,0,0,,0,0,0,0,1,,,data
881,9780439573757,,amazon,skipped,0,0,,0,0,0,0,1,,,data
882,9780439662154,,amazon,skipped,0,0,,0,0,0,0,1,,,data
883,9780439568296,,amazon,skipped,0,0,,0,0,0,0,1,,,data
884,9780060514099,,amazon,skipped,0,0,,0,0,0,0,1,,,data
885,9780451821898,,amazon,skipped,0,0,,0,0,0,0,1,,,data
886,9781889540818,,amazon,skipped,0,0,,0,0,0,0,1,,,data
887,9780345412874,,amazon,skipped,0,0,,0,0,0,0,1,,,data
888,9780590457163,,amazon,skipped,0,0,,0,0,0,0,1,,,data
889,9780887434181,,amazon,skipped,0,0,,0,0,0,0,1,,,data
890,9781558741034,,amazon,skipped,0,0,,0,0,0,0,1,,,data
891,9780689823862,,amazon,skipped,0,0,,0,0,0,0,1,,,data
892,9780448403878,,amazon,skipped,0,0,,0,0,0,0,1,,,data
893,9780689828409,,amazon,skipped,0,0,,0,0,0,0,1,,,data
894,9780689828416,,amazon,skipped,0,0,,0,0,0,0,1,,,data
895,9780140465655,,amazon,skipped,0,0,,0,0,0,0,1,,,data
896,9780425158111,,amazon,skipped,0,0,,0,0,0,0,1,,,data
897,9780385471428,,amazon,skipped,0,0,,0,0,0,0,1,,,data
898,9780786844173,,amazon,skipped,0,0,,0,0,0,0,1,,,data
899,9780679873853,,amazon,skipped,0,0,,0,0,0,0,1,,,data
900,9780440428107,,amazon,skipped,0,0,,0,0,0,0,1,,,data
901,9780523403113,,amazon,skipped,0,0,,0,0,0,0,1,,,data
902,9780380581498,,amazon,skipped,0,0,,0,0,0,0,1,,,data
903,9780689847530,,amazon,skipped,0,0,,0,0,0,0,1,,,data
904,9780445085367,,amazon,skipped,0,0,,0,0,0,0,1,,,data
905,9780440186892,,amazon,skipped,0,0,,0,0,0,0,1,,,data
906,9780441919703,,amazon,skipped,0,0,,0,0,0,0,1,,,data
907,9780553372120,,amazon,skipped,0,0,,0,0,0,0,1,,,data
908,9780394874203,,amazon,skipped,0,0,,0,0,0,0,1,,,data
909,9780590260244,,amazon,skipped,0,0,,0,0,0,0,1,,,data
910,9780140254464,,amazon,skipped,0,0,,0,0,0,0,1,,,data
911,9780671024383,,amazon,skipped,0,0,,0,0,0,0,1,,,data
912,9780448060200,,amazon,skipped,0,0,,0,0,0,0,1,,,data
913,9780879234317,,amazon,skipped,0,0,,0,0,0,0,1,,,data
914,9780696018992,,amazon,skipped,0,0,,0,0,0,0,1,,,data
915,9780873586870,,amazon,skipped,0,0,,0,0,0,0,1,,,data
916,9780679890508,,amazon,skipped,0,0,,0,0,0,0,1,,,data
917,9780887065415,,amazon,skipped,0,0,,0,0,0,0,1,,,data
918,9789723703665,,amazon,skipped,0,0,,0,0,0,0,1,,,data
919,9780758204998,,amazon,skipped,0,0,,0,0,0,0,1,,,data
920,9781555973100,,amazon,skipped,0,0,,0,0,0,0,1,,,data
921,9781855380455,,amazon,skipped,0,0,,0,0,0,0,1,,,data
922,9780895941824,,amazon,skipped,0,0,,0,0,0,0,1,,,data
923,9781852741112,,amazon,skipped,0,0,,0,0,0,0,1,,,data
924,9781578631131,,amazon,skipped,0,0,,0,0,0,0,1,,,data
925,9781840860016,,amazon,skipped,0,0,,0,0,0,0,1,,,data
926,9780940262850,,amazon,skipped,0,0,,0,0,0,0,1,,,data
927,9781587680021,,amazon,skipped,0,0,,0,0,0,0,1,,,data
928,9781555837655,,amazon,skipped,0,0,,0,0,0,0,1,,,data
929,9780953663132,,amazon,skipped,0,0,,0,0,0,0,1,,,data
930,9780747531005,,amazon,skipped,0,0,,0,0,0,0,1,,,data
931,9780735200937,,amazon,skipped,0,0,,0,0,0,0,1,,,data
932,9780373054374,,amazon,skipped,0,0,,0,0,0,0,1,,,data
933,9780373054213,,amazon,skipped,0,0,,0,0,0,0,1,,,data
934,9780920459379,,amazon,skipped,0,0,,0,0,0,0,1,,,data
935,9780446611022,,amazon,skipped,0,0,,0,0,0,0,1,,,data
936,9780449210932,,amazon,skipped,0,0,,0,0,0,0,1,,,data
937,9780819311092,,amazon,skipped,0,0,,0,0,0,0,1,,,data
938,9781883642334,,amazon,skipped,0,0,,0,0,0,0,1,,,data
939,9780553294323,,amazon,skipped,0,0,,0,0,0,0,1,,,data
940,9780380765164,,amazon,skipped,0,0,,0,0,0,0,1,,,data
941,9780553481914,,amazon,skipped,0,0,,0,0,0,0,1,,,data
942,9780821723036,,amazon,skipped,0,0,,0,0,0,0,1,,,data
943,9780856540301,,amazon,skipped,0,0,,0,0,0,0,1,,,data
944,9780723229384,,amazon,skipped,0,0,,0,0,0,0,1,,,data
945,9780061054570,,amazon,skipped,0,0,,0,0,0,0,1,,,data
946,9780394751641,,amazon,skipped,0,0,,0,0,0,0,1,,,data
947,9780679400165,,amazon,skipped,0,0,,0,0,0,0,1,,,data
948,9780440219194,,amazon,skipped,0,0,,0,0,0,0,1,,,data
949,9780195405729,,amazon,skipped,0,0,,0,0,0,0,1,,,data
950,9780140433449,,amazon,skipped,0,0,,0,0,0,0,1,,,data
951,9780140188172,,amazon,skipped,0,0,,0,0,0,0,1,,,data
952,9780140024494,,amazon,skipped,0,0,,0,0,0,0,1,,,data
953,9780395845417,,amazon,skipped,0,0,,0,0,0,0,1,,,data
954,9780394833415,,amazon,skipped,0,0,,0,0,0,0,1,,,data
955,9781856979313,,amazon,skipped,0,0,,0,0,0,0,1,,,data
956,9780843105520,,amazon,skipped,0,0,,0,0,0,0,1,,,data
957,9780671617493,,amazon,skipped,0,0,,0,0,0,0,1,,,data
958,9780553282153,,amazon,skipped,0,0,,0,0,0,0,1,,,data
959,9781854250872,,amazon,skipped,0,0,,0,0,0,0,1,,,data
960,9780871564719,,amazon,skipped,0,0,,0,0,0,0,1,,,data
961,9780062554109,,amazon,skipped,0,0,,0,0,0,0,1,,,data
962,9780843105872,,amazon,skipped,0,0,,0,0,0,0,1,,,data
963,9781854718105,,amazon,skipped,0,0,,0,0,0,0,1,,,data
964,9780553247817,,amazon,skipped,0,0,,0,0,0,0,1,,,data
965,9780440910176,,amazon,skipped,0,0,,0,0,0,0,1,,,data
966,9780590847438,,amazon,skipped,0,0,,0,0,0,0,1,,,data
967,9781551531533,,amazon,skipped,0,0,,0,0,0,0,1,,,data
968,9780060219987,,amazon,skipped,0,0,,0,0,0,0,1,,,data
969,9780723205975,,amazon,skipped,0,0,,0,0,0,0,1,,,data
970,9780723205968,,amazon,skipped,0,0,,0,0,0,0,1,,,data
971,9780723205944,,amazon,skipped,0,0,,0,0,0,0,1,,,data
972,9780723206033,,amazon,skipped,0,0,,0,0,0,0,1,,,data
973,9780553155051,,amazon,skipped,0,0,,0,0,0,0,1,,,data
974,9780312971885,,amazon,skipped,0,0,,0,0,0,0,1,,,data
975,9780393306651,,amazon,skipped,0,0,,0,0,0,0,1,,,data
976,9780590402996,,amazon,skipped,0,0,,0,0,0,0,1,,,data
977,9780590416221,,amazon,skipped,0,0,,0,0,0,0,1,,,data
978,9780679810490,,amazon,skipped,0,0,,0,0,0,0,1,,,data
979,9780307119452,,amazon,skipped,0,0,,0,0,0,0,1,,,data
980,9780394837888,,amazon,skipped,0,0,,0,0,0,0,1,,,data
981,9780027780260,,amazon,skipped,0,0,,0,0,0,0,1,,,data
982,9781551105055,,amazon,skipped,0,0,,0,0,0,0,1,,,data
983,9780553278569,,amazon,skipped,0,0,,0,0,0,0,1,,,data
984,9780553269512,,amazon,skipped,0,0,,0,0,0,0,1,,,data
985,9780553287660,,amazon,skipped,0,0,,0,0,0,0,1,,,data
986,9780553152432,,amazon,skipped,0,0,,0,0,0,0,1,,,data
987,9780553156362,,amazon,skipped,0,0,,0,0,0,0,1,,,data
988,9780553274158,,amazon,skipped,0,0,,0,0,0,0,1,,,data
989,9780679826590,,amazon,skipped,0,0,,0,0,0,0,1,,,data
990,9780439544108,,amazon,skipped,0,0,,0,0,0,0,1,,,data
991,9780441663972,,amazon,skipped,0,0,,0,0,0,0,1,,,data
992,9781853261602,,amazon,skipped,0,0,,0,0,0,0,1,,,data
993,9780671876227,,amazon,skipped,0,0,,0,0,0,0,1,,,data
994,9780523485843,,amazon,skipped,0,0,,0,0,0,0,1,,,data
995,9780723234869,,amazon,skipped,0,0,,0,0,0,0,1,,,data
996,9780874063950,,amazon,skipped,0,0,,0,0,0,0,1,,,data
997,9780307118448,,amazon,skipped,0,0,,0,0,0,0,1,,,data
998,9781561734955,,amazon,skipped,0,0,,0,0,0,0,1,,,data
999,9780553292350,,amazon,skipped,0,0,,0,0,0,0,1,,,data
1000,9780140350340,,amazon,skipped,0,0,,0,0,0,0,1,,,data
1001,9780888940063,,amazon,skipped,0,0,,0,0,0,0,1,,,data
1002,9780771075568,,amazon,skipped,0,0,,0,0,0,0,1,,,data
1003,9780446392259,,amazon,skipped,0,0,,0,0,0,0,1,,,data
1004,9780920953259,,amazon,skipped,0,0,,0,0,0,0,1,,,data
1005,9781550502039,,amazon,skipped,0,0,,0,0,0,0,1,,,data
1006,9780449131732,,amazon,skipped,0,0,,0,0,0,0,1,,,data
1007,9780394845333,,amazon,skipped,0,0,,0,0,0,0,1,,,data
1008,9780001961722,,amazon,skipped,0,0,,0,0,0,0,1,,,data
1009,9780723234876,,amazon,skipped,0,0,,0,0,0,0,1,,,data
1010,9780888302526,,amazon,skipped,0,0,,0,0,0,0,1,,,data
1011,9780590138581,,amazon,skipped,0,0,,0,0,0,0,1,,,data
1012,9780773672161,,amazon,skipped,0,0,,0,0,0,0,1,,,data
1013,9780888993823,,amazon,skipped,0,0,,0,0,0,0,1,,,data
1014,9780920236918,,amazon,skipped,0,0,,0,0,0,0,1,,,data
1015,9780395390313,,amazon,skipped,0,0,,0,0,0,0,1,,,data
1016,9780307125835,,amazon,skipped,0,0,,0,0,0,0,1,,,data
1017,9780425130735,,amazon,skipped,0,0,,0,0,0,0,1,,,data
1018,9780307158499,,amazon,skipped,0,0,,0,0,0,0,1,,,data
1019,9780723237686,,amazon,skipped,0,0,,0,0,0,0,1,,,data
1020,9780140092189,,amazon,skipped,0,0,,0,0,0,0,1,,,data
1021,9780520066151,,amazon,skipped,0,0,,0,0,0,0,1,,,data
1022,9780231096256,,amazon,skipped,0,0,,0,0,0,0,1,,,data
1023,9789171491718,,amazon,skipped,0,0,,0,0,0,0,1,,,data
1024,9780867241259,,amazon,skipped,0,0,,0,0,0,0,1,,,data
1025,9780812046953,,amazon,skipped,0,0,,0,0,0,0,1,,,data
1026,9780553256499,,amazon,skipped,0,0,,0,0,0,0,1,,,data
1027,9780307118202,,amazon,skipped,0,0,,0,0,0,0,1,,,data
1028,9780882664910,,amazon,skipped,0,0,,0,0,0,0,1,,,data
1029,9780770421748,,amazon,skipped,0,0,,0,0,0,0,1,,,data
1030,9781550744637,,amazon,skipped,0,0,,0,0,0,0,1,,,data
1031,9781550376265,,amazon,skipped,0,0,,0,0,0,0,1,,,data
1032,9780590414784,,amazon,skipped,0,0,,0,0,0,0,1,,,data
1033,9780553208924,,amazon,skipped,0,0,,0,0,0,0,1,,,data
1034,9780603556876,,amazon,skipped,0,0,,0,0,0,0,1,,,data
1035,9780380581566,,amazon,skipped,0,0,,0,0,0,0,1,,,data
1036,9780813011943,,amazon,skipped,0,0,,0,0,0,0,1,,,data
1037,9780719043949,,amazon,skipped,0,0,,0,0,0,0,1,,,data
1038,9780312216597,,amazon,skipped,0,0,,0,0,0,0,1,,,data
1039,9780571198641,,amazon,skipped,0,0,,0,0,0,0,1,,,data
1040,9780671657598,,amazon,skipped,0,0,,0,0,0,0,1,,,data
1041,9780809001330,,amazon,skipped,0,0,,0,0,0,0,1,,,data
1042,9780872200746,,amazon,skipped,0,0,,0,0,0,0,1,,,data
1043,9780751525427,,amazon,skipped,0,0,,0,0,0,0,1,,,data
1044,9780915144457,,amazon,skipped,0,0,,0,0,0,0,1,,,data
1045,9780307987549,,amazon,skipped,0,0,,0,0,0,0,1,,,data
1046,9780553560039,,amazon,skipped,0,0,,0,0,0,0,1,,,data
1047,9780889950818,,amazon,skipped,0,0,,0,0,0,0,1,,,data
1048,9780590711883,,amazon,skipped,0,0,,0,0,0,0,1,,,data
1049,9780146001079,,amazon,skipped,0,0,,0,0,0,0,1,,,data
1050,9780877437017,,amazon,skipped,0,0,,0,0,0,0,1,,,data
1051,9780743434980,,amazon,skipped,0,0,,0,0,0,0,1,,,data
1052,9780553481686,,amazon,skipped,0,0,,0,0,0,0,1,,,data
1053,9780451526854,,amazon,skipped,0,0,,0,0,0,0,1,,,data
1054,9780380835683,,amazon,skipped,0,0,,0,0,0,0,1,,,data
1055,9780440967668,,amazon,skipped,0,0,,0,0,0,0,1,,,data
1056,9780590509527,,amazon,skipped,0,0,,0,0,0,0,1,,,data
1057,9780140340488,,amazon,skipped,0,0,,0,0,0,0,1,,,data
1058,9780745910314,,amazon,skipped,0,0,,0,0,0,0,1,,,data
1059,9780394858272,,amazon,skipped,0,0,,0,0,0,0,1,,,data
1060,9780590424431,,amazon,skipped,0,0,,0,0,0,0,1,,,data
1061,9780590120708,,amazon,skipped,0,0,,0,0,0,0,1,,,data
1062,9780590535298,,amazon,skipped,0,0,,0,0,0,0,1,,,data
1063,9780689713873,,amazon,empty,0,7,title; authors; publisher; origin; date_of_publication; language; genres,0,0,0,0,10,,,data
1064,9780553211351,,amazon,skipped,0,0,,0,0,0,0,1,,,data
1065,9780136639480,,amazon,skipped,0,0,,0,0,0,0,1,,,data
1066,9780425043042,,amazon,skipped,0,0,,0,0,0,0,1,,,data
1067,9780307105622,,amazon,skipped,0,0,,0,0,0,0,1,,,data
1068,9780373058631,,amazon,skipped,0,0,,0,0,0,0,1,,,data
1069,9780373194155,,amazon,skipped,0,0,,0,0,0,0,1,,,data
1070,9780373079605,,amazon,skipped,0,0,,0,0,0,0,1,,,data
1071,9780373190195,,amazon,skipped,0,0,,0,0,0,0,1,,,data
1072,9780373223282,,amazon,skipped,0,0,,0,0,0,0,1,,,data
1073,9780373166848,,amazon,skipped,0,0,,0,0,0,0,1,,,data
1074,9780715626108,,amazon,skipped,0,0,,0,0,0,0,1,,,data
1075,9781853264061,,amazon,skipped,0,0,,0,0,0,0,1,,,data
1076,9780307110565,,amazon,skipped,0,0,,0,0,0,0,1,,,data
1077,9780671835323,,amazon,skipped,0,0,,0,0,0,0,1,,,data
1078,9780345271594,,amazon,skipped,0,0,,0,0,0,0,1,,,data
1079,9780871561992,,amazon,skipped,0,0,,0,0,0,0,1,,,data
1080,9780689803628,,amazon,skipped,0,0,,0,0,0,0,1,,,data
1081,9780843112078,,amazon,skipped,0,0,,0,0,0,0,1,,,data
1082,9780307105509,,amazon,skipped,0,0,,0,0,0,0,1,,,data
1083,9780446320047,,amazon,skipped,0,0,,0,0,0,0,1,,,data
1084,9780869755211,,amazon,skipped,0,0,,0,0,0,0,1,,,data
1085,9780553228786,,amazon,skipped,0,0,,0,0,0,0,1,,,data
1086,9780449702659,,amazon,skipped,0,0,,0,0,0,0,1,,,data
1087,9780385254229,,amazon,skipped,0,0,,0,0,0,0,1,,,data
1088,9780316562034,,amazon,skipped,0,0,,0,0,0,0,1,,,data
1089,9780671788025,,amazon,skipped,0,0,,0,0,0,0,1,,,data
1090,9780394844947,,amazon,skipped,0,0,,0,0,0,0,1,,,data
1091,9781562933371,,amazon,skipped,0,0,,0,0,0,0,1,,,data
1092,9780307118943,,amazon,skipped,0,0,,0,0,0,0,1,,,data
1093,9780394887821,,amazon,skipped,0,0,,0,0,0,0,1,,,data
1094,9780764150371,,amazon,skipped,0,0,,0,0,0,0,1,,,data
1095,9780689718793,,amazon,skipped,0,0,,0,0,0,0,1,,,data
1096,9780486288598,,amazon,skipped,0,0,,0,0,0,0,1,,,data
1097,9780307101730,,amazon,skipped,0,0,,0,0,0,0,1,,,data
1098,9780307592613,,amazon,skipped,0,0,,0,0,0,0,1,,,data
1099,9780140059540,,amazon,skipped,0,0,,0,0,0,0,1,,,data
1100,9780945575764,,amazon,skipped,0,0,,0,0,0,0,1,,,data
1101,9780375706493,,amazon,skipped,0,0,,0,0,0,0,1,,,data
1102,9780872862708,,amazon,skipped,0,0,,0,0,0,0,1,,,data
1103,9780679407775,,amazon,skipped,0,0,,0,0,0,0,1,,,data
1104,9780889610064,,amazon,skipped,0,0,,0,0,0,0,1,,,data
1105,9780684189062,,amazon,skipped,0,0,,0,0,0,0,1,,,data
1106,9780385318228,,amazon,skipped,0,0,,0,0,0,0,1,,,data
1107,9781565121782,,amazon,skipped,0,0,,0,0,0,0,1,,,data
1108,9780679817215,,amazon,skipped,0,0,,0,0,0,0,1,,,data
1109,9780843109979,,amazon,skipped,0,0,,0,0,0,0,1,,,data
1110,9780140714012,,amazon,skipped,0,0,,0,0,0,0,1,,,data
1111,9780671606497,,amazon,skipped,0,0,,0,0,0,0,1,,,data
1112,9780941121040,,amazon,skipped,0,0,,0,0,0,0,1,,,data
1113,9780553211641,,amazon,skipped,0,0,,0,0,0,0,1,,,data
1114,9780440468028,,amazon,skipped,0,0,,0,0,0,0,1,,,data
1115,9780920080733,,amazon,skipped,0,0,,0,0,0,0,1,,,data
1116,9780394174303,,amazon,skipped,0,0,,0,0,0,0,1,,,data
1117,9780919143326,,amazon,skipped,0,0,,0,0,0,0,1,,,data
1118,9780891076025,,amazon,skipped,0,0,,0,0,0,0,1,,,data
1119,9780060922672,,amazon,skipped,0,0,,0,0,0,0,1,,,data
1120,9780803798960,,amazon,skipped,0,0,,0,0,0,0,1,,,data
1121,9780582526525,,amazon,skipped,0,0,,0,0,0,0,1,,,data
1122,9780241002506,,amazon,skipped,0,0,,0,0,0,0,1,,,data
1123,9780448054582,,amazon,skipped,0,0,,0,0,0,0,1,,,data
1124,9780140502299,,amazon,skipped,0,0,,0,0,0,0,1,,,data
1125,9780843105766,,amazon,skipped,0,0,,0,0,0,0,1,,,data
1126,9780609801963,,amazon,skipped,0,0,,0,0,0,0,1,,,data
1127,9780671604134,,amazon,skipped,0,0,,0,0,0,0,1,,,data
1128,9780582205444,,amazon,skipped,0,0,,0,0,0,0,1,,,data
1129,9780380698509,,amazon,skipped,0,0,,0,0,0,0,1,,,data
1130,9780723205920,,amazon,skipped,0,0,,0,0,0,0,1,,,data
1131,9780771595660,,amazon,skipped,0,0,,0,0,0,0,1,,,data
1132,9780811201629,,amazon,skipped,0,0,,0,0,0,0,1,,,data
1133,9780440424857,,amazon,skipped,0,0,,0,0,0,0,1,,,data
1134,9780750015813,,amazon,skipped,0,0,,0,0,0,0,1,,,data
1135,9780679425434,,amazon,skipped,0,0,,0,0,0,0,1,,,data
1136,9780671017163,,amazon,skipped,0,0,,0,0,0,0,1,,,data
1137,9780571194742,,amazon,skipped,0,0,,0,0,0,0,1,,,data
1138,9783426640098,,amazon,skipped,0,0,,0,0,0,0,1,,,data
1139,9783442540686,,amazon,skipped,0,0,,0,0,0,0,1,,,data
1140,9783502146681,,amazon,skipped,0,0,,0,0,0,0,1,,,data
1141,9783453160798,,amazon,skipped,0,0,,0,0,0,0,1,,,data
1142,9783406421013,,amazon,skipped,0,0,,0,0,0,0,1,,,data
1143,9783404144679,,amazon,skipped,0,0,,0,0,0,0,1,,,data
1144,9783726005382,,amazon,skipped,0,0,,0,0,0,0,1,,,data
1145,9783471770313,,amazon,skipped,0,0,,0,0,0,0,1,,,data
1146,9783442126804,,amazon,skipped,0,0,,0,0,0,0,1,,,data
1147,9783404148486,,amazon,skipped,0,0,,0,0,0,0,1,,,data
1148,9783453212053,,amazon,skipped,0,0,,0,0,0,0,1,,,data
1149,9783404129102,,amazon,skipped,0,0,,0,0,0,0,1,,,data
1150,9783442133116,,amazon,skipped,0,0,,0,0,0,0,1,,,data
1151,9783442439645,,amazon,skipped,0,0,,0,0,0,0,1,,,data
1152,9783442432721,,amazon,skipped,0,0,,0,0,0,0,1,,,data
1153,9783453162792,,amazon,skipped,0,0,,0,0,0,0,1,,,data
1154,9783442437740,,amazon,skipped,0,0,,0,0,0,0,1,,,data
1155,9783442434244,,amazon,skipped,0,0,,0,0,0,0,1,,,data
1156,9783821830605,,amazon,skipped,0,0,,0,0,0,0,1,,,data
1157,9783453870857,,amazon,skipped,0,0,,0,0,0,0,1,,,data
1158,9783100052209,,amazon,skipped,0,0,,0,0,0,0,1,,,data
1159,9783446202221,,amazon,skipped,0,0,,0,0,0,0,1,,,data
1160,9783100463180,,amazon,skipped,0,0,,0,0,0,0,1,,,data
1161,9783596145836,,amazon,skipped,0,0,,0,0,0,0,1,,,data
1162,9783442443222,,amazon,skipped,0,0,,0,0,0,0,1,,,data
1163,9783442442911,,amazon,skipped,0,0,,0,0,0,0,1,,,data
1164,9783442442737,,amazon,skipped,0,0,,0,0,0,0,1,,,data
1165,9788472452787,,amazon,skipped,0,0,,0,0,0,0,1,,,data
1166,9780805211061,,amazon,skipped,0,0,,0,0,0,0,1,,,data
1167,9780553577464,,amazon,skipped,0,0,,0,0,0,0,1,,,data
1168,9780345246004,,amazon,skipped,0,0,,0,0,0,0,1,,,data
1169,9780771032134,,amazon,skipped,0,0,,0,0,0,0,1,,,data
1170,9780830819553,,amazon,skipped,0,0,,0,0,0,0,1,,,data
1171,9780920792339,,amazon,skipped,0,0,,0,0,0,0,1,,,data
1172,9780972319171,,amazon,skipped,0,0,,0,0,0,0,1,,,data
1173,9780800870225,,amazon,skipped,0,0,,0,0,0,0,1,,,data
1174,9780394711898,,amazon,skipped,0,0,,0,0,0,0,1,,,data
1175,9780060161569,,amazon,skipped,0,0,,0,0,0,0,1,,,data
1176,9780140177886,,amazon,skipped,0,0,,0,0,0,0,1,,,data
1177,9780820319612,,amazon,skipped,0,0,,0,0,0,0,1,,,data
1178,9780871137579,,amazon,skipped,0,0,,0,0,0,0,1,,,data
1179,9780671884390,,amazon,skipped,0,0,,0,0,0,0,1,,,data
1180,9780440504047,,amazon,skipped,0,0,,0,0,0,0,1,,,data
1181,9780449231685,,amazon,skipped,0,0,,0,0,0,0,1,,,data
1182,9781860743993,,amazon,skipped,0,0,,0,0,0,0,1,,,data
1183,9788432207785,,amazon,skipped,0,0,,0,0,0,0,1,,,data
1184,9780201742169,,amazon,skipped,0,0,,0,0,0,0,1,,,data
1185,9783499231582,,amazon,skipped,0,0,,0,0,0,0,1,,,data
1186,9783426612743,,amazon,skipped,0,0,,0,0,0,0,1,,,data
1187,9783462029505,,amazon,skipped,0,0,,0,0,0,0,1,,,data
1188,9783596136193,,amazon,skipped,0,0,,0,0,0,0,1,,,data
1189,9783442351961,,amazon,skipped,0,0,,0,0,0,0,1,,,data
1190,9783442353446,,amazon,skipped,0,0,,0,0,0,0,1,,,data
1191,9783612273598,,amazon,skipped,0,0,,0,0,0,0,1,,,data
1192,9783404120437,,amazon,skipped,0,0,,0,0,0,0,1,,,data
1193,9780380729098,,amazon,skipped,0,0,,0,0,0,0,1,,,data
1194,9780689866999,,amazon,skipped,0,0,,0,0,0,0,1,,,data
1195,9780345417787,,amazon,skipped,0,0,,0,0,0,0,1,,,data
1196,9781552780855,,amazon,skipped,0,0,,0,0,0,0,1,,,data
1197,9780743217347,,amazon,skipped,0,0,,0,0,0,0,1,,,data
1198,9780743247726,,amazon,skipped,0,0,,0,0,0,0,1,,,data
1199,9781558851986,,amazon,skipped,0,0,,0,0,0,0,1,,,data
1200,9780773759909,,amazon,skipped,0,0,,0,0,0,0,1,,,data
1201,9781572971158,,amazon,skipped,0,0,,0,0,0,0,1,,,data
1202,9780140098822,,amazon,skipped,0,0,,0,0,0,0,1,,,data
1203,9781888604108,,amazon,skipped,0,0,,0,0,0,0,1,,,data
1204,9780806997612,,amazon,skipped,0,0,,0,0,0,0,1,,,data
1205,9780967673769,,amazon,skipped,0,0,,0,0,0,0,1,,,data
1206,9780448025490,,amazon,skipped,0,0,,0,0,0,0,1,,,data
1207,9780582765757,,amazon,skipped,0,0,,0,0,0,0,1,,,data
1208,9780553125795,,amazon,skipped,0,0,,0,0,0,0,1,,,data
1209,9780528823220,,amazon,skipped,0,0,,0,0,0,0,1,,,data
1210,9781551665726,,amazon,skipped,0,0,,0,0,0,0,1,,,data
1211,9780316771641,,amazon,skipped,0,0,,0,0,0,0,1,,,data
1212,9780773761056,,amazon,skipped,0,0,,0,0,0,0,1,,,data
1213,9780590338462,,amazon,skipped,0,0,,0,0,0,0,1,,,data
1214,9780590308441,,amazon,skipped,0,0,,0,0,0,0,1,,,data
1215,9780931580390,,amazon,skipped,0,0,,0,0,0,0,1,,,data
1216,9780312982478,,amazon,skipped,0,0,,0,0,0,0,1,,,data
1217,9780787102265,,amazon,skipped,0,0,,0,0,0,0,1,,,data
1218,9780380725847,,amazon,skipped,0,0,,0,0,0,0,1,,,data
1219,9780590332101,,amazon,skipped,0,0,,0,0,0,0,1,,,data
1220,9780760721056,,amazon,skipped,0,0,,0,0,0,0,1,,,data
1221,9780528913662,,amazon,skipped,0,0,,0,0,0,0,1,,,data
1222,9780689841743,,amazon,skipped,0,0,,0,0,0,0,1,,,data
1223,9780373037476,,amazon,skipped,0,0,,0,0,0,0,1,,,data
1224,9780345385727,,amazon,skipped,0,0,,0,0,0,0,1,,,data
1225,9780374262235,,amazon,skipped,0,0,,0,0,0,0,1,,,data
1226,9780671019396,,amazon,skipped,0,0,,0,0,0,0,1,,,data
1227,9780312305543,,amazon,skipped,0,0,,0,0,0,0,1,,,data
1228,9780373225651,,amazon,skipped,0,0,,0,0,0,0,1,,,data
1229,9780373225781,,amazon,skipped,0,0,,0,0,0,0,1,,,data
1230,9780373225798,,amazon,skipped,0,0,,0,0,0,0,1,,,data
1231,9780525938675,,amazon,skipped,0,0,,0,0,0,0,1,,,data
1232,9780875420516,,amazon,skipped,0,0,,0,0,0,0,1,,,data
1233,9780962655678,,amazon,skipped,0,0,,0,0,0,0,1,,,data
1234,9780373520855,,amazon,skipped,0,0,,0,0,0,0,1,,,data
1235,9780373118229,,amazon,skipped,0,0,,0,0,0,0,1,,,data
1236,9780201384079,,amazon,skipped,0,0,,0,0,0,0,1,,,data
1237,9781572594227,,amazon,skipped,0,0,,0,0,0,0,1,,,data
1238,9780768911763,,amazon,skipped,0,0,,0,0,0,0,1,,,data
1239,9780373225743,,amazon,skipped,0,0,,0,0,0,0,1,,,data
1240,9780679421696,,amazon,skipped,0,0,,0,0,0,0,1,,,data
1241,9780375413803,,amazon,skipped,0,0,,0,0,0,0,1,,,data
1242,9780060565497,,amazon,skipped,0,0,,0,0,0,0,1,,,data
1243,9780060179915,,amazon,skipped,0,0,,0,0,0,0,1,,,data
1244,9780471158929,,amazon,skipped,0,0,,0,0,0,0,1,,,data
1245,9780374299866,,amazon,skipped,0,0,,0,0,0,0,1,,,data
1246,9780553276831,,amazon,skipped,0,0,,0,0,0,0,1,,,data
1247,9780375759062,,amazon,skipped,0,0,,0,0,0,0,1,,,data
1248,9780516012759,,amazon,skipped,0,0,,0,0,0,0,1,,,data
1249,9780140327748,,amazon,skipped,0,0,,0,0,0,0,1,,,data
1250,9780064404860,,amazon,skipped,0,0,,0,0,0,0,1,,,data
1251,9780688135768,,amazon,skipped,0,0,,0,0,0,0,1,,,data
1252,9780553155211,,amazon,skipped,0,0,,0,0,0,0,1,,,data
1253,9780916941345,,amazon,skipped,0,0,,0,0,0,0,1,,,data
1254,9780440406525,,amazon,skipped,0,0,,0,0,0,0,1,,,data
1255,9780877191506,,amazon,skipped,0,0,,0,0,0,0,1,,,data
1256,9780452282056,,amazon,skipped,0,0,,0,0,0,0,1,,,data
1257,9780877193036,,amazon,skipped,0,0,,0,0,0,0,1,,,data
1258,9780679864271,,amazon,skipped,0,0,,0,0,0,0,1,,,data
1259,9780399210730,,amazon,skipped,0,0,,0,0,0,0,1,,,data
1260,9780590436298,,amazon,skipped,0,0,,0,0,0,0,1,,,data
1261,9780440087595,,amazon,skipped,0,0,,0,0,0,0,1,,,data
1262,9780824516468,,amazon,skipped,0,0,,0,0,0,0,1,,,data
1263,9780606069571,,amazon,skipped,0,0,,0,0,0,0,1,,,data
1264,9780152004316,,amazon,skipped,0,0,,0,0,0,0,1,,,data
1265,9780440800125,,amazon,skipped,0,0,,0,0,0,0,1,,,data
1266,9780452009295,,amazon,skipped,0,0,,0,0,0,0,1,,,data
1267,9780060084530,,amazon,skipped,0,0,,0,0,0,0,1,,,data
1268,9781555611224,,amazon,skipped,0,0,,0,0,0,0,1,,,data
1269,9780380876358,,amazon,skipped,0,0,,0,0,0,0,1,,,data
1270,9780927545709,,amazon,skipped,0,0,,0,0,0,0,1,,,data
1271,9780064402835,,amazon,skipped,0,0,,0,0,0,0,1,,,data
1272,9780345320612,,amazon,skipped,0,0,,0,0,0,0,1,,,data
1273,9780345353887,,amazon,skipped,0,0,,0,0,0,0,1,,,data
1274,9780345379597,,amazon,skipped,0,0,,0,0,0,0,1,,,data
1275,9780345337962,,amazon,skipped,0,0,,0,0,0,0,1,,,data
1276,9781563522284,,amazon,skipped,0,0,,0,0,0,0,1,,,data
1277,9788470820793,,amazon,skipped,0,0,,0,0,0,0,1,,,data
1278,9780875791784,,amazon,skipped,0,0,,0,0,0,0,1,,,data
1279,9780142301005,,amazon,skipped,0,0,,0,0,0,0,1,,,data
1280,9780142300992,,amazon,skipped,0,0,,0,0,0,0,1,,,data
1281,9781593100650,,amazon,skipped,0,0,,0,0,0,0,1,,,data
1282,9780736913249,,amazon,skipped,0,0,,0,0,0,0,1,,,data
1283,9781929125005,,amazon,skipped,0,0,,0,0,0,0,1,,,data
1284,9781565079458,,amazon,skipped,0,0,,0,0,0,0,1,,,data
1285,9781577489757,,amazon,skipped,0,0,,0,0,0,0,1,,,data
1286,9780333905081,,amazon,skipped,0,0,,0,0,0,0,1,,,data
1287,9781558538115,,amazon,skipped,0,0,,0,0,0,0,1,,,data
1288,9781551664682,,amazon,skipped,0,0,,0,0,0,0,1,,,data
1289,9780060201142,,amazon,skipped,0,0,,0,0,0,0,1,,,data
1290,9780784705414,,amazon,skipped,0,0,,0,0,0,0,1,,,data
1291,9780784705421,,amazon,skipped,0,0,,0,0,0,0,1,,,data
1292,9780689826696,,amazon,skipped,0,0,,0,0,0,0,1,,,data
1293,9780689824401,,amazon,skipped,0,0,,0,0,0,0,1,,,data
1294,9780688104801,,amazon,skipped,0,0,,0,0,0,0,1,,,data
1295,9780553566932,,amazon,skipped,0,0,,0,0,0,0,1,,,data
1296,9780671510350,,amazon,skipped,0,0,,0,0,0,0,1,,,data
1297,9780553566925,,amazon,skipped,0,0,,0,0,0,0,1,,,data
1298,9780553566574,,amazon,skipped,0,0,,0,0,0,0,1,,,data
1299,9780373115099,,amazon,skipped,0,0,,0,0,0,0,1,,,data
1300,9780842382243,,amazon,skipped,0,0,,0,0,0,0,1,,,data
1301,9780553566987,,amazon,skipped,0,0,,0,0,0,0,1,,,data
1302,9780425138410,,amazon,skipped,0,0,,0,0,0,0,1,,,data
1303,9780373115051,,amazon,skipped,0,0,,0,0,0,0,1,,,data
1304,9780671510343,,amazon,skipped,0,0,,0,0,0,0,1,,,data
1305,9780553566994,,amazon,skipped,0,0,,0,0,0,0,1,,,data
1306,9780553567014,,amazon,skipped,0,0,,0,0,0,0,1,,,data
1307,9780553279139,,amazon,skipped,0,0,,0,0,0,0,1,,,data
1308,9780061062599,,amazon,skipped,0,0,,0,0,0,0,1,,,data
1309,9780373115068,,amazon,skipped,0,0,,0,0,0,0,1,,,data
1310,9780373115082,,amazon,skipped,0,0,,0,0,0,0,1,,,data
1311,9780822000204,,amazon,skipped,0,0,,0,0,0,0,1,,,data
1312,9780590407755,,amazon,skipped,0,0,,0,0,0,0,1,,,data
1313,9780553563092,,amazon,skipped,0,0,,0,0,0,0,1,,,data
1314,9780553566963,,amazon,skipped,0,0,,0,0,0,0,1,,,data
1315,9780451164964,,amazon,skipped,0,0,,0,0,0,0,1,,,data
1316,9780440190240,,amazon,skipped,0,0,,0,0,0,0,1,,,data
1317,9780451133649,,amazon,skipped,0,0,,0,0,0,0,1,,,data
1318,9780373077090,,amazon,skipped,0,0,,0,0,0,0,1,,,data
1319,9780451410337,,amazon,skipped,0,0,,0,0,0,0,1,,,data
1320,9780792452454,,amazon,skipped,0,0,,0,0,0,0,1,,,data
1321,9780140063639,,amazon,skipped,0,0,,0,0,0,0,1,,,data
1322,9780373832736,,amazon,skipped,0,0,,0,0,0,0,1,,,data
1323,9780425142950,,amazon,skipped,0,0,,0,0,0,0,1,,,data
1324,9780671669973,,amazon,skipped,0,0,,0,0,0,0,1,,,data
1325,9780897931779,,amazon,skipped,0,0,,0,0,0,0,1,,,data
1326,9780312963576,,amazon,skipped,0,0,,0,0,0,0,1,,,data
1327,9780440185116,,amazon,skipped,0,0,,0,0,0,0,1,,,data
1328,9780671736033,,amazon,skipped,0,0,,0,0,0,0,1,,,data
1329,9780060186678,,amazon,skipped,0,0,,0,0,0,0,1,,,data
1330,9780671556037,,amazon,skipped,0,0,,0,0,0,0,1,,,data
1331,9780440204268,,amazon,skipped,0,0,,0,0,0,0,1,,,data
1332,9780441000883,,amazon,skipped,0,0,,0,0,0,0,1,,,data
1333,9780441000746,,amazon,skipped,0,0,,0,0,0,0,1,,,data
1334,9780441000678,,amazon,skipped,0,0,,0,0,0,0,1,,,data
1335,9780865531635,,amazon,skipped,0,0,,0,0,0,0,1,,,data
1336,9780771079542,,amazon,skipped,0,0,,0,0,0,0,1,,,data
1337,9780812521641,,amazon,skipped,0,0,,0,0,0,0,1,,,data
1338,9780373076147,,amazon,skipped,0,0,,0,0,0,0,1,,,data
1339,9780843924343,,amazon,skipped,0,0,,0,0,0,0,1,,,data
1340,9780553272451,,amazon,skipped,0,0,,0,0,0,0,1,,,data
1341,9780842302142,,amazon,skipped,0,0,,0,0,0,0,1,,,data
1342,9780553136852,,amazon,skipped,0,0,,0,0,0,0,1,,,data
1343,9780373885428,,amazon,skipped,0,0,,0,0,0,0,1,,,data
1344,9780060108564,,amazon,skipped,0,0,,0,0,0,0,1,,,data
1345,9780312960414,,amazon,skipped,0,0,,0,0,0,0,1,,,data
1346,9780393322231,,amazon,skipped,0,0,,0,0,0,0,1,,,data
1347,9780312856335,,amazon,skipped,0,0,,0,0,0,0,1,,,data
1348,9780671733810,,amazon,skipped,0,0,,0,0,0,0,1,,,data
1349,9780881038675,,amazon,skipped,0,0,,0,0,0,0,1,,,data
1350,9780373482627,,amazon,skipped,0,0,,0,0,0,0,1,,,data
1351,9780373076840,,amazon,skipped,0,0,,0,0,0,0,1,,,data
1352,9780446347174,,amazon,skipped,0,0,,0,0,0,0,1,,,data
1354,9780843935820,,amazon,skipped,0,0,,0,0,0,0,1,,,data
1355,9780821733363,,amazon,skipped,0,0,,0,0,0,0,1,,,data
1356,9780449147696,,amazon,skipped,0,0,,0,0,0,0,1,,,data
1357,9780373251407,,amazon,skipped,0,0,,0,0,0,0,1,,,data
1358,9780595003990,,amazon,skipped,0,0,,0,0,0,0,1,,,data
1359,9780373287543,,amazon,skipped,0,0,,0,0,0,0,1,,,data
1360,9780373705849,,amazon,skipped,0,0,,0,0,0,0,1,,,data
1361,9780373058891,,amazon,skipped,0,0,,0,0,0,0,1,,,data
1362,9780743435369,,amazon,skipped,0,0,,0,0,0,0,1,,,data
1363,9780671003111,,amazon,skipped,0,0,,0,0,0,0,1,,,data
1364,9780451401328,,amazon,skipped,0,0,,0,0,0,0,1,,,data
1365,9780451169693,,amazon,skipped,0,0,,0,0,0,0,1,,,data
1366,9780525939450,,amazon,skipped,0,0,,0,0,0,0,1,,,data
1367,9780739404782,,amazon,skipped,0,0,,0,0,0,0,1,,,data
1368,9780385077255,,amazon,skipped,0,0,,0,0,0,0,1,,,data
1369,9780449215180,,amazon,skipped,0,0,,0,0,0,0,1,,,data
1370,9780439147736,,amazon,skipped,0,0,,0,0,0,0,1,,,data
1371,9780375812774,,amazon,skipped,0,0,,0,0,0,0,1,,,data
1372,9780440210245,,amazon,skipped,0,0,,0,0,0,0,1,,,data
1373,9780553487053,,amazon,skipped,0,0,,0,0,0,0,1,,,data
1374,9780912696119,,amazon,skipped,0,0,,0,0,0,0,1,,,data
1375,9781580863353,,amazon,skipped,0,0,,0,0,0,0,1,,,data
1376,9780801987755,,amazon,skipped,0,0,,0,0,0,0,1,,,data
1377,9781558749559,,amazon,skipped,0,0,,0,0,0,0,1,,,data
1378,9780312114367,,amazon,skipped,0,0,,0,0,0,0,1,,,data
1379,9780671897949,,amazon,skipped,0,0,,0,0,0,0,1,,,data
1380,9780762408078,,amazon,skipped,0,0,,0,0,0,0,1,,,data
1381,9780060969141,,amazon,skipped,0,0,,0,0,0,0,1,,,data
1382,9780671676575,,amazon,skipped,0,0,,0,0,0,0,1,,,data
1383,9780785303282,,amazon,skipped,0,0,,0,0,0,0,1,,,data
1384,9780785311430,,amazon,skipped,0,0,,0,0,0,0,1,,,data
1385,9781579730192,,amazon,skipped,0,0,,0,0,0,0,1,,,data
1386,9780375803864,,amazon,skipped,0,0,,0,0,0,0,1,,,data
1387,9780307166043,,amazon,skipped,0,0,,0,0,0,0,1,,,data
1388,9780375825064,,amazon,skipped,0,0,,0,0,0,0,1,,,data
1389,9780307302687,,amazon,skipped,0,0,,0,0,0,0,1,,,data
1390,9780307301314,,amazon,skipped,0,0,,0,0,0,0,1,,,data
1391,9780679873525,,amazon,skipped,0,0,,0,0,0,0,1,,,data
1392,9780769612720,,amazon,skipped,0,0,,0,0,0,0,1,,,data
1393,9780307162618,,amazon,skipped,0,0,,0,0,0,0,1,,,data
1394,9781558851832,,amazon,skipped,0,0,,0,0,0,0,1,,,data
1395,9780307231253,,amazon,skipped,0,0,,0,0,0,0,1,,,data
1396,9780439332460,,amazon,skipped,0,0,,0,0,0,0,1,,,data
1397,9780394877112,,amazon,skipped,0,0,,0,0,0,0,1,,,data
1398,9780064450164,,amazon,skipped,0,0,,0,0,0,0,1,,,data
1399,9780590428057,,amazon,skipped,0,0,,0,0,0,0,1,,,data
1400,9780679875918,,amazon,skipped,0,0,,0,0,0,0,1,,,data
1401,9780394829111,,amazon,skipped,0,0,,0,0,0,0,1,,,data
1402,9780307131560,,amazon,skipped,0,0,,0,0,0,0,1,,,data
1403,9780786843145,,amazon,skipped,0,0,,0,0,0,0,1,,,data
1404,9780310704621,,amazon,skipped,0,0,,0,0,0,0,1,,,data
1405,9780803726710,,amazon,skipped,0,0,,0,0,0,0,1,,,data
1406,9781561447268,,amazon,skipped,0,0,,0,0,0,0,1,,,data
1407,9780844276304,,amazon,skipped,0,0,,0,0,0,0,1,,,data
1408,9780060271633,,amazon,skipped,0,0,,0,0,0,0,1,,,data
1409,9780060292850,,amazon,skipped,0,0,,0,0,0,0,1,,,data
1410,9780307305015,,amazon,skipped,0,0,,0,0,0,0,1,,,data
1411,9780689810657,,amazon,skipped,0,0,,0,0,0,0,1,,,data
1412,9780679857112,,amazon,skipped,0,0,,0,0,0,0,1,,,data
1413,9780394828183,,amazon,skipped,0,0,,0,0,0,0,1,,,data
1414,9780786803040,,amazon,skipped,0,0,,0,0,0,0,1,,,data
1415,9780060244057,,amazon,skipped,0,0,,0,0,0,0,1,,,data
1416,9780786831784,,amazon,skipped,0,0,,0,0,0,0,1,,,data
1417,9780060266868,,amazon,skipped,0,0,,0,0,0,0,1,,,data
1418,9781579730048,,amazon,skipped,0,0,,0,0,0,0,1,,,data
1419,9781579730116,,amazon,skipped,0,0,,0,0,0,0,1,,,data
1420,9781579730109,,amazon,skipped,0,0,,0,0,0,0,1,,,data
1421,9781579730055,,amazon,skipped,0,0,,0,0,0,0,1,,,data
1422,9781579730086,,amazon,skipped,0,0,,0,0,0,0,1,,,data
1423,9781579730154,,amazon,skipped,0,0,,0,0,0,0,1,,,data
1424,9781579730000,,amazon,skipped,0,0,,0,0,0,0,1,,,data
1425,9781579730079,,amazon,skipped,0,0,,0,0,0,0,1,,,data
1426,9781579730093,,amazon,skipped,0,0,,0,0,0,0,1,,,data
1427,9781579730031,,amazon,skipped,0,0,,0,0,0,0,1,,,data
1428,9781579730017,,amazon,skipped,0,0,,0,0,0,0,1,,,data
1429,9781579730130,,amazon,skipped,0,0,,0,0,0,0,1,,,data
1430,9781579730147,,amazon,skipped,0,0,,0,0,0,0,1,,,data
1431,9781579730024,,amazon,skipped,0,0,,0,0,0,0,1,,,data
1432,9781579730123,,amazon,skipped,0,0,,0,0,0,0,1,,,data
1433,9781885222985,,amazon,skipped,0,0,,0,0,0,0,1,,,data
1434,9780895774279,,amazon,skipped,0,0,,0,0,0,0,1,,,data
1435,9780895774248,,amazon,skipped,0,0,,0,0,0,0,1,,,data
1436,9780895774200,,amazon,skipped,0,0,,0,0,0,0,1,,,data
1437,9780895774170,,amazon,skipped,0,0,,0,0,0,0,1,,,data
1438,9780895775443,,amazon,skipped,0,0,,0,0,0,0,1,,,data
1439,9780895775030,,amazon,skipped,0,0,,0,0,0,0,1,,,data
1440,9780895775436,,amazon,skipped,0,0,,0,0,0,0,1,,,data
1441,9780895775023,,amazon,skipped,0,0,,0,0,0,0,1,,,data
1442,9780895774187,,amazon,skipped,0,0,,0,0,0,0,1,,,data
1443,9780895775054,,amazon,skipped,0,0,,0,0,0,0,1,,,data
1444,9780895775429,,amazon,skipped,0,0,,0,0,0,0,1,,,data
1445,9780895775412,,amazon,skipped,0,0,,0,0,0,0,1,,,data
1446,9780783513515,,amazon,skipped,0,0,,0,0,0,0,1,,,data
1447,9780849959790,,amazon,skipped,0,0,,0,0,0,0,1,,,data
1448,9780849958304,,amazon,skipped,0,0,,0,0,0,0,1,,,data
1449,9780688163785,,amazon,skipped,0,0,,0,0,0,0,1,,,data
1450,9780399508028,,amazon,skipped,0,0,,0,0,0,0,1,,,data
1451,9780942802931,,amazon,skipped,0,0,,0,0,0,0,1,,,data
1452,9780385242271,,amazon,skipped,0,0,,0,0,0,0,1,,,data
1453,9780696209765,,amazon,skipped,0,0,,0,0,0,0,1,,,data
1454,9781556612176,,amazon,skipped,0,0,,0,0,0,0,1,,,data
1455,9781556612169,,amazon,skipped,0,0,,0,0,0,0,1,,,data
1456,9780440551843,,amazon,skipped,0,0,,0,0,0,0,1,,,data
1457,9781840384352,,amazon,skipped,0,0,,0,0,0,0,1,,,data
1458,9780789204172,,amazon,skipped,0,0,,0,0,0,0,1,,,data
1459,9781569874233,,amazon,skipped,0,0,,0,0,0,0,1,,,data
1460,9780486232973,,amazon,skipped,0,0,,0,0,0,0,1,,,data
1461,9780600369264,,amazon,skipped,0,0,,0,0,0,0,1,,,data
1462,9780312076696,,amazon,skipped,0,0,,0,0,0,0,1,,,data
1463,9780440405788,,amazon,skipped,0,0,,0,0,0,0,1,,,data
1464,9780590023900,,amazon,skipped,0,0,,0,0,0,0,1,,,data
1465,9780140369984,,amazon,skipped,0,0,,0,0,0,0,1,,,data
1466,9780440904939,,amazon,skipped,0,0,,0,0,0,0,1,,,data
1467,9780679885603,,amazon,skipped,0,0,,0,0,0,0,1,,,data
1468,9780020421900,,amazon,skipped,0,0,,0,0,0,0,1,,,data
1469,9781576734025,,amazon,skipped,0,0,,0,0,0,0,1,,,data
1470,9783548256771,,amazon,skipped,0,0,,0,0,0,0,1,,,data
1471,9783499224706,,amazon,skipped,0,0,,0,0,0,0,1,,,data
1472,9783453867628,,amazon,skipped,0,0,,0,0,0,0,1,,,data
1473,9783442553211,,amazon,skipped,0,0,,0,0,0,0,1,,,data
1474,9783442439904,,amazon,skipped,0,0,,0,0,0,0,1,,,data
1475,9783423202077,,amazon,skipped,0,0,,0,0,0,0,1,,,data
1476,9783548680460,,amazon,skipped,0,0,,0,0,0,0,1,,,data
1477,9783257232813,,amazon,skipped,0,0,,0,0,0,0,1,,,data
1478,9781582432373,,amazon,skipped,0,0,,0,0,0,0,1,,,data
1479,9780691049199,,amazon,skipped,0,0,,0,0,0,0,1,,,data
1480,9780691016191,,amazon,skipped,0,0,,0,0,0,0,1,,,data
1481,9780691069500,,amazon,skipped,0,0,,0,0,0,0,1,,,data
1482,9780375414671,,amazon,skipped,0,0,,0,0,0,0,1,,,data
1483,9780316601030,,amazon,skipped,0,0,,0,0,0,0,1,,,data
1484,9780671864354,,amazon,skipped,0,0,,0,0,0,0,1,,,data
1485,9780671000677,,amazon,skipped,0,0,,0,0,0,0,1,,,data
1486,9780440222453,,amazon,skipped,0,0,,0,0,0,0,1,,,data
1487,9780804101660,,amazon,skipped,0,0,,0,0,0,0,1,,,data
1488,9780671020613,,amazon,skipped,0,0,,0,0,0,0,1,,,data
1489,9780439130752,,amazon,skipped,0,0,,0,0,0,0,1,,,data
1490,9780590638791,,amazon,skipped,0,0,,0,0,0,0,1,,,data
1491,9780785326021,,amazon,skipped,0,0,,0,0,0,0,1,,,data
1492,9780671668167,,amazon,skipped,0,0,,0,0,0,0,1,,,data
1493,9780446347624,,amazon,skipped,0,0,,0,0,0,0,1,,,data
1494,9780425042946,,amazon,skipped,0,0,,0,0,0,0,1,,,data
1495,9780060807610,,amazon,skipped,0,0,,0,0,0,0,1,,,data
1496,9780812548488,,amazon,skipped,0,0,,0,0,0,0,1,,,data
1497,9783492223003,,amazon,skipped,0,0,,0,0,0,0,1,,,data
1498,9780307155573,,amazon,skipped,0,0,,0,0,0,0,1,,,data
1499,9783770147816,,amazon,skipped,0,0,,0,0,0,0,1,,,data
1500,9783404148080,,amazon,skipped,0,0,,0,0,0,0,1,,,data
1501,9783442434596,,amazon,skipped,0,0,,0,0,0,0,1,,,data
1502,9780006161523,,amazon,skipped,0,0,,0,0,0,0,1,,,data
1503,9780006935193,,amazon,skipped,0,0,,0,0,0,0,1,,,data
1504,9780312865191,,amazon,skipped,0,0,,0,0,0,0,1,,,data
1505,9780812571578,,amazon,skipped,0,0,,0,0,0,0,1,,,data
1506,9780064301381,,amazon,skipped,0,0,,0,0,0,0,1,,,data
1507,9780025002432,,amazon,skipped,0,0,,0,0,0,0,1,,,data
1508,9780070342507,,amazon,skipped,0,0,,0,0,0,0,1,,,data
1509,9780486222011,,amazon,skipped,0,0,,0,0,0,0,1,,,data
1510,9780898025507,,amazon,skipped,0,0,,0,0,0,0,1,,,data
1511,9781569752784,,amazon,skipped,0,0,,0,0,0,0,1,,,data
1512,9780525933434,,amazon,skipped,0,0,,0,0,0,0,1,,,data
1513,9780671246921,,amazon,skipped,0,0,,0,0,0,0,1,,,data
1514,9780345309235,,amazon,skipped,0,0,,0,0,0,0,1,,,data
1515,9780670878611,,amazon,skipped,0,0,,0,0,0,0,1,,,data
1516,9780849909658,,amazon,skipped,0,0,,0,0,0,0,1,,,data
1517,9781879418295,,amazon,skipped,0,0,,0,0,0,0,1,,,data
1518,9780385292870,,amazon,skipped,0,0,,0,0,0,0,1,,,data
1519,9780806935638,,amazon,skipped,0,0,,0,0,0,0,1,,,data
1520,9780312252564,,amazon,skipped,0,0,,0,0,0,0,1,,,data
1521,9780385487191,,amazon,skipped,0,0,,0,0,0,0,1,,,data
1522,9783492237772,,amazon,skipped,0,0,,0,0,0,0,1,,,data
1523,9783766837196,,amazon,skipped,0,0,,0,0,0,0,1,,,data
1524,9783596151820,,amazon,skipped,0,0,,0,0,0,0,1,,,data
1525,9780340369074,,amazon,skipped,0,0,,0,0,0,0,1,,,data
1526,9780471420057,,amazon,skipped,0,0,,0,0,0,0,1,,,data
1527,9780785804390,,amazon,skipped,0,0,,0,0,0,0,1,,,data
1528,9780871138590,,amazon,skipped,0,0,,0,0,0,0,1,,,data
1529,9781580622424,,amazon,skipped,0,0,,0,0,0,0,1,,,data
1530,9780786710379,,amazon,skipped,0,0,,0,0,0,0,1,,,data
1531,9780395194898,,amazon,skipped,0,0,,0,0,0,0,1,,,data
1532,9780679747567,,amazon,skipped,0,0,,0,0,0,0,1,,,data
1533,9780684830452,,amazon,skipped,0,0,,0,0,0,0,1,,,data
1534,9780671884581,,amazon,skipped,0,0,,0,0,0,0,1,,,data
1535,9780340672228,,amazon,skipped,0,0,,0,0,0,0,1,,,data
1536,9780771035463,,amazon,skipped,0,0,,0,0,0,0,1,,,data
1537,9780771035456,,amazon,skipped,0,0,,0,0,0,0,1,,,data
1538,9780312660222,,amazon,skipped,0,0,,0,0,0,0,1,,,data
1539,9780380896479,,amazon,skipped,0,0,,0,0,0,0,1,,,data
1540,9780449007167,,amazon,skipped,0,0,,0,0,0,0,1,,,data
1541,9780373264773,,amazon,skipped,0,0,,0,0,0,0,1,,,data
1542,9780450419041,,amazon,skipped,0,0,,0,0,0,0,1,,,data
1543,9780671645267,,amazon,skipped,0,0,,0,0,0,0,1,,,data
1544,9781592230204,,amazon,skipped,0,0,,0,0,0,0,1,,,data
1545,9780821730959,,amazon,skipped,0,0,,0,0,0,0,1,,,data
1546,9781580080941,,amazon,skipped,0,0,,0,0,0,0,1,,,data
1547,9780425057339,,amazon,skipped,0,0,,0,0,0,0,1,,,data
1548,9780922915422,,amazon,skipped,0,0,,0,0,0,0,1,,,data
1549,9780425160909,,amazon,skipped,0,0,,0,0,0,0,1,,,data
1550,9780440187042,,amazon,skipped,0,0,,0,0,0,0,1,,,data
1551,9780590452465,,amazon,skipped,0,0,,0,0,0,0,1,,,data
1552,9780449222010,,amazon,skipped,0,0,,0,0,0,0,1,,,data
1553,9780910034975,,amazon,skipped,0,0,,0,0,0,0,1,,,data
1554,9780877736271,,amazon,skipped,0,0,,0,0,0,0,1,,,data
1555,9780394492193,,amazon,skipped,0,0,,0,0,0,0,1,,,data
1556,9781557831279,,amazon,skipped,0,0,,0,0,0,0,1,,,data
1557,9780671436094,,amazon,skipped,0,0,,0,0,0,0,1,,,data
1558,9780786700318,,amazon,skipped,0,0,,0,0,0,0,1,,,data
1559,9781880032374,,amazon,skipped,0,0,,0,0,0,0,1,,,data
1560,9780749314422,,amazon,skipped,0,0,,0,0,0,0,1,,,data
1561,9780330291156,,amazon,skipped,0,0,,0,0,0,0,1,,,data
1562,9783453115484,,amazon,skipped,0,0,,0,0,0,0,1,,,data
1563,9780060243098,,amazon,skipped,0,0,,0,0,0,0,1,,,data
1564,9781930844025,,amazon,skipped,0,0,,0,0,0,0,1,,,data
1565,9780394812885,,amazon,skipped,0,0,,0,0,0,0,1,,,data
1566,9780396070047,,amazon,skipped,0,0,,0,0,0,0,1,,,data
1567,9780804104845,,amazon,skipped,0,0,,0,0,0,0,1,,,data
1568,9780821773703,,amazon,skipped,0,0,,0,0,0,0,1,,,data
1569,9780821774045,,amazon,skipped,0,0,,0,0,0,0,1,,,data
1570,9780061010200,,amazon,skipped,0,0,,0,0,0,0,1,,,data
1571,9780941423861,,amazon,skipped,0,0,,0,0,0,0,1,,,data
1572,9780749910860,,amazon,skipped,0,0,,0,0,0,0,1,,,data
1573,9780716723141,,amazon,skipped,0,0,,0,0,0,0,1,,,data
1574,9781852425586,,amazon,skipped,0,0,,0,0,0,0,1,,,data
1575,9780140116373,,amazon,skipped,0,0,,0,0,0,0,1,,,data
1576,9780241141540,,amazon,skipped,0,0,,0,0,0,0,1,,,data
1577,9780413158703,,amazon,skipped,0,0,,0,0,0,0,1,,,data
1578,9780747560319,,amazon,skipped,0,0,,0,0,0,0,1,,,data
1579,9789684110182,,amazon,skipped,0,0,,0,0,0,0,1,,,data
1580,9789684063167,,amazon,skipped,0,0,,0,0,0,0,1,,,data
1581,9788420633336,,amazon,skipped,0,0,,0,0,0,0,1,,,data
1582,9788433914934,,amazon,skipped,0,0,,0,0,0,0,1,,,data
1583,9788423901005,,amazon,skipped,0,0,,0,0,0,0,1,,,data
1584,9782010024818,,amazon,skipped,0,0,,0,0,0,0,1,,,data
1585,9788408048367,,amazon,skipped,0,0,,0,0,0,0,1,,,data
1586,9788466310680,,amazon,skipped,0,0,,0,0,0,0,1,,,data
1587,9788484502050,,amazon,skipped,0,0,,0,0,0,0,1,,,data
1588,9783446161870,,amazon,skipped,0,0,,0,0,0,0,1,,,data
1589,9783896021847,,amazon,skipped,0,0,,0,0,0,0,1,,,data
1590,9780452274129,,amazon,skipped,0,0,,0,0,0,0,1,,,data
1591,9780345428752,,amazon,skipped,0,0,,0,0,0,0,1,,,data
1592,9780553089301,,amazon,skipped,0,0,,0,0,0,0,1,,,data
1593,9780299165406,,amazon,skipped,0,0,,0,0,0,0,1,,,data
1594,9780070466142,,amazon,skipped,0,0,,0,0,0,0,1,,,data
1595,9780375410772,,amazon,skipped,0,0,,0,0,0,0,1,,,data
1596,9780671582708,,amazon,skipped,0,0,,0,0,0,0,1,,,data
1597,9780816147403,,amazon,skipped,0,0,,0,0,0,0,1,,,data
1598,9780060560119,,amazon,skipped,0,0,,0,0,0,0,1,,,data
1599,9781559702478,,amazon,skipped,0,0,,0,0,0,0,1,,,data
1600,9780451141460,,amazon,skipped,0,0,,0,0,0,0,1,,,data
1601,9780451153319,,amazon,skipped,0,0,,0,0,0,0,1,,,data
1602,9780060177386,,amazon,skipped,0,0,,0,0,0,0,1,,,data
1603,9783596112982,,amazon,skipped,0,0,,0,0,0,0,1,,,data
1604,9789074336994,,amazon,skipped,0,0,,0,0,0,0,1,,,data
1605,9783407807625,,amazon,skipped,0,0,,0,0,0,0,1,,,data
1606,9780307201652,,amazon,skipped,0,0,,0,0,0,0,1,,,data
1607,9780307201607,,amazon,skipped,0,0,,0,0,0,0,1,,,data
1608,9780307201669,,amazon,skipped,0,0,,0,0,0,0,1,,,data
1609,9781570649448,,amazon,skipped,0,0,,0,0,0,0,1,,,data
1610,9780915396382,,amazon,skipped,0,0,,0,0,0,0,1,,,data
1611,9781587170829,,amazon,skipped,0,0,,0,0,0,0,1,,,data
1612,9781587171024,,amazon,skipped,0,0,,0,0,0,0,1,,,data
1613,9781586605131,,amazon,skipped,0,0,,0,0,0,0,1,,,data
1614,9788441401174,,amazon,skipped,0,0,,0,0,0,0,1,,,data
1615,9788484502203,,amazon,skipped,0,0,,0,0,0,0,1,,,data
1616,9780451458230,,amazon,skipped,0,0,,0,0,0,0,1,,,data
1617,9780449200896,,amazon,skipped,0,0,,0,0,0,0,1,,,data
1618,9780449205303,,amazon,skipped,0,0,,0,0,0,0,1,,,data
1619,9780553251418,,amazon,skipped,0,0,,0,0,0,0,1,,,data
1620,9780451516831,,amazon,skipped,0,0,,0,0,0,0,1,,,data
1621,9780192822765,,amazon,skipped,0,0,,0,0,0,0,1,,,data
1622,9780373790135,,amazon,skipped,0,0,,0,0,0,0,1,,,data
1623,9780380899432,,amazon,skipped,0,0,,0,0,0,0,1,,,data
1624,9783423204354,,amazon,skipped,0,0,,0,0,0,0,1,,,data
1625,9783401019413,,amazon,skipped,0,0,,0,0,0,0,1,,,data
1626,9783570260951,,amazon,skipped,0,0,,0,0,0,0,1,,,data
1627,9783425068626,,amazon,skipped,0,0,,0,0,0,0,1,,,data
1628,9783425068619,,amazon,skipped,0,0,,0,0,0,0,1,,,data
1629,9783129295229,,amazon,skipped,0,0,,0,0,0,0,1,,,data
1630,9783129295199,,amazon,skipped,0,0,,0,0,0,0,1,,,data
1631,9783518374580,,amazon,skipped,0,0,,0,0,0,0,1,,,data
1632,9783257204131,,amazon,skipped,0,0,,0,0,0,0,1,,,data
1633,9783453303324,,amazon,skipped,0,0,,0,0,0,0,1,,,data
1634,9780394578477,,amazon,skipped,0,0,,0,0,0,0,1,,,data
1635,9780393318203,,amazon,skipped,0,0,,0,0,0,0,1,,,data
1636,9781401069049,,amazon,skipped,0,0,,0,0,0,0,1,,,data
1637,9780140622584,,amazon,skipped,0,0,,0,0,0,0,1,,,data
1638,9783446146501,,amazon,skipped,0,0,,0,0,0,0,1,,,data
1639,9783499112232,,amazon,skipped,0,0,,0,0,0,0,1,,,data
1640,9783518386422,,amazon,skipped,0,0,,0,0,0,0,1,,,data
1641,9783492270458,,amazon,skipped,0,0,,0,0,0,0,1,,,data
1642,9783502120605,,amazon,skipped,0,0,,0,0,0,0,1,,,data
1643,9783518067086,,amazon,skipped,0,0,,0,0,0,0,1,,,data
1644,9783596153923,,amazon,skipped,0,0,,0,0,0,0,1,,,data
1645,9783857910487,,amazon,skipped,0,0,,0,0,0,0,1,,,data
1646,9780140022230,,amazon,skipped,0,0,,0,0,0,0,1,,,data
1647,9783453160606,,amazon,skipped,0,0,,0,0,0,0,1,,,data
1648,9783770108091,,amazon,skipped,0,0,,0,0,0,0,1,,,data
1649,9783442422739,,amazon,skipped,0,0,,0,0,0,0,1,,,data
1650,9783871735370,,amazon,skipped,0,0,,0,0,0,0,1,,,data
1651,9783442447107,,amazon,skipped,0,0,,0,0,0,0,1,,,data
1652,9783596247219,,amazon,skipped,0,0,,0,0,0,0,1,,,data
1653,9783499205378,,amazon,skipped,0,0,,0,0,0,0,1,,,data
1654,9780786003358,,amazon,skipped,0,0,,0,0,0,0,1,,,data
1655,9780582419186,,amazon,skipped,0,0,,0,0,0,0,1,,,data
1656,9783150005590,,amazon,skipped,0,0,,0,0,0,0,1,,,data
1657,9783454521802,,amazon,skipped,0,0,,0,0,0,0,1,,,data
1658,9783442118045,,amazon,skipped,0,0,,0,0,0,0,1,,,data
1659,9783423017664,,amazon,skipped,0,0,,0,0,0,0,1,,,data
1660,9783802527159,,amazon,skipped,0,0,,0,0,0,0,1,,,data
1661,9783802527005,,amazon,skipped,0,0,,0,0,0,0,1,,,data
1662,9783802526992,,amazon,skipped,0,0,,0,0,0,0,1,,,data
1663,9780486202471,,amazon,skipped,0,0,,0,0,0,0,1,,,data
1664,9783462035117,,amazon,skipped,0,0,,0,0,0,0,1,,,data
1665,9783499207983,,amazon,skipped,0,0,,0,0,0,0,1,,,data
1666,9783791504575,,amazon,skipped,0,0,,0,0,0,0,1,,,data
1667,9780563388319,,amazon,skipped,0,0,,0,0,0,0,1,,,data
1668,9783442433766,,amazon,skipped,0,0,,0,0,0,0,1,,,data
1669,9780003300277,,amazon,skipped,0,0,,0,0,0,0,1,,,data
1670,9780441859474,,amazon,skipped,0,0,,0,0,0,0,1,,,data
1671,9780439224208,,amazon,skipped,0,0,,0,0,0,0,1,,,data
1672,9780306456275,,amazon,skipped,0,0,,0,0,0,0,1,,,data
1673,9783453179264,,amazon,skipped,0,0,,0,0,0,0,1,,,data
1674,9780440319450,,amazon,skipped,0,0,,0,0,0,0,1,,,data
1675,9780679457015,,amazon,skipped,0,0,,0,0,0,0,1,,,data
1676,9780345427519,,amazon,skipped,0,0,,0,0,0,0,1,,,data
1677,9780440220022,,amazon,skipped,0,0,,0,0,0,0,1,,,data
1678,9781570710025,,amazon,skipped,0,0,,0,0,0,0,1,,,data
1679,9780773513877,,amazon,skipped,0,0,,0,0,0,0,1,,,data
1680,9780849940279,,amazon,skipped,0,0,,0,0,0,0,1,,,data
1681,9780721675527,,amazon,skipped,0,0,,0,0,0,0,1,,,data
1682,9780295954547,,amazon,skipped,0,0,,0,0,0,0,1,,,data
1683,9780851312309,,amazon,skipped,0,0,,0,0,0,0,1,,,data
1684,9780851315003,,amazon,skipped,0,0,,0,0,0,0,1,,,data
1685,9780671493318,,amazon,skipped,0,0,,0,0,0,0,1,,,data
1686,9780805011852,,amazon,skipped,0,0,,0,0,0,0,1,,,data
1687,9780517563458,,amazon,skipped,0,0,,0,0,0,0,1,,,data
1688,9780394726199,,amazon,skipped,0,0,,0,0,0,0,1,,,data
1689,9780898155938,,amazon,skipped,0,0,,0,0,0,0,1,,,data
1690,9781591450559,,amazon,skipped,0,0,,0,0,0,0,1,,,data
1691,9780849939181,,amazon,skipped,0,0,,0,0,0,0,1,,,data
1692,9781577487128,,amazon,skipped,0,0,,0,0,0,0,1,,,data
1693,9780449701577,,amazon,skipped,0,0,,0,0,0,0,1,,,data
1694,9780965624763,,amazon,skipped,0,0,,0,0,0,0,1,,,data
1695,9780553801606,,amazon,skipped,0,0,,0,0,0,0,1,,,data
1696,9788420485249,,amazon,skipped,0,0,,0,0,0,0,1,,,data
1697,9780195861389,,amazon,skipped,0,0,,0,0,0,0,1,,,data
1698,9780435286187,,amazon,skipped,0,0,,0,0,0,0,1,,,data
1699,9788479534851,,amazon,skipped,0,0,,0,0,0,0,1,,,data
1700,9788423988945,,amazon,skipped,0,0,,0,0,0,0,1,,,data
1701,9788423988792,,amazon,skipped,0,0,,0,0,0,0,1,,,data
1702,9780749712686,,amazon,skipped,0,0,,0,0,0,0,1,,,data
1703,9780754070047,,amazon,empty,0,7,title; authors; publisher; origin; date_of_publication; language; genres,0,0,0,0,10,,,data
1704,9780007128907,,amazon,skipped,0,0,,0,0,0,0,1,,,data
1705,9780762408535,,amazon,skipped,0,0,,0,0,0,0,1,,,data
1706,9780194313629,,amazon,skipped,0,0,,0,0,0,0,1,,,data
1707,9788476308585,,amazon,skipped,0,0,,0,0,0,0,1,,,data
1708,9780380442225,,amazon,skipped,0,0,,0,0,0,0,1,,,data
1709,9780142004043,,amazon,skipped,0,0,,0,0,0,0,1,,,data
1710,9780380800612,,amazon,skipped,0,0,,0,0,0,0,1,,,data
1711,9780312962333,,amazon,skipped,0,0,,0,0,0,0,1,,,data
1712,9780345378033,,amazon,skipped,0,0,,0,0,0,0,1,,,data
1713,9780393305005,,amazon,skipped,0,0,,0,0,0,0,1,,,data
1714,9780425149805,,amazon,skipped,0,0,,0,0,0,0,1,,,data
1715,9781580050883,,amazon,skipped,0,0,,0,0,0,0,1,,,data
1716,9780375727085,,amazon,skipped,0,0,,0,0,0,0,1,,,data
1717,9781591092599,,amazon,skipped,0,0,,0,0,0,0,1,,,data
1718,9780380713851,,amazon,skipped,0,0,,0,0,0,0,1,,,data
1719,9780446361354,,amazon,skipped,0,0,,0,0,0,0,1,,,data
1720,9780553382426,,amazon,skipped,0,0,,0,0,0,0,1,,,data
1721,9780192752666,,amazon,skipped,0,0,,0,0,0,0,1,,,data
1722,9780141309699,,amazon,skipped,0,0,,0,0,0,0,1,,,data
1723,9780805055030,,amazon,skipped,0,0,,0,0,0,0,1,,,data
1724,9780192813442,,amazon,skipped,0,0,,0,0,0,0,1,,,data
1725,9780946626946,,amazon,skipped,0,0,,0,0,0,0,1,,,data
1726,9781903517086,,amazon,skipped,0,0,,0,0,0,0,1,,,data
1727,9780393316490,,amazon,skipped,0,0,,0,0,0,0,1,,,data
1728,9780195103090,,amazon,skipped,0,0,,0,0,0,0,1,,,data
1729,9785551172871,,amazon,empty,0,7,title; authors; publisher; origin; date_of_publication; language; genres,0,0,0,0,9,,,data
1730,9780195101706,,amazon,skipped,0,0,,0,0,0,0,1,,,data
1731,9780374523824,,amazon,skipped,0,0,,0,0,0,0,1,,,data
1732,9780452272798,,amazon,skipped,0,0,,0,0,0,0,1,,,data
1733,9780140443158,,amazon,skipped,0,0,,0,0,0,0,1,,,data
1734,9780141186320,,amazon,skipped,0,0,,0,0,0,0,1,,,data
1735,9781843910633,,amazon,skipped,0,0,,0,0,0,0,1,,,data
1736,9781860466403,,amazon,skipped,0,0,,0,0,0,0,1,,,data
1737,9780872861435,,amazon,skipped,0,0,,0,0,0,0,1,,,data
1738,9782866004217,,amazon,skipped,0,0,,0,0,0,0,1,,,data
1739,9780521422819,,amazon,skipped,0,0,,0,0,0,0,1,,,data
1740,9780691015989,,amazon,skipped,0,0,,0,0,0,0,1,,,data
1741,9788472234192,,amazon,skipped,0,0,,0,0,0,0,1,,,data
1742,9781878818652,,amazon,skipped,0,0,,0,0,0,0,1,,,data
1743,9789722109741,,amazon,skipped,0,0,,0,0,0,0,1,,,data
1744,9781861005274,,amazon,skipped,0,0,,0,0,0,0,1,,,data
1745,9780801840340,,amazon,skipped,0,0,,0,0,0,0,1,,,data
1746,9780843944501,,amazon,skipped,0,0,,0,0,0,0,1,,,data
1747,9780373230167,,amazon,skipped,0,0,,0,0,0,0,1,,,data
1748,9780517204450,,amazon,skipped,0,0,,0,0,0,0,1,,,data
1749,9781553660941,,amazon,skipped,0,0,,0,0,0,0,1,,,data
1750,9780373227327,,amazon,skipped,0,0,,0,0,0,0,1,,,data
1751,9780373227341,,amazon,skipped,0,0,,0,0,0,0,1,,,data
1752,9780843951134,,amazon,skipped,0,0,,0,0,0,0,1,,,data
1753,9780843952650,,amazon,skipped,0,0,,0,0,0,0,1,,,data
1754,9781929664108,,amazon,skipped,0,0,,0,0,0,0,1,,,data
1755,9781853262913,,amazon,skipped,0,0,,0,0,0,0,1,,,data
1756,9780807059197,,amazon,skipped,0,0,,0,0,0,0,1,,,data
1757,9780679731184,,amazon,skipped,0,0,,0,0,0,0,1,,,data
1758,9780806512709,,amazon,skipped,0,0,,0,0,0,0,1,,,data
1759,9780850314397,,amazon,skipped,0,0,,0,0,0,0,1,,,data
1760,9780828319515,,amazon,skipped,0,0,,0,0,0,0,1,,,data
1761,9781570752810,,amazon,skipped,0,0,,0,0,0,0,1,,,data
1762,9780452284241,,amazon,skipped,0,0,,0,0,0,0,1,,,data
1763,9780810112780,,amazon,skipped,0,0,,0,0,0,0,1,,,data
1764,9780394571836,,amazon,skipped,0,0,,0,0,0,0,1,,,data
1765,9781564781994,,amazon,skipped,0,0,,0,0,0,0,1,,,data
1766,9782226113276,,amazon,skipped,0,0,,0,0,0,0,1,,,data
1767,9782226048677,,amazon,skipped,0,0,,0,0,0,0,1,,,data
1768,9782268024059,,amazon,skipped,0,0,,0,0,0,0,1,,,data
1769,9782070381944,,amazon,skipped,0,0,,0,0,0,0,1,,,data
1770,9782020228923,,amazon,skipped,0,0,,0,0,0,0,1,,,data
1771,9782868698407,,amazon,skipped,0,0,,0,0,0,0,1,,,data
1772,9782290312070,,amazon,skipped,0,0,,0,0,0,0,1,,,data
1773,9780895552594,,amazon,skipped,0,0,,0,0,0,0,1,,,data
1774,9781572970106,,amazon,skipped,0,0,,0,0,0,0,1,,,data
1775,9780380755837,,amazon,skipped,0,0,,0,0,0,0,1,,,data
1776,9780380785551,,amazon,skipped,0,0,,0,0,0,0,1,,,data
1777,9780441006311,,amazon,skipped,0,0,,0,0,0,0,1,,,data
1778,9780441117918,,amazon,skipped,0,0,,0,0,0,0,1,,,data
1779,9780451150059,,amazon,skipped,0,0,,0,0,0,0,1,,,data
1780,9780345419972,,amazon,skipped,0,0,,0,0,0,0,1,,,data
1781,9780553286298,,amazon,skipped,0,0,,0,0,0,0,1,,,data
1782,9780451401649,,amazon,skipped,0,0,,0,0,0,0,1,,,data
1783,9780515084412,,amazon,skipped,0,0,,0,0,0,0,1,,,data
1784,9780553247084,,amazon,skipped,0,0,,0,0,0,0,1,,,data
1785,9780553296716,,amazon,skipped,0,0,,0,0,0,0,1,,,data
1786,9780523424699,,amazon,skipped,0,0,,0,0,0,0,1,,,data
1787,9780523424675,,amazon,skipped,0,0,,0,0,0,0,1,,,data
1788,9780523424392,,amazon,skipped,0,0,,0,0,0,0,1,,,data
1789,9780523424019,,amazon,skipped,0,0,,0,0,0,0,1,,,data
1790,9780812505818,,amazon,skipped,0,0,,0,0,0,0,1,,,data
1791,9780425142509,,amazon,skipped,0,0,,0,0,0,0,1,,,data
1792,9780671734817,,amazon,skipped,0,0,,0,0,0,0,1,,,data
1793,9780446608978,,amazon,skipped,0,0,,0,0,0,0,1,,,data
1794,9780471387374,,amazon,skipped,0,0,,0,0,0,0,1,,,data
1795,9781865084008,,amazon,skipped,0,0,,0,0,0,0,1,,,data
1796,9780393975086,,amazon,skipped,0,0,,0,0,0,0,1,,,data
1797,9780198711919,,amazon,skipped,0,0,,0,0,0,0,1,,,data
1798,9783423704946,,amazon,skipped,0,0,,0,0,0,0,1,,,data
1799,9780312092900,,amazon,skipped,0,0,,0,0,0,0,1,,,data
1800,9780385323628,,amazon,skipped,0,0,,0,0,0,0,1,,,data
1801,9780764222160,,amazon,skipped,0,0,,0,0,0,0,1,,,data
1802,9780712637664,,amazon,skipped,0,0,,0,0,0,0,1,,,data
1803,9780671477257,,amazon,skipped,0,0,,0,0,0,0,1,,,data
1804,9780571179350,,amazon,skipped,0,0,,0,0,0,0,1,,,data
1805,9780349101095,,amazon,skipped,0,0,,0,0,0,0,1,,,data
1806,9780099279457,,amazon,skipped,0,0,,0,0,0,0,1,,,data
1807,9780340717639,,amazon,skipped,0,0,,0,0,0,0,1,,,data
1808,9780060186265,,amazon,skipped,0,0,,0,0,0,0,1,,,data
1809,9781550024678,,amazon,skipped,0,0,,0,0,0,0,1,,,data
1810,9783768810913,,amazon,skipped,0,0,,0,0,0,0,1,,,data
1811,9781577312161,,amazon,skipped,0,0,,0,0,0,0,1,,,data
1812,9780345302779,,amazon,skipped,0,0,,0,0,0,0,1,,,data
1813,9780446524230,,amazon,skipped,0,0,,0,0,0,0,1,,,data
1814,9780451158468,,amazon,skipped,0,0,,0,0,0,0,1,,,data
1815,9781560765295,,amazon,skipped,0,0,,0,0,0,0,1,,,data
1816,9780759672963,,amazon,skipped,0,0,,0,0,0,0,1,,,data
1817,9783781751316,,amazon,skipped,0,0,,0,0,0,0,1,,,data
1818,9783785544204,,amazon,skipped,0,0,,0,0,0,0,1,,,data
1819,9783473520558,,amazon,skipped,0,0,,0,0,0,0,1,,,data
1820,9783789106972,,amazon,skipped,0,0,,0,0,0,0,1,,,data
1821,9780380715220,,amazon,skipped,0,0,,0,0,0,0,1,,,data
1822,9780446328821,,amazon,skipped,0,0,,0,0,0,0,1,,,data
1823,9780060289355,,amazon,skipped,0,0,,0,0,0,0,1,,,data
1824,9780060234935,,amazon,skipped,0,0,,0,0,0,0,1,,,data
1825,9781557481429,,amazon,skipped,0,0,,0,0,0,0,1,,,data
1826,9780374135300,,amazon,skipped,0,0,,0,0,0,0,1,,,data
1827,9781582431529,,amazon,skipped,0,0,,0,0,0,0,1,,,data
1828,9781585670390,,amazon,skipped,0,0,,0,0,0,0,1,,,data
1829,9780684870311,,amazon,skipped,0,0,,0,0,0,0,1,,,data
1830,9780380976805,,amazon,skipped,0,0,,0,0,0,0,1,,,data
1831,9780688168391,,amazon,skipped,0,0,,0,0,0,0,1,,,data
1832,9780151006472,,amazon,skipped,0,0,,0,0,0,0,1,,,data
1833,9780786866618,,amazon,skipped,0,0,,0,0,0,0,1,,,data
1834,9780374186258,,amazon,skipped,0,0,,0,0,0,0,1,,,data
1835,9780689838330,,amazon,skipped,0,0,,0,0,0,0,1,,,data
1836,9780670873692,,amazon,skipped,0,0,,0,0,0,0,1,,,data
1837,9780374254285,,amazon,skipped,0,0,,0,0,0,0,1,,,data
1838,9780670832422,,amazon,skipped,0,0,,0,0,0,0,1,,,data
1839,9780312181505,,amazon,skipped,0,0,,0,0,0,0,1,,,data
1840,9780374295981,,amazon,skipped,0,0,,0,0,0,0,1,,,data
1841,9780312272814,,amazon,skipped,0,0,,0,0,0,0,1,,,data
1842,9780449134269,,amazon,skipped,0,0,,0,0,0,0,1,,,data
1843,9780671526719,,amazon,skipped,0,0,,0,0,0,0,1,,,data
1844,9780425091159,,amazon,skipped,0,0,,0,0,0,0,1,,,data
1845,9780395532713,,amazon,skipped,0,0,,0,0,0,0,1,,,data
1846,9780140366945,,amazon,skipped,0,0,,0,0,0,0,1,,,data
1847,9783518390818,,amazon,skipped,0,0,,0,0,0,0,1,,,data
1848,9783729600508,,amazon,skipped,0,0,,0,0,0,0,1,,,data
1849,9783257211566,,amazon,skipped,0,0,,0,0,0,0,1,,,data
1850,9780060916824,,amazon,skipped,0,0,,0,0,0,0,1,,,data
1851,9780141002941,,amazon,skipped,0,0,,0,0,0,0,1,,,data
1852,9780385490535,,amazon,skipped,0,0,,0,0,0,0,1,,,data
1853,9780811803076,,amazon,skipped,0,0,,0,0,0,0,1,,,data
1854,9783442454648,,amazon,skipped,0,0,,0,0,0,0,1,,,data
1855,9781572970915,,amazon,skipped,0,0,,0,0,0,0,1,,,data
1856,9783453130678,,amazon,skipped,0,0,,0,0,0,0,1,,,data
1857,9780822328605,,amazon,skipped,0,0,,0,0,0,0,1,,,data
1858,9780809324804,,amazon,skipped,0,0,,0,0,0,0,1,,,data
1859,9780609607909,,amazon,skipped,0,0,,0,0,0,0,1,,,data
1860,9781563527319,,amazon,skipped,0,0,,0,0,0,0,1,,,data
1861,9780330368711,,amazon,skipped,0,0,,0,0,0,0,1,,,data
1862,9788440659514,,amazon,skipped,0,0,,0,0,0,0,1,,,data
1863,9788420449098,,amazon,skipped,0,0,,0,0,0,0,1,,,data
1864,9788423903467,,amazon,skipped,0,0,,0,0,0,0,1,,,data
1865,9780002220774,,amazon,skipped,0,0,,0,0,0,0,1,,,data
1866,9780517534700,,amazon,skipped,0,0,,0,0,0,0,1,,,data
1867,9780195102840,,amazon,skipped,0,0,,0,0,0,0,1,,,data
1868,9780449139028,,amazon,skipped,0,0,,0,0,0,0,1,,,data
1869,9780553233322,,amazon,skipped,0,0,,0,0,0,0,1,,,data
1870,9780380711789,,amazon,skipped,0,0,,0,0,0,0,1,,,data
1871,9780061001697,,amazon,skipped,0,0,,0,0,0,0,1,,,data
1872,9780451091635,,amazon,skipped,0,0,,0,0,0,0,1,,,data
1873,9780440109358,,amazon,skipped,0,0,,0,0,0,0,1,,,data
1874,9780671653590,,amazon,skipped,0,0,,0,0,0,0,1,,,data
1875,9781561793464,,amazon,skipped,0,0,,0,0,0,0,1,,,data
1876,9781561793471,,amazon,skipped,0,0,,0,0,0,0,1,,,data
1877,9781561793488,,amazon,skipped,0,0,,0,0,0,0,1,,,data
1878,9781561795666,,amazon,skipped,0,0,,0,0,0,0,1,,,data
1879,9780869143308,,amazon,skipped,0,0,,0,0,0,0,1,,,data
1880,9780061003813,,amazon,skipped,0,0,,0,0,0,0,1,,,data
1881,9780553226652,,amazon,skipped,0,0,,0,0,0,0,1,,,data
1882,9780553228571,,amazon,skipped,0,0,,0,0,0,0,1,,,data
1883,9780670306114,,amazon,skipped,0,0,,0,0,0,0,1,,,data
1884,9780553206746,,amazon,skipped,0,0,,0,0,0,0,1,,,data
1885,9780425029879,,amazon,skipped,0,0,,0,0,0,0,1,,,data
1886,9780425034156,,amazon,skipped,0,0,,0,0,0,0,1,,,data
1887,9780425037737,,amazon,skipped,0,0,,0,0,0,0,1,,,data
1888,9780380399338,,amazon,skipped,0,0,,0,0,0,0,1,,,data
1889,9780671831585,,amazon,skipped,0,0,,0,0,0,0,1,,,data
1890,9780671489939,,amazon,skipped,0,0,,0,0,0,0,1,,,data
1891,9780671822675,,amazon,skipped,0,0,,0,0,0,0,1,,,data
1892,9780425029008,,amazon,skipped,0,0,,0,0,0,0,1,,,data
1893,9780393321975,,amazon,skipped,0,0,,0,0,0,0,1,,,data
1894,9780553074192,,amazon,skipped,0,0,,0,0,0,0,1,,,data
1895,9780439306393,,amazon,skipped,0,0,,0,0,0,0,1,,,data
1896,9780385295383,,amazon,skipped,0,0,,0,0,0,0,1,,,data
1897,9780822934882,,amazon,skipped,0,0,,0,0,0,0,1,,,data
1898,9780553112603,,amazon,skipped,0,0,,0,0,0,0,1,,,data
1899,9781552633281,,amazon,skipped,0,0,,0,0,0,0,1,,,data
1900,9780939165452,,amazon,skipped,0,0,,0,0,0,0,1,,,data
1901,9780517577639,,amazon,skipped,0,0,,0,0,0,0,1,,,data
1902,9781580910262,,amazon,skipped,0,0,,0,0,0,0,1,,,data
1903,9783423130028,,amazon,skipped,0,0,,0,0,0,0,1,,,data
1904,9783402034248,,amazon,skipped,0,0,,0,0,0,0,1,,,data
1905,9788433912282,,amazon,skipped,0,0,,0,0,0,0,1,,,data
1906,9780205337408,,amazon,skipped,0,0,,0,0,0,0,1,,,data
1907,9780813513591,,amazon,skipped,0,0,,0,0,0,0,1,,,data
1908,9780674403697,,amazon,skipped,0,0,,0,0,0,0,1,,,data
1909,9780520227354,,amazon,skipped,0,0,,0,0,0,0,1,,,data
1910,9780312113933,,amazon,skipped,0,0,,0,0,0,0,1,,,data
1911,9780812924305,,amazon,skipped,0,0,,0,0,0,0,1,,,data
1912,9780805050271,,amazon,skipped,0,0,,0,0,0,0,1,,,data
1913,9780192115591,,amazon,skipped,0,0,,0,0,0,0,1,,,data
1914,9780932379399,,amazon,skipped,0,0,,0,0,0,0,1,,,data
1915,9780810394261,,amazon,skipped,0,0,,0,0,0,0,1,,,data
1916,9780415905978,,amazon,skipped,0,0,,0,0,0,0,1,,,data
1917,9780743463034,,amazon,skipped,0,0,,0,0,0,0,1,,,data
1918,9780895640390,,amazon,skipped,0,0,,0,0,0,0,1,,,data
1919,9780933278035,,amazon,skipped,0,0,,0,0,0,0,1,,,data
1920,9780962449338,,amazon,skipped,0,0,,0,0,0,0,1,,,data
1921,9780920470480,,amazon,skipped,0,0,,0,0,0,0,1,,,data
1922,9780973093001,,amazon,skipped,0,0,,0,0,0,0,1,,,data
1923,9780967168333,,amazon,skipped,0,0,,0,0,0,0,1,,,data
1924,9780671766917,,amazon,skipped,0,0,,0,0,0,0,1,,,data
1925,9780739402528,,amazon,skipped,0,0,,0,0,0,0,1,,,data
1926,9780553569810,,amazon,skipped,0,0,,0,0,0,0,1,,,data
1927,9780133884630,,amazon,skipped,0,0,,0,0,0,0,1,,,data
1928,9780262201063,,amazon,skipped,0,0,,0,0,0,0,1,,,data
1929,9780451523518,,amazon,skipped,0,0,,0,0,0,0,1,,,data
1930,9780534084004,,amazon,skipped,0,0,,0,0,0,0,1,,,data
1931,9780066620565,,amazon,skipped,0,0,,0,0,0,0,1,,,data
1932,9780312940515,,amazon,skipped,0,0,,0,0,0,0,1,,,data
1933,9780965353380,,amazon,skipped,0,0,,0,0,0,0,1,,,data
1934,9780912383118,,amazon,skipped,0,0,,0,0,0,0,1,,,data
1935,9780962869877,,amazon,skipped,0,0,,0,0,0,0,1,,,data
1936,9780807061558,,amazon,skipped,0,0,,0,0,0,0,1,,,data
1937,9780965353311,,amazon,skipped,0,0,,0,0,0,0,1,,,data
1938,9780525936404,,amazon,skipped,0,0,,0,0,0,0,1,,,data
1939,9781579546274,,amazon,skipped,0,0,,0,0,0,0,1,,,data
1940,9780060392628,,amazon,skipped,0,0,,0,0,0,0,1,,,data
1941,9780809463497,,amazon,skipped,0,0,,0,0,0,0,1,,,data
1942,9780897212595,,amazon,skipped,0,0,,0,0,0,0,1,,,data
1943,9780696206788,,amazon,skipped,0,0,,0,0,0,0,1,,,data
1944,9780679462941,,amazon,skipped,0,0,,0,0,0,0,1,,,data
1945,9780671428495,,amazon,skipped,0,0,,0,0,0,0,1,,,data
1946,9781885174017,,amazon,skipped,0,0,,0,0,0,0,1,,,data
1947,9780884861607,,amazon,skipped,0,0,,0,0,0,0,1,,,data
1948,9781562920586,,amazon,skipped,0,0,,0,0,0,0,1,,,data
1949,9780140195606,,amazon,skipped,0,0,,0,0,0,0,1,,,data
1950,9781573229067,,amazon,skipped,0,0,,0,0,0,0,1,,,data
1951,9781561703159,,amazon,skipped,0,0,,0,0,0,0,1,,,data
1952,9781578660308,,amazon,skipped,0,0,,0,0,0,0,1,,,data
1953,9780316516006,,amazon,skipped,0,0,,0,0,0,0,1,,,data
1954,9781556780509,,amazon,skipped,0,0,,0,0,0,0,1,,,data
1955,9780312195236,,amazon,skipped,0,0,,0,0,0,0,1,,,data
1956,9781878736659,,amazon,skipped,0,0,,0,0,0,0,1,,,data
1957,9780300070859,,amazon,skipped,0,0,,0,0,0,0,1,,,data
1958,9780915099818,,amazon,skipped,0,0,,0,0,0,0,1,,,data
1959,9780878575152,,amazon,skipped,0,0,,0,0,0,0,1,,,data
1960,9781568383668,,amazon,skipped,0,0,,0,0,0,0,1,,,data
1961,9780132342049,,amazon,skipped,0,0,,0,0,0,0,1,,,data
1962,9780806922775,,amazon,skipped,0,0,,0,0,0,0,1,,,data
1963,9780831790646,,amazon,skipped,0,0,,0,0,0,0,1,,,data
1964,9780881765915,,amazon,skipped,0,0,,0,0,0,0,1,,,data
1965,9780811827607,,amazon,skipped,0,0,,0,0,0,0,1,,,data
1966,9780940676039,,amazon,skipped,0,0,,0,0,0,0,1,,,data
1967,9780760702444,,amazon,skipped,0,0,,0,0,0,0,1,,,data
1968,9780609804896,,amazon,skipped,0,0,,0,0,0,0,1,,,data
1969,9780871317742,,amazon,skipped,0,0,,0,0,0,0,1,,,data
1970,9781875137794,,amazon,skipped,0,0,,0,0,0,0,1,,,data
1971,9780809463640,,amazon,skipped,0,0,,0,0,0,0,1,,,data
1972,9780809463138,,amazon,skipped,0,0,,0,0,0,0,1,,,data
1973,9780809463411,,amazon,skipped,0,0,,0,0,0,0,1,,,data
1974,9780809463176,,amazon,skipped,0,0,,0,0,0,0,1,,,data
1975,9780809463336,,amazon,skipped,0,0,,0,0,0,0,1,,,data
1976,9780809463374,,amazon,skipped,0,0,,0,0,0,0,1,,,data
1977,9780809463855,,amazon,skipped,0,0,,0,0,0,0,1,,,data
1978,9780737006001,,amazon,skipped,0,0,,0,0,0,0,1,,,data
1979,9780696019135,,amazon,skipped,0,0,,0,0,0,0,1,,,data
1980,9780897212496,,amazon,skipped,0,0,,0,0,0,0,1,,,data
1981,9781852309022,,amazon,skipped,0,0,,0,0,0,0,1,,,data
1982,9780785307907,,amazon,skipped,0,0,,0,0,0,0,1,,,data
1983,9780658001727,,amazon,skipped,0,0,,0,0,0,0,1,,,data
1984,9780890877265,,amazon,skipped,0,0,,0,0,0,0,1,,,data
1985,9780399510335,,amazon,skipped,0,0,,0,0,0,0,1,,,data
1986,9780934070195,,amazon,skipped,0,0,,0,0,0,0,1,,,data
1987,9780688134549,,amazon,skipped,0,0,,0,0,0,0,1,,,data
1988,9781573225656,,amazon,skipped,0,0,,0,0,0,0,1,,,data
1989,9781886449060,,amazon,skipped,0,0,,0,0,0,0,1,,,data
1990,9780894801242,,amazon,skipped,0,0,,0,0,0,0,1,,,data
1991,9780962268311,,amazon,skipped,0,0,,0,0,0,0,1,,,data
1992,9780091815196,,amazon,skipped,0,0,,0,0,0,0,1,,,data
1993,9780671042202,,amazon,skipped,0,0,,0,0,0,0,1,,,data
1994,9780962091841,,amazon,skipped,0,0,,0,0,0,0,1,,,data
1995,9780963416315,,amazon,skipped,0,0,,0,0,0,0,1,,,data
1996,9780028625096,,amazon,skipped,0,0,,0,0,0,0,1,,,data
1997,9780684864983,,amazon,skipped,0,0,,0,0,0,0,1,,,data
1998,9781881052227,,amazon,skipped,0,0,,0,0,0,0,1,,,data
1999,9780972060523,,amazon,skipped,0,0,,0,0,0,0,1,,,data
2000,9780802465849,,amazon,skipped,0,0,,0,0,0,0,1,,,data
2001,9780517706985,,amazon,skipped,0,0,,0,0,0,0,1,,,data
2002,9780890874929,,amazon,skipped,0,0,,0,0,0,0,1,,,data
2003,9780060160616,,amazon,skipped,0,0,,0,0,0,0,1,,,data
2004,9780446530866,,amazon,skipped,0,0,,0,0,0,0,1,,,data
2005,9780945528005,,amazon,skipped,0,0,,0,0,0,0,1,,,data
2006,9780684833613,,amazon,skipped,0,0,,0,0,0,0,1,,,data
2007,9780517101100,,amazon,skipped,0,0,,0,0,0,0,1,,,data
2008,9781855380653,,amazon,skipped,0,0,,0,0,0,0,1,,,data
2009,9781583940334,,amazon,skipped,0,0,,0,0,0,0,1,,,data
2010,9781883319656,,amazon,skipped,0,0,,0,0,0,0,1,,,data
2011,9781883319014,,amazon,skipped,0,0,,0,0,0,0,1,,,data
2012,9780140193534,,amazon,skipped,0,0,,0,0,0,0,1,,,data
2013,9780060912550,,amazon,skipped,0,0,,0,0,0,0,1,,,data
2014,9780345315618,,amazon,skipped,0,0,,0,0,0,0,1,,,data
2015,9781880032466,,amazon,skipped,0,0,,0,0,0,0,1,,,data
2016,9780345352507,,amazon,skipped,0,0,,0,0,0,0,1,,,data
2017,9780471272427,,amazon,skipped,0,0,,0,0,0,0,1,,,data
2018,9788817133647,,amazon,skipped,0,0,,0,0,0,0,1,,,data
2019,9788804436621,,amazon,skipped,0,0,,0,0,0,0,1,,,data
2020,9780395608357,,amazon,skipped,0,0,,0,0,0,0,1,,,data
2021,9780515119442,,amazon,skipped,0,0,,0,0,0,0,1,,,data
2022,9780879056261,,amazon,skipped,0,0,,0,0,0,0,1,,,data
2023,9788471663948,,amazon,skipped,0,0,,0,0,0,0,1,,,data
2024,9780590401647,,amazon,skipped,0,0,,0,0,0,0,1,,,data
2025,9780345393562,,amazon,skipped,0,0,,0,0,0,0,1,,,data
2026,9780385487238,,amazon,skipped,0,0,,0,0,0,0,1,,,data
2027,9780449001158,,amazon,skipped,0,0,,0,0,0,0,1,,,data
2028,9780380633395,,amazon,skipped,0,0,,0,0,0,0,1,,,data
2029,9780451625670,,amazon,skipped,0,0,,0,0,0,0,1,,,data
2030,9780140255362,,amazon,skipped,0,0,,0,0,0,0,1,,,data
2031,9780754809616,,amazon,skipped,0,0,,0,0,0,0,1,,,data
2032,9780848821371,,amazon,skipped,0,0,,0,0,0,0,1,,,data
2033,9780099175629,,amazon,skipped,0,0,,0,0,0,0,1,,,data
2034,9780913923320,,amazon,skipped,0,0,,0,0,0,0,1,,,data
2035,9781580540407,,amazon,skipped,0,0,,0,0,0,0,1,,,data
2036,9781879181861,,amazon,skipped,0,0,,0,0,0,0,1,,,data
2037,9780881846485,,amazon,skipped,0,0,,0,0,0,0,1,,,data
2038,9781586636111,,amazon,skipped,0,0,,0,0,0,0,1,,,data
2039,9781879181762,,amazon,skipped,0,0,,0,0,0,0,1,,,data
2040,9781892062130,,amazon,skipped,0,0,,0,0,0,0,1,,,data
2041,9780932813862,,amazon,skipped,0,0,,0,0,0,0,1,,,data
2042,9780060194758,,amazon,skipped,0,0,,0,0,0,0,1,,,data
2043,9780952614760,,amazon,skipped,0,0,,0,0,0,0,1,,,data
2044,9781591430049,,amazon,skipped,0,0,,0,0,0,0,1,,,data
2045,9781901447156,,amazon,skipped,0,0,,0,0,0,0,1,,,data
2046,9780500051061,,amazon,skipped,0,0,,0,0,0,0,1,,,data
2047,9780486280226,,amazon,skipped,0,0,,0,0,0,0,1,,,data
2048,9781931412933,,amazon,skipped,0,0,,0,0,0,0,1,,,data
2049,9780440236252,,amazon,skipped,0,0,,0,0,0,0,1,,,data
2050,9780913923313,,amazon,skipped,0,0,,0,0,0,0,1,,,data
2051,9780922729777,,amazon,skipped,0,0,,0,0,0,0,1,,,data
2052,9780192835895,,amazon,skipped,0,0,,0,0,0,0,1,,,data
2053,9780380758906,,amazon,skipped,0,0,,0,0,0,0,1,,,data
2054,9780380895854,,amazon,skipped,0,0,,0,0,0,0,1,,,data
2055,9780679722977,,amazon,skipped,0,0,,0,0,0,0,1,,,data
2056,9781558506138,,amazon,skipped,0,0,,0,0,0,0,1,,,data
2057,9780060931841,,amazon,skipped,0,0,,0,0,0,0,1,,,data
2058,9780916896676,,amazon,skipped,0,0,,0,0,0,0,1,,,data
2059,9781931499217,,amazon,skipped,0,0,,0,0,0,0,1,,,data
2060,9780964639164,,amazon,skipped,0,0,,0,0,0,0,1,,,data
2061,9781931499255,,amazon,skipped,0,0,,0,0,0,0,1,,,data
2062,9781855856318,,amazon,skipped,0,0,,0,0,0,0,1,,,data
2063,9781931499118,,amazon,skipped,0,0,,0,0,0,0,1,,,data
2064,9780312263461,,amazon,skipped,0,0,,0,0,0,0,1,,,data
2065,9780952614715,,amazon,skipped,0,0,,0,0,0,0,1,,,data
2066,9780517336458,,amazon,skipped,0,0,,0,0,0,0,1,,,data
2067,9781564144065,,amazon,skipped,0,0,,0,0,0,0,1,,,data
2068,9780070518940,,amazon,skipped,0,0,,0,0,0,0,1,,,data
2069,9780375811562,,amazon,skipped,0,0,,0,0,0,0,1,,,data
2070,9780307105042,,amazon,skipped,0,0,,0,0,0,0,1,,,data
2071,9780517250235,,amazon,skipped,0,0,,0,0,0,0,1,,,data
2072,9780517288634,,amazon,skipped,0,0,,0,0,0,0,1,,,data
2073,9780517263075,,amazon,skipped,0,0,,0,0,0,0,1,,,data
2074,9780517250426,,amazon,skipped,0,0,,0,0,0,0,1,,,data
2075,9780517288580,,amazon,skipped,0,0,,0,0,0,0,1,,,data
2076,9780517260005,,amazon,skipped,0,0,,0,0,0,0,1,,,data
2077,9780517263037,,amazon,skipped,0,0,,0,0,0,0,1,,,data
2078,9780517250228,,amazon,skipped,0,0,,0,0,0,0,1,,,data
2079,9780517250150,,amazon,skipped,0,0,,0,0,0,0,1,,,data
2080,9780517288719,,amazon,skipped,0,0,,0,0,0,0,1,,,data
2081,9780517250204,,amazon,skipped,0,0,,0,0,0,0,1,,,data
2082,9780904681352,,amazon,skipped,0,0,,0,0,0,0,1,,,data
2083,9780517270806,,amazon,skipped,0,0,,0,0,0,0,1,,,data
2084,9780517263020,,amazon,skipped,0,0,,0,0,0,0,1,,,data
2085,9781578590544,,amazon,skipped,0,0,,0,0,0,0,1,,,data
2086,9780446513661,,amazon,skipped,0,0,,0,0,0,0,1,,,data
2087,9780897813594,,amazon,skipped,0,0,,0,0,0,0,1,,,data
2088,9781586635961,,amazon,skipped,0,0,,0,0,0,0,1,,,data
2089,9780517341728,,amazon,skipped,0,0,,0,0,0,0,1,,,data
2090,9780517250211,,amazon,skipped,0,0,,0,0,0,0,1,,,data
2091,9780517060261,,amazon,skipped,0,0,,0,0,0,0,1,,,data
2092,9780831787875,,amazon,skipped,0,0,,0,0,0,0,1,,,data
2093,9780517017470,,amazon,skipped,0,0,,0,0,0,0,1,,,data
2094,9780831786984,,amazon,skipped,0,0,,0,0,0,0,1,,,data
2095,9780681006195,,amazon,skipped,0,0,,0,0,0,0,1,,,data
2096,9780831739362,,amazon,skipped,0,0,,0,0,0,0,1,,,data
2097,9780517017401,,amazon,skipped,0,0,,0,0,0,0,1,,,data
2098,9780307102720,,amazon,skipped,0,0,,0,0,0,0,1,,,data
2099,9780789207647,,amazon,skipped,0,0,,0,0,0,0,1,,,data
2100,9780761535492,,amazon,skipped,0,0,,0,0,0,0,1,,,data
2101,9780375814839,,amazon,skipped,0,0,,0,0,0,0,1,,,data
2102,9780375813320,,amazon,skipped,0,0,,0,0,0,0,1,,,data
2103,9780375813146,,amazon,skipped,0,0,,0,0,0,0,1,,,data
2104,9780375814570,,amazon,skipped,0,0,,0,0,0,0,1,,,data
2105,9780375815270,,amazon,skipped,0,0,,0,0,0,0,1,,,data
2106,9780375813122,,amazon,skipped,0,0,,0,0,0,0,1,,,data
2107,9780375813108,,amazon,skipped,0,0,,0,0,0,0,1,,,data
2108,9780375811661,,amazon,skipped,0,0,,0,0,0,0,1,,,data
2109,9780782116649,,amazon,skipped,0,0,,0,0,0,0,1,,,data
2110,9780761511243,,amazon,skipped,0,0,,0,0,0,0,1,,,data
2111,9780375806612,,amazon,skipped,0,0,,0,0,0,0,1,,,data
2112,9780375810657,,amazon,skipped,0,0,,0,0,0,0,1,,,data
2113,9781586636128,,amazon,skipped,0,0,,0,0,0,0,1,,,data
2114,9780375806391,,amazon,skipped,0,0,,0,0,0,0,1,,,data
2115,9780375806377,,amazon,skipped,0,0,,0,0,0,0,1,,,data
2116,9780375815782,,amazon,skipped,0,0,,0,0,0,0,1,,,data
2117,9780375806384,,amazon,skipped,0,0,,0,0,0,0,1,,,data
2118,9780831756383,,amazon,skipped,0,0,,0,0,0,0,1,,,data
2119,9780375814464,,amazon,skipped,0,0,,0,0,0,0,1,,,data
2120,9780375811654,,amazon,skipped,0,0,,0,0,0,0,1,,,data
2121,9780375813153,,amazon,skipped,0,0,,0,0,0,0,1,,,data
2122,9780375806360,,amazon,skipped,0,0,,0,0,0,0,1,,,data
2123,9780375821707,,amazon,skipped,0,0,,0,0,0,0,1,,,data
2124,9780375815324,,amazon,skipped,0,0,,0,0,0,0,1,,,data
2125,9780375815331,,amazon,skipped,0,0,,0,0,0,0,1,,,data
2126,9780375815119,,amazon,skipped,0,0,,0,0,0,0,1,,,data
2127,9780375816048,,amazon,skipped,0,0,,0,0,0,0,1,,,data
2128,9780375814433,,amazon,skipped,0,0,,0,0,0,0,1,,,data
2129,9780918684486,,amazon,skipped,0,0,,0,0,0,0,1,,,data
2130,9781892065063,,amazon,skipped,0,0,,0,0,0,0,1,,,data
2131,9780812000399,,amazon,skipped,0,0,,0,0,0,0,1,,,data
2132,9780345250773,,amazon,skipped,0,0,,0,0,0,0,1,,,data
2133,9780618331291,,amazon,skipped,0,0,,0,0,0,0,1,,,data
2134,9780425122402,,amazon,skipped,0,0,,0,0,0,0,1,,,data
2135,9780521577663,,amazon,skipped,0,0,,0,0,0,0,1,,,data
2136,9780743203159,,amazon,skipped,0,0,,0,0,0,0,1,,,data
2137,9780684855318,,amazon,skipped,0,0,,0,0,0,0,1,,,data
2138,9780226971506,,amazon,skipped,0,0,,0,0,0,0,1,,,data
2139,9780226971513,,amazon,skipped,0,0,,0,0,0,0,1,,,data
2140,9780226971537,,amazon,skipped,0,0,,0,0,0,0,1,,,data
2141,9780226971544,,amazon,skipped,0,0,,0,0,0,0,1,,,data
2142,9780965694865,,amazon,skipped,0,0,,0,0,0,0,1,,,data
2143,9780965694858,,amazon,skipped,0,0,,0,0,0,0,1,,,data
2144,9780916766689,,amazon,skipped,0,0,,0,0,0,0,1,,,data
2145,9780439339094,,amazon,skipped,0,0,,0,0,0,0,1,,,data
2146,9780595224722,,amazon,skipped,0,0,,0,0,0,0,1,,,data
2147,9780075536536,,amazon,skipped,0,0,,0,0,0,0,1,,,data
2148,9780872206113,,amazon,skipped,0,0,,0,0,0,0,1,,,data
2149,9780872201880,,amazon,skipped,0,0,,0,0,0,0,1,,,data
2150,9780195112092,,amazon,skipped,0,0,,0,0,0,0,1,,,data
2151,9780521338578,,amazon,skipped,0,0,,0,0,0,0,1,,,data
2152,9780195142006,,amazon,skipped,0,0,,0,0,0,0,1,,,data
2153,9780140442847,,amazon,skipped,0,0,,0,0,0,0,1,,,data
2154,9780140441635,,amazon,skipped,0,0,,0,0,0,0,1,,,data
2155,9780060963934,,amazon,skipped,0,0,,0,0,0,0,1,,,data
2156,9781565105133,,amazon,skipped,0,0,,0,0,0,0,1,,,data
2157,9780452281745,,amazon,skipped,0,0,,0,0,0,0,1,,,data
2158,9780813368528,,amazon,skipped,0,0,,0,0,0,0,1,,,data
2159,9780671729547,,amazon,skipped,0,0,,0,0,0,0,1,,,data
2160,9780472065219,,amazon,skipped,0,0,,0,0,0,0,1,,,data
2161,9780804725019,,amazon,skipped,0,0,,0,0,0,0,1,,,data
2162,9780691058375,,amazon,skipped,0,0,,0,0,0,0,1,,,data
2163,9780786414086,,amazon,skipped,0,0,,0,0,0,0,1,,,data
2164,9780226500362,,amazon,skipped,0,0,,0,0,0,0,1,,,data
2165,9781585090167,,amazon,skipped,0,0,,0,0,0,0,1,,,data
2166,9780345345806,,amazon,skipped,0,0,,0,0,0,0,1,,,data
2167,9780590402781,,amazon,skipped,0,0,,0,0,0,0,1,,,data
2168,9780140238013,,amazon,skipped,0,0,,0,0,0,0,1,,,data
2169,9780590408455,,amazon,skipped,0,0,,0,0,0,0,1,,,data
2170,9780590339605,,amazon,skipped,0,0,,0,0,0,0,1,,,data
2171,9780140585964,,amazon,skipped,0,0,,0,0,0,0,1,,,data
2172,9780140390285,,amazon,skipped,0,0,,0,0,0,0,1,,,data
2173,9780715631515,,amazon,skipped,0,0,,0,0,0,0,1,,,data
2174,9788420635545,,amazon,skipped,0,0,,0,0,0,0,1,,,data
2175,9789722504379,,amazon,skipped,0,0,,0,0,0,0,1,,,data
2176,9788478447107,,amazon,skipped,0,0,,0,0,0,0,1,,,data
2177,9781578590513,,amazon,skipped,0,0,,0,0,0,0,1,,,data
2178,9780421689909,,amazon,skipped,0,0,,0,0,0,0,1,,,data
2179,9780439992367,,amazon,skipped,0,0,,0,0,0,0,1,,,data
2180,9780689119811,,amazon,skipped,0,0,,0,0,0,0,1,,,data
2181,9781895636222,,amazon,skipped,0,0,,0,0,0,0,1,,,data
2182,9780375811746,,amazon,skipped,0,0,,0,0,0,0,1,,,data
2183,9783570205624,,amazon,skipped,0,0,,0,0,0,0,1,,,data
2184,9780671614348,,amazon,skipped,0,0,,0,0,0,0,1,,,data
2185,9780449703809,,amazon,skipped,0,0,,0,0,0,0,1,,,data
2186,9780380440993,,amazon,skipped,0,0,,0,0,0,0,1,,,data
2187,9780671552817,,amazon,skipped,0,0,,0,0,0,0,1,,,data
2188,9780345308504,,amazon,skipped,0,0,,0,0,0,0,1,,,data
2189,9780060295233,,amazon,skipped,0,0,,0,0,0,0,1,,,data
2190,9780440225669,,amazon,skipped,0,0,,0,0,0,0,1,,,data
2191,9782253152460,,amazon,skipped,0,0,,0,0,0,0,1,,,data
2192,9782266107532,,amazon,skipped,0,0,,0,0,0,0,1,,,data
2193,9780671671358,,amazon,skipped,0,0,,0,0,0,0,1,,,data
2194,9780525938705,,amazon,skipped,0,0,,0,0,0,0,1,,,data
2195,9780824802875,,amazon,skipped,0,0,,0,0,0,0,1,,,data
2196,9780345446596,,amazon,skipped,0,0,,0,0,0,0,1,,,data
2197,9780340860946,,amazon,skipped,0,0,,0,0,0,0,1,,,data
2198,9780753503034,,amazon,skipped,0,0,,0,0,0,0,1,,,data
2199,9780688147747,,amazon,skipped,0,0,,0,0,0,0,1,,,data
2200,9780590418546,,amazon,skipped,0,0,,0,0,0,0,1,,,data
2201,9780553155341,,amazon,skipped,0,0,,0,0,0,0,1,,,data
2202,9780679888215,,amazon,skipped,0,0,,0,0,0,0,1,,,data
2203,9780060809102,,amazon,empty,0,7,title; authors; publisher; origin; date_of_publication; language; genres,0,0,0,0,10,,,data
2204,9780821772447,,amazon,skipped,0,0,,0,0,0,0,1,,,data
2205,9781562829292,,amazon,skipped,0,0,,0,0,0,0,1,,,data
2206,9781567315073,,amazon,skipped,0,0,,0,0,0,0,1,,,data
2207,9780849908774,,amazon,skipped,0,0,,0,0,0,0,1,,,data
2208,9780590401869,,amazon,skipped,0,0,,0,0,0,0,1,,,data
2209,9780590401838,,amazon,skipped,0,0,,0,0,0,0,1,,,data
2210,9780449126226,,amazon,skipped,0,0,,0,0,0,0,1,,,data
2211,9780307100757,,amazon,skipped,0,0,,0,0,0,0,1,,,data
2212,9780811441568,,amazon,skipped,0,0,,0,0,0,0,1,,,data
2213,9780689826764,,amazon,skipped,0,0,,0,0,0,0,1,,,data
2214,9780671663087,,amazon,skipped,0,0,,0,0,0,0,1,,,data
2215,9780786917631,,amazon,empty,0,7,title; authors; publisher; origin; date_of_publication; language; genres,0,0,0,0,10,,,data
2216,9780805416862,,amazon,skipped,0,0,,0,0,0,0,1,,,data
2217,9780380728763,,amazon,skipped,0,0,,0,0,0,0,1,,,data
2218,9780373121809,,amazon,skipped,0,0,,0,0,0,0,1,,,data
2219,9780821768693,,amazon,skipped,0,0,,0,0,0,0,1,,,data
2220,9780575075160,,amazon,skipped,0,0,,0,0,0,0,1,,,data
2221,9780394744292,,amazon,skipped,0,0,,0,0,0,0,1,,,data
2222,9780553541892,,amazon,skipped,0,0,,0,0,0,0,1,,,data
2223,9780439228404,,amazon,skipped,0,0,,0,0,0,0,1,,,data
2224,9780439228428,,amazon,skipped,0,0,,0,0,0,0,1,,,data
2225,9780941405102,,amazon,skipped,0,0,,0,0,0,0,1,,,data
2226,9780440848356,,amazon,skipped,0,0,,0,0,0,0,1,,,data
2227,9780525323020,,amazon,skipped,0,0,,0,0,0,0,1,,,data
2228,9780062733795,,amazon,skipped,0,0,,0,0,0,0,1,,,data
2229,9780590447386,,amazon,skipped,0,0,,0,0,0,0,1,,,data
2230,9780811440844,,amazon,skipped,0,0,,0,0,0,0,1,,,data
2231,9780395294321,,amazon,skipped,0,0,,0,0,0,0,1,,,data
2232,9780877017592,,amazon,skipped,0,0,,0,0,0,0,1,,,data
2233,9780821772553,,amazon,skipped,0,0,,0,0,0,0,1,,,data
2234,9780671536244,,amazon,skipped,0,0,,0,0,0,0,1,,,data
2235,9780316290937,,amazon,skipped,0,0,,0,0,0,0,1,,,data
2236,9780449216064,,amazon,skipped,0,0,,0,0,0,0,1,,,data
2237,9780380571093,,amazon,skipped,0,0,,0,0,0,0,1,,,data
2238,9780821766811,,amazon,skipped,0,0,,0,0,0,0,1,,,data
2239,9780930044435,,amazon,skipped,0,0,,0,0,0,0,1,,,data
2240,9780785300427,,amazon,skipped,0,0,,0,0,0,0,1,,,data
2241,9780373196456,,amazon,skipped,0,0,,0,0,0,0,1,,,data
2242,9780821772713,,amazon,skipped,0,0,,0,0,0,0,1,,,data
2243,9780023644306,,amazon,skipped,0,0,,0,0,0,0,1,,,data
2244,9780385279475,,amazon,skipped,0,0,,0,0,0,0,1,,,data
2245,9780060164416,,amazon,skipped,0,0,,0,0,0,0,1,,,data
2246,9780345273215,,amazon,skipped,0,0,,0,0,0,0,1,,,data
2247,9780439380485,,amazon,skipped,0,0,,0,0,0,0,1,,,data
2248,9780440412588,,amazon,skipped,0,0,,0,0,0,0,1,,,data
2249,9780894808593,,amazon,skipped,0,0,,0,0,0,0,1,,,data
2250,9780898152326,,amazon,skipped,0,0,,0,0,0,0,1,,,data
2251,9780694012510,,amazon,skipped,0,0,,0,0,0,0,1,,,data
2252,9780440400028,,amazon,skipped,0,0,,0,0,0,0,1,,,data
2253,9780743406697,,amazon,skipped,0,0,,0,0,0,0,1,,,data
2254,9780811440790,,amazon,skipped,0,0,,0,0,0,0,1,,,data
2255,9780393307122,,amazon,skipped,0,0,,0,0,0,0,1,,,data
2256,9780821773093,,amazon,skipped,0,0,,0,0,0,0,1,,,data
2257,9780821773772,,amazon,skipped,0,0,,0,0,0,0,1,,,data
2258,9780821773109,,amazon,skipped,0,0,,0,0,0,0,1,,,data
2259,9780816730117,,amazon,skipped,0,0,,0,0,0,0,1,,,data
2260,9780679808145,,amazon,skipped,0,0,,0,0,0,0,1,,,data
2261,9780893757519,,amazon,skipped,0,0,,0,0,0,0,1,,,data
2262,9780689822384,,amazon,skipped,0,0,,0,0,0,0,1,,,data
2263,9780448054667,,amazon,skipped,0,0,,0,0,0,0,1,,,data
2264,9780395169957,,amazon,skipped,0,0,,0,0,0,0,1,,,data
2265,9780030073243,,amazon,skipped,0,0,,0,0,0,0,1,,,data
2266,9781561152322,,amazon,skipped,0,0,,0,0,0,0,1,,,data
2267,9780208022493,,amazon,skipped,0,0,,0,0,0,0,1,,,data
2268,9780553055863,,amazon,skipped,0,0,,0,0,0,0,1,,,data
2269,9780394473482,,amazon,skipped,0,0,,0,0,0,0,1,,,data
2270,9780689840333,,amazon,skipped,0,0,,0,0,0,0,1,,,data
2271,9780156115001,,amazon,skipped,0,0,,0,0,0,0,1,,,data
2272,9780671023232,,amazon,skipped,0,0,,0,0,0,0,1,,,data
2273,9780300090925,,amazon,skipped,0,0,,0,0,0,0,1,,,data
2274,9780312928568,,amazon,skipped,0,0,,0,0,0,0,1,,,data
2275,9780696019203,,amazon,skipped,0,0,,0,0,0,0,1,,,data
2276,9780394858579,,amazon,skipped,0,0,,0,0,0,0,1,,,data
2277,9781563262555,,amazon,skipped,0,0,,0,0,0,0,1,,,data
2278,9780553153156,,amazon,skipped,0,0,,0,0,0,0,1,,,data
2279,9780689835834,,amazon,skipped,0,0,,0,0,0,0,1,,,data
2280,9780452277366,,amazon,skipped,0,0,,0,0,0,0,1,,,data
2281,9780879055547,,amazon,skipped,0,0,,0,0,0,0,1,,,data
2282,9780768322521,,amazon,skipped,0,0,,0,0,0,0,1,,,data
2283,9780307133250,,amazon,skipped,0,0,,0,0,0,0,1,,,data
2284,9780375800276,,amazon,skipped,0,0,,0,0,0,0,1,,,data
2285,9780763603816,,amazon,skipped,0,0,,0,0,0,0,1,,,data
2286,9780746005101,,amazon,skipped,0,0,,0,0,0,0,1,,,data
2287,9780870333477,,amazon,skipped,0,0,,0,0,0,0,1,,,data
2288,9780817272869,,amazon,skipped,0,0,,0,0,0,0,1,,,data
2289,9780736412360,,amazon,skipped,0,0,,0,0,0,0,1,,,data
2290,9780679958345,,amazon,skipped,0,0,,0,0,0,0,1,,,data
2291,9780448405285,,amazon,skipped,0,0,,0,0,0,0,1,,,data
2292,9780425185421,,amazon,skipped,0,0,,0,0,0,0,1,,,data
2293,9781558532854,,amazon,skipped,0,0,,0,0,0,0,1,,,data
2294,9780590102797,,amazon,skipped,0,0,,0,0,0,0,1,,,data
2295,9780385074216,,amazon,skipped,0,0,,0,0,0,0,1,,,data
2296,9780689822766,,amazon,skipped,0,0,,0,0,0,0,1,,,data
2297,9780806969534,,amazon,skipped,0,0,,0,0,0,0,1,,,data
2298,9781891442230,,amazon,skipped,0,0,,0,0,0,0,1,,,data
2299,9780060247331,,amazon,skipped,0,0,,0,0,0,0,1,,,data
2300,9781563262067,,amazon,skipped,0,0,,0,0,0,0,1,,,data
2301,9780590262620,,amazon,skipped,0,0,,0,0,0,0,1,,,data
2302,9780140546491,,amazon,skipped,0,0,,0,0,0,0,1,,,data
2303,9780307115850,,amazon,skipped,0,0,,0,0,0,0,1,,,data
2304,9780448023649,,amazon,skipped,0,0,,0,0,0,0,1,,,data
2305,9780373193707,,amazon,skipped,0,0,,0,0,0,0,1,,,data
2306,9780590461634,,amazon,skipped,0,0,,0,0,0,0,1,,,data
2307,9780590404983,,amazon,skipped,0,0,,0,0,0,0,1,,,data
2308,9780671020682,,amazon,skipped,0,0,,0,0,0,0,1,,,data
2309,9780761502968,,amazon,skipped,0,0,,0,0,0,0,1,,,data
2310,9781556521799,,amazon,skipped,0,0,,0,0,0,0,1,,,data
2311,9780843923803,,amazon,skipped,0,0,,0,0,0,0,1,,,data
2312,9780590444606,,amazon,skipped,0,0,,0,0,0,0,1,,,data
2313,9780595227693,,amazon,skipped,0,0,,0,0,0,0,1,,,data
2314,9780747528890,,amazon,skipped,0,0,,0,0,0,0,1,,,data
2315,9780803263307,,amazon,skipped,0,0,,0,0,0,0,1,,,data
2316,9780670815241,,amazon,skipped,0,0,,0,0,0,0,1,,,data
2317,9780747239994,,amazon,skipped,0,0,,0,0,0,0,1,,,data
2318,9780006863052,,amazon,skipped,0,0,,0,0,0,0,1,,,data
2319,9780451452566,,amazon,skipped,0,0,,0,0,0,0,1,,,data
2320,9780441001880,,amazon,skipped,0,0,,0,0,0,0,1,,,data
2321,9780451453617,,amazon,skipped,0,0,,0,0,0,0,1,,,data
2322,9780440223719,,amazon,skipped,0,0,,0,0,0,0,1,,,data
2323,9780380786435,,amazon,skipped,0,0,,0,0,0,0,1,,,data
2324,9780380755776,,amazon,skipped,0,0,,0,0,0,0,1,,,data
2325,9780515120660,,amazon,skipped,0,0,,0,0,0,0,1,,,data
2326,9780751504958,,amazon,skipped,0,0,,0,0,0,0,1,,,data
2327,9780345380654,,amazon,skipped,0,0,,0,0,0,0,1,,,data
2328,9780441001187,,amazon,skipped,0,0,,0,0,0,0,1,,,data
2329,9780867601336,,amazon,skipped,0,0,,0,0,0,0,1,,,data
2330,9780312965174,,amazon,skipped,0,0,,0,0,0,0,1,,,data
2331,9780451455000,,amazon,skipped,0,0,,0,0,0,0,1,,,data
2332,9780006751182,,amazon,skipped,0,0,,0,0,0,0,1,,,data
2333,9780140281231,,amazon,skipped,0,0,,0,0,0,0,1,,,data
2334,9780821759950,,amazon,skipped,0,0,,0,0,0,0,1,,,data
2335,9780451182494,,amazon,skipped,0,0,,0,0,0,0,1,,,data
2336,9780743228336,,amazon,skipped,0,0,,0,0,0,0,1,,,data
2337,9780440223863,,amazon,skipped,0,0,,0,0,0,0,1,,,data
2338,9780373833726,,amazon,skipped,0,0,,0,0,0,0,1,,,data
2339,9780380722068,,amazon,skipped,0,0,,0,0,0,0,1,,,data
2340,9780312860448,,amazon,skipped,0,0,,0,0,0,0,1,,,data
2341,9780821760628,,amazon,skipped,0,0,,0,0,0,0,1,,,data
2342,9780821761823,,amazon,skipped,0,0,,0,0,0,0,1,,,data
2343,9780821763025,,amazon,skipped,0,0,,0,0,0,0,1,,,data
2344,9780821760642,,amazon,skipped,0,0,,0,0,0,0,1,,,data
2345,9780821760659,,amazon,skipped,0,0,,0,0,0,0,1,,,data
2346,9780373511273,,amazon,skipped,0,0,,0,0,0,0,1,,,data
2347,9780373169511,,amazon,skipped,0,0,,0,0,0,0,1,,,data
2348,9780821765449,,amazon,skipped,0,0,,0,0,0,0,1,,,data
2349,9780373511242,,amazon,skipped,0,0,,0,0,0,0,1,,,data
2350,9780373120789,,amazon,skipped,0,0,,0,0,0,0,1,,,data
2351,9780821775233,,amazon,skipped,0,0,,0,0,0,0,1,,,data
2352,9780701164706,,amazon,skipped,0,0,,0,0,0,0,1,,,data
2353,9780312868314,,amazon,skipped,0,0,,0,0,0,0,1,,,data
2354,9780440195344,,amazon,skipped,0,0,,0,0,0,0,1,,,data
2355,9780702220982,,amazon,skipped,0,0,,0,0,0,0,1,,,data
2356,9780375409134,,amazon,skipped,0,0,,0,0,0,0,1,,,data
2357,9780849932991,,amazon,skipped,0,0,,0,0,0,0,1,,,data
2358,9781895387933,,amazon,skipped,0,0,,0,0,0,0,1,,,data
2359,9780671457570,,amazon,skipped,0,0,,0,0,0,0,1,,,data
2360,9780875424392,,amazon,skipped,0,0,,0,0,0,0,1,,,data
2361,9780553093520,,amazon,skipped,0,0,,0,0,0,0,1,,,data
2362,9780874067965,,amazon,skipped,0,0,,0,0,0,0,1,,,data
2363,9780002254120,,amazon,skipped,0,0,,0,0,0,0,1,,,data
2364,9780002215473,,amazon,skipped,0,0,,0,0,0,0,1,,,data
2365,9780330246330,,amazon,skipped,0,0,,0,0,0,0,1,,,data
2366,9780195040746,,amazon,skipped,0,0,,0,0,0,0,1,,,data
2367,9780553213362,,amazon,skipped,0,0,,0,0,0,0,1,,,data
2368,9780812533743,,amazon,skipped,0,0,,0,0,0,0,1,,,data
2369,9780849943447,,amazon,skipped,0,0,,0,0,0,0,1,,,data
2370,9780575400979,,amazon,skipped,0,0,,0,0,0,0,1,,,data
2371,9780671021986,,amazon,skipped,0,0,,0,0,0,0,1,,,data
2372,9780862016081,,amazon,skipped,0,0,,0,0,0,0,1,,,data
2373,9780812967791,,amazon,skipped,0,0,,0,0,0,0,1,,,data
2374,9780753813508,,amazon,skipped,0,0,,0,0,0,0,1,,,data
2375,9781853261640,,amazon,skipped,0,0,,0,0,0,0,1,,,data
2376,9780752852379,,amazon,skipped,0,0,,0,0,0,0,1,,,data
2377,9780340488010,,amazon,skipped,0,0,,0,0,0,0,1,,,data
2378,9781898617174,,amazon,skipped,0,0,,0,0,0,0,1,,,data
2379,9780192816344,,amazon,skipped,0,0,,0,0,0,0,1,,,data
2380,9781860196546,,amazon,skipped,0,0,,0,0,0,0,1,,,data
2381,9780352314826,,amazon,skipped,0,0,,0,0,0,0,1,,,data
2382,9780868197142,,amazon,skipped,0,0,,0,0,0,0,1,,,data
2383,9781860463655,,amazon,skipped,0,0,,0,0,0,0,1,,,data
2384,9780451519979,,amazon,skipped,0,0,,0,0,0,0,1,,,data
2385,9780575062603,,amazon,skipped,0,0,,0,0,0,0,1,,,data
2386,9780708843185,,amazon,skipped,0,0,,0,0,0,0,1,,,data
2387,9781897730553,,amazon,skipped,0,0,,0,0,0,0,1,,,data
2388,9780713476095,,amazon,skipped,0,0,,0,0,0,0,1,,,data
2389,9780600588566,,amazon,skipped,0,0,,0,0,0,0,1,,,data
2390,9780340248522,,amazon,skipped,0,0,,0,0,0,0,1,,,data
2391,9780551026568,,amazon,skipped,0,0,,0,0,0,0,1,,,data
2392,9780708910597,,amazon,skipped,0,0,,0,0,0,0,1,,,data
2393,9780373245789,,amazon,skipped,0,0,,0,0,0,0,1,,,data
2394,9780373825622,,amazon,skipped,0,0,,0,0,0,0,1,,,data
2395,9780373078769,,amazon,skipped,0,0,,0,0,0,0,1,,,data
2396,9780843930771,,amazon,skipped,0,0,,0,0,0,0,1,,,data
2397,9780345428141,,amazon,skipped,0,0,,0,0,0,0,1,,,data
2398,9780553101935,,amazon,skipped,0,0,,0,0,0,0,1,,,data
2399,9780671780562,,amazon,skipped,0,0,,0,0,0,0,1,,,data
2400,9780345384003,,amazon,skipped,0,0,,0,0,0,0,1,,,data
2401,9780449202814,,amazon,skipped,0,0,,0,0,0,0,1,,,data
2402,9780517120675,,amazon,skipped,0,0,,0,0,0,0,1,,,data
2403,9780312070694,,amazon,skipped,0,0,,0,0,0,0,1,,,data
2404,9781413704273,,amazon,skipped,0,0,,0,0,0,0,1,,,data
2405,9780809230556,,amazon,skipped,0,0,,0,0,0,0,1,,,data
2406,9781579549572,,amazon,skipped,0,0,,0,0,0,0,1,,,data
2407,9780812532005,,amazon,skipped,0,0,,0,0,0,0,1,,,data
2408,9780590428088,,amazon,skipped,0,0,,0,0,0,0,1,,,data
2409,9780843950687,,amazon,skipped,0,0,,0,0,0,0,1,,,data
2410,9780553213997,,amazon,skipped,0,0,,0,0,0,0,1,,,data
2411,9780261102385,,amazon,skipped,0,0,,0,0,0,0,1,,,data
2412,9780443059742,,amazon,skipped,0,0,,0,0,0,0,1,,,data
2413,9781853751103,,amazon,skipped,0,0,,0,0,0,0,1,,,data
2414,9780521558181,,amazon,skipped,0,0,,0,0,0,0,1,,,data
2415,9780915145225,,amazon,skipped,0,0,,0,0,0,0,1,,,data
2416,9780679722960,,amazon,skipped,0,0,,0,0,0,0,1,,,data
2417,9780140444490,,amazon,skipped,0,0,,0,0,0,0,1,,,data
2418,9781853263972,,amazon,skipped,0,0,,0,0,0,0,1,,,data
2419,9780195650839,,amazon,skipped,0,0,,0,0,0,0,1,,,data
2420,9780521438780,,amazon,skipped,0,0,,0,0,0,0,1,,,data
2421,9780451149169,,amazon,skipped,0,0,,0,0,0,0,1,,,data
2422,9780961437008,,amazon,skipped,0,0,,0,0,0,0,1,,,data
2423,9780590415651,,amazon,skipped,0,0,,0,0,0,0,1,,,data
2424,9780316031318,,amazon,skipped,0,0,,0,0,0,0,1,,,data
2425,9780679840336,,amazon,skipped,0,0,,0,0,0,0,1,,,data
2426,9780590446952,,amazon,skipped,0,0,,0,0,0,0,1,,,data
2427,9780590422215,,amazon,skipped,0,0,,0,0,0,0,1,,,data
2428,9780590485869,,amazon,skipped,0,0,,0,0,0,0,1,,,data
2429,9780688000059,,amazon,skipped,0,0,,0,0,0,0,1,,,data
2430,9780688085322,,amazon,skipped,0,0,,0,0,0,0,1,,,data
2431,9781565302372,,amazon,skipped,0,0,,0,0,0,0,1,,,data
2432,9780394887166,,amazon,skipped,0,0,,0,0,0,0,1,,,data
2433,9780312053888,,amazon,skipped,0,0,,0,0,0,0,1,,,data
2434,9780895779007,,amazon,skipped,0,0,,0,0,0,0,1,,,data
2435,9780785278887,,amazon,skipped,0,0,,0,0,0,0,1,,,data
2436,9780895774040,,amazon,skipped,0,0,,0,0,0,0,1,,,data
2437,9780895778628,,amazon,skipped,0,0,,0,0,0,0,1,,,data
2438,9780026892698,,amazon,skipped,0,0,,0,0,0,0,1,,,data
2439,9780026892711,,amazon,skipped,0,0,,0,0,0,0,1,,,data
2440,9780936340012,,amazon,skipped,0,0,,0,0,0,0,1,,,data
2441,9780811730693,,amazon,skipped,0,0,,0,0,0,0,1,,,data
2442,9780811727990,,amazon,skipped,0,0,,0,0,0,0,1,,,data
2443,9780811728447,,amazon,skipped,0,0,,0,0,0,0,1,,,data
2444,9781562822484,,amazon,skipped,0,0,,0,0,0,0,1,,,data
2445,9780440413332,,amazon,skipped,0,0,,0,0,0,0,1,,,data
2446,9780936340098,,amazon,skipped,0,0,,0,0,0,0,1,,,data
2447,9780802774521,,amazon,skipped,0,0,,0,0,0,0,1,,,data
2448,9780906731956,,amazon,skipped,0,0,,0,0,0,0,1,,,data
2449,9780671737276,,amazon,skipped,0,0,,0,0,0,0,1,,,data
2450,9780060804404,,amazon,skipped,0,0,,0,0,0,0,1,,,data
2451,9780684857329,,amazon,skipped,0,0,,0,0,0,0,1,,,data
2452,9780805045598,,amazon,skipped,0,0,,0,0,0,0,1,,,data
2453,9780553288094,,amazon,skipped,0,0,,0,0,0,0,1,,,data
2454,9780064404259,,amazon,skipped,0,0,,0,0,0,0,1,,,data
2455,9780810941557,,amazon,skipped,0,0,,0,0,0,0,1,,,data
2456,9780590554305,,amazon,skipped,0,0,,0,0,0,0,1,,,data
2457,9780373115358,,amazon,skipped,0,0,,0,0,0,0,1,,,data
2458,9780671221461,,amazon,skipped,0,0,,0,0,0,0,1,,,data
2459,9781887128780,,amazon,skipped,0,0,,0,0,0,0,1,,,data
2460,9781567315844,,amazon,skipped,0,0,,0,0,0,0,1,,,data
2461,9780060645885,,amazon,skipped,0,0,,0,0,0,0,1,,,data
2462,9780684830339,,amazon,skipped,0,0,,0,0,0,0,1,,,data
2463,9781561386086,,amazon,skipped,0,0,,0,0,0,0,1,,,data
2464,9780671798796,,amazon,skipped,0,0,,0,0,0,0,1,,,data
2465,9780684862552,,amazon,skipped,0,0,,0,0,0,0,1,,,data
2466,9780671536329,,amazon,skipped,0,0,,0,0,0,0,1,,,data
2467,9780451405074,,amazon,skipped,0,0,,0,0,0,0,1,,,data
2468,9780373098132,,amazon,skipped,0,0,,0,0,0,0,1,,,data
2469,9780373201303,,amazon,skipped,0,0,,0,0,0,0,1,,,data
2470,9780373077731,,amazon,skipped,0,0,,0,0,0,0,1,,,data
2471,9780671887070,,amazon,skipped,0,0,,0,0,0,0,1,,,data
2472,9780840768964,,amazon,skipped,0,0,,0,0,0,0,1,,,data
2473,9780451202932,,amazon,skipped,0,0,,0,0,0,0,1,,,data
2474,9780517882016,,amazon,skipped,0,0,,0,0,0,0,1,,,data
2475,9780553276893,,amazon,skipped,0,0,,0,0,0,0,1,,,data
2476,9780425134009,,amazon,skipped,0,0,,0,0,0,0,1,,,data
2477,9780671812751,,amazon,skipped,0,0,,0,0,0,0,1,,,data
2478,9781568652962,,amazon,skipped,0,0,,0,0,0,0,1,,,data
2479,9780712614191,,amazon,skipped,0,0,,0,0,0,0,1,,,data
2480,9788817537551,,amazon,skipped,0,0,,0,0,0,0,1,,,data
2481,9780450561962,,amazon,skipped,0,0,,0,0,0,0,1,,,data
2482,9780062701879,,amazon,skipped,0,0,,0,0,0,0,1,,,data
2483,9780812548075,,amazon,skipped,0,0,,0,0,0,0,1,,,data
2484,9781565922617,,amazon,skipped,0,0,,0,0,0,0,1,,,data
2485,9781565921528,,amazon,skipped,0,0,,0,0,0,0,1,,,data
2486,9780743200226,,amazon,skipped,0,0,,0,0,0,0,1,,,data
2487,9781565925823,,amazon,skipped,0,0,,0,0,0,0,1,,,data
2488,9780553580129,,amazon,skipped,0,0,,0,0,0,0,1,,,data
2489,9780743435741,,amazon,skipped,0,0,,0,0,0,0,1,,,data
2490,9780698119185,,amazon,skipped,0,0,,0,0,0,0,1,,,data
2491,9780871401762,,amazon,skipped,0,0,,0,0,0,0,1,,,data
2492,9780139376818,,amazon,skipped,0,0,,0,0,0,0,1,,,data
2493,9781565925168,,amazon,skipped,0,0,,0,0,0,0,1,,,data
2494,9780201835953,,amazon,skipped,0,0,,0,0,0,0,1,,,data
2495,9780201609998,,amazon,skipped,0,0,,0,0,0,0,1,,,data
2496,9781575210841,,amazon,skipped,0,0,,0,0,0,0,1,,,data
2497,9780672319945,,amazon,skipped,0,0,,0,0,0,0,1,,,data
2498,9780735709010,,amazon,skipped,0,0,,0,0,0,0,1,,,data
2499,9781565926219,,amazon,skipped,0,0,,0,0,0,0,1,,,data
2500,9780735700789,,amazon,skipped,0,0,,0,0,0,0,1,,,data
2501,9781565921047,,amazon,skipped,0,0,,0,0,0,0,1,,,data
2502,9781576104699,,amazon,skipped,0,0,,0,0,0,0,1,,,data
2503,9780679768371,,amazon,skipped,0,0,,0,0,0,0,1,,,data
2504,9780786881352,,amazon,skipped,0,0,,0,0,0,0,1,,,data
2505,9780672484407,,amazon,skipped,0,0,,0,0,0,0,1,,,data
2506,9780201489163,,amazon,skipped,0,0,,0,0,0,0,1,,,data
2507,9780201406535,,amazon,skipped,0,0,,0,0,0,0,1,,,data
2508,9780201567410,,amazon,skipped,0,0,,0,0,0,0,1,,,data
2509,9780201549799,,amazon,skipped,0,0,,0,0,0,0,1,,,data
2510,9780201570304,,amazon,skipped,0,0,,0,0,0,0,1,,,data
2511,9780201563276,,amazon,skipped,0,0,,0,0,0,0,1,,,data
2512,9780201544329,,amazon,skipped,0,0,,0,0,0,0,1,,,data
2513,9780201563184,,amazon,skipped,0,0,,0,0,0,0,1,,,data
2514,9780070546660,,amazon,skipped,0,0,,0,0,0,0,1,,,data
2515,9780201533774,,amazon,skipped,0,0,,0,0,0,0,1,,,data
2516,9780596000851,,amazon,skipped,0,0,,0,0,0,0,1,,,data
2517,9780201702712,,amazon,skipped,0,0,,0,0,0,0,1,,,data
2518,9780393320923,,amazon,skipped,0,0,,0,0,0,0,1,,,data
2519,9781565925250,,amazon,skipped,0,0,,0,0,0,0,1,,,data
2520,9781565924642,,amazon,skipped,0,0,,0,0,0,0,1,,,data
2521,9780596001087,,amazon,skipped,0,0,,0,0,0,0,1,,,data
2522,9780672317354,,amazon,skipped,0,0,,0,0,0,0,1,,,data
2523,9780609802212,,amazon,skipped,0,0,,0,0,0,0,1,,,data
2524,9781878020048,,amazon,skipped,0,0,,0,0,0,0,1,,,data
2525,9783785720806,,amazon,skipped,0,0,,0,0,0,0,1,,,data
2526,9780727913685,,amazon,skipped,0,0,,0,0,0,0,1,,,data
2527,9780671003371,,amazon,skipped,0,0,,0,0,0,0,1,,,data
2528,9780553380590,,amazon,skipped,0,0,,0,0,0,0,1,,,data
2529,9780899199238,,amazon,skipped,0,0,,0,0,0,0,1,,,data
2530,9780880297226,,amazon,skipped,0,0,,0,0,0,0,1,,,data
2531,9780062504685,,amazon,skipped,0,0,,0,0,0,0,1,,,data
2532,9780878331710,,amazon,skipped,0,0,,0,0,0,0,1,,,data
2533,9780471455080,,amazon,skipped,0,0,,0,0,0,0,1,,,data
2534,9780140173192,,amazon,skipped,0,0,,0,0,0,0,1,,,data
2535,9783499153600,,amazon,skipped,0,0,,0,0,0,0,1,,,data
2536,9780393025118,,amazon,skipped,0,0,,0,0,0,0,1,,,data
2537,9780760715192,,amazon,skipped,0,0,,0,0,0,0,1,,,data
2538,9783492040006,,amazon,skipped,0,0,,0,0,0,0,1,,,data
2539,9783257227758,,amazon,skipped,0,0,,0,0,0,0,1,,,data
2540,9780870402531,,amazon,skipped,0,0,,0,0,0,0,1,,,data
2541,9780026365581,,amazon,skipped,0,0,,0,0,0,0,1,,,data
2542,9780394580449,,amazon,skipped,0,0,,0,0,0,0,1,,,data
2543,9780135289105,,amazon,skipped,0,0,,0,0,0,0,1,,,data
2544,9780553231441,,amazon,skipped,0,0,,0,0,0,0,1,,,data
2545,9780789433022,,amazon,skipped,0,0,,0,0,0,0,1,,,data
2546,9780385422420,,amazon,skipped,0,0,,0,0,0,0,1,,,data
2547,9780515080551,,amazon,skipped,0,0,,0,0,0,0,1,,,data
2548,9780441586950,,amazon,skipped,0,0,,0,0,0,0,1,,,data
2549,9780380706440,,amazon,skipped,0,0,,0,0,0,0,1,,,data
2550,9780671447168,,amazon,skipped,0,0,,0,0,0,0,1,,,data
2551,9780821710241,,amazon,skipped,0,0,,0,0,0,0,1,,,data
2552,9780553202946,,amazon,skipped,0,0,,0,0,0,0,1,,,data
2553,9780451520753,,amazon,skipped,0,0,,0,0,0,0,1,,,data
2554,9781582450858,,amazon,skipped,0,0,,0,0,0,0,1,,,data
2555,9780679446286,,amazon,skipped,0,0,,0,0,0,0,1,,,data
2556,9780786705283,,amazon,skipped,0,0,,0,0,0,0,1,,,data
2557,9780395475652,,amazon,skipped,0,0,,0,0,0,0,1,,,data
2558,9780789426420,,amazon,skipped,0,0,,0,0,0,0,1,,,data
2559,9780792277262,,amazon,skipped,0,0,,0,0,0,0,1,,,data
2560,9781573225458,,amazon,empty,0,7,title; authors; publisher; origin; date_of_publication; language; genres,0,0,0,0,10,,,data
2561,9780066620763,,amazon,skipped,0,0,,0,0,0,0,1,,,data
2562,9783550071072,,amazon,skipped,0,0,,0,0,0,0,1,,,data
2563,9783442447961,,amazon,skipped,0,0,,0,0,0,0,1,,,data
2564,9780425151945,,amazon,skipped,0,0,,0,0,0,0,1,,,data
2565,9780486401010,,amazon,skipped,0,0,,0,0,0,0,1,,,data
2566,9780889711631,,amazon,skipped,0,0,,0,0,0,0,1,,,data
2567,9780679409427,,amazon,skipped,0,0,,0,0,0,0,1,,,data
2568,9780373871179,,amazon,skipped,0,0,,0,0,0,0,1,,,data
2569,9780373832286,,amazon,skipped,0,0,,0,0,0,0,1,,,data
2570,9780523423937,,amazon,skipped,0,0,,0,0,0,0,1,,,data
2571,9781410764386,,amazon,skipped,0,0,,0,0,0,0,1,,,data
2572,9780385600569,,amazon,skipped,0,0,,0,0,0,0,1,,,data
2573,9780446359375,,amazon,skipped,0,0,,0,0,0,0,1,,,data
2574,9780679745396,,amazon,skipped,0,0,,0,0,0,0,1,,,data
2575,9780590693356,,amazon,skipped,0,0,,0,0,0,0,1,,,data
2576,9780884860822,,amazon,skipped,0,0,,0,0,0,0,1,,,data
2577,9780889651173,,amazon,skipped,0,0,,0,0,0,0,1,,,data
2578,9780441860531,,amazon,skipped,0,0,,0,0,0,0,1,,,data
2579,9780345302199,,amazon,skipped,0,0,,0,0,0,0,1,,,data
2580,9780812588354,,amazon,skipped,0,0,,0,0,0,0,1,,,data
2581,9780842326155,,amazon,skipped,0,0,,0,0,0,0,1,,,data
2582,9780671824846,,amazon,skipped,0,0,,0,0,0,0,1,,,data
2583,9780345335760,,amazon,skipped,0,0,,0,0,0,0,1,,,data
2584,9780345318091,,amazon,skipped,0,0,,0,0,0,0,1,,,data
2585,9780523421018,,amazon,skipped,0,0,,0,0,0,0,1,,,data
2586,9780906495841,,amazon,skipped,0,0,,0,0,0,0,1,,,data
2587,9780452281110,,amazon,skipped,0,0,,0,0,0,0,1,,,data
2588,9781588513502,,amazon,skipped,0,0,,0,0,0,0,1,,,data
2589,9781410728418,,amazon,skipped,0,0,,0,0,0,0,1,,,data
2590,9781881927211,,amazon,skipped,0,0,,0,0,0,0,1,,,data
2591,9781559582339,,amazon,skipped,0,0,,0,0,0,0,1,,,data
2592,9780786840830,,amazon,skipped,0,0,,0,0,0,0,1,,,data
2593,9780553242454,,amazon,skipped,0,0,,0,0,0,0,1,,,data
2594,9780373710539,,amazon,skipped,0,0,,0,0,0,0,1,,,data
2595,9780440025351,,amazon,skipped,0,0,,0,0,0,0,1,,,data
2596,9780345283399,,amazon,skipped,0,0,,0,0,0,0,1,,,data
2597,9780380776566,,amazon,skipped,0,0,,0,0,0,0,1,,,data
2598,9780312951443,,amazon,skipped,0,0,,0,0,0,0,1,,,data
2599,9780966677300,,amazon,skipped,0,0,,0,0,0,0,1,,,data
2600,9780786004935,,amazon,skipped,0,0,,0,0,0,0,1,,,data
2601,9780553121360,,amazon,skipped,0,0,,0,0,0,0,1,,,data
2602,9780373710676,,amazon,skipped,0,0,,0,0,0,0,1,,,data
2603,9781580622509,,amazon,skipped,0,0,,0,0,0,0,1,,,data
2604,9781568658650,,amazon,skipped,0,0,,0,0,0,0,1,,,data
2605,9780743445344,,amazon,skipped,0,0,,0,0,0,0,1,,,data
2606,9789997412942,,amazon,skipped,0,0,,0,0,0,0,1,,,data
2607,9780312205522,,amazon,skipped,0,0,,0,0,0,0,1,,,data
2608,9780812038781,,amazon,skipped,0,0,,0,0,0,0,1,,,data
2609,9780590338172,,amazon,skipped,0,0,,0,0,0,0,1,,,data
2610,9780380700943,,amazon,skipped,0,0,,0,0,0,0,1,,,data
2611,9781573241274,,amazon,skipped,0,0,,0,0,0,0,1,,,data
2612,9780312026745,,amazon,skipped,0,0,,0,0,0,0,1,,,data
2613,9780895293930,,amazon,skipped,0,0,,0,0,0,0,1,,,data
2614,9780312026455,,amazon,skipped,0,0,,0,0,0,0,1,,,data
2615,9780312038120,,amazon,skipped,0,0,,0,0,0,0,1,,,data
2616,9780312010003,,amazon,skipped,0,0,,0,0,0,0,1,,,data
2617,9780440842521,,amazon,skipped,0,0,,0,0,0,0,1,,,data
2618,9780553051025,,amazon,skipped,0,0,,0,0,0,0,1,,,data
2619,9780877285175,,amazon,skipped,0,0,,0,0,0,0,1,,,data
2620,9781880507001,,amazon,skipped,0,0,,0,0,0,0,1,,,data
2621,9780812530360,,amazon,skipped,0,0,,0,0,0,0,1,,,data
2622,9781582290065,,amazon,skipped,0,0,,0,0,0,0,1,,,data
2623,9781561706976,,amazon,skipped,0,0,,0,0,0,0,1,,,data
2624,9780679003205,,amazon,skipped,0,0,,0,0,0,0,1,,,data
2625,9780345428127,,amazon,skipped,0,0,,0,0,0,0,1,,,data
2626,9780879830472,,amazon,skipped,0,0,,0,0,0,0,1,,,data
2627,9780394406039,,amazon,skipped,0,0,,0,0,0,0,1,,,data
2628,9780451158406,,amazon,skipped,0,0,,0,0,0,0,1,,,data
2629,9780316697705,,amazon,skipped,0,0,,0,0,0,0,1,,,data
2630,9780890433829,,amazon,skipped,0,0,,0,0,0,0,1,,,data
2631,9780553341096,,amazon,skipped,0,0,,0,0,0,0,1,,,data
2632,9780140199130,,amazon,skipped,0,0,,0,0,0,0,1,,,data
2633,9780688149987,,amazon,skipped,0,0,,0,0,0,0,1,,,data
2634,9780316553513,,amazon,skipped,0,0,,0,0,0,0,1,,,data
2635,9780345298966,,amazon,skipped,0,0,,0,0,0,0,1,,,data
2636,9780679502364,,amazon,skipped,0,0,,0,0,0,0,1,,,data
2637,9780025250000,,amazon,skipped,0,0,,0,0,0,0,1,,,data
2638,9780960267675,,amazon,skipped,0,0,,0,0,0,0,1,,,data
2639,9780890876893,,amazon,skipped,0,0,,0,0,0,0,1,,,data
2640,9780380795604,,amazon,skipped,0,0,,0,0,0,0,1,,,data
2641,9780060126544,,amazon,skipped,0,0,,0,0,0,0,1,,,data
2642,9780440212331,,amazon,skipped,0,0,,0,0,0,0,1,,,data
2643,9780743509602,,amazon,skipped,0,0,,0,0,0,0,1,,,data
2644,9780312774868,,amazon,skipped,0,0,,0,0,0,0,1,,,data
2645,9780671540791,,amazon,skipped,0,0,,0,0,0,0,1,,,data
2646,9780307215093,,amazon,skipped,0,0,,0,0,0,0,1,,,data
2647,9780312105112,,amazon,skipped,0,0,,0,0,0,0,1,,,data
2648,9783923880522,,amazon,skipped,0,0,,0,0,0,0,1,,,data
2649,9780963266712,,amazon,skipped,0,0,,0,0,0,0,1,,,data
2650,9780844243337,,amazon,skipped,0,0,,0,0,0,0,1,,,data
2651,9780671735302,,amazon,skipped,0,0,,0,0,0,0,1,,,data
2652,9780312055042,,amazon,skipped,0,0,,0,0,0,0,1,,,data
2653,9781550170870,,amazon,skipped,0,0,,0,0,0,0,1,,,data
2654,9780670804948,,amazon,skipped,0,0,,0,0,0,0,1,,,data
2655,9780385233590,,amazon,skipped,0,0,,0,0,0,0,1,,,data
2656,9780881846720,,amazon,skipped,0,0,,0,0,0,0,1,,,data
2657,9780671504052,,amazon,skipped,0,0,,0,0,0,0,1,,,data
2658,9780385476492,,amazon,skipped,0,0,,0,0,0,0,1,,,data
2659,9780684171630,,amazon,skipped,0,0,,0,0,0,0,1,,,data
2660,9780894801532,,amazon,skipped,0,0,,0,0,0,0,1,,,data
2661,9780373169009,,amazon,skipped,0,0,,0,0,0,0,1,,,data
2662,9781566861021,,amazon,skipped,0,0,,0,0,0,0,1,,,data
2663,9780962838811,,amazon,skipped,0,0,,0,0,0,0,1,,,data
2664,9781892127181,,amazon,skipped,0,0,,0,0,0,0,1,,,data
2665,9781932100006,,amazon,skipped,0,0,,0,0,0,0,1,,,data
2666,9780761109600,,amazon,skipped,0,0,,0,0,0,0,1,,,data
2667,9780679008491,,amazon,skipped,0,0,,0,0,0,0,1,,,data
2668,9780892817740,,amazon,skipped,0,0,,0,0,0,0,1,,,data
2669,9781559391535,,amazon,skipped,0,0,,0,0,0,0,1,,,data
2670,9780380722136,,amazon,skipped,0,0,,0,0,0,0,1,,,data
2671,9780738700618,,amazon,skipped,0,0,,0,0,0,0,1,,,data
2672,9788449503696,,amazon,skipped,0,0,,0,0,0,0,1,,,data
2673,9788495002938,,amazon,skipped,0,0,,0,0,0,0,1,,,data
2674,9788427200265,,amazon,skipped,0,0,,0,0,0,0,1,,,data
2675,9788427202931,,amazon,skipped,0,0,,0,0,0,0,1,,,data
2676,9788427202801,,amazon,skipped,0,0,,0,0,0,0,1,,,data
2677,9788427202610,,amazon,skipped,0,0,,0,0,0,0,1,,,data
2678,9788427201163,,amazon,skipped,0,0,,0,0,0,0,1,,,data
2679,9788427201248,,amazon,skipped,0,0,,0,0,0,0,1,,,data
2680,9788427201514,,amazon,skipped,0,0,,0,0,0,0,1,,,data
2681,9788427201552,,amazon,skipped,0,0,,0,0,0,0,1,,,data
2682,9788427202993,,amazon,skipped,0,0,,0,0,0,0,1,,,data
2683,9788427202757,,amazon,skipped,0,0,,0,0,0,0,1,,,data
2684,9780194216456,,amazon,skipped,0,0,,0,0,0,0,1,,,data
2685,9780194216661,,amazon,skipped,0,0,,0,0,0,0,1,,,data
2686,9788484031369,,amazon,skipped,0,0,,0,0,0,0,1,,,data
2687,9788476308462,,amazon,skipped,0,0,,0,0,0,0,1,,,data
2688,9788420743554,,amazon,skipped,0,0,,0,0,0,0,1,,,data
2689,9788428208932,,amazon,skipped,0,0,,0,0,0,0,1,,,data
2690,9788482384221,,amazon,skipped,0,0,,0,0,0,0,1,,,data
2691,9788423992164,,amazon,skipped,0,0,,0,0,0,0,1,,,data
2692,9788431504380,,amazon,skipped,0,0,,0,0,0,0,1,,,data
2693,9788486623685,,amazon,skipped,0,0,,0,0,0,0,1,,,data
2694,9788431504120,,amazon,skipped,0,0,,0,0,0,0,1,,,data
2695,9788474171358,,amazon,skipped,0,0,,0,0,0,0,1,,,data
2696,9788440676382,,amazon,skipped,0,0,,0,0,0,0,1,,,data
2697,9788440642264,,amazon,skipped,0,0,,0,0,0,0,1,,,data
2698,9788430577026,,amazon,skipped,0,0,,0,0,0,0,1,,,data
2699,9788440691453,,amazon,skipped,0,0,,0,0,0,0,1,,,data
2700,9788440676078,,amazon,skipped,0,0,,0,0,0,0,1,,,data
2701,9788440663801,,amazon,skipped,0,0,,0,0,0,0,1,,,data
2702,9788440666895,,amazon,skipped,0,0,,0,0,0,0,1,,,data
2703,9788440695673,,amazon,skipped,0,0,,0,0,0,0,1,,,data
2704,9788440642271,,amazon,skipped,0,0,,0,0,0,0,1,,,data
2705,9788448000417,,amazon,skipped,0,0,,0,0,0,0,1,,,data
2706,9783442356089,,amazon,skipped,0,0,,0,0,0,0,1,,,data
2707,9783746618333,,amazon,skipped,0,0,,0,0,0,0,1,,,data
2708,9780060930219,,amazon,skipped,0,0,,0,0,0,0,1,,,data
2709,9780345450647,,amazon,skipped,0,0,,0,0,0,0,1,,,data
2710,9783492041652,,amazon,skipped,0,0,,0,0,0,0,1,,,data
2711,9780452268562,,amazon,skipped,0,0,,0,0,0,0,1,,,data
2712,9780440208525,,amazon,skipped,0,0,,0,0,0,0,1,,,data
2713,9780672227158,,amazon,skipped,0,0,,0,0,0,0,1,,,data
2714,9780155930216,,amazon,skipped,0,0,,0,0,0,0,1,,,data
2715,9780375753305,,amazon,skipped,0,0,,0,0,0,0,1,,,data
2716,9780345292513,,amazon,skipped,0,0,,0,0,0,0,1,,,data
2717,9780345254535,,amazon,skipped,0,0,,0,0,0,0,1,,,data
2718,9781561632909,,amazon,skipped,0,0,,0,0,0,0,1,,,data
2719,9780440223306,,amazon,skipped,0,0,,0,0,0,0,1,,,data
2720,9780888946805,,amazon,skipped,0,0,,0,0,0,0,1,,,data
2721,9780767907415,,amazon,skipped,0,0,,0,0,0,0,1,,,data
2722,9780679776222,,amazon,skipped,0,0,,0,0,0,0,1,,,data
2723,9780812991512,,amazon,skipped,0,0,,0,0,0,0,1,,,data
2724,9780140446494,,amazon,skipped,0,0,,0,0,0,0,1,,,data
2725,9780670811472,,amazon,skipped,0,0,,0,0,0,0,1,,,data
2726,9780836282894,,amazon,skipped,0,0,,0,0,0,0,1,,,data
2727,9780679028277,,amazon,skipped,0,0,,0,0,0,0,1,,,data
2728,9780679032595,,amazon,skipped,0,0,,0,0,0,0,1,,,data
2729,9781564408747,,amazon,skipped,0,0,,0,0,0,0,1,,,data
2730,9781859580554,,amazon,skipped,0,0,,0,0,0,0,1,,,data
2731,9780140441048,,amazon,skipped,0,0,,0,0,0,0,1,,,data
2732,9780140444063,,amazon,skipped,0,0,,0,0,0,0,1,,,data
2733,9780786880676,,amazon,skipped,0,0,,0,0,0,0,1,,,data
2734,9780425167113,,amazon,skipped,0,0,,0,0,0,0,1,,,data
2735,9780192750914,,amazon,skipped,0,0,,0,0,0,0,1,,,data
2736,9780671874360,,amazon,skipped,0,0,,0,0,0,0,1,,,data
2737,9780395604786,,amazon,skipped,0,0,,0,0,0,0,1,,,data
2738,9780441774081,,amazon,skipped,0,0,,0,0,0,0,1,,,data
2739,9780140238389,,amazon,skipped,0,0,,0,0,0,0,1,,,data
2740,9780931188237,,amazon,skipped,0,0,,0,0,0,0,1,,,data
2741,9780618009961,,amazon,skipped,0,0,,0,0,0,0,1,,,data
2742,9780312957179,,amazon,skipped,0,0,,0,0,0,0,1,,,data
2743,9780963832757,,amazon,skipped,0,0,,0,0,0,0,1,,,data
2744,9780812504187,,amazon,skipped,0,0,,0,0,0,0,1,,,data
2745,9780671462116,,amazon,skipped,0,0,,0,0,0,0,1,,,data
2746,9780425060520,,amazon,skipped,0,0,,0,0,0,0,1,,,data
2747,9780786707287,,amazon,skipped,0,0,,0,0,0,0,1,,,data
2748,9780451524287,,amazon,skipped,0,0,,0,0,0,0,1,,,data
2749,9780671639709,,amazon,skipped,0,0,,0,0,0,0,1,,,data
2750,9780399503856,,amazon,skipped,0,0,,0,0,0,0,1,,,data
2751,9780553210934,,amazon,skipped,0,0,,0,0,0,0,1,,,data
2752,9780965327503,,amazon,skipped,0,0,,0,0,0,0,1,,,data
2753,9780615113579,,amazon,skipped,0,0,,0,0,0,0,1,,,data
2754,9780749320324,,amazon,skipped,0,0,,0,0,0,0,1,,,data
2755,9780330201070,,amazon,skipped,0,0,,0,0,0,0,1,,,data
2756,9780140714159,,amazon,skipped,0,0,,0,0,0,0,1,,,data
2757,9780684192833,,amazon,skipped,0,0,,0,0,0,0,1,,,data
2758,9781570827280,,amazon,skipped,0,0,,0,0,0,0,1,,,data
2759,9780590423595,,amazon,skipped,0,0,,0,0,0,0,1,,,data
2760,9780681414419,,amazon,skipped,0,0,,0,0,0,0,1,,,data
2761,9780440411239,,amazon,skipped,0,0,,0,0,0,0,1,,,data
2762,9780816738373,,amazon,skipped,0,0,,0,0,0,0,1,,,data
2763,9780816748198,,amazon,skipped,0,0,,0,0,0,0,1,,,data
2764,9780671795238,,amazon,skipped,0,0,,0,0,0,0,1,,,data
2765,9780590624299,,amazon,skipped,0,0,,0,0,0,0,1,,,data
2766,9780866119726,,amazon,skipped,0,0,,0,0,0,0,1,,,data
2767,9780440801771,,amazon,skipped,0,0,,0,0,0,0,1,,,data
2768,9780439132992,,amazon,skipped,0,0,,0,0,0,0,1,,,data
2769,9780440226864,,amazon,skipped,0,0,,0,0,0,0,1,,,data
2770,9780382069970,,amazon,skipped,0,0,,0,0,0,0,1,,,data
2771,9781899598205,,amazon,skipped,0,0,,0,0,0,0,1,,,data
2772,9780877286394,,amazon,skipped,0,0,,0,0,0,0,1,,,data
2773,9780964840157,,amazon,skipped,0,0,,0,0,0,0,1,,,data
2774,9781557043665,,amazon,skipped,0,0,,0,0,0,0,1,,,data
2775,9781563520648,,amazon,skipped,0,0,,0,0,0,0,1,,,data
2776,9780373097982,,amazon,skipped,0,0,,0,0,0,0,1,,,data
2777,9780821762899,,amazon,skipped,0,0,,0,0,0,0,1,,,data
2778,9780821761052,,amazon,skipped,0,0,,0,0,0,0,1,,,data
2779,9780515063240,,amazon,skipped,0,0,,0,0,0,0,1,,,data
2780,9780821723579,,amazon,skipped,0,0,,0,0,0,0,1,,,data
2781,9780449502150,,amazon,skipped,0,0,,0,0,0,0,1,,,data
2782,9780821766095,,amazon,skipped,0,0,,0,0,0,0,1,,,data
2783,9781555136093,,amazon,skipped,0,0,,0,0,0,0,1,,,data
2784,9780874061826,,amazon,skipped,0,0,,0,0,0,0,1,,,data
2785,9780449216859,,amazon,skipped,0,0,,0,0,0,0,1,,,data
2786,9780449230572,,amazon,skipped,0,0,,0,0,0,0,1,,,data
2787,9780590339322,,amazon,skipped,0,0,,0,0,0,0,1,,,data
2788,9780373107384,,amazon,skipped,0,0,,0,0,0,0,1,,,data
2789,9780140055665,,amazon,skipped,0,0,,0,0,0,0,1,,,data
2790,9780802487599,,amazon,skipped,0,0,,0,0,0,0,1,,,data
2791,9780312921040,,amazon,skipped,0,0,,0,0,0,0,1,,,data
2792,9780449229651,,amazon,skipped,0,0,,0,0,0,0,1,,,data
2793,9780345374028,,amazon,skipped,0,0,,0,0,0,0,1,,,data
2794,9780834401044,,amazon,skipped,0,0,,0,0,0,0,1,,,data
2795,9780515056457,,amazon,skipped,0,0,,0,0,0,0,1,,,data
2796,9780449200407,,amazon,skipped,0,0,,0,0,0,0,1,,,data
2797,9780451116109,,amazon,skipped,0,0,,0,0,0,0,1,,,data
2798,9780373634125,,amazon,skipped,0,0,,0,0,0,0,1,,,data
2799,9780020778202,,amazon,skipped,0,0,,0,0,0,0,1,,,data
2800,9780373610440,,amazon,skipped,0,0,,0,0,0,0,1,,,data
2801,9780590456401,,amazon,skipped,0,0,,0,0,0,0,1,,,data
2802,9780441675746,,amazon,skipped,0,0,,0,0,0,0,1,,,data
2803,9780681404519,,amazon,skipped,0,0,,0,0,0,0,1,,,data
2804,9780896933712,,amazon,skipped,0,0,,0,0,0,0,1,,,data
2805,9780553246384,,amazon,skipped,0,0,,0,0,0,0,1,,,data
2806,9780553272420,,amazon,skipped,0,0,,0,0,0,0,1,,,data
2807,9780385470353,,amazon,skipped,0,0,,0,0,0,0,1,,,data
2808,9780393091250,,amazon,skipped,0,0,,0,0,0,0,1,,,data
2809,9780312863319,,amazon,skipped,0,0,,0,0,0,0,1,,,data
2810,9780399147548,,amazon,skipped,0,0,,0,0,0,0,1,,,data
2811,9780671537944,,amazon,skipped,0,0,,0,0,0,0,1,,,data
2812,9780553072228,,amazon,skipped,0,0,,0,0,0,0,1,,,data
2813,9780399133398,,amazon,skipped,0,0,,0,0,0,0,1,,,data
2814,9780312088620,,amazon,skipped,0,0,,0,0,0,0,1,,,data
2815,9780345330048,,amazon,skipped,0,0,,0,0,0,0,1,,,data
2816,9780913098608,,amazon,skipped,0,0,,0,0,0,0,1,,,data
2817,9780890811825,,amazon,skipped,0,0,,0,0,0,0,1,,,data
2818,9781577484325,,amazon,skipped,0,0,,0,0,0,0,1,,,data
2819,9780446906159,,amazon,skipped,0,0,,0,0,0,0,1,,,data
2820,9780671476298,,amazon,skipped,0,0,,0,0,0,0,1,,,data
2821,9780515039740,,amazon,skipped,0,0,,0,0,0,0,1,,,data
2822,9780553281569,,amazon,skipped,0,0,,0,0,0,0,1,,,data
2823,9780590434416,,amazon,skipped,0,0,,0,0,0,0,1,,,data
2824,9780816736904,,amazon,skipped,0,0,,0,0,0,0,1,,,data
2825,9780590418164,,amazon,skipped,0,0,,0,0,0,0,1,,,data
2826,9780874064230,,amazon,skipped,0,0,,0,0,0,0,1,,,data
2827,9780671533809,,amazon,skipped,0,0,,0,0,0,0,1,,,data
2828,9780590337700,,amazon,skipped,0,0,,0,0,0,0,1,,,data
2829,9780307220134,,amazon,skipped,0,0,,0,0,0,0,1,,,data
2830,9780307220127,,amazon,skipped,0,0,,0,0,0,0,1,,,data
2831,9780156527996,,amazon,skipped,0,0,,0,0,0,0,1,,,data
2832,9780531019436,,amazon,skipped,0,0,,0,0,0,0,1,,,data
2833,9780721400860,,amazon,skipped,0,0,,0,0,0,0,1,,,data
2834,9780816728282,,amazon,skipped,0,0,,0,0,0,0,1,,,data
2835,9780399118517,,amazon,skipped,0,0,,0,0,0,0,1,,,data
2836,9780440409151,,amazon,skipped,0,0,,0,0,0,0,1,,,data
2837,9780671880019,,amazon,empty,0,7,title; authors; publisher; origin; date_of_publication; language; genres,0,0,0,0,10,,,data
2838,9780821715697,,amazon,skipped,0,0,,0,0,0,0,1,,,data
2839,9780425055328,,amazon,skipped,0,0,,0,0,0,0,1,,,data
2840,9780060157395,,amazon,skipped,0,0,,0,0,0,0,1,,,data
2841,9781577487913,,amazon,skipped,0,0,,0,0,0,0,1,,,data
2842,9780446514620,,amazon,skipped,0,0,,0,0,0,0,1,,,data
2843,9780029344378,,amazon,skipped,0,0,,0,0,0,0,1,,,data
2844,9780394585888,,amazon,skipped,0,0,,0,0,0,0,1,,,data
2845,9780821742129,,amazon,skipped,0,0,,0,0,0,0,1,,,data
2846,9780842352925,,amazon,skipped,0,0,,0,0,0,0,1,,,data
2847,9780743517751,,amazon,skipped,0,0,,0,0,0,0,1,,,data
2848,9780743518215,,amazon,skipped,0,0,,0,0,0,0,1,,,data
2849,9780892966844,,amazon,skipped,0,0,,0,0,0,0,1,,,data
2850,9780764115752,,amazon,skipped,0,0,,0,0,0,0,1,,,data
2851,9780764115769,,amazon,skipped,0,0,,0,0,0,0,1,,,data
2852,9780743504829,,amazon,skipped,0,0,,0,0,0,0,1,,,data
2853,9780816153091,,amazon,skipped,0,0,,0,0,0,0,1,,,data
2854,9780783819747,,amazon,skipped,0,0,,0,0,0,0,1,,,data
2855,9780064410922,,amazon,skipped,0,0,,0,0,0,0,1,,,data
2856,9780590454032,,amazon,skipped,0,0,,0,0,0,0,1,,,data
2857,9780060088057,,amazon,skipped,0,0,,0,0,0,0,1,,,data
2858,9780849928499,,amazon,skipped,0,0,,0,0,0,0,1,,,data
2859,9780842340434,,amazon,skipped,0,0,,0,0,0,0,1,,,data
2860,9780881501582,,amazon,skipped,0,0,,0,0,0,0,1,,,data
2861,9780743471190,,amazon,skipped,0,0,,0,0,0,0,1,,,data
2862,9780374155094,,amazon,skipped,0,0,,0,0,0,0,1,,,data
2863,9780440203582,,amazon,skipped,0,0,,0,0,0,0,1,,,data
2864,9780515080568,,amazon,skipped,0,0,,0,0,0,0,1,,,data
2865,9780312146740,,amazon,skipped,0,0,,0,0,0,0,1,,,data
2866,9780312978594,,amazon,skipped,0,0,,0,0,0,0,1,,,data
2867,9780812575248,,amazon,skipped,0,0,,0,0,0,0,1,,,data
2868,9780312970581,,amazon,skipped,0,0,,0,0,0,0,1,,,data
2869,9780812589573,,amazon,skipped,0,0,,0,0,0,0,1,,,data
2870,9780345371713,,amazon,skipped,0,0,,0,0,0,0,1,,,data
2871,9780345322463,,amazon,skipped,0,0,,0,0,0,0,1,,,data
2872,9780312125530,,amazon,skipped,0,0,,0,0,0,0,1,,,data
2873,9780804105620,,amazon,skipped,0,0,,0,0,0,0,1,,,data
2874,9780440212294,,amazon,skipped,0,0,,0,0,0,0,1,,,data
2875,9780345394439,,amazon,skipped,0,0,,0,0,0,0,1,,,data
2876,9780553143393,,amazon,skipped,0,0,,0,0,0,0,1,,,data
2877,9780425045633,,amazon,skipped,0,0,,0,0,0,0,1,,,data
2878,9780345289728,,amazon,skipped,0,0,,0,0,0,0,1,,,data
2879,9780515106411,,amazon,skipped,0,0,,0,0,0,0,1,,,data
2880,9780451133403,,amazon,skipped,0,0,,0,0,0,0,1,,,data
2881,9780886771775,,amazon,skipped,0,0,,0,0,0,0,1,,,data
2882,9780345248237,,amazon,skipped,0,0,,0,0,0,0,1,,,data
2883,9780671831547,,amazon,skipped,0,0,,0,0,0,0,1,,,data
2884,9780812553413,,amazon,skipped,0,0,,0,0,0,0,1,,,data
2885,9780345355416,,amazon,skipped,0,0,,0,0,0,0,1,,,data
2886,9780425072608,,amazon,skipped,0,0,,0,0,0,0,1,,,data
2887,9780425033661,,amazon,skipped,0,0,,0,0,0,0,1,,,data
2888,9780380803149,,amazon,skipped,0,0,,0,0,0,0,1,,,data
2889,9780345306883,,amazon,skipped,0,0,,0,0,0,0,1,,,data
2890,9780670818105,,amazon,skipped,0,0,,0,0,0,0,1,,,data
2891,9780312202019,,amazon,skipped,0,0,,0,0,0,0,1,,,data
2892,9780671243166,,amazon,skipped,0,0,,0,0,0,0,1,,,data
2893,9780312872052,,amazon,skipped,0,0,,0,0,0,0,1,,,data
2894,9780451122438,,amazon,skipped,0,0,,0,0,0,0,1,,,data
2895,9780312850319,,amazon,skipped,0,0,,0,0,0,0,1,,,data
2896,9780679413677,,amazon,skipped,0,0,,0,0,0,0,1,,,data
2897,9780890871096,,amazon,skipped,0,0,,0,0,0,0,1,,,data
2898,9781555422110,,amazon,skipped,0,0,,0,0,0,0,1,,,data
2899,9780671731380,,amazon,skipped,0,0,,0,0,0,0,1,,,data
2900,9780843107999,,amazon,skipped,0,0,,0,0,0,0,1,,,data
2901,9780446352222,,amazon,skipped,0,0,,0,0,0,0,1,,,data
2902,9780553242201,,amazon,skipped,0,0,,0,0,0,0,1,,,data
2903,9780373261109,,amazon,skipped,0,0,,0,0,0,0,1,,,data
2904,9780345297655,,amazon,skipped,0,0,,0,0,0,0,1,,,data
2905,9780440214977,,amazon,skipped,0,0,,0,0,0,0,1,,,data
2906,9780380585861,,amazon,skipped,0,0,,0,0,0,0,1,,,data
2907,9780671558222,,amazon,skipped,0,0,,0,0,0,0,1,,,data
2908,9780960267699,,amazon,skipped,0,0,,0,0,0,0,1,,,data
2909,9780684197388,,amazon,skipped,0,0,,0,0,0,0,1,,,data
2910,9780811200615,,amazon,skipped,0,0,,0,0,0,0,1,,,data
2911,9780842362504,,amazon,skipped,0,0,,0,0,0,0,1,,,data
2912,9781929001064,,amazon,skipped,0,0,,0,0,0,0,1,,,data
2913,9780060162849,,amazon,skipped,0,0,,0,0,0,0,1,,,data
2914,9780394538365,,amazon,skipped,0,0,,0,0,0,0,1,,,data
2915,9780694517480,,amazon,skipped,0,0,,0,0,0,0,1,,,data
2916,9780756401092,,amazon,skipped,0,0,,0,0,0,0,1,,,data
2917,9781883518059,,amazon,skipped,0,0,,0,0,0,0,1,,,data
2918,9780140165951,,amazon,skipped,0,0,,0,0,0,0,1,,,data
2919,9780967857008,,amazon,skipped,0,0,,0,0,0,0,1,,,data
2920,9780140048261,,amazon,skipped,0,0,,0,0,0,0,1,,,data
2921,9780140160000,,amazon,skipped,0,0,,0,0,0,0,1,,,data
2922,9780373104970,,amazon,skipped,0,0,,0,0,0,0,1,,,data
2923,9780373031221,,amazon,skipped,0,0,,0,0,0,0,1,,,data
2924,9780060086206,,amazon,skipped,0,0,,0,0,0,0,1,,,data
2925,9780785275374,,amazon,skipped,0,0,,0,0,0,0,1,,,data
2926,9780345336460,,amazon,skipped,0,0,,0,0,0,0,1,,,data
2927,9780690000108,,amazon,skipped,0,0,,0,0,0,0,1,,,data
2928,9780739404393,,amazon,empty,0,7,title; authors; publisher; origin; date_of_publication; language; genres,0,0,0,0,10,,,data
2929,9780446314442,,amazon,skipped,0,0,,0,0,0,0,1,,,data
2930,9780671624644,,amazon,skipped,0,0,,0,0,0,0,1,,,data
2931,9780440189763,,amazon,skipped,0,0,,0,0,0,0,1,,,data
2932,9780140235869,,amazon,skipped,0,0,,0,0,0,0,1,,,data
2933,9780425145425,,amazon,skipped,0,0,,0,0,0,0,1,,,data
2934,9780451140043,,amazon,skipped,0,0,,0,0,0,0,1,,,data
2935,9780451821119,,amazon,skipped,0,0,,0,0,0,0,1,,,data
2936,9780452254299,,amazon,skipped,0,0,,0,0,0,0,1,,,data
2937,9780590456449,,amazon,skipped,0,0,,0,0,0,0,1,,,data
2938,9780590456494,,amazon,skipped,0,0,,0,0,0,0,1,,,data
2939,9780061053702,,amazon,skipped,0,0,,0,0,0,0,1,,,data
2940,9781584854234,,amazon,skipped,0,0,,0,0,0,0,1,,,data
2941,9780451167651,,amazon,empty,0,7,title; authors; publisher; origin; date_of_publication; language; genres,0,0,0,0,10,,,data
2942,9780517573280,,amazon,skipped,0,0,,0,0,0,0,1,,,data
2943,9780848716103,,amazon,skipped,0,0,,0,0,0,0,1,,,data
2944,9780609600900,,amazon,skipped,0,0,,0,0,0,0,1,,,data
2945,9780792706830,,amazon,skipped,0,0,,0,0,0,0,1,,,data
2946,9780451405685,,amazon,skipped,0,0,,0,0,0,0,1,,,data
2947,9780843926224,,amazon,skipped,0,0,,0,0,0,0,1,,,data
2948,9780571177158,,amazon,skipped,0,0,,0,0,0,0,1,,,data
2949,9780380016778,,amazon,skipped,0,0,,0,0,0,0,1,,,data
2950,9780964863507,,amazon,skipped,0,0,,0,0,0,0,1,,,data
2951,9780448149554,,amazon,skipped,0,0,,0,0,0,0,1,,,data
2952,9780505516466,,amazon,skipped,0,0,,0,0,0,0,1,,,data
2953,9780671430665,,amazon,skipped,0,0,,0,0,0,0,1,,,data
2954,9780345339522,,amazon,skipped,0,0,,0,0,0,0,1,,,data
2955,9780345421890,,amazon,skipped,0,0,,0,0,0,0,1,,,data
2956,9780800809645,,amazon,skipped,0,0,,0,0,0,0,1,,,data
2957,9780792454021,,amazon,skipped,0,0,,0,0,0,0,1,,,data
2958,9780307623461,,amazon,skipped,0,0,,0,0,0,0,1,,,data
2959,9780915463176,,amazon,skipped,0,0,,0,0,0,0,1,,,data
2960,9780449244005,,amazon,skipped,0,0,,0,0,0,0,1,,,data
2961,9780553218992,,amazon,skipped,0,0,,0,0,0,0,1,,,data
2962,9780523425252,,amazon,skipped,0,0,,0,0,0,0,1,,,data
2963,9780451147318,,amazon,skipped,0,0,,0,0,0,0,1,,,data
2964,9780425043820,,amazon,skipped,0,0,,0,0,0,0,1,,,data
2965,9780890838679,,amazon,skipped,0,0,,0,0,0,0,1,,,data
2966,9780091723903,,amazon,skipped,0,0,,0,0,0,0,1,,,data
2967,9780374519681,,amazon,skipped,0,0,,0,0,0,0,1,,,data
2968,9780449239988,,amazon,skipped,0,0,,0,0,0,0,1,,,data
2969,9780425034057,,amazon,skipped,0,0,,0,0,0,0,1,,,data
2970,9780449214657,,amazon,skipped,0,0,,0,0,0,0,1,,,data
2971,9780871310620,,amazon,skipped,0,0,,0,0,0,0,1,,,data
2972,9780671738709,,amazon,skipped,0,0,,0,0,0,0,1,,,data
2973,9780816716760,,amazon,skipped,0,0,,0,0,0,0,1,,,data
2974,9780671592301,,amazon,skipped,0,0,,0,0,0,0,1,,,data
2975,9781555425395,,amazon,skipped,0,0,,0,0,0,0,1,,,data
2976,9780688082208,,amazon,skipped,0,0,,0,0,0,0,1,,,data
2977,9780451135193,,amazon,skipped,0,0,,0,0,0,0,1,,,data
2978,9780373166756,,amazon,skipped,0,0,,0,0,0,0,1,,,data
2979,9780451125293,,amazon,skipped,0,0,,0,0,0,0,1,,,data
2980,9780452270985,,amazon,skipped,0,0,,0,0,0,0,1,,,data
2981,9780451130532,,amazon,skipped,0,0,,0,0,0,0,1,,,data
2982,9780809247349,,amazon,skipped,0,0,,0,0,0,0,1,,,data
2983,9780374230715,,amazon,skipped,0,0,,0,0,0,0,1,,,data
2984,9780803742185,,amazon,skipped,0,0,,0,0,0,0,1,,,data
2985,9780385470506,,amazon,skipped,0,0,,0,0,0,0,1,,,data
2986,9780340168813,,amazon,skipped,0,0,,0,0,0,0,1,,,data
2987,9780449123744,,amazon,skipped,0,0,,0,0,0,0,1,,,data
2988,9780314023537,,amazon,skipped,0,0,,0,0,0,0,1,,,data
2989,9780307100023,,amazon,skipped,0,0,,0,0,0,0,1,,,data
2990,9780373610648,,amazon,skipped,0,0,,0,0,0,0,1,,,data
2991,9780771067778,,amazon,skipped,0,0,,0,0,0,0,1,,,data
2992,9780380763337,,amazon,skipped,0,0,,0,0,0,0,1,,,data
2993,9780373027446,,amazon,skipped,0,0,,0,0,0,0,1,,,data
2994,9780373027521,,amazon,skipped,0,0,,0,0,0,0,1,,,data
2995,9780373092833,,amazon,skipped,0,0,,0,0,0,0,1,,,data
2996,9780440142034,,amazon,skipped,0,0,,0,0,0,0,1,,,data
2997,9780515053883,,amazon,skipped,0,0,,0,0,0,0,1,,,data
2998,9780553235463,,amazon,skipped,0,0,,0,0,0,0,1,,,data
2999,9780553100907,,amazon,skipped,0,0,,0,0,0,0,1,,,data
3000,9780595200658,,amazon,skipped,0,0,,0,0,0,0,1,,,data
3001,9780373613151,,amazon,skipped,0,0,,0,0,0,0,1,,,data
3002,9780373025510,,amazon,skipped,0,0,,0,0,0,0,1,,,data
3003,9780440164609,,amazon,skipped,0,0,,0,0,0,0,1,,,data
3004,9780312917791,,amazon,skipped,0,0,,0,0,0,0,1,,,data
3005,9780802150394,,amazon,skipped,0,0,,0,0,0,0,1,,,data
3006,9780843922707,,amazon,skipped,0,0,,0,0,0,0,1,,,data
3007,9781557737717,,amazon,skipped,0,0,,0,0,0,0,1,,,data
3008,9780373031009,,amazon,skipped,0,0,,0,0,0,0,1,,,data
3009,9781564144188,,amazon,skipped,0,0,,0,0,0,0,1,,,data
3010,9780866119528,,amazon,skipped,0,0,,0,0,0,0,1,,,data
3011,9780866119863,,amazon,skipped,0,0,,0,0,0,0,1,,,data
3012,9780866119870,,amazon,skipped,0,0,,0,0,0,0,1,,,data
3013,9780553149463,,amazon,skipped,0,0,,0,0,0,0,1,,,data
3014,9780451163554,,amazon,skipped,0,0,,0,0,0,0,1,,,data
3015,9780517118405,,amazon,skipped,0,0,,0,0,0,0,1,,,data
3016,9780380750986,,amazon,skipped,0,0,,0,0,0,0,1,,,data
3017,9780843950748,,amazon,skipped,0,0,,0,0,0,0,1,,,data
3018,9780312907723,,amazon,skipped,0,0,,0,0,0,0,1,,,data
3019,9781891852022,,amazon,skipped,0,0,,0,0,0,0,1,,,data
3020,9780312853037,,amazon,skipped,0,0,,0,0,0,0,1,,,data
3021,9780967202907,,amazon,skipped,0,0,,0,0,0,0,1,,,data
3022,9780821750926,,amazon,skipped,0,0,,0,0,0,0,1,,,data
3023,9780515101010,,amazon,skipped,0,0,,0,0,0,0,1,,,data
3024,9780750906876,,amazon,skipped,0,0,,0,0,0,0,1,,,data
3025,9780812520057,,amazon,skipped,0,0,,0,0,0,0,1,,,data
3026,9780345307354,,amazon,skipped,0,0,,0,0,0,0,1,,,data
3027,9780451454614,,amazon,skipped,0,0,,0,0,0,0,1,,,data
3028,9780801012266,,amazon,skipped,0,0,,0,0,0,0,1,,,data
3029,9781560763239,,amazon,skipped,0,0,,0,0,0,0,1,,,data
3030,9780671537654,,amazon,skipped,0,0,,0,0,0,0,1,,,data
3031,9780843925111,,amazon,skipped,0,0,,0,0,0,0,1,,,data
3032,9780446313049,,amazon,skipped,0,0,,0,0,0,0,1,,,data
3033,9780939149858,,amazon,skipped,0,0,,0,0,0,0,1,,,data
3034,9780671536312,,amazon,skipped,0,0,,0,0,0,0,1,,,data
3035,9780782118902,,amazon,skipped,0,0,,0,0,0,0,1,,,data
3036,9780440174417,,amazon,skipped,0,0,,0,0,0,0,1,,,data
3037,9780671786007,,amazon,skipped,0,0,,0,0,0,0,1,,,data
3038,9780151730766,,amazon,skipped,0,0,,0,0,0,0,1,,,data
3039,9780517185049,,amazon,skipped,0,0,,0,0,0,0,1,,,data
3040,9780061020193,,amazon,skipped,0,0,,0,0,0,0,1,,,data
3041,9780440201434,,amazon,skipped,0,0,,0,0,0,0,1,,,data
3042,9780312970819,,amazon,skipped,0,0,,0,0,0,0,1,,,data
3043,9780451097453,,amazon,skipped,0,0,,0,0,0,0,1,,,data
3044,9780446329255,,amazon,skipped,0,0,,0,0,0,0,1,,,data
3045,9780345365620,,amazon,skipped,0,0,,0,0,0,0,1,,,data
3046,9780517561072,,amazon,skipped,0,0,,0,0,0,0,1,,,data
3047,9780805070965,,amazon,skipped,0,0,,0,0,0,0,1,,,data
3048,9781555835729,,amazon,skipped,0,0,,0,0,0,0,1,,,data
3049,9780393315592,,amazon,skipped,0,0,,0,0,0,0,1,,,data
3050,9780393323306,,amazon,skipped,0,0,,0,0,0,0,1,,,data
3051,9780706413236,,amazon,skipped,0,0,,0,0,0,0,1,,,data
3052,9780276420351,,amazon,skipped,0,0,,0,0,0,0,1,,,data
3053,9781896503110,,amazon,skipped,0,0,,0,0,0,0,1,,,data
3054,9780778800132,,amazon,skipped,0,0,,0,0,0,0,1,,,data
3055,9781568656465,,amazon,skipped,0,0,,0,0,0,0,1,,,data
3056,9780842340977,,amazon,skipped,0,0,,0,0,0,0,1,,,data
3057,9780152606473,,amazon,skipped,0,0,,0,0,0,0,1,,,data
3058,9781558532311,,amazon,skipped,0,0,,0,0,0,0,1,,,data
3059,9781557850737,,amazon,skipped,0,0,,0,0,0,0,1,,,data
3060,9780872237452,,amazon,skipped,0,0,,0,0,0,0,1,,,data
3061,9780440215066,,amazon,skipped,0,0,,0,0,0,0,1,,,data
3062,9780898795073,,amazon,skipped,0,0,,0,0,0,0,1,,,data
3063,9781401025854,,amazon,skipped,0,0,,0,0,0,0,1,,,data
3064,9780385493413,,amazon,skipped,0,0,,0,0,0,0,1,,,data
3065,9780767900119,,amazon,skipped,0,0,,0,0,0,0,1,,,data
3066,9780910383189,,amazon,skipped,0,0,,0,0,0,0,1,,,data
3067,9780967542997,,amazon,skipped,0,0,,0,0,0,0,1,,,data
3068,9780743214346,,amazon,skipped,0,0,,0,0,0,0,1,,,data
3069,9781902881478,,amazon,skipped,0,0,,0,0,0,0,1,,,data
3070,9780743223263,,amazon,skipped,0,0,,0,0,0,0,1,,,data
3071,9780312856625,,amazon,skipped,0,0,,0,0,0,0,1,,,data
3072,9780262132152,,amazon,skipped,0,0,,0,0,0,0,1,,,data
3073,9780521343060,,amazon,skipped,0,0,,0,0,0,0,1,,,data
3074,9780312850999,,amazon,skipped,0,0,,0,0,0,0,1,,,data
3075,9780060162757,,amazon,skipped,0,0,,0,0,0,0,1,,,data
3076,9780670811786,,amazon,skipped,0,0,,0,0,0,0,1,,,data
3077,9780688117306,,amazon,skipped,0,0,,0,0,0,0,1,,,data
3078,9780380762828,,amazon,skipped,0,0,,0,0,0,0,1,,,data
3079,9780970746863,,amazon,skipped,0,0,,0,0,0,0,1,,,data
3080,9780316955041,,amazon,skipped,0,0,,0,0,0,0,1,,,data
3081,9780553564761,,amazon,skipped,0,0,,0,0,0,0,1,,,data
3082,9780471627784,,amazon,skipped,0,0,,0,0,0,0,1,,,data
3083,9780471506607,,amazon,skipped,0,0,,0,0,0,0,1,,,data
3084,9780944002186,,amazon,skipped,0,0,,0,0,0,0,1,,,data
3085,9780553057485,,amazon,skipped,0,0,,0,0,0,0,1,,,data
3086,9780471618089,,amazon,skipped,0,0,,0,0,0,0,1,,,data
3087,9780312865436,,amazon,skipped,0,0,,0,0,0,0,1,,,data
3088,9780425191309,,amazon,skipped,0,0,,0,0,0,0,1,,,data
3089,9783890291536,,amazon,skipped,0,0,,0,0,0,0,1,,,data
3090,9789813068933,,amazon,skipped,0,0,,0,0,0,0,1,,,data
3091,9783550071508,,amazon,skipped,0,0,,0,0,0,0,1,,,data
3092,9783499230950,,amazon,skipped,0,0,,0,0,0,0,1,,,data
3093,9783462035025,,amazon,skipped,0,0,,0,0,0,0,1,,,data
3094,9783442309177,,amazon,skipped,0,0,,0,0,0,0,1,,,data
3095,9783813501278,,amazon,skipped,0,0,,0,0,0,0,1,,,data
3096,9780967911984,,amazon,skipped,0,0,,0,0,0,0,1,,,data
3097,9780967911915,,amazon,skipped,0,0,,0,0,0,0,1,,,data
3098,9780702233869,,amazon,skipped,0,0,,0,0,0,0,1,,,data
3099,9780688137502,,amazon,skipped,0,0,,0,0,0,0,1,,,data
3100,9780413591807,,amazon,skipped,0,0,,0,0,0,0,1,,,data
3101,9780349107752,,amazon,skipped,0,0,,0,0,0,0,1,,,data
3102,9780156026932,,amazon,skipped,0,0,,0,0,0,0,1,,,data
3103,9780312155223,,amazon,skipped,0,0,,0,0,0,0,1,,,data
3104,9780304343393,,amazon,skipped,0,0,,0,0,0,0,1,,,data
3105,9780439060356,,amazon,skipped,0,0,,0,0,0,0,1,,,data
3106,9780880016322,,amazon,skipped,0,0,,0,0,0,0,1,,,data
3107,9780345350701,,amazon,skipped,0,0,,0,0,0,0,1,,,data
3108,9780385490108,,amazon,skipped,0,0,,0,0,0,0,1,,,data
3109,9781550541762,,amazon,skipped,0,0,,0,0,0,0,1,,,data
3110,9780451400932,,amazon,skipped,0,0,,0,0,0,0,1,,,data
3111,9780515073676,,amazon,skipped,0,0,,0,0,0,0,1,,,data
3112,9780445204485,,amazon,skipped,0,0,,0,0,0,0,1,,,data
3113,9780671739232,,amazon,skipped,0,0,,0,0,0,0,1,,,data
3114,9780671019426,,amazon,skipped,0,0,,0,0,0,0,1,,,data
3115,9780671723422,,amazon,skipped,0,0,,0,0,0,0,1,,,data
3116,9780515089295,,amazon,skipped,0,0,,0,0,0,0,1,,,data
3117,9781557739513,,amazon,skipped,0,0,,0,0,0,0,1,,,data
3118,9780821766170,,amazon,skipped,0,0,,0,0,0,0,1,,,data
3119,9780505520098,,amazon,skipped,0,0,,0,0,0,0,1,,,data
3120,9780843944594,,amazon,skipped,0,0,,0,0,0,0,1,,,data
3121,9780821734421,,amazon,skipped,0,0,,0,0,0,0,1,,,data
3122,9780553231588,,amazon,skipped,0,0,,0,0,0,0,1,,,data
3123,9780380763115,,amazon,skipped,0,0,,0,0,0,0,1,,,data
3124,9780821745847,,amazon,skipped,0,0,,0,0,0,0,1,,,data
3125,9780006139232,,amazon,skipped,0,0,,0,0,0,0,1,,,data
3126,9780523405438,,amazon,skipped,0,0,,0,0,0,0,1,,,data
3127,9780553205244,,amazon,skipped,0,0,,0,0,0,0,1,,,data
3128,9780877952190,,amazon,skipped,0,0,,0,0,0,0,1,,,data
3129,9780385085793,,amazon,skipped,0,0,,0,0,0,0,1,,,data
3130,9780449208311,,amazon,skipped,0,0,,0,0,0,0,1,,,data
3131,9780553137835,,amazon,skipped,0,0,,0,0,0,0,1,,,data
3132,9780671452858,,amazon,skipped,0,0,,0,0,0,0,1,,,data
3133,9780345312372,,amazon,skipped,0,0,,0,0,0,0,1,,,data
3134,9780451090195,,amazon,skipped,0,0,,0,0,0,0,1,,,data
3135,9780671473983,,amazon,skipped,0,0,,0,0,0,0,1,,,data
3136,9780515082494,,amazon,skipped,0,0,,0,0,0,0,1,,,data
3137,9780671420437,,amazon,skipped,0,0,,0,0,0,0,1,,,data
3138,9780671501761,,amazon,skipped,0,0,,0,0,0,0,1,,,data
3139,9780373088133,,amazon,skipped,0,0,,0,0,0,0,1,,,data
3140,9780425086742,,amazon,skipped,0,0,,0,0,0,0,1,,,data
3141,9780425080153,,amazon,skipped,0,0,,0,0,0,0,1,,,data
3142,9780449208724,,amazon,skipped,0,0,,0,0,0,0,1,,,data
3143,9780373790098,,amazon,skipped,0,0,,0,0,0,0,1,,,data
3144,9780553232707,,amazon,skipped,0,0,,0,0,0,0,1,,,data
3145,9780373033645,,amazon,skipped,0,0,,0,0,0,0,1,,,data
3146,9780373034079,,amazon,skipped,0,0,,0,0,0,0,1,,,data
3147,9780373033577,,amazon,skipped,0,0,,0,0,0,0,1,,,data
3148,9780373034109,,amazon,skipped,0,0,,0,0,0,0,1,,,data
3149,9780373033515,,amazon,skipped,0,0,,0,0,0,0,1,,,data
3150,9780373033355,,amazon,skipped,0,0,,0,0,0,0,1,,,data
3151,9780373033539,,amazon,skipped,0,0,,0,0,0,0,1,,,data
3152,9780373033454,,amazon,skipped,0,0,,0,0,0,0,1,,,data
3153,9780373222742,,amazon,skipped,0,0,,0,0,0,0,1,,,data
3154,9780373222919,,amazon,skipped,0,0,,0,0,0,0,1,,,data
3155,9780373222902,,amazon,skipped,0,0,,0,0,0,0,1,,,data
3156,9780373222766,,amazon,skipped,0,0,,0,0,0,0,1,,,data
3157,9780373223206,,amazon,skipped,0,0,,0,0,0,0,1,,,data
3158,9780440406587,,amazon,skipped,0,0,,0,0,0,0,1,,,data
3159,9780886774486,,amazon,skipped,0,0,,0,0,0,0,1,,,data
3160,9780523480282,,amazon,skipped,0,0,,0,0,0,0,1,,,data
3161,9780671743901,,amazon,skipped,0,0,,0,0,0,0,1,,,data
3162,9780671688073,,amazon,skipped,0,0,,0,0,0,0,1,,,data
3163,9780679503637,,amazon,skipped,0,0,,0,0,0,0,1,,,data
3164,9780553027709,,amazon,skipped,0,0,,0,0,0,0,1,,,data
3165,9780532124825,,amazon,skipped,0,0,,0,0,0,0,1,,,data
3166,9780698103207,,amazon,skipped,0,0,,0,0,0,0,1,,,data
3167,9780843904505,,amazon,skipped,0,0,,0,0,0,0,1,,,data
3168,9780671695811,,amazon,skipped,0,0,,0,0,0,0,1,,,data
3169,9780671811402,,amazon,skipped,0,0,,0,0,0,0,1,,,data
3170,9780345386649,,amazon,skipped,0,0,,0,0,0,0,1,,,data
3171,9780380009183,,amazon,skipped,0,0,,0,0,0,0,1,,,data
3172,9780446328135,,amazon,skipped,0,0,,0,0,0,0,1,,,data
3173,9780446305907,,amazon,skipped,0,0,,0,0,0,0,1,,,data
3174,9780449702413,,amazon,skipped,0,0,,0,0,0,0,1,,,data
3175,9780523406602,,amazon,skipped,0,0,,0,0,0,0,1,,,data
3176,9780553228090,,amazon,skipped,0,0,,0,0,0,0,1,,,data
3177,9781558173569,,amazon,skipped,0,0,,0,0,0,0,1,,,data
3178,9781558173729,,amazon,skipped,0,0,,0,0,0,0,1,,,data
3179,9781558172449,,amazon,skipped,0,0,,0,0,0,0,1,,,data
3180,9781558174214,,amazon,skipped,0,0,,0,0,0,0,1,,,data
3181,9780671020248,,amazon,empty,0,7,title; authors; publisher; origin; date_of_publication; language; genres,0,0,0,0,10,,,data
3182,9780671020200,,amazon,empty,0,7,title; authors; publisher; origin; date_of_publication; language; genres,0,0,0,0,10,,,data
3183,9780440150701,,amazon,skipped,0,0,,0,0,0,0,1,,,data
3184,9780373094394,,amazon,skipped,0,0,,0,0,0,0,1,,,data
3185,9780671474430,,amazon,skipped,0,0,,0,0,0,0,1,,,data
3186,9780373160075,,amazon,skipped,0,0,,0,0,0,0,1,,,data
3187,9780373160761,,amazon,skipped,0,0,,0,0,0,0,1,,,data
3188,9780373709489,,amazon,skipped,0,0,,0,0,0,0,1,,,data
3189,9780373709144,,amazon,skipped,0,0,,0,0,0,0,1,,,data
3190,9780451178732,,amazon,skipped,0,0,,0,0,0,0,1,,,data
3191,9780671504700,,amazon,skipped,0,0,,0,0,0,0,1,,,data
3192,9780451149589,,amazon,skipped,0,0,,0,0,0,0,1,,,data
3193,9780505522023,,amazon,skipped,0,0,,0,0,0,0,1,,,data
3194,9780553095005,,amazon,skipped,0,0,,0,0,0,0,1,,,data
3195,9780915658831,,amazon,skipped,0,0,,0,0,0,0,1,,,data
3196,9780345278357,,amazon,skipped,0,0,,0,0,0,0,1,,,data
3197,9780743526371,,amazon,skipped,0,0,,0,0,0,0,1,,,data
3198,9780345302489,,amazon,skipped,0,0,,0,0,0,0,1,,,data
3199,9780394750804,,amazon,skipped,0,0,,0,0,0,0,1,,,data
3200,9781556430718,,amazon,skipped,0,0,,0,0,0,0,1,,,data
3201,9780671729707,,amazon,skipped,0,0,,0,0,0,0,1,,,data
3202,9780890043486,,amazon,skipped,0,0,,0,0,0,0,1,,,data
3203,9780393302387,,amazon,skipped,0,0,,0,0,0,0,1,,,data
3204,9780515040470,,amazon,skipped,0,0,,0,0,0,0,1,,,data
3205,9780515041255,,amazon,skipped,0,0,,0,0,0,0,1,,,data
3206,9780451173577,,amazon,skipped,0,0,,0,0,0,0,1,,,data
3207,9780449221921,,amazon,skipped,0,0,,0,0,0,0,1,,,data
3208,9780380800667,,amazon,skipped,0,0,,0,0,0,0,1,,,data
3209,9780911745122,,amazon,skipped,0,0,,0,0,0,0,1,,,data
3210,9780915920679,,amazon,skipped,0,0,,0,0,0,0,1,,,data
3211,9780394411590,,amazon,skipped,0,0,,0,0,0,0,1,,,data
3212,9780899199696,,amazon,skipped,0,0,,0,0,0,0,1,,,data
3213,9780688058890,,amazon,skipped,0,0,,0,0,0,0,1,,,data
3214,9780020288305,,amazon,skipped,0,0,,0,0,0,0,1,,,data
3215,9780821767221,,amazon,skipped,0,0,,0,0,0,0,1,,,data
3216,9780452009868,,amazon,skipped,0,0,,0,0,0,0,1,,,data
3217,9780877950493,,amazon,skipped,0,0,,0,0,0,0,1,,,data
3218,9783423130752,,amazon,skipped,0,0,,0,0,0,0,1,,,data
3219,9783492270465,,amazon,skipped,0,0,,0,0,0,0,1,,,data
3220,9783404147335,,amazon,skipped,0,0,,0,0,0,0,1,,,data
3221,9780465024353,,amazon,skipped,0,0,,0,0,0,0,1,,,data
3222,9783442117581,,amazon,skipped,0,0,,0,0,0,0,1,,,data
3223,9780500237038,,amazon,skipped,0,0,,0,0,0,0,1,,,data
3224,9780881847314,,amazon,skipped,0,0,,0,0,0,0,1,,,data
3225,9780771014949,,amazon,skipped,0,0,,0,0,0,0,1,,,data
3226,9780821220566,,amazon,skipped,0,0,,0,0,0,0,1,,,data
3227,9780525945284,,amazon,skipped,0,0,,0,0,0,0,1,,,data
3228,9780861635603,,amazon,skipped,0,0,,0,0,0,0,1,,,data
3229,9780446601344,,amazon,skipped,0,0,,0,0,0,0,1,,,data
3230,9783491960107,,amazon,skipped,0,0,,0,0,0,0,1,,,data
3231,9780385065498,,amazon,skipped,0,0,,0,0,0,0,1,,,data
3232,9781854799876,,amazon,skipped,0,0,,0,0,0,0,1,,,data
3233,9780375407215,,amazon,skipped,0,0,,0,0,0,0,1,,,data
3234,9780696019722,,amazon,skipped,0,0,,0,0,0,0,1,,,data
3235,9781891442131,,amazon,skipped,0,0,,0,0,0,0,1,,,data
3236,9780763403058,,amazon,skipped,0,0,,0,0,0,0,1,,,data
3237,9780195032727,,amazon,skipped,0,0,,0,0,0,0,1,,,data
3238,9780395670255,,amazon,skipped,0,0,,0,0,0,0,1,,,data
3239,9783518374528,,amazon,skipped,0,0,,0,0,0,0,1,,,data
3240,9780394549408,,amazon,skipped,0,0,,0,0,0,0,1,,,data
3241,9780060196226,,amazon,skipped,0,0,,0,0,0,0,1,,,data
3242,9780448095400,,amazon,skipped,0,0,,0,0,0,0,1,,,data
3243,9780380807024,,amazon,skipped,0,0,,0,0,0,0,1,,,data
3244,9781881164166,,amazon,skipped,0,0,,0,0,0,0,1,,,data
3245,9781881164173,,amazon,skipped,0,0,,0,0,0,0,1,,,data
3246,9780771014772,,amazon,skipped,0,0,,0,0,0,0,1,,,data
3247,9780395960547,,amazon,skipped,0,0,,0,0,0,0,1,,,data
3248,9781574883589,,amazon,skipped,0,0,,0,0,0,0,1,,,data
3249,9780312078119,,amazon,skipped,0,0,,0,0,0,0,1,,,data
3250,9780743427821,,amazon,skipped,0,0,,0,0,0,0,1,,,data
3251,9780517556764,,amazon,skipped,0,0,,0,0,0,0,1,,,data
3252,9780896600164,,amazon,skipped,0,0,,0,0,0,0,1,,,data
3253,9780887059278,,amazon,skipped,0,0,,0,0,0,0,1,,,data
3254,9780140230246,,amazon,skipped,0,0,,0,0,0,0,1,,,data
3255,9780521539777,,amazon,skipped,0,0,,0,0,0,0,1,,,data
3256,9780299187347,,amazon,skipped,0,0,,0,0,0,0,1,,,data
3257,9781557738820,,amazon,skipped,0,0,,0,0,0,0,1,,,data
3258,9780312853921,,amazon,skipped,0,0,,0,0,0,0,1,,,data
3259,9780688109165,,amazon,skipped,0,0,,0,0,0,0,1,,,data
3260,9780440160618,,amazon,skipped,0,0,,0,0,0,0,1,,,data
3261,9780441377503,,amazon,skipped,0,0,,0,0,0,0,1,,,data
3262,9780345434012,,amazon,skipped,0,0,,0,0,0,0,1,,,data
3263,9780517701522,,amazon,skipped,0,0,,0,0,0,0,1,,,data
3265,9780394719566,,amazon,skipped,0,0,,0,0,0,0,1,,,data
3266,9780553346374,,amazon,skipped,0,0,,0,0,0,0,1,,,data
3267,9780806906089,,amazon,skipped,0,0,,0,0,0,0,1,,,data
3268,9780394583020,,amazon,skipped,0,0,,0,0,0,0,1,,,data
3269,9780689505430,,amazon,skipped,0,0,,0,0,0,0,1,,,data
3270,9780395751855,,amazon,skipped,0,0,,0,0,0,0,1,,,data
3271,9780689505218,,amazon,skipped,0,0,,0,0,0,0,1,,,data
3272,9780553210408,,amazon,skipped,0,0,,0,0,0,0,1,,,data
3273,9780440203223,,amazon,skipped,0,0,,0,0,0,0,1,,,data
3274,9780425165164,,amazon,skipped,0,0,,0,0,0,0,1,,,data
3275,9781885030245,,amazon,skipped,0,0,,0,0,0,0,1,,,data
3276,9780060932213,,amazon,skipped,0,0,,0,0,0,0,1,,,data
3277,9780912588308,,amazon,skipped,0,0,,0,0,0,0,1,,,data
3278,9781578661015,,amazon,skipped,0,0,,0,0,0,0,1,,,data
3279,9780440404064,,amazon,skipped,0,0,,0,0,0,0,1,,,data
3280,9780679742807,,amazon,skipped,0,0,,0,0,0,0,1,,,data
3281,9780060199043,,amazon,skipped,0,0,,0,0,0,0,1,,,data
3282,9780890132111,,amazon,skipped,0,0,,0,0,0,0,1,,,data
3283,9780671648763,,amazon,skipped,0,0,,0,0,0,0,1,,,data
3284,9780679456254,,amazon,skipped,0,0,,0,0,0,0,1,,,data
3285,9780688112714,,amazon,skipped,0,0,,0,0,0,0,1,,,data
3286,9780690017823,,amazon,skipped,0,0,,0,0,0,0,1,,,data
3287,9780451627094,,amazon,skipped,0,0,,0,0,0,0,1,,,data
3288,9780025211605,,amazon,skipped,0,0,,0,0,0,0,1,,,data
3289,9780517543221,,amazon,skipped,0,0,,0,0,0,0,1,,,data
3290,9781880141168,,amazon,skipped,0,0,,0,0,0,0,1,,,data
3291,9780441859467,,amazon,skipped,0,0,,0,0,0,0,1,,,data
3292,9780345287700,,amazon,skipped,0,0,,0,0,0,0,1,,,data
3293,9780425108956,,amazon,skipped,0,0,,0,0,0,0,1,,,data
3294,9780316540919,,amazon,skipped,0,0,,0,0,0,0,1,,,data
3295,9781569471517,,amazon,skipped,0,0,,0,0,0,0,1,,,data
3296,9780399142819,,amazon,skipped,0,0,,0,0,0,0,1,,,data
3297,9780805205305,,amazon,skipped,0,0,,0,0,0,0,1,,,data
3298,9780878337217,,amazon,skipped,0,0,,0,0,0,0,1,,,data
3299,9780582642317,,amazon,skipped,0,0,,0,0,0,0,1,,,data
3300,9780152047054,,amazon,skipped,0,0,,0,0,0,0,1,,,data
3301,9780618196258,,amazon,skipped,0,0,,0,0,0,0,1,,,data
3302,9780380707867,,amazon,skipped,0,0,,0,0,0,0,1,,,data
3303,9780671626303,,amazon,skipped,0,0,,0,0,0,0,1,,,data
3304,9781567311532,,amazon,skipped,0,0,,0,0,0,0,1,,,data
3305,9780446518864,,amazon,skipped,0,0,,0,0,0,0,1,,,data
3306,9780877956006,,amazon,skipped,0,0,,0,0,0,0,1,,,data
3307,9780312152451,,amazon,skipped,0,0,,0,0,0,0,1,,,data
3308,9780440208617,,amazon,skipped,0,0,,0,0,0,0,1,,,data
3309,9780312187002,,amazon,skipped,0,0,,0,0,0,0,1,,,data
3310,9780679767930,,amazon,skipped,0,0,,0,0,0,0,1,,,data
3311,9780679758662,,amazon,skipped,0,0,,0,0,0,0,1,,,data
3312,9780929895284,,amazon,skipped,0,0,,0,0,0,0,1,,,data
3313,9780811815864,,amazon,skipped,0,0,,0,0,0,0,1,,,data
3314,9781560252702,,amazon,skipped,0,0,,0,0,0,0,1,,,data
3315,9780399526275,,amazon,skipped,0,0,,0,0,0,0,1,,,data
3316,9780811213769,,amazon,skipped,0,0,,0,0,0,0,1,,,data
3317,9780805209600,,amazon,skipped,0,0,,0,0,0,0,1,,,data
3318,9780679434481,,amazon,skipped,0,0,,0,0,0,0,1,,,data
3319,9780764550515,,amazon,skipped,0,0,,0,0,0,0,1,,,data
3320,9780764552595,,amazon,skipped,0,0,,0,0,0,0,1,,,data
3322,9780684869834,,amazon,skipped,0,0,,0,0,0,0,1,,,data
3323,9780439297240,,amazon,skipped,0,0,,0,0,0,0,1,,,data
3324,9781567186949,,amazon,skipped,0,0,,0,0,0,0,1,,,data
3325,9780062516305,,amazon,skipped,0,0,,0,0,0,0,1,,,data
3326,9780395488904,,amazon,skipped,0,0,,0,0,0,0,1,,,data
3327,9780060006655,,amazon,skipped,0,0,,0,0,0,0,1,,,data
3328,9780425183083,,amazon,skipped,0,0,,0,0,0,0,1,,,data
3329,9780316273053,,amazon,skipped,0,0,,0,0,0,0,1,,,data
3330,9780380818594,,amazon,skipped,0,0,,0,0,0,0,1,,,data
3331,9780380713837,,amazon,skipped,0,0,,0,0,0,0,1,,,data
3332,9780415923200,,amazon,skipped,0,0,,0,0,0,0,1,,,data
3333,9780674078550,,amazon,skipped,0,0,,0,0,0,0,1,,,data
3334,9780029347706,,amazon,skipped,0,0,,0,0,0,0,1,,,data
3335,9780684189505,,amazon,skipped,0,0,,0,0,0,0,1,,,data
3336,9780671001759,,amazon,skipped,0,0,,0,0,0,0,1,,,data
3337,9780316321402,,amazon,skipped,0,0,,0,0,0,0,1,,,data
3338,9780375724589,,amazon,skipped,0,0,,0,0,0,0,1,,,data
3339,9781888451030,,amazon,skipped,0,0,,0,0,0,0,1,,,data
3340,9780425091388,,amazon,skipped,0,0,,0,0,0,0,1,,,data
3341,9780345313850,,amazon,skipped,0,0,,0,0,0,0,1,,,data
3342,9780345434227,,amazon,skipped,0,0,,0,0,0,0,1,,,data
3343,9780380496686,,amazon,skipped,0,0,,0,0,0,0,1,,,data
3344,9780877958413,,amazon,skipped,0,0,,0,0,0,0,1,,,data
3345,9780156012898,,amazon,skipped,0,0,,0,0,0,0,1,,,data
3346,9780896219007,,amazon,skipped,0,0,,0,0,0,0,1,,,data
3347,9780688064488,,amazon,skipped,0,0,,0,0,0,0,1,,,data
3348,9780553290318,,amazon,skipped,0,0,,0,0,0,0,1,,,data
3349,9780920470381,,amazon,skipped,0,0,,0,0,0,0,1,,,data
3350,9780940666436,,amazon,skipped,0,0,,0,0,0,0,1,,,data
3351,9780906540909,,amazon,skipped,0,0,,0,0,0,0,1,,,data
3352,9780684803159,,amazon,skipped,0,0,,0,0,0,0,1,,,data
3353,9780553348095,,amazon,skipped,0,0,,0,0,0,0,1,,,data
3354,9780884790235,,amazon,skipped,0,0,,0,0,0,0,1,,,data
3355,9780912333137,,amazon,skipped,0,0,,0,0,0,0,1,,,data
3356,9780671734114,,amazon,skipped,0,0,,0,0,0,0,1,,,data
3357,9780553104967,,amazon,skipped,0,0,,0,0,0,0,1,,,data
3358,9780385324045,,amazon,skipped,0,0,,0,0,0,0,1,,,data
3359,9780060619954,,amazon,skipped,0,0,,0,0,0,0,1,,,data
3360,9780060601799,,amazon,skipped,0,0,,0,0,0,0,1,,,data
3361,9780394571645,,amazon,skipped,0,0,,0,0,0,0,1,,,data
3362,9780811821049,,amazon,skipped,0,0,,0,0,0,0,1,,,data
3363,9780609604274,,amazon,skipped,0,0,,0,0,0,0,1,,,data
3364,9780449287682,,amazon,skipped,0,0,,0,0,0,0,1,,,data
3365,9780679870012,,amazon,skipped,0,0,,0,0,0,0,1,,,data
3366,9780881843323,,amazon,skipped,0,0,,0,0,0,0,1,,,data
3367,9781575025155,,amazon,skipped,0,0,,0,0,0,0,1,,,data
3368,9780446678278,,amazon,skipped,0,0,,0,0,0,0,1,,,data
3369,9780877934356,,amazon,skipped,0,0,,0,0,0,0,1,,,data
3370,9780201093124,,amazon,skipped,0,0,,0,0,0,0,1,,,data
3371,9780380005536,,amazon,skipped,0,0,,0,0,0,0,1,,,data
3372,9780890093894,,amazon,skipped,0,0,,0,0,0,0,1,,,data
3373,9780609800027,,amazon,skipped,0,0,,0,0,0,0,1,,,data
3374,9788806147419,,amazon,skipped,0,0,,0,0,0,0,1,,,data
3375,9780140021851,,amazon,skipped,0,0,,0,0,0,0,1,,,data
3376,9780811201001,,amazon,skipped,0,0,,0,0,0,0,1,,,data
3377,9780609804094,,amazon,skipped,0,0,,0,0,0,0,1,,,data
3378,9780684811284,,amazon,skipped,0,0,,0,0,0,0,1,,,data
3379,9780671224233,,amazon,skipped,0,0,,0,0,0,0,1,,,data
3380,9780023885815,,amazon,skipped,0,0,,0,0,0,0,1,,,data
3381,9780534213244,,amazon,skipped,0,0,,0,0,0,0,1,,,data
3382,9780534094447,,amazon,skipped,0,0,,0,0,0,0,1,,,data
3383,9780696012259,,amazon,skipped,0,0,,0,0,0,0,1,,,data
3384,9780849931338,,amazon,skipped,0,0,,0,0,0,0,1,,,data
3385,9780671224066,,amazon,skipped,0,0,,0,0,0,0,1,,,data
3386,9781855383449,,amazon,skipped,0,0,,0,0,0,0,1,,,data
3387,9780062511218,,amazon,skipped,0,0,,0,0,0,0,1,,,data
3388,9780316380096,,amazon,skipped,0,0,,0,0,0,0,1,,,data
3389,9781567407815,,amazon,skipped,0,0,,0,0,0,0,1,,,data
3390,9780060721954,,amazon,skipped,0,0,,0,0,0,0,1,,,data
3391,9780553230222,,amazon,skipped,0,0,,0,0,0,0,1,,,data
3392,9780451171146,,amazon,skipped,0,0,,0,0,0,0,1,,,data
3393,9780373711727,,amazon,skipped,0,0,,0,0,0,0,1,,,data
3394,9780553562002,,amazon,skipped,0,0,,0,0,0,0,1,,,data
3395,9780505523396,,amazon,skipped,0,0,,0,0,0,0,1,,,data
3396,9780451154347,,amazon,skipped,0,0,,0,0,0,0,1,,,data
3397,9780843951028,,amazon,skipped,0,0,,0,0,0,0,1,,,data
3398,9780505519702,,amazon,skipped,0,0,,0,0,0,0,1,,,data
3399,9781551665917,,amazon,skipped,0,0,,0,0,0,0,1,,,data
3400,9780380803668,,amazon,skipped,0,0,,0,0,0,0,1,,,data
3401,9780380767472,,amazon,skipped,0,0,,0,0,0,0,1,,,data
3402,9780373166688,,amazon,skipped,0,0,,0,0,0,0,1,,,data
3403,9780373762378,,amazon,skipped,0,0,,0,0,0,0,1,,,data
3404,9780373259755,,amazon,skipped,0,0,,0,0,0,0,1,,,data
3405,9780373076666,,amazon,skipped,0,0,,0,0,0,0,1,,,data
3406,9780373106882,,amazon,skipped,0,0,,0,0,0,0,1,,,data
3407,9780373760688,,amazon,skipped,0,0,,0,0,0,0,1,,,data
3408,9780373056736,,amazon,skipped,0,0,,0,0,0,0,1,,,data
3409,9780373056781,,amazon,skipped,0,0,,0,0,0,0,1,,,data
3410,9780373059652,,amazon,skipped,0,0,,0,0,0,0,1,,,data
3411,9780373288809,,amazon,skipped,0,0,,0,0,0,0,1,,,data
3412,9780373023936,,amazon,skipped,0,0,,0,0,0,0,1,,,data
3413,9780373110735,,amazon,skipped,0,0,,0,0,0,0,1,,,data
3414,9780373098491,,amazon,skipped,0,0,,0,0,0,0,1,,,data
3415,9780373701971,,amazon,skipped,0,0,,0,0,0,0,1,,,data
3416,9780373691173,,amazon,skipped,0,0,,0,0,0,0,1,,,data
3417,9780373099450,,amazon,skipped,0,0,,0,0,0,0,1,,,data
3418,9780373089970,,amazon,skipped,0,0,,0,0,0,0,1,,,data
3419,9780373168149,,amazon,skipped,0,0,,0,0,0,0,1,,,data
3420,9780373055418,,amazon,skipped,0,0,,0,0,0,0,1,,,data
3421,9780373760398,,amazon,skipped,0,0,,0,0,0,0,1,,,data
3422,9780671727345,,amazon,skipped,0,0,,0,0,0,0,1,,,data
3423,9780312964832,,amazon,skipped,0,0,,0,0,0,0,1,,,data
3424,9780316289443,,amazon,skipped,0,0,,0,0,0,0,1,,,data
3425,9780373708253,,amazon,skipped,0,0,,0,0,0,0,1,,,data
3426,9780553251920,,amazon,skipped,0,0,,0,0,0,0,1,,,data
3427,9780425073155,,amazon,skipped,0,0,,0,0,0,0,1,,,data
3428,9780451204783,,amazon,skipped,0,0,,0,0,0,0,1,,,data
3429,9780553239867,,amazon,skipped,0,0,,0,0,0,0,1,,,data
3430,9780553235760,,amazon,skipped,0,0,,0,0,0,0,1,,,data
3431,9780446827881,,amazon,skipped,0,0,,0,0,0,0,1,,,data
3432,9780380755516,,amazon,skipped,0,0,,0,0,0,0,1,,,data
3433,9780425168127,,amazon,skipped,0,0,,0,0,0,0,1,,,data
3434,9780425149003,,amazon,skipped,0,0,,0,0,0,0,1,,,data
3435,9780425153840,,amazon,skipped,0,0,,0,0,0,0,1,,,data
3436,9780373706174,,amazon,skipped,0,0,,0,0,0,0,1,,,data
3437,9780373032716,,amazon,skipped,0,0,,0,0,0,0,1,,,data
3438,9780373288670,,amazon,skipped,0,0,,0,0,0,0,1,,,data
3439,9780553227840,,amazon,skipped,0,0,,0,0,0,0,1,,,data
3440,9780451145383,,amazon,skipped,0,0,,0,0,0,0,1,,,data
3441,9780694523900,,amazon,skipped,0,0,,0,0,0,0,1,,,data
3442,9780671582258,,amazon,skipped,0,0,,0,0,0,0,1,,,data
3443,9780394559827,,amazon,skipped,0,0,,0,0,0,0,1,,,data
3444,9780553479553,,amazon,skipped,0,0,,0,0,0,0,1,,,data
3445,9780515081824,,amazon,skipped,0,0,,0,0,0,0,1,,,data
3446,9780373701230,,amazon,skipped,0,0,,0,0,0,0,1,,,data
3447,9781555836207,,amazon,skipped,0,0,,0,0,0,0,1,,,data
3448,9780020310211,,amazon,skipped,0,0,,0,0,0,0,1,,,data
3449,9780060507831,,amazon,skipped,0,0,,0,0,0,0,1,,,data
3450,9780440508649,,amazon,skipped,0,0,,0,0,0,0,1,,,data
3451,9780140299595,,amazon,skipped,0,0,,0,0,0,0,1,,,data
3452,9780842335607,,amazon,skipped,0,0,,0,0,0,0,1,,,data
3453,9781565078178,,amazon,skipped,0,0,,0,0,0,0,1,,,data
3454,9781557531315,,amazon,skipped,0,0,,0,0,0,0,1,,,data
3455,9780434301133,,amazon,skipped,0,0,,0,0,0,0,1,,,data
3456,9780312928865,,amazon,skipped,0,0,,0,0,0,0,1,,,data
3457,9780671022938,,amazon,skipped,0,0,,0,0,0,0,1,,,data
3458,9780590255134,,amazon,skipped,0,0,,0,0,0,0,1,,,data
3459,9780553267228,,amazon,skipped,0,0,,0,0,0,0,1,,,data
3460,9780312962845,,amazon,skipped,0,0,,0,0,0,0,1,,,data
3461,9780531041697,,amazon,skipped,0,0,,0,0,0,0,1,,,data
3462,9780140390520,,amazon,skipped,0,0,,0,0,0,0,1,,,data
3463,9780590336673,,amazon,skipped,0,0,,0,0,0,0,1,,,data
3464,9780060534059,,amazon,skipped,0,0,,0,0,0,0,1,,,data
3465,9780756401931,,amazon,skipped,0,0,,0,0,0,0,1,,,data
3466,9781893896352,,amazon,skipped,0,0,,0,0,0,0,1,,,data
3467,9781402202698,,amazon,skipped,0,0,,0,0,0,0,1,,,data
3468,9780352339003,,amazon,skipped,0,0,,0,0,0,0,1,,,data
3469,9780312990022,,amazon,skipped,0,0,,0,0,0,0,1,,,data
3470,9780345447418,,amazon,skipped,0,0,,0,0,0,0,1,,,data
3471,9780352334480,,amazon,skipped,0,0,,0,0,0,0,1,,,data
3472,9780345417084,,amazon,skipped,0,0,,0,0,0,0,1,,,data
3473,9780345442642,,amazon,skipped,0,0,,0,0,0,0,1,,,data
3474,9780451458698,,amazon,skipped,0,0,,0,0,0,0,1,,,data
3475,9780345442581,,amazon,skipped,0,0,,0,0,0,0,1,,,data
3476,9780352330703,,amazon,skipped,0,0,,0,0,0,0,1,,,data
3477,9780352337276,,amazon,skipped,0,0,,0,0,0,0,1,,,data
3478,9780352334916,,amazon,skipped,0,0,,0,0,0,0,1,,,data
3479,9780312998868,,amazon,skipped,0,0,,0,0,0,0,1,,,data
3480,9780812566536,,amazon,skipped,0,0,,0,0,0,0,1,,,data
3481,9780446607810,,amazon,skipped,0,0,,0,0,0,0,1,,,data
3482,9780312986032,,amazon,skipped,0,0,,0,0,0,0,1,,,data
3483,9780451459312,,amazon,skipped,0,0,,0,0,0,0,1,,,data
3484,9780765344427,,amazon,skipped,0,0,,0,0,0,0,1,,,data
3485,9780451411044,,amazon,skipped,0,0,,0,0,0,0,1,,,data
3486,9780451456915,,amazon,skipped,0,0,,0,0,0,0,1,,,data
3487,9781581822953,,amazon,skipped,0,0,,0,0,0,0,1,,,data
3488,9780441005017,,amazon,skipped,0,0,,0,0,0,0,1,,,data
3489,9780684814643,,amazon,skipped,0,0,,0,0,0,0,1,,,data
3490,9780821750360,,amazon,skipped,0,0,,0,0,0,0,1,,,data
3491,9780806906188,,amazon,skipped,0,0,,0,0,0,0,1,,,data
3492,9780743412506,,amazon,skipped,0,0,,0,0,0,0,1,,,data
3493,9780743412490,,amazon,skipped,0,0,,0,0,0,0,1,,,data
3494,9780440501022,,amazon,skipped,0,0,,0,0,0,0,1,,,data
3495,9780671775827,,amazon,skipped,0,0,,0,0,0,0,1,,,data
3496,9780671774639,,amazon,skipped,0,0,,0,0,0,0,1,,,data
3497,9780425123133,,amazon,skipped,0,0,,0,0,0,0,1,,,data
3498,9780823030354,,amazon,skipped,0,0,,0,0,0,0,1,,,data
3499,9780340873618,,amazon,skipped,0,0,,0,0,0,0,1,,,data
3500,9780764554292,,amazon,skipped,0,0,,0,0,0,0,1,,,data
3501,9780321193759,,amazon,skipped,0,0,,0,0,0,0,1,,,data
3502,9780754111894,,amazon,skipped,0,0,,0,0,0,0,1,,,data
3503,9780330481144,,amazon,skipped,0,0,,0,0,0,0,1,,,data
3504,9780330489072,,amazon,skipped,0,0,,0,0,0,0,1,,,data
3505,9780967577111,,amazon,skipped,0,0,,0,0,0,0,1,,,data
3506,9780739429129,,amazon,skipped,0,0,,0,0,0,0,1,,,data
3507,9780880970792,,amazon,skipped,0,0,,0,0,0,0,1,,,data
3508,9780875303215,,amazon,skipped,0,0,,0,0,0,0,1,,,data
3509,9780875302096,,amazon,skipped,0,0,,0,0,0,0,1,,,data
3510,9780875303123,,amazon,skipped,0,0,,0,0,0,0,1,,,data
3511,9781581744163,,amazon,skipped,0,0,,0,0,0,0,1,,,data
3512,9780026890229,,amazon,skipped,0,0,,0,0,0,0,1,,,data
3513,9780826943002,,amazon,skipped,0,0,,0,0,0,0,1,,,data
3514,9780744001945,,amazon,skipped,0,0,,0,0,0,0,1,,,data
3515,9781879664012,,amazon,skipped,0,0,,0,0,0,0,1,,,data
3516,9780814476178,,amazon,skipped,0,0,,0,0,0,0,1,,,data
3517,9780970580443,,amazon,skipped,0,0,,0,0,0,0,1,,,data
3518,9780743530200,,amazon,skipped,0,0,,0,0,0,0,1,,,data
3519,9780971736603,,amazon,skipped,0,0,,0,0,0,0,1,,,data
3520,9780812968538,,amazon,skipped,0,0,,0,0,0,0,1,,,data
3521,9780375725180,,amazon,skipped,0,0,,0,0,0,0,1,,,data
3522,9780679432449,,amazon,skipped,0,0,,0,0,0,0,1,,,data
3523,9780060198268,,amazon,skipped,0,0,,0,0,0,0,1,,,data
3524,9783791322216,,amazon,skipped,0,0,,0,0,0,0,1,,,data
3525,9780060008383,,amazon,skipped,0,0,,0,0,0,0,1,,,data
3526,9780966621334,,amazon,skipped,0,0,,0,0,0,0,1,,,data
3527,9780192839572,,amazon,skipped,0,0,,0,0,0,0,1,,,data
3528,9781585744657,,amazon,skipped,0,0,,0,0,0,0,1,,,data
3529,9780061097911,,amazon,skipped,0,0,,0,0,0,0,1,,,data
3530,9781852423810,,amazon,skipped,0,0,,0,0,0,0,1,,,data
3531,9780786842551,,amazon,skipped,0,0,,0,0,0,0,1,,,data
3532,9780786842292,,amazon,skipped,0,0,,0,0,0,0,1,,,data
3533,9780861631476,,amazon,skipped,0,0,,0,0,0,0,1,,,data
3534,9780816734320,,amazon,skipped,0,0,,0,0,0,0,1,,,data
3535,9780811804523,,amazon,skipped,0,0,,0,0,0,0,1,,,data
3536,9781874061830,,amazon,skipped,0,0,,0,0,0,0,1,,,data
3537,9780060084066,,amazon,skipped,0,0,,0,0,0,0,1,,,data
3538,9782226034236,,amazon,skipped,0,0,,0,0,0,0,1,,,data
3539,9782226089441,,amazon,skipped,0,0,,0,0,0,0,1,,,data
3540,9781558611948,,amazon,skipped,0,0,,0,0,0,0,1,,,data
3541,9782253154327,,amazon,skipped,0,0,,0,0,0,0,1,,,data
3542,9782707125286,,amazon,skipped,0,0,,0,0,0,0,1,,,data
3543,9782226034212,,amazon,skipped,0,0,,0,0,0,0,1,,,data
3544,9780671646615,,amazon,skipped,0,0,,0,0,0,0,1,,,data
3545,9782253151418,,amazon,skipped,0,0,,0,0,0,0,1,,,data
3546,9788433908896,,amazon,skipped,0,0,,0,0,0,0,1,,,data
3547,9782290314784,,amazon,skipped,0,0,,0,0,0,0,1,,,data
3548,9782290318638,,amazon,skipped,0,0,,0,0,0,0,1,,,data
3549,9782070366743,,amazon,skipped,0,0,,0,0,0,0,1,,,data
3550,9782290153529,,amazon,skipped,0,0,,0,0,0,0,1,,,data
3551,9780198601319,,amazon,skipped,0,0,,0,0,0,0,1,,,data
3552,9780062734426,,amazon,skipped,0,0,,0,0,0,0,1,,,data
3553,9780060137380,,amazon,skipped,0,0,,0,0,0,0,1,,,data
3554,9780452282315,,amazon,skipped,0,0,,0,0,0,0,1,,,data
3555,9780140366969,,amazon,skipped,0,0,,0,0,0,0,1,,,data
3556,9781400020294,,amazon,skipped,0,0,,0,0,0,0,1,,,data
3557,9781853264894,,amazon,skipped,0,0,,0,0,0,0,1,,,data
3558,9780821765456,,amazon,skipped,0,0,,0,0,0,0,1,,,data
3559,9780156005883,,amazon,skipped,0,0,,0,0,0,0,1,,,data
3560,9780813390161,,amazon,skipped,0,0,,0,0,0,0,1,,,data
3561,9780743474511,,amazon,skipped,0,0,,0,0,0,0,1,,,data
3562,9780812505108,,amazon,skipped,0,0,,0,0,0,0,1,,,data
3563,9780440911340,,amazon,skipped,0,0,,0,0,0,0,1,,,data
3564,9780441217724,,amazon,skipped,0,0,,0,0,0,0,1,,,data
3565,9780385262187,,amazon,skipped,0,0,,0,0,0,0,1,,,data
3566,9780679311195,,amazon,skipped,0,0,,0,0,0,0,1,,,data
3567,9780006385950,,amazon,skipped,0,0,,0,0,0,0,1,,,data
3568,9780449224762,,amazon,skipped,0,0,,0,0,0,0,1,,,data
3569,9780449148761,,amazon,skipped,0,0,,0,0,0,0,1,,,data
3570,9780671636487,,amazon,skipped,0,0,,0,0,0,0,1,,,data
3571,9780752585390,,amazon,skipped,0,0,,0,0,0,0,1,,,data
3572,9780843933888,,amazon,skipped,0,0,,0,0,0,0,1,,,data
3573,9780671508937,,amazon,skipped,0,0,,0,0,0,0,1,,,data
3574,9780889751798,,amazon,skipped,0,0,,0,0,0,0,1,,,data
3575,9780889751743,,amazon,skipped,0,0,,0,0,0,0,1,,,data
3576,9780889751514,,amazon,skipped,0,0,,0,0,0,0,1,,,data
3577,9780452258310,,amazon,skipped,0,0,,0,0,0,0,1,,,data
3578,9780889751866,,amazon,skipped,0,0,,0,0,0,0,1,,,data
3579,9780889751712,,amazon,skipped,0,0,,0,0,0,0,1,,,data
3580,9780889751552,,amazon,skipped,0,0,,0,0,0,0,1,,,data
3581,9780889752047,,amazon,skipped,0,0,,0,0,0,0,1,,,data
3582,9780889751699,,amazon,skipped,0,0,,0,0,0,0,1,,,data
3583,9780060194185,,amazon,skipped,0,0,,0,0,0,0,1,,,data
3584,9780874803532,,amazon,skipped,0,0,,0,0,0,0,1,,,data
3585,9780393030020,,amazon,skipped,0,0,,0,0,0,0,1,,,data
3586,9780811900676,,amazon,skipped,0,0,,0,0,0,0,1,,,data
3587,9780843105629,,amazon,skipped,0,0,,0,0,0,0,1,,,data
3588,9780529050366,,amazon,skipped,0,0,,0,0,0,0,1,,,data
3589,9780883752012,,amazon,skipped,0,0,,0,0,0,0,1,,,data
3590,9780373240159,,amazon,skipped,0,0,,0,0,0,0,1,,,data
3591,9780446301725,,amazon,skipped,0,0,,0,0,0,0,1,,,data
3592,9780704334748,,amazon,skipped,0,0,,0,0,0,0,1,,,data
3593,9781552634745,,amazon,skipped,0,0,,0,0,0,0,1,,,data
3594,9780771007804,,amazon,skipped,0,0,,0,0,0,0,1,,,data
3595,9780226143163,,amazon,skipped,0,0,,0,0,0,0,1,,,data
3596,9780743246415,,amazon,skipped,0,0,,0,0,0,0,1,,,data
3597,9781582972473,,amazon,skipped,0,0,,0,0,0,0,1,,,data
3598,9780060929299,,amazon,skipped,0,0,,0,0,0,0,1,,,data
3599,9780440218548,,amazon,skipped,0,0,,0,0,0,0,1,,,data
3600,9780440224105,,amazon,skipped,0,0,,0,0,0,0,1,,,data
3601,9780452273313,,amazon,skipped,0,0,,0,0,0,0,1,,,data
3602,9780394503127,,amazon,skipped,0,0,,0,0,0,0,1,,,data
3603,9788475967783,,amazon,skipped,0,0,,0,0,0,0,1,,,data
3604,9783442435586,,amazon,skipped,0,0,,0,0,0,0,1,,,data
3605,9783785702277,,amazon,skipped,0,0,,0,0,0,0,1,,,data
3606,9783455013573,,amazon,skipped,0,0,,0,0,0,0,1,,,data
3607,9783423124836,,amazon,skipped,0,0,,0,0,0,0,1,,,data
3608,9783425067254,,amazon,skipped,0,0,,0,0,0,0,1,,,data
3609,9783125217157,,amazon,skipped,0,0,,0,0,0,0,1,,,data
3610,9780060968748,,amazon,skipped,0,0,,0,0,0,0,1,,,data
3611,9783423250870,,amazon,skipped,0,0,,0,0,0,0,1,,,data
3612,9783123512315,,amazon,skipped,0,0,,0,0,0,0,1,,,data
3613,9783123512407,,amazon,skipped,0,0,,0,0,0,0,1,,,data
3614,9783423124805,,amazon,skipped,0,0,,0,0,0,0,1,,,data
3615,9783122618407,,amazon,skipped,0,0,,0,0,0,0,1,,,data
3616,9783473580224,,amazon,skipped,0,0,,0,0,0,0,1,,,data
3617,9783150074701,,amazon,skipped,0,0,,0,0,0,0,1,,,data
3618,9783150000854,,amazon,skipped,0,0,,0,0,0,0,1,,,data
3619,9783407783356,,amazon,skipped,0,0,,0,0,0,0,1,,,data
3620,9781565049246,,amazon,skipped,0,0,,0,0,0,0,1,,,data
3621,9780441005956,,amazon,skipped,0,0,,0,0,0,0,1,,,data
3622,9780061060854,,amazon,skipped,0,0,,0,0,0,0,1,,,data
3623,9780061060830,,amazon,skipped,0,0,,0,0,0,0,1,,,data
3624,9780061062926,,amazon,skipped,0,0,,0,0,0,0,1,,,data
3625,9780821732731,,amazon,skipped,0,0,,0,0,0,0,1,,,data
3626,9780553575590,,amazon,skipped,0,0,,0,0,0,0,1,,,data
3627,9788439702092,,amazon,skipped,0,0,,0,0,0,0,1,,,data
3628,9789501519518,,amazon,skipped,0,0,,0,0,0,0,1,,,data
3629,9780743411271,,amazon,skipped,0,0,,0,0,0,0,1,,,data
3630,9780671037017,,amazon,skipped,0,0,,0,0,0,0,1,,,data
3631,9781559587600,,amazon,skipped,0,0,,0,0,0,0,1,,,data
3632,9780671676339,,amazon,skipped,0,0,,0,0,0,0,1,,,data
3633,9780385315487,,amazon,skipped,0,0,,0,0,0,0,1,,,data
3634,9784887755178,,amazon,skipped,0,0,,0,0,0,0,1,,,data
3635,9780316837057,,amazon,skipped,0,0,,0,0,0,0,1,,,data
3636,9780394727264,,amazon,skipped,0,0,,0,0,0,0,1,,,data
3637,9780312001865,,amazon,skipped,0,0,,0,0,0,0,1,,,data
3638,9780375504280,,amazon,skipped,0,0,,0,0,0,0,1,,,data
3639,9781558962606,,amazon,skipped,0,0,,0,0,0,0,1,,,data
3640,9780751533798,,amazon,skipped,0,0,,0,0,0,0,1,,,data
3641,9780552991865,,amazon,skipped,0,0,,0,0,0,0,1,,,data
3642,9780747263326,,amazon,skipped,0,0,,0,0,0,0,1,,,data
3643,9780080207162,,amazon,skipped,0,0,,0,0,0,0,1,,,data
3644,9780007110919,,amazon,skipped,0,0,,0,0,0,0,1,,,data
3645,9780836230307,,amazon,skipped,0,0,,0,0,0,0,1,,,data
3646,9780340581964,,amazon,skipped,0,0,,0,0,0,0,1,,,data
3647,9780722516249,,amazon,skipped,0,0,,0,0,0,0,1,,,data
3648,9781902035024,,amazon,skipped,0,0,,0,0,0,0,1,,,data
3649,9781565970809,,amazon,skipped,0,0,,0,0,0,0,1,,,data
3650,9780373244560,,amazon,skipped,0,0,,0,0,0,0,1,,,data
3651,9780851001210,,amazon,skipped,0,0,,0,0,0,0,1,,,data
3652,9780140026566,,amazon,skipped,0,0,,0,0,0,0,1,,,data
3653,9780460878098,,amazon,skipped,0,0,,0,0,0,0,1,,,data
3654,9781857920727,,amazon,skipped,0,0,,0,0,0,0,1,,,data
3655,9781857920178,,amazon,skipped,0,0,,0,0,0,0,1,,,data
3656,9781857923940,,amazon,skipped,0,0,,0,0,0,0,1,,,data
3657,9781871676877,,amazon,skipped,0,0,,0,0,0,0,1,,,data
3658,9781852532901,,amazon,skipped,0,0,,0,0,0,0,1,,,data
3659,9781857821871,,amazon,skipped,0,0,,0,0,0,0,1,,,data
3660,9780460878692,,amazon,skipped,0,0,,0,0,0,0,1,,,data
3661,9780460879019,,amazon,skipped,0,0,,0,0,0,0,1,,,data
3662,9780460878715,,amazon,skipped,0,0,,0,0,0,0,1,,,data
3663,9780460878951,,amazon,skipped,0,0,,0,0,0,0,1,,,data
3664,9780460878777,,amazon,skipped,0,0,,0,0,0,0,1,,,data
3665,9781853066580,,amazon,skipped,0,0,,0,0,0,0,1,,,data
3666,9780852064702,,amazon,skipped,0,0,,0,0,0,0,1,,,data
3667,9780312082659,,amazon,skipped,0,0,,0,0,0,0,1,,,data
3668,9780002157100,,amazon,skipped,0,0,,0,0,0,0,1,,,data
3669,9780806959634,,amazon,skipped,0,0,,0,0,0,0,1,,,data
3670,9781873475935,,amazon,skipped,0,0,,0,0,0,0,1,,,data
3671,9780749397098,,amazon,skipped,0,0,,0,0,0,0,1,,,data
3672,9781853811395,,amazon,skipped,0,0,,0,0,0,0,1,,,data
3673,9780722146019,,amazon,skipped,0,0,,0,0,0,0,1,,,data
3674,9780854766246,,amazon,skipped,0,0,,0,0,0,0,1,,,data
3675,9780854764143,,amazon,skipped,0,0,,0,0,0,0,1,,,data
3676,9780882549408,,amazon,skipped,0,0,,0,0,0,0,1,,,data
3677,9781851523696,,amazon,skipped,0,0,,0,0,0,0,1,,,data
3678,9780721409986,,amazon,skipped,0,0,,0,0,0,0,1,,,data
3679,9780330320184,,amazon,skipped,0,0,,0,0,0,0,1,,,data
3680,9780751517514,,amazon,skipped,0,0,,0,0,0,0,1,,,data
3681,9780553293654,,amazon,skipped,0,0,,0,0,0,0,1,,,data
3682,9780330313087,,amazon,skipped,0,0,,0,0,0,0,1,,,data
3683,9780006329534,,amazon,skipped,0,0,,0,0,0,0,1,,,data
3684,9780552525282,,amazon,skipped,0,0,,0,0,0,0,1,,,data
3685,9781857820430,,amazon,skipped,0,0,,0,0,0,0,1,,,data
3686,9780552139182,,amazon,skipped,0,0,,0,0,0,0,1,,,data
3687,9783716502525,,amazon,skipped,0,0,,0,0,0,0,1,,,data
3688,9780586207901,,amazon,skipped,0,0,,0,0,0,0,1,,,data
3689,9780745937014,,amazon,skipped,0,0,,0,0,0,0,1,,,data
3690,9781875892167,,amazon,skipped,0,0,,0,0,0,0,1,,,data
3691,9780747560555,,amazon,skipped,0,0,,0,0,0,0,1,,,data
3692,9780525940982,,amazon,skipped,0,0,,0,0,0,0,1,,,data
3693,9781902618104,,amazon,skipped,0,0,,0,0,0,0,1,,,data
3694,9780007103867,,amazon,skipped,0,0,,0,0,0,0,1,,,data
3695,9780731616237,,amazon,skipped,0,0,,0,0,0,0,1,,,data
3696,9781863305792,,amazon,skipped,0,0,,0,0,0,0,1,,,data
3697,9780824512170,,amazon,skipped,0,0,,0,0,0,0,1,,,data
3698,9780751512908,,amazon,skipped,0,0,,0,0,0,0,1,,,data
3699,9788478095803,,amazon,skipped,0,0,,0,0,0,0,1,,,data
3700,9780669417418,,amazon,skipped,0,0,,0,0,0,0,1,,,data
3701,9780395868270,,amazon,skipped,0,0,,0,0,0,0,1,,,data
3702,9781878257499,,amazon,skipped,0,0,,0,0,0,0,1,,,data
3703,9780689812859,,amazon,skipped,0,0,,0,0,0,0,1,,,data
3704,9780534545444,,amazon,skipped,0,0,,0,0,0,0,1,,,data
3705,9780786004492,,amazon,skipped,0,0,,0,0,0,0,1,,,data
3706,9780141180977,,amazon,skipped,0,0,,0,0,0,0,1,,,data
3707,9780941920162,,amazon,skipped,0,0,,0,0,0,0,1,,,data
3708,9781555834807,,amazon,skipped,0,0,,0,0,0,0,1,,,data
3709,9780966069808,,amazon,skipped,0,0,,0,0,0,0,1,,,data
3710,9780452262355,,amazon,skipped,0,0,,0,0,0,0,1,,,data
3711,9780679748403,,amazon,skipped,0,0,,0,0,0,0,1,,,data
3712,9780534524432,,amazon,skipped,0,0,,0,0,0,0,1,,,data
3713,9780060116279,,amazon,skipped,0,0,,0,0,0,0,1,,,data
3714,9780517118900,,amazon,skipped,0,0,,0,0,0,0,1,,,data
3715,9780520018709,,amazon,skipped,0,0,,0,0,0,0,1,,,data
3716,9780066620039,,amazon,skipped,0,0,,0,0,0,0,1,,,data
3717,9780198751618,,amazon,skipped,0,0,,0,0,0,0,1,,,data
3718,9780872202290,,amazon,skipped,0,0,,0,0,0,0,1,,,data
3719,9780553575576,,amazon,skipped,0,0,,0,0,0,0,1,,,data
3720,9780393312577,,amazon,skipped,0,0,,0,0,0,0,1,,,data
3721,9780847817375,,amazon,skipped,0,0,,0,0,0,0,1,,,data
3722,9780807010372,,amazon,skipped,0,0,,0,0,0,0,1,,,data
3723,9780919345911,,amazon,skipped,0,0,,0,0,0,0,1,,,data
3724,9780919345188,,amazon,skipped,0,0,,0,0,0,0,1,,,data
3725,9780553579383,,amazon,skipped,0,0,,0,0,0,0,1,,,data
3726,9780671687656,,amazon,skipped,0,0,,0,0,0,0,1,,,data
3727,9780684855486,,amazon,skipped,0,0,,0,0,0,0,1,,,data
3728,9780763701796,,amazon,skipped,0,0,,0,0,0,0,1,,,data
3729,9780697391872,,amazon,skipped,0,0,,0,0,0,0,1,,,data
3730,9780130875525,,amazon,skipped,0,0,,0,0,0,0,1,,,data
3731,9780130654342,,amazon,skipped,0,0,,0,0,0,0,1,,,data
3732,9780131048782,,amazon,skipped,0,0,,0,0,0,0,1,,,data
3733,9780300056617,,amazon,skipped,0,0,,0,0,0,0,1,,,data
3734,9780312244675,,amazon,skipped,0,0,,0,0,0,0,1,,,data
3735,9780553585759,,amazon,skipped,0,0,,0,0,0,0,1,,,data
3736,9780028629049,,amazon,skipped,0,0,,0,0,0,0,1,,,data
3737,9780762703951,,amazon,skipped,0,0,,0,0,0,0,1,,,data
3738,9780452275102,,amazon,skipped,0,0,,0,0,0,0,1,,,data
3739,9780684834818,,amazon,skipped,0,0,,0,0,0,0,1,,,data
3740,9783762604679,,amazon,skipped,0,0,,0,0,0,0,1,,,data
3741,9783855023158,,amazon,skipped,0,0,,0,0,0,0,1,,,data
3742,9780395562635,,amazon,skipped,0,0,,0,0,0,0,1,,,data
3743,9780833544926,,amazon,skipped,0,0,,0,0,0,0,1,,,data
3744,9780670812356,,amazon,skipped,0,0,,0,0,0,0,1,,,data
3745,9780807576731,,amazon,skipped,0,0,,0,0,0,0,1,,,data
3746,9780027731903,,amazon,skipped,0,0,,0,0,0,0,1,,,data
3747,9780690042238,,amazon,skipped,0,0,,0,0,0,0,1,,,data
3748,9780823410163,,amazon,skipped,0,0,,0,0,0,0,1,,,data
3749,9780833549532,,amazon,skipped,0,0,,0,0,0,0,1,,,data
3750,9780881032673,,amazon,skipped,0,0,,0,0,0,0,1,,,data
3751,9780881032758,,amazon,skipped,0,0,,0,0,0,0,1,,,data
3752,9780027439601,,amazon,skipped,0,0,,0,0,0,0,1,,,data
3753,9780881032864,,amazon,skipped,0,0,,0,0,0,0,1,,,data
3754,9780394859187,,amazon,skipped,0,0,,0,0,0,0,1,,,data
3755,9780881031829,,amazon,skipped,0,0,,0,0,0,0,1,,,data
3756,9780688071622,,amazon,skipped,0,0,,0,0,0,0,1,,,data
3757,9783596152919,,amazon,skipped,0,0,,0,0,0,0,1,,,data
3758,9783442727124,,amazon,skipped,0,0,,0,0,0,0,1,,,data
3759,9783442726400,,amazon,skipped,0,0,,0,0,0,0,1,,,data
3760,9783499227424,,amazon,skipped,0,0,,0,0,0,0,1,,,data
3761,9783596294282,,amazon,skipped,0,0,,0,0,0,0,1,,,data
3762,9780349107660,,amazon,skipped,0,0,,0,0,0,0,1,,,data
3763,9780749313845,,amazon,skipped,0,0,,0,0,0,0,1,,,data
3764,9780330341165,,amazon,skipped,0,0,,0,0,0,0,1,,,data
3765,9780571131419,,amazon,skipped,0,0,,0,0,0,0,1,,,data
3766,9780345294814,,amazon,skipped,0,0,,0,0,0,0,1,,,data
3767,9789010017314,,amazon,skipped,0,0,,0,0,0,0,1,,,data
3768,9780380018369,,amazon,skipped,0,0,,0,0,0,0,1,,,data
3769,9789029017282,,amazon,skipped,0,0,,0,0,0,0,1,,,data
3770,9789061695004,,amazon,skipped,0,0,,0,0,0,0,1,,,data
3771,9789029547000,,amazon,skipped,0,0,,0,0,0,0,1,,,data
3772,9789053334560,,amazon,skipped,0,0,,0,0,0,0,1,,,data
3773,9789050180948,,amazon,skipped,0,0,,0,0,0,0,1,,,data
3774,9789070066321,,amazon,skipped,0,0,,0,0,0,0,1,,,data
3775,9789026303746,,amazon,skipped,0,0,,0,0,0,0,1,,,data
3776,9789021479866,,amazon,skipped,0,0,,0,0,0,0,1,,,data
3777,9789070066741,,amazon,skipped,0,0,,0,0,0,0,1,,,data
3778,9789070066451,,amazon,skipped,0,0,,0,0,0,0,1,,,data
3779,9789029000208,,amazon,skipped,0,0,,0,0,0,0,1,,,data
3780,9789029005425,,amazon,skipped,0,0,,0,0,0,0,1,,,data
3781,9780714509747,,amazon,skipped,0,0,,0,0,0,0,1,,,data
3782,9780385148313,,amazon,skipped,0,0,,0,0,0,0,1,,,data
3783,9781932100068,,amazon,skipped,0,0,,0,0,0,0,1,,,data
3784,9780743459037,,amazon,skipped,0,0,,0,0,0,0,1,,,data
3785,9780785105763,,amazon,skipped,0,0,,0,0,0,0,1,,,data
3786,9780743475044,,amazon,skipped,0,0,,0,0,0,0,1,,,data
3787,9781932453089,,amazon,skipped,0,0,,0,0,0,0,1,,,data
3788,9780743458146,,amazon,skipped,0,0,,0,0,0,0,1,,,data
3789,9780140482379,,amazon,skipped,0,0,,0,0,0,0,1,,,data
3790,9781555836344,,amazon,skipped,0,0,,0,0,0,0,1,,,data
3791,9780805073300,,amazon,skipped,0,0,,0,0,0,0,1,,,data
3792,9781889330167,,amazon,skipped,0,0,,0,0,0,0,1,,,data
3793,9780812970937,,amazon,skipped,0,0,,0,0,0,0,1,,,data
3794,9780890246177,,amazon,skipped,0,0,,0,0,0,0,1,,,data
3795,9780890244210,,amazon,skipped,0,0,,0,0,0,0,1,,,data
3796,9780140298420,,amazon,skipped,0,0,,0,0,0,0,1,,,data
3797,9780801071249,,amazon,skipped,0,0,,0,0,0,0,1,,,data
3798,9780062517777,,amazon,skipped,0,0,,0,0,0,0,1,,,data
3799,9780140370331,,amazon,skipped,0,0,,0,0,0,0,1,,,data
3800,9780553582390,,amazon,skipped,0,0,,0,0,0,0,1,,,data
3801,9781878739278,,amazon,skipped,0,0,,0,0,0,0,1,,,data
3802,9780575034839,,amazon,skipped,0,0,,0,0,0,0,1,,,data
3803,9780679776116,,amazon,skipped,0,0,,0,0,0,0,1,,,data
3804,9780865474222,,amazon,skipped,0,0,,0,0,0,0,1,,,data
3805,9780741413253,,amazon,skipped,0,0,,0,0,0,0,1,,,data
3806,9783770131891,,amazon,skipped,0,0,,0,0,0,0,1,,,data
3807,9783499262593,,amazon,skipped,0,0,,0,0,0,0,1,,,data
3808,9780812510669,,amazon,skipped,0,0,,0,0,0,0,1,,,data
3809,9780671015459,,amazon,skipped,0,0,,0,0,0,0,1,,,data
3810,9780812564877,,amazon,skipped,0,0,,0,0,0,0,1,,,data
3811,9780194315890,,amazon,skipped,0,0,,0,0,0,0,1,,,data
3812,9780471035329,,amazon,skipped,0,0,,0,0,0,0,1,,,data
3813,9780892815036,,amazon,skipped,0,0,,0,0,0,0,1,,,data
3814,9780194312820,,amazon,skipped,0,0,,0,0,0,0,1,,,data
3815,9780670324880,,amazon,skipped,0,0,,0,0,0,0,1,,,data
3816,9780140366723,,amazon,skipped,0,0,,0,0,0,0,1,,,data
3817,9780471852230,,amazon,skipped,0,0,,0,0,0,0,1,,,data
3818,9780138965235,,amazon,empty,0,7,title; authors; publisher; origin; date_of_publication; language; genres,0,0,0,0,10,,,data
3819,9780768909111,,amazon,skipped,0,0,,0,0,0,0,1,,,data
3820,9780130408952,,amazon,skipped,0,0,,0,0,0,0,1,,,data
3821,9780312981679,,amazon,skipped,0,0,,0,0,0,0,1,,,data
3822,9780821225578,,amazon,skipped,0,0,,0,0,0,0,1,,,data
3823,9780306807497,,amazon,skipped,0,0,,0,0,0,0,1,,,data
3824,9780802151063,,amazon,skipped,0,0,,0,0,0,0,1,,,data
3825,9780195065770,,amazon,skipped,0,0,,0,0,0,0,1,,,data
3826,9783257229516,,amazon,skipped,0,0,,0,0,0,0,1,,,data
3827,9780345374264,,amazon,skipped,0,0,,0,0,0,0,1,,,data
3828,9780679720096,,amazon,skipped,0,0,,0,0,0,0,1,,,data
3829,9780374523947,,amazon,skipped,0,0,,0,0,0,0,1,,,data
3830,9780140063066,,amazon,skipped,0,0,,0,0,0,0,1,,,data
3831,9780452270947,,amazon,skipped,0,0,,0,0,0,0,1,,,data
3832,9780140183030,,amazon,skipped,0,0,,0,0,0,0,1,,,data
3833,9780141308807,,amazon,empty,0,7,title; authors; publisher; origin; date_of_publication; language; genres,0,0,0,0,10,,,data
3834,9780754102717,,amazon,skipped,0,0,,0,0,0,0,1,,,data
3835,9780593027479,,amazon,skipped,0,0,,0,0,0,0,1,,,data
3836,9780352316974,,amazon,skipped,0,0,,0,0,0,0,1,,,data
3837,9783492235228,,amazon,skipped,0,0,,0,0,0,0,1,,,data
3838,9781853261206,,amazon,skipped,0,0,,0,0,0,0,1,,,data
3839,9780140170887,,amazon,skipped,0,0,,0,0,0,0,1,,,data
3840,9783491240582,,amazon,skipped,0,0,,0,0,0,0,1,,,data
3841,9783426621592,,amazon,skipped,0,0,,0,0,0,0,1,,,data
3842,9783125776609,,amazon,skipped,0,0,,0,0,0,0,1,,,data
3843,9780671315283,,amazon,skipped,0,0,,0,0,0,0,1,,,data
3844,9783453213401,,amazon,skipped,0,0,,0,0,0,0,1,,,data
3845,9783596134588,,amazon,skipped,0,0,,0,0,0,0,1,,,data
3846,9783453195929,,amazon,skipped,0,0,,0,0,0,0,1,,,data
3847,9783379015561,,amazon,skipped,0,0,,0,0,0,0,1,,,data
3848,9783442761272,,amazon,skipped,0,0,,0,0,0,0,1,,,data
3849,9783746618616,,amazon,skipped,0,0,,0,0,0,0,1,,,data
3850,9783423127998,,amazon,skipped,0,0,,0,0,0,0,1,,,data
3851,9780862416331,,amazon,skipped,0,0,,0,0,0,0,1,,,data
3852,9780852073520,,amazon,skipped,0,0,,0,0,0,0,1,,,data
3853,9780764551352,,amazon,skipped,0,0,,0,0,0,0,1,,,data
3854,9780813430324,,amazon,skipped,0,0,,0,0,0,0,1,,,data
3855,9780195130966,,amazon,skipped,0,0,,0,0,0,0,1,,,data
3856,9780375753770,,amazon,skipped,0,0,,0,0,0,0,1,,,data
3857,9780060921996,,amazon,skipped,0,0,,0,0,0,0,1,,,data
3858,9780380521340,,amazon,skipped,0,0,,0,0,0,0,1,,,data
3859,9780345278654,,amazon,skipped,0,0,,0,0,0,0,1,,,data
3860,9780764565557,,amazon,skipped,0,0,,0,0,0,0,1,,,data
3861,9781872730158,,amazon,skipped,0,0,,0,0,0,0,1,,,data
3862,9780442256340,,amazon,skipped,0,0,,0,0,0,0,1,,,data
3863,9780312276966,,amazon,skipped,0,0,,0,0,0,0,1,,,data
3864,9780452275904,,amazon,skipped,0,0,,0,0,0,0,1,,,data
3865,9780340379547,,amazon,skipped,0,0,,0,0,0,0,1,,,data
3866,9780595310272,,amazon,skipped,0,0,,0,0,0,0,1,,,data
3867,9780553572254,,amazon,skipped,0,0,,0,0,0,0,1,,,data
3868,9780583308021,,amazon,skipped,0,0,,0,0,0,0,1,,,data
3869,9780029067055,,amazon,skipped,0,0,,0,0,0,0,1,,,data
3870,9780451201072,,amazon,skipped,0,0,,0,0,0,0,1,,,data
3871,9780816768721,,amazon,skipped,0,0,,0,0,0,0,1,,,data
3872,9780316111164,,amazon,skipped,0,0,,0,0,0,0,1,,,data
3873,9780439217873,,amazon,skipped,0,0,,0,0,0,0,1,,,data
3874,9780440416630,,amazon,skipped,0,0,,0,0,0,0,1,,,data
3875,9781564774798,,amazon,skipped,0,0,,0,0,0,0,1,,,data
3876,9781564774620,,amazon,skipped,0,0,,0,0,0,0,1,,,data
3877,9781881892045,,amazon,skipped,0,0,,0,0,0,0,1,,,data
3878,9780783553085,,amazon,skipped,0,0,,0,0,0,0,1,,,data
3879,9780312272043,,amazon,skipped,0,0,,0,0,0,0,1,,,data
3880,9780064420839,,amazon,skipped,0,0,,0,0,0,0,1,,,data
3881,9780439199988,,amazon,skipped,0,0,,0,0,0,0,1,,,data
3882,9780688161989,,amazon,skipped,0,0,,0,0,0,0,1,,,data
3883,9780786868698,,amazon,skipped,0,0,,0,0,0,0,1,,,data
3884,9780762100088,,amazon,skipped,0,0,,0,0,0,0,1,,,data
3885,9780307168122,,amazon,skipped,0,0,,0,0,0,0,1,,,data
3886,9780679437048,,amazon,skipped,0,0,,0,0,0,0,1,,,data
3887,9780684864389,,amazon,skipped,0,0,,0,0,0,0,1,,,data
3888,9780670829132,,amazon,skipped,0,0,,0,0,0,0,1,,,data
3889,9780099743613,,amazon,skipped,0,0,,0,0,0,0,1,,,data
3890,9780374108304,,amazon,skipped,0,0,,0,0,0,0,1,,,data
3891,9780849959110,,amazon,skipped,0,0,,0,0,0,0,1,,,data
3892,9780764500091,,amazon,skipped,0,0,,0,0,0,0,1,,,data
3893,9780373253425,,amazon,skipped,0,0,,0,0,0,0,1,,,data
3894,9780563371908,,amazon,skipped,0,0,,0,0,0,0,1,,,data
3895,9780670200344,,amazon,skipped,0,0,,0,0,0,0,1,,,data
3896,9780340042519,,amazon,skipped,0,0,,0,0,0,0,1,,,data
3897,9780440800538,,amazon,skipped,0,0,,0,0,0,0,1,,,data
3898,9780374157586,,amazon,skipped,0,0,,0,0,0,0,1,,,data
3899,9780312137939,,amazon,skipped,0,0,,0,0,0,0,1,,,data
3900,9780312762513,,amazon,skipped,0,0,,0,0,0,0,1,,,data
3901,9780689708008,,amazon,skipped,0,0,,0,0,0,0,1,,,data
3902,9780671418663,,amazon,skipped,0,0,,0,0,0,0,1,,,data
3903,9780931188435,,amazon,skipped,0,0,,0,0,0,0,1,,,data
3904,9780894801389,,amazon,skipped,0,0,,0,0,0,0,1,,,data
3905,9780816158201,,amazon,skipped,0,0,,0,0,0,0,1,,,data
3906,9780486249018,,amazon,skipped,0,0,,0,0,0,0,1,,,data
3907,9780201846720,,amazon,skipped,0,0,,0,0,0,0,1,,,data
3908,9780395903315,,amazon,skipped,0,0,,0,0,0,0,1,,,data
3909,9780201383065,,amazon,skipped,0,0,,0,0,0,0,1,,,data
3910,9780312390471,,amazon,skipped,0,0,,0,0,0,0,1,,,data
3911,9780140374964,,amazon,skipped,0,0,,0,0,0,0,1,,,data
3912,9781891197109,,amazon,skipped,0,0,,0,0,0,0,1,,,data
3913,9780312316129,,amazon,skipped,0,0,,0,0,0,0,1,,,data
3914,9780751367454,,amazon,skipped,0,0,,0,0,0,0,1,,,data
3915,9781842329917,,amazon,skipped,0,0,,0,0,0,0,1,,,data
3916,9780330337847,,amazon,skipped,0,0,,0,0,0,0,1,,,data
3917,9780399144905,,amazon,skipped,0,0,,0,0,0,0,1,,,data
3918,9780811201186,,amazon,skipped,0,0,,0,0,0,0,1,,,data
3919,9780944276747,,amazon,skipped,0,0,,0,0,0,0,1,,,data
3920,9780440227496,,amazon,skipped,0,0,,0,0,0,0,1,,,data
3921,9780399230196,,amazon,skipped,0,0,,0,0,0,0,1,,,data
3922,9780811826013,,amazon,skipped,0,0,,0,0,0,0,1,,,data
3923,9781564025487,,amazon,skipped,0,0,,0,0,0,0,1,,,data
3924,9780789430281,,amazon,skipped,0,0,,0,0,0,0,1,,,data
3925,9780876058329,,amazon,skipped,0,0,,0,0,0,0,1,,,data
3926,9780140150056,,amazon,skipped,0,0,,0,0,0,0,1,,,data
3927,9780316977418,,amazon,skipped,0,0,,0,0,0,0,1,,,data
3928,9780486253411,,amazon,skipped,0,0,,0,0,0,0,1,,,data
3929,9780028610986,,amazon,skipped,0,0,,0,0,0,0,1,,,data
3930,9780875966724,,amazon,skipped,0,0,,0,0,0,0,1,,,data
3931,9780001856363,,amazon,skipped,0,0,,0,0,0,0,1,,,data
3932,9788817661034,,amazon,skipped,0,0,,0,0,0,0,1,,,data
3933,9780802114068,,amazon,skipped,0,0,,0,0,0,0,1,,,data
3934,9789507313721,,amazon,skipped,0,0,,0,0,0,0,1,,,data
3935,9780786708123,,amazon,skipped,0,0,,0,0,0,0,1,,,data
3936,9780764548079,,amazon,skipped,0,0,,0,0,0,0,1,,,data
3937,9780136843252,,amazon,skipped,0,0,,0,0,0,0,1,,,data
3938,9780226777108,,amazon,skipped,0,0,,0,0,0,0,1,,,data
3939,9780395359686,,amazon,skipped,0,0,,0,0,0,0,1,,,data
3940,9780753804926,,amazon,skipped,0,0,,0,0,0,0,1,,,data
3941,9780316579667,,amazon,skipped,0,0,,0,0,0,0,1,,,data
3942,9780201484083,,amazon,skipped,0,0,,0,0,0,0,1,,,data
3943,9780771592553,,amazon,skipped,0,0,,0,0,0,0,1,,,data
3944,9780771091780,,amazon,skipped,0,0,,0,0,0,0,1,,,data
3945,9780771012082,,amazon,skipped,0,0,,0,0,0,0,1,,,data
3946,9780771592515,,amazon,skipped,0,0,,0,0,0,0,1,,,data
3947,9780553202038,,amazon,skipped,0,0,,0,0,0,0,1,,,data
3948,9780553143379,,amazon,skipped,0,0,,0,0,0,0,1,,,data
3949,9780743205184,,amazon,skipped,0,0,,0,0,0,0,1,,,data
3950,9781931686686,,amazon,skipped,0,0,,0,0,0,0,1,,,data
3951,9780773753259,,amazon,skipped,0,0,,0,0,0,0,1,,,data
3952,9780773753600,,amazon,skipped,0,0,,0,0,0,0,1,,,data
3953,9780380899340,,amazon,skipped,0,0,,0,0,0,0,1,,,data
3954,9780449149157,,amazon,skipped,0,0,,0,0,0,0,1,,,data
3955,9780843104134,,amazon,skipped,0,0,,0,0,0,0,1,,,data
3956,9780804116480,,amazon,skipped,0,0,,0,0,0,0,1,,,data
3957,9780804107648,,amazon,skipped,0,0,,0,0,0,0,1,,,data
3958,9780575051768,,amazon,skipped,0,0,,0,0,0,0,1,,,data
3959,9780440222217,,amazon,skipped,0,0,,0,0,0,0,1,,,data
3960,9780441062249,,amazon,skipped,0,0,,0,0,0,0,1,,,data
3961,9780770108403,,amazon,skipped,0,0,,0,0,0,0,1,,,data
3962,9780671001292,,amazon,skipped,0,0,,0,0,0,0,1,,,data
3963,9780921912583,,amazon,skipped,0,0,,0,0,0,0,1,,,data
3964,9780929141947,,amazon,skipped,0,0,,0,0,0,0,1,,,data
3965,9781896095547,,amazon,skipped,0,0,,0,0,0,0,1,,,data
3966,9780345303257,,amazon,skipped,0,0,,0,0,0,0,1,,,data
3967,9781551991085,,amazon,skipped,0,0,,0,0,0,0,1,,,data
3968,9780312867065,,amazon,skipped,0,0,,0,0,0,0,1,,,data
3969,9780671701505,,amazon,skipped,0,0,,0,0,0,0,1,,,data
3970,9780316844444,,amazon,skipped,0,0,,0,0,0,0,1,,,data
3971,9780889841116,,amazon,skipped,0,0,,0,0,0,0,1,,,data
3972,9780836225235,,amazon,skipped,0,0,,0,0,0,0,1,,,data
3973,9780449201961,,amazon,skipped,0,0,,0,0,0,0,1,,,data
3974,9780449202005,,amazon,skipped,0,0,,0,0,0,0,1,,,data
3975,9780449201992,,amazon,skipped,0,0,,0,0,0,0,1,,,data
3976,9781870586115,,amazon,skipped,0,0,,0,0,0,0,1,,,data
3977,9780696023354,,amazon,skipped,0,0,,0,0,0,0,1,,,data
3978,9780345349965,,amazon,skipped,0,0,,0,0,0,0,1,,,data
3979,9780806967646,,amazon,skipped,0,0,,0,0,0,0,1,,,data
3980,9780671794347,,amazon,skipped,0,0,,0,0,0,0,1,,,data
3981,9780553140064,,amazon,skipped,0,0,,0,0,0,0,1,,,data
3982,9780446527170,,amazon,skipped,0,0,,0,0,0,0,1,,,data
3983,9780848706975,,amazon,skipped,0,0,,0,0,0,0,1,,,data
3984,9780688170837,,amazon,skipped,0,0,,0,0,0,0,1,,,data
3985,9780155011274,,amazon,skipped,0,0,,0,0,0,0,1,,,data
3986,9780023960505,,amazon,skipped,0,0,,0,0,0,0,1,,,data
3987,9781841491851,,amazon,skipped,0,0,,0,0,0,0,1,,,data
3988,9780679452935,,amazon,skipped,0,0,,0,0,0,0,1,,,data
3989,9780671554750,,amazon,skipped,0,0,,0,0,0,0,1,,,data
3990,9780312111076,,amazon,skipped,0,0,,0,0,0,0,1,,,data
3991,9780805010060,,amazon,skipped,0,0,,0,0,0,0,1,,,data
3992,9780440446514,,amazon,skipped,0,0,,0,0,0,0,1,,,data
3993,9780321105790,,amazon,skipped,0,0,,0,0,0,0,1,,,data
3994,9780321106698,,amazon,skipped,0,0,,0,0,0,0,1,,,data
3995,9780873529860,,amazon,skipped,0,0,,0,0,0,0,1,,,data
3996,9780439219181,,amazon,skipped,0,0,,0,0,0,0,1,,,data
3997,9780812568707,,amazon,skipped,0,0,,0,0,0,0,1,,,data
3998,9780312980412,,amazon,skipped,0,0,,0,0,0,0,1,,,data
3999,9780805053685,,amazon,skipped,0,0,,0,0,0,0,1,,,data
4000,9780002244084,,amazon,skipped,0,0,,0,0,0,0,1,,,data
4001,9781895837377,,amazon,skipped,0,0,,0,0,0,0,1,,,data
4002,9780921411642,,amazon,skipped,0,0,,0,0,0,0,1,,,data
4003,9780771034503,,amazon,skipped,0,0,,0,0,0,0,1,,,data
4004,9780195412208,,amazon,skipped,0,0,,0,0,0,0,1,,,data
4005,9780141180991,,amazon,skipped,0,0,,0,0,0,0,1,,,data
4006,9780140512274,,amazon,skipped,0,0,,0,0,0,0,1,,,data
4007,9780314931702,,amazon,skipped,0,0,,0,0,0,0,1,,,data
4008,9780399145896,,amazon,skipped,0,0,,0,0,0,0,1,,,data
4009,9781585360659,,amazon,skipped,0,0,,0,0,0,0,1,,,data
4010,9780394556338,,amazon,skipped,0,0,,0,0,0,0,1,,,data
4011,9780192817884,,amazon,skipped,0,0,,0,0,0,0,1,,,data
4012,9780312265045,,amazon,skipped,0,0,,0,0,0,0,1,,,data
4013,9781565048720,,amazon,skipped,0,0,,0,0,0,0,1,,,data
4014,9780486298528,,amazon,skipped,0,0,,0,0,0,0,1,,,data
4015,9781567183030,,amazon,skipped,0,0,,0,0,0,0,1,,,data
4016,9780517336335,,amazon,skipped,0,0,,0,0,0,0,1,,,data
4017,9780517150320,,amazon,skipped,0,0,,0,0,0,0,1,,,data
4018,9781852305758,,amazon,skipped,0,0,,0,0,0,0,1,,,data
4019,9781881394488,,amazon,skipped,0,0,,0,0,0,0,1,,,data
4020,9781881394075,,amazon,skipped,0,0,,0,0,0,0,1,,,data
4021,9781551091266,,amazon,skipped,0,0,,0,0,0,0,1,,,data
4022,9780425160367,,amazon,skipped,0,0,,0,0,0,0,1,,,data
4023,9780441873616,,amazon,skipped,0,0,,0,0,0,0,1,,,data
4024,9781572940130,,amazon,skipped,0,0,,0,0,0,0,1,,,data
4025,9781878542779,,amazon,skipped,0,0,,0,0,0,0,1,,,data
4026,9780460873161,,amazon,skipped,0,0,,0,0,0,0,1,,,data
4027,9780787900809,,amazon,skipped,0,0,,0,0,0,0,1,,,data
4028,9780393960624,,amazon,skipped,0,0,,0,0,0,0,1,,,data
4029,9780192822703,,amazon,skipped,0,0,,0,0,0,0,1,,,data
4030,9781873982471,,amazon,skipped,0,0,,0,0,0,0,1,,,data
4031,9780441071722,,amazon,skipped,0,0,,0,0,0,0,1,,,data
4032,9780671870881,,amazon,skipped,0,0,,0,0,0,0,1,,,data
4033,9781854874467,,amazon,skipped,0,0,,0,0,0,0,1,,,data
4034,9780451452344,,amazon,skipped,0,0,,0,0,0,0,1,,,data
4035,9780747252382,,amazon,skipped,0,0,,0,0,0,0,1,,,data
4036,9780595098521,,amazon,skipped,0,0,,0,0,0,0,1,,,data
4037,9780395051238,,amazon,skipped,0,0,,0,0,0,0,1,,,data
4038,9780393962994,,amazon,skipped,0,0,,0,0,0,0,1,,,data
4039,9780393961881,,amazon,skipped,0,0,,0,0,0,0,1,,,data
4040,9780140430332,,amazon,skipped,0,0,,0,0,0,0,1,,,data
4041,9780192813374,,amazon,skipped,0,0,,0,0,0,0,1,,,data
4042,9780192832917,,amazon,skipped,0,0,,0,0,0,0,1,,,data
4043,9780060937546,,amazon,skipped,0,0,,0,0,0,0,1,,,data
4044,9780805945904,,amazon,skipped,0,0,,0,0,0,0,1,,,data
4045,9780446604147,,amazon,skipped,0,0,,0,0,0,0,1,,,data
4046,9780671720285,,amazon,skipped,0,0,,0,0,0,0,1,,,data
4047,9781558584532,,amazon,skipped,0,0,,0,0,0,0,1,,,data
4048,9780553115574,,amazon,skipped,0,0,,0,0,0,0,1,,,data
4049,9780451144195,,amazon,skipped,0,0,,0,0,0,0,1,,,data
4050,9780425089996,,amazon,skipped,0,0,,0,0,0,0,1,,,data
4051,9780881849455,,amazon,skipped,0,0,,0,0,0,0,1,,,data
4052,9783446193130,,amazon,skipped,0,0,,0,0,0,0,1,,,data
4053,9780380800568,,amazon,skipped,0,0,,0,0,0,0,1,,,data
4054,9780886777906,,amazon,skipped,0,0,,0,0,0,0,1,,,data
4055,9780689024689,,amazon,skipped,0,0,,0,0,0,0,1,,,data
4056,9780425183779,,amazon,skipped,0,0,,0,0,0,0,1,,,data
4057,9780425183144,,amazon,skipped,0,0,,0,0,0,0,1,,,data
4058,9780425178614,,amazon,skipped,0,0,,0,0,0,0,1,,,data
4059,9780061099861,,amazon,skipped,0,0,,0,0,0,0,1,,,data
4060,9780449131558,,amazon,skipped,0,0,,0,0,0,0,1,,,data
4061,9780380717095,,amazon,skipped,0,0,,0,0,0,0,1,,,data
4062,9781565049642,,amazon,skipped,0,0,,0,0,0,0,1,,,data
4063,9780877017110,,amazon,skipped,0,0,,0,0,0,0,1,,,data
4064,9780425181522,,amazon,skipped,0,0,,0,0,0,0,1,,,data
4065,9780886779795,,amazon,skipped,0,0,,0,0,0,0,1,,,data
4066,9780740722189,,amazon,skipped,0,0,,0,0,0,0,1,,,data
4067,9780201577990,,amazon,skipped,0,0,,0,0,0,0,1,,,data
4068,9780877018544,,amazon,skipped,0,0,,0,0,0,0,1,,,data
4069,9780380764464,,amazon,skipped,0,0,,0,0,0,0,1,,,data
4070,9780689835247,,amazon,skipped,0,0,,0,0,0,0,1,,,data
4071,9780786884964,,amazon,skipped,0,0,,0,0,0,0,1,,,data
4072,9780425171189,,amazon,skipped,0,0,,0,0,0,0,1,,,data
4073,9780877015369,,amazon,skipped,0,0,,0,0,0,0,1,,,data
4074,9780967005607,,amazon,skipped,0,0,,0,0,0,0,1,,,data
4075,9780451204363,,amazon,skipped,0,0,,0,0,0,0,1,,,data
4076,9780886778231,,amazon,skipped,0,0,,0,0,0,0,1,,,data
4077,9780670036011,,amazon,skipped,0,0,,0,0,0,0,1,,,data
4078,9780140322194,,amazon,skipped,0,0,,0,0,0,0,1,,,data
4079,9780899197012,,amazon,skipped,0,0,,0,0,0,0,1,,,data
4080,9780877017745,,amazon,skipped,0,0,,0,0,0,0,1,,,data
4081,9780441006960,,amazon,skipped,0,0,,0,0,0,0,1,,,data
4082,9780060188917,,amazon,skipped,0,0,,0,0,0,0,1,,,data
4083,9780394751726,,amazon,skipped,0,0,,0,0,0,0,1,,,data
4084,9780670873999,,amazon,skipped,0,0,,0,0,0,0,1,,,data
4085,9780141307435,,amazon,skipped,0,0,,0,0,0,0,1,,,data
4086,9780425074848,,amazon,skipped,0,0,,0,0,0,0,1,,,data
4087,9780141306506,,amazon,skipped,0,0,,0,0,0,0,1,,,data
4088,9780201483048,,amazon,skipped,0,0,,0,0,0,0,1,,,data
4089,9781556522819,,amazon,skipped,0,0,,0,0,0,0,1,,,data
4090,9780786852550,,amazon,skipped,0,0,,0,0,0,0,1,,,data
4091,9781854582744,,amazon,skipped,0,0,,0,0,0,0,1,,,data
4092,9781854582751,,amazon,skipped,0,0,,0,0,0,0,1,,,data
4093,9781580083522,,amazon,skipped,0,0,,0,0,0,0,1,,,data
4094,9781557982193,,amazon,skipped,0,0,,0,0,0,0,1,,,data
4095,9780155085114,,amazon,skipped,0,0,,0,0,0,0,1,,,data
4096,9780761131786,,amazon,skipped,0,0,,0,0,0,0,1,,,data
4097,9781573228572,,amazon,skipped,0,0,,0,0,0,0,1,,,data
4098,9781582971599,,amazon,skipped,0,0,,0,0,0,0,1,,,data
4099,9781551520339,,amazon,skipped,0,0,,0,0,0,0,1,,,data
4100,9780887845840,,amazon,skipped,0,0,,0,0,0,0,1,,,data
4101,9780425062746,,amazon,skipped,0,0,,0,0,0,0,1,,,data
4102,9780590457361,,amazon,skipped,0,0,,0,0,0,0,1,,,data
4103,9780689806568,,amazon,skipped,0,0,,0,0,0,0,1,,,data
4104,9780743456128,,amazon,skipped,0,0,,0,0,0,0,1,,,data
4105,9781901250244,,amazon,skipped,0,0,,0,0,0,0,1,,,data
4106,9780316787536,,amazon,skipped,0,0,,0,0,0,0,1,,,data
4107,9788817150125,,amazon,skipped,0,0,,0,0,0,0,1,,,data
4108,9780892965670,,amazon,skipped,0,0,,0,0,0,0,1,,,data
4109,9780684842417,,amazon,skipped,0,0,,0,0,0,0,1,,,data
4110,9780872496347,,amazon,skipped,0,0,,0,0,0,0,1,,,data
4111,9780849954009,,amazon,skipped,0,0,,0,0,0,0,1,,,data
4112,9780631162278,,amazon,skipped,0,0,,0,0,0,0,1,,,data
4113,9781556155956,,amazon,skipped,0,0,,0,0,0,0,1,,,data
4114,9781562054083,,amazon,skipped,0,0,,0,0,0,0,1,,,data
4115,9781562053697,,amazon,skipped,0,0,,0,0,0,0,1,,,data
4116,9780831761103,,amazon,skipped,0,0,,0,0,0,0,1,,,data
4117,9780452282940,,amazon,skipped,0,0,,0,0,0,0,1,,,data
4118,9781858285184,,amazon,skipped,0,0,,0,0,0,0,1,,,data
4119,9781858285054,,amazon,skipped,0,0,,0,0,0,0,1,,,data
4120,9780199111213,,amazon,skipped,0,0,,0,0,0,0,1,,,data
4121,9780670913664,,amazon,skipped,0,0,,0,0,0,0,1,,,data
4122,9780451524379,,amazon,skipped,0,0,,0,0,0,0,1,,,data
4123,9781569714379,,amazon,skipped,0,0,,0,0,0,0,1,,,data
4124,9780452275959,,amazon,skipped,0,0,,0,0,0,0,1,,,data
4125,9780006391890,,amazon,skipped,0,0,,0,0,0,0,1,,,data
4126,9780449501153,,amazon,skipped,0,0,,0,0,0,0,1,,,data
4127,9780312037284,,amazon,skipped,0,0,,0,0,0,0,1,,,data
4128,9780396082477,,amazon,skipped,0,0,,0,0,0,0,1,,,data
4129,9780385314879,,amazon,skipped,0,0,,0,0,0,0,1,,,data
4130,9780060924089,,amazon,skipped,0,0,,0,0,0,0,1,,,data
4131,9780330390484,,amazon,skipped,0,0,,0,0,0,0,1,,,data
4132,9780394708409,,amazon,skipped,0,0,,0,0,0,0,1,,,data
4133,9780812561517,,amazon,skipped,0,0,,0,0,0,0,1,,,data
4134,9780061093371,,amazon,skipped,0,0,,0,0,0,0,1,,,data
4135,9780449219645,,amazon,skipped,0,0,,0,0,0,0,1,,,data
4136,9780446403726,,amazon,skipped,0,0,,0,0,0,0,1,,,data
4137,9783472613688,,amazon,skipped,0,0,,0,0,0,0,1,,,data
4138,9780553225839,,amazon,skipped,0,0,,0,0,0,0,1,,,data
4139,9781864368093,,amazon,skipped,0,0,,0,0,0,0,1,,,data
4140,9780740738265,,amazon,skipped,0,0,,0,0,0,0,1,,,data
4141,9780762413812,,amazon,skipped,0,0,,0,0,0,0,1,,,data
4142,9780764553264,,amazon,skipped,0,0,,0,0,0,0,1,,,data
4143,9781593080655,,amazon,skipped,0,0,,0,0,0,0,1,,,data
4144,9781401901929,,amazon,skipped,0,0,,0,0,0,0,1,,,data
4145,9781564145666,,amazon,skipped,0,0,,0,0,0,0,1,,,data
4146,9780062516848,,amazon,skipped,0,0,,0,0,0,0,1,,,data
4147,9781567186369,,amazon,skipped,0,0,,0,0,0,0,1,,,data
4148,9780385030090,,amazon,skipped,0,0,,0,0,0,0,1,,,data
4149,9788466302951,,amazon,skipped,0,0,,0,0,0,0,1,,,data
4150,9780192826428,,amazon,skipped,0,0,,0,0,0,0,1,,,data
4151,9781558744233,,amazon,skipped,0,0,,0,0,0,0,1,,,data
4152,9781410764270,,amazon,skipped,0,0,,0,0,0,0,1,,,data
4153,9783774254633,,amazon,skipped,0,0,,0,0,0,0,1,,,data
4154,9783453190252,,amazon,skipped,0,0,,0,0,0,0,1,,,data
4155,9783774223899,,amazon,skipped,0,0,,0,0,0,0,1,,,data
4156,9783791530376,,amazon,skipped,0,0,,0,0,0,0,1,,,data
4157,9783821808857,,amazon,skipped,0,0,,0,0,0,0,1,,,data
4158,9783806217735,,amazon,skipped,0,0,,0,0,0,0,1,,,data
4159,9783446203501,,amazon,skipped,0,0,,0,0,0,0,1,,,data
4160,9789021490502,,amazon,skipped,0,0,,0,0,0,0,1,,,data
4161,9783453155824,,amazon,skipped,0,0,,0,0,0,0,1,,,data
4162,9783150069547,,amazon,skipped,0,0,,0,0,0,0,1,,,data
4163,9783784415802,,amazon,skipped,0,0,,0,0,0,0,1,,,data
4164,9783442721443,,amazon,skipped,0,0,,0,0,0,0,1,,,data
4165,9783442721412,,amazon,skipped,0,0,,0,0,0,0,1,,,data
4166,9783431036145,,amazon,skipped,0,0,,0,0,0,0,1,,,data
4167,9780753450253,,amazon,skipped,0,0,,0,0,0,0,1,,,data
4168,9783596129928,,amazon,skipped,0,0,,0,0,0,0,1,,,data
4169,9780062504319,,amazon,skipped,0,0,,0,0,0,0,1,,,data
4170,9780809125814,,amazon,skipped,0,0,,0,0,0,0,1,,,data
4171,9780814624111,,amazon,skipped,0,0,,0,0,0,0,1,,,data
4172,9781567921984,,amazon,skipped,0,0,,0,0,0,0,1,,,data
4173,9780814625460,,amazon,skipped,0,0,,0,0,0,0,1,,,data
4174,9780879462338,,amazon,skipped,0,0,,0,0,0,0,1,,,data
4175,9781401097868,,amazon,skipped,0,0,,0,0,0,0,1,,,data
4176,9780879736934,,amazon,skipped,0,0,,0,0,0,0,1,,,data
4177,9781569013137,,amazon,skipped,0,0,,0,0,0,0,1,,,data
4178,9780140714258,,amazon,skipped,0,0,,0,0,0,0,1,,,data
4179,9780967349701,,amazon,skipped,0,0,,0,0,0,0,1,,,data
4180,9781899884001,,amazon,skipped,0,0,,0,0,0,0,1,,,data
4181,9780609801352,,amazon,skipped,0,0,,0,0,0,0,1,,,data
4182,9783596143696,,amazon,skipped,0,0,,0,0,0,0,1,,,data
4183,9781561703487,,amazon,skipped,0,0,,0,0,0,0,1,,,data
4184,9780962520617,,amazon,skipped,0,0,,0,0,0,0,1,,,data
4185,9781551521039,,amazon,skipped,0,0,,0,0,0,0,1,,,data
4186,9780871918932,,amazon,skipped,0,0,,0,0,0,0,1,,,data
4187,9781586215989,,amazon,skipped,0,0,,0,0,0,0,1,,,data
4188,9780743532433,,amazon,skipped,0,0,,0,0,0,0,1,,,data
4189,9780944501108,,amazon,skipped,0,0,,0,0,0,0,1,,,data
4190,9780060725365,,amazon,skipped,0,0,,0,0,0,0,1,,,data
4191,9780553757071,,amazon,skipped,0,0,,0,0,0,0,1,,,data
4192,9780684804163,,amazon,skipped,0,0,,0,0,0,0,1,,,data
4193,9780671633325,,amazon,skipped,0,0,,0,0,0,0,1,,,data
4194,9780914427827,,amazon,skipped,0,0,,0,0,0,0,1,,,data
4195,9780517527467,,amazon,skipped,0,0,,0,0,0,0,1,,,data
4196,9780590333917,,amazon,skipped,0,0,,0,0,0,0,1,,,data
4197,9780806624990,,amazon,skipped,0,0,,0,0,0,0,1,,,data
4198,9780385492843,,amazon,skipped,0,0,,0,0,0,0,1,,,data
4199,9781564406156,,amazon,skipped,0,0,,0,0,0,0,1,,,data
4200,9780671007706,,amazon,skipped,0,0,,0,0,0,0,1,,,data
4201,9780920897010,,amazon,skipped,0,0,,0,0,0,0,1,,,data
4202,9780814622056,,amazon,skipped,0,0,,0,0,0,0,1,,,data
4203,9780425141205,,amazon,skipped,0,0,,0,0,0,0,1,,,data
4204,9780832700026,,amazon,skipped,0,0,,0,0,0,0,1,,,data
4205,9780896227309,,amazon,skipped,0,0,,0,0,0,0,1,,,data
4206,9780887846311,,amazon,skipped,0,0,,0,0,0,0,1,,,data
4207,9780449903117,,amazon,skipped,0,0,,0,0,0,0,1,,,data
4208,9781551111742,,amazon,skipped,0,0,,0,0,0,0,1,,,data
4209,9780553241310,,amazon,skipped,0,0,,0,0,0,0,1,,,data
4210,9781551112435,,amazon,skipped,0,0,,0,0,0,0,1,,,data
4211,9780385009485,,amazon,skipped,0,0,,0,0,0,0,1,,,data
4212,9780312104269,,amazon,skipped,0,0,,0,0,0,0,1,,,data
4213,9780385497930,,amazon,skipped,0,0,,0,0,0,0,1,,,data
4214,9780440506850,,amazon,skipped,0,0,,0,0,0,0,1,,,data
4215,9783446192904,,amazon,skipped,0,0,,0,0,0,0,1,,,data
4216,9780553155310,,amazon,skipped,0,0,,0,0,0,0,1,,,data
4217,9780809129591,,amazon,skipped,0,0,,0,0,0,0,1,,,data
4218,9780553156553,,amazon,skipped,0,0,,0,0,0,0,1,,,data
4219,9780399512513,,amazon,skipped,0,0,,0,0,0,0,1,,,data
4220,9780722537312,,amazon,skipped,0,0,,0,0,0,0,1,,,data
4221,9780380816255,,amazon,skipped,0,0,,0,0,0,0,1,,,data
4222,9780316203951,,amazon,skipped,0,0,,0,0,0,0,1,,,data
4223,9780689822889,,amazon,skipped,0,0,,0,0,0,0,1,,,data
4224,9780316203968,,amazon,skipped,0,0,,0,0,0,0,1,,,data
4225,9780060682385,,amazon,skipped,0,0,,0,0,0,0,1,,,data
4226,9780812926712,,amazon,skipped,0,0,,0,0,0,0,1,,,data
4227,9780070410923,,amazon,skipped,0,0,,0,0,0,0,1,,,data
4228,9780062512994,,amazon,skipped,0,0,,0,0,0,0,1,,,data
4229,9780060924638,,amazon,skipped,0,0,,0,0,0,0,1,,,data
4230,9781558703629,,amazon,skipped,0,0,,0,0,0,0,1,,,data
4231,9781552200834,,amazon,skipped,0,0,,0,0,0,0,1,,,data
4232,9780553290936,,amazon,skipped,0,0,,0,0,0,0,1,,,data
4233,9780553541779,,amazon,skipped,0,0,,0,0,0,0,1,,,data
4234,9780140079746,,amazon,skipped,0,0,,0,0,0,0,1,,,data
4235,9781556611711,,amazon,skipped,0,0,,0,0,0,0,1,,,data
4236,9780451191755,,amazon,skipped,0,0,,0,0,0,0,1,,,data
4237,9780393014297,,amazon,skipped,0,0,,0,0,0,0,1,,,data
4238,9780452281868,,amazon,skipped,0,0,,0,0,0,0,1,,,data
4239,9781567115260,,amazon,skipped,0,0,,0,0,0,0,1,,,data
4240,9781551050560,,amazon,skipped,0,0,,0,0,0,0,1,,,data
4241,9780133865325,,amazon,skipped,0,0,,0,0,0,0,1,,,data
4242,9781572304512,,amazon,skipped,0,0,,0,0,0,0,1,,,data
4243,9780880911306,,amazon,skipped,0,0,,0,0,0,0,1,,,data
4244,9780195411041,,amazon,skipped,0,0,,0,0,0,0,1,,,data
4245,9780515062960,,amazon,skipped,0,0,,0,0,0,0,1,,,data
4246,9781880033265,,amazon,skipped,0,0,,0,0,0,0,1,,,data
4247,9780962944703,,amazon,skipped,0,0,,0,0,0,0,1,,,data
4248,9780553134438,,amazon,skipped,0,0,,0,0,0,0,1,,,data
4249,9780814604120,,amazon,skipped,0,0,,0,0,0,0,1,,,data
4250,9780425037034,,amazon,skipped,0,0,,0,0,0,0,1,,,data
4251,9780892833931,,amazon,skipped,0,0,,0,0,0,0,1,,,data
4252,9780373093731,,amazon,skipped,0,0,,0,0,0,0,1,,,data
4253,9780836228083,,amazon,skipped,0,0,,0,0,0,0,1,,,data
4254,9780671459758,,amazon,skipped,0,0,,0,0,0,0,1,,,data
4255,9780895555106,,amazon,skipped,0,0,,0,0,0,0,1,,,data
4256,9780345304421,,amazon,skipped,0,0,,0,0,0,0,1,,,data
4257,9780842341769,,amazon,skipped,0,0,,0,0,0,0,1,,,data
4258,9780451156259,,amazon,skipped,0,0,,0,0,0,0,1,,,data
4259,9780932707178,,amazon,skipped,0,0,,0,0,0,0,1,,,data
4260,9780671422172,,amazon,skipped,0,0,,0,0,0,0,1,,,data
4261,9780671501914,,amazon,skipped,0,0,,0,0,0,0,1,,,data
4262,9780939508044,,amazon,skipped,0,0,,0,0,0,0,1,,,data
4263,9780440207122,,amazon,skipped,0,0,,0,0,0,0,1,,,data
4264,9780553124132,,amazon,skipped,0,0,,0,0,0,0,1,,,data
4265,9780345301796,,amazon,skipped,0,0,,0,0,0,0,1,,,data
4266,9780451166326,,amazon,skipped,0,0,,0,0,0,0,1,,,data
4267,9780914539100,,amazon,skipped,0,0,,0,0,0,0,1,,,data
4268,9780316846875,,amazon,skipped,0,0,,0,0,0,0,1,,,data
4269,9780385177269,,amazon,skipped,0,0,,0,0,0,0,1,,,data
4270,9780395312865,,amazon,skipped,0,0,,0,0,0,0,1,,,data
4271,9780836218121,,amazon,skipped,0,0,,0,0,0,0,1,,,data
4272,9780679005391,,amazon,skipped,0,0,,0,0,0,0,1,,,data
4273,9780812830347,,amazon,skipped,0,0,,0,0,0,0,1,,,data
4274,9780871315540,,amazon,skipped,0,0,,0,0,0,0,1,,,data
4275,9780671883799,,amazon,skipped,0,0,,0,0,0,0,1,,,data
4276,9780395082560,,amazon,skipped,0,0,,0,0,0,0,1,,,data
4277,9780395082553,,amazon,skipped,0,0,,0,0,0,0,1,,,data
4278,9780395082546,,amazon,skipped,0,0,,0,0,0,0,1,,,data
4279,9789879789971,,amazon,skipped,0,0,,0,0,0,0,1,,,data
4280,9780440504597,,amazon,skipped,0,0,,0,0,0,0,1,,,data
4281,9780743214582,,amazon,skipped,0,0,,0,0,0,0,1,,,data
4282,9780891412908,,amazon,skipped,0,0,,0,0,0,0,1,,,data
4283,9780385293303,,amazon,skipped,0,0,,0,0,0,0,1,,,data
4284,9780140431377,,amazon,skipped,0,0,,0,0,0,0,1,,,data
4285,9780140432107,,amazon,skipped,0,0,,0,0,0,0,1,,,data
4286,9780688089016,,amazon,skipped,0,0,,0,0,0,0,1,,,data
4287,9780312862961,,amazon,skipped,0,0,,0,0,0,0,1,,,data
4288,9781853264405,,amazon,skipped,0,0,,0,0,0,0,1,,,data
4289,9780394752495,,amazon,skipped,0,0,,0,0,0,0,1,,,data
4290,9780786706464,,amazon,skipped,0,0,,0,0,0,0,1,,,data
4291,9780892961993,,amazon,skipped,0,0,,0,0,0,0,1,,,data
4292,9780471535874,,amazon,skipped,0,0,,0,0,0,0,1,,,data
4293,9780310537618,,amazon,skipped,0,0,,0,0,0,0,1,,,data
4294,9780517668436,,amazon,skipped,0,0,,0,0,0,0,1,,,data
4295,9780028630359,,amazon,skipped,0,0,,0,0,0,0,1,,,data
4296,9780517643013,,amazon,skipped,0,0,,0,0,0,0,1,,,data
4297,9780684804194,,amazon,skipped,0,0,,0,0,0,0,1,,,data
4298,9780681400948,,amazon,skipped,0,0,,0,0,0,0,1,,,data
4299,9780892961238,,amazon,skipped,0,0,,0,0,0,0,1,,,data
4300,9780788168253,,amazon,skipped,0,0,,0,0,0,0,1,,,data
4301,9781566910248,,amazon,skipped,0,0,,0,0,0,0,1,,,data
4302,9780875964782,,amazon,skipped,0,0,,0,0,0,0,1,,,data
4303,9780590483209,,amazon,skipped,0,0,,0,0,0,0,1,,,data
4304,9780671451592,,amazon,skipped,0,0,,0,0,0,0,1,,,data
4305,9780385487658,,amazon,skipped,0,0,,0,0,0,0,1,,,data
4306,9780671003760,,amazon,skipped,0,0,,0,0,0,0,1,,,data
4307,9780805208818,,amazon,skipped,0,0,,0,0,0,0,1,,,data
4308,9780451198891,,amazon,skipped,0,0,,0,0,0,0,1,,,data
4309,9780312034412,,amazon,skipped,0,0,,0,0,0,0,1,,,data
4310,9780802753847,,amazon,skipped,0,0,,0,0,0,0,1,,,data
4311,9780449200766,,amazon,skipped,0,0,,0,0,0,0,1,,,data
4312,9780871132512,,amazon,skipped,0,0,,0,0,0,0,1,,,data
4313,9780385302371,,amazon,skipped,0,0,,0,0,0,0,1,,,data
4314,9780028615738,,amazon,skipped,0,0,,0,0,0,0,1,,,data
4315,9780333321836,,amazon,skipped,0,0,,0,0,0,0,1,,,data
4316,9780871131386,,amazon,skipped,0,0,,0,0,0,0,1,,,data
4317,9780899429502,,amazon,skipped,0,0,,0,0,0,0,1,,,data
4318,9780887846694,,amazon,skipped,0,0,,0,0,0,0,1,,,data
4319,9780844221298,,amazon,skipped,0,0,,0,0,0,0,1,,,data
4320,9780385188067,,amazon,skipped,0,0,,0,0,0,0,1,,,data
4321,9780789468062,,amazon,skipped,0,0,,0,0,0,0,1,,,data
4322,9781551971193,,amazon,skipped,0,0,,0,0,0,0,1,,,data
4323,9780312048587,,amazon,skipped,0,0,,0,0,0,0,1,,,data
4324,9780940212084,,amazon,skipped,0,0,,0,0,0,0,1,,,data
4325,9780394753430,,amazon,skipped,0,0,,0,0,0,0,1,,,data
4326,9783442435388,,amazon,skipped,0,0,,0,0,0,0,1,,,data
4327,9780684840062,,amazon,skipped,0,0,,0,0,0,0,1,,,data
4328,9780394530741,,amazon,skipped,0,0,,0,0,0,0,1,,,data
4329,9780553493382,,amazon,skipped,0,0,,0,0,0,0,1,,,data
4330,9780231084246,,amazon,skipped,0,0,,0,0,0,0,1,,,data
4331,9781556110146,,amazon,skipped,0,0,,0,0,0,0,1,,,data
4332,9780393040234,,amazon,skipped,0,0,,0,0,0,0,1,,,data
4333,9780151442331,,amazon,skipped,0,0,,0,0,0,0,1,,,data
4334,9780465019915,,amazon,skipped,0,0,,0,0,0,0,1,,,data
4335,9781562870348,,amazon,skipped,0,0,,0,0,0,0,1,,,data
4336,9780553155389,,amazon,skipped,0,0,,0,0,0,0,1,,,data
4337,9780864424297,,amazon,skipped,0,0,,0,0,0,0,1,,,data
4338,9783404146543,,amazon,skipped,0,0,,0,0,0,0,1,,,data
4339,9780312194819,,amazon,skipped,0,0,,0,0,0,0,1,,,data
4340,9783404144853,,amazon,skipped,0,0,,0,0,0,0,1,,,data
4341,9780130743114,,amazon,skipped,0,0,,0,0,0,0,1,,,data
4342,9780681401143,,amazon,skipped,0,0,,0,0,0,0,1,,,data
4343,9783423072397,,amazon,skipped,0,0,,0,0,0,0,1,,,data
4344,9781578152537,,amazon,skipped,0,0,,0,0,0,0,1,,,data
4345,9780395253991,,amazon,skipped,0,0,,0,0,0,0,1,,,data
4346,9780882664644,,amazon,skipped,0,0,,0,0,0,0,1,,,data
4347,9780816735815,,amazon,skipped,0,0,,0,0,0,0,1,,,data
4348,9780805209587,,amazon,skipped,0,0,,0,0,0,0,1,,,data
4349,9780446608688,,amazon,skipped,0,0,,0,0,0,0,1,,,data
4350,9780394896250,,amazon,skipped,0,0,,0,0,0,0,1,,,data
4351,9780394572697,,amazon,skipped,0,0,,0,0,0,0,1,,,data
4352,9780786862887,,amazon,skipped,0,0,,0,0,0,0,1,,,data
4353,9780688035938,,amazon,skipped,0,0,,0,0,0,0,1,,,data
4354,9780553493092,,amazon,skipped,0,0,,0,0,0,0,1,,,data
4355,9780525248279,,amazon,skipped,0,0,,0,0,0,0,1,,,data
4356,9780517567289,,amazon,skipped,0,0,,0,0,0,0,1,,,data
4357,9789100560232,,amazon,skipped,0,0,,0,0,0,0,1,,,data
4358,9780671600730,,amazon,skipped,0,0,,0,0,0,0,1,,,data
4359,9780312857134,,amazon,skipped,0,0,,0,0,0,0,1,,,data
4360,9780553209457,,amazon,empty,0,7,title; authors; publisher; origin; date_of_publication; language; genres,0,0,0,0,10,,,data
4361,9780875940120,,amazon,skipped,0,0,,0,0,0,0,1,,,data
4362,9780874749090,,amazon,skipped,0,0,,0,0,0,0,1,,,data
4363,9780312022457,,amazon,skipped,0,0,,0,0,0,0,1,,,data
4364,9780762706389,,amazon,skipped,0,0,,0,0,0,0,1,,,data
4365,9780060977238,,amazon,skipped,0,0,,0,0,0,0,1,,,data
4366,9780394554273,,amazon,skipped,0,0,,0,0,0,0,1,,,data
4367,9780140065718,,amazon,skipped,0,0,,0,0,0,0,1,,,data
4368,9780688158057,,amazon,skipped,0,0,,0,0,0,0,1,,,data
4369,9780590401876,,amazon,skipped,0,0,,0,0,0,0,1,,,data
4370,9780345306401,,amazon,skipped,0,0,,0,0,0,0,1,,,data
4371,9780670827893,,amazon,skipped,0,0,,0,0,0,0,1,,,data
4372,9780441783748,,amazon,skipped,0,0,,0,0,0,0,1,,,data
4373,9781552049914,,amazon,skipped,0,0,,0,0,0,0,1,,,data
4374,9780590339575,,amazon,skipped,0,0,,0,0,0,0,1,,,data
4375,9780688171544,,amazon,skipped,0,0,,0,0,0,0,1,,,data
4376,9780671731823,,amazon,skipped,0,0,,0,0,0,0,1,,,data
4377,9780060129736,,amazon,skipped,0,0,,0,0,0,0,1,,,data
4378,9780671803896,,amazon,skipped,0,0,,0,0,0,0,1,,,data
4379,9780140126860,,amazon,skipped,0,0,,0,0,0,0,1,,,data
4380,9780892962518,,amazon,skipped,0,0,,0,0,0,0,1,,,data
4381,9780380782123,,amazon,skipped,0,0,,0,0,0,0,1,,,data
4382,9780394743165,,amazon,skipped,0,0,,0,0,0,0,1,,,data
4383,9780920256367,,amazon,skipped,0,0,,0,0,0,0,1,,,data
4384,9780380556571,,amazon,skipped,0,0,,0,0,0,0,1,,,data
4385,9780880290142,,amazon,skipped,0,0,,0,0,0,0,1,,,data
4386,9780517572412,,amazon,skipped,0,0,,0,0,0,0,1,,,data
4387,9780307215864,,amazon,skipped,0,0,,0,0,0,0,1,,,data
4388,9780316141260,,amazon,skipped,0,0,,0,0,0,0,1,,,data
4389,9780385234528,,amazon,skipped,0,0,,0,0,0,0,1,,,data
4390,9783596150571,,amazon,skipped,0,0,,0,0,0,0,1,,,data
4391,9781577595465,,amazon,skipped,0,0,,0,0,0,0,1,,,data
4392,9783423243117,,amazon,skipped,0,0,,0,0,0,0,1,,,data
4393,9780060278953,,amazon,skipped,0,0,,0,0,0,0,1,,,data
4394,9780440418436,,amazon,skipped,0,0,,0,0,0,0,1,,,data
4395,9780439341264,,amazon,skipped,0,0,,0,0,0,0,1,,,data
4396,9780679402565,,amazon,skipped,0,0,,0,0,0,0,1,,,data
4397,9780881663266,,amazon,skipped,0,0,,0,0,0,0,1,,,data
4398,9780691019024,,amazon,skipped,0,0,,0,0,0,0,1,,,data
4399,9780060195564,,amazon,skipped,0,0,,0,0,0,0,1,,,data
4400,9780818504389,,amazon,skipped,0,0,,0,0,0,0,1,,,data
4401,9780765194251,,amazon,skipped,0,0,,0,0,0,0,1,,,data
4402,9780060984328,,amazon,skipped,0,0,,0,0,0,0,1,,,data
4403,9780875870908,,amazon,skipped,0,0,,0,0,0,0,1,,,data
4404,9781932100082,,amazon,skipped,0,0,,0,0,0,0,1,,,data
4405,9780765196941,,amazon,skipped,0,0,,0,0,0,0,1,,,data
4406,9780312201739,,amazon,skipped,0,0,,0,0,0,0,1,,,data
4407,9780809476794,,amazon,skipped,0,0,,0,0,0,0,1,,,data
4408,9780375500282,,amazon,skipped,0,0,,0,0,0,0,1,,,data
4409,9780140273298,,amazon,skipped,0,0,,0,0,0,0,1,,,data
4410,9780810913714,,amazon,skipped,0,0,,0,0,0,0,1,,,data
4411,9781569552216,,amazon,skipped,0,0,,0,0,0,0,1,,,data
4412,9780812504286,,amazon,skipped,0,0,,0,0,0,0,1,,,data
4413,9780671831202,,amazon,skipped,0,0,,0,0,0,0,1,,,data
4414,9780393039412,,amazon,skipped,0,0,,0,0,0,0,1,,,data
4415,9780893756093,,amazon,skipped,0,0,,0,0,0,0,1,,,data
4416,9780750922838,,amazon,skipped,0,0,,0,0,0,0,1,,,data
4417,9781570718601,,amazon,skipped,0,0,,0,0,0,0,1,,,data
4418,9780590442978,,amazon,skipped,0,0,,0,0,0,0,1,,,data
4419,9780843114492,,amazon,skipped,0,0,,0,0,0,0,1,,,data
4420,9780688140342,,amazon,skipped,0,0,,0,0,0,0,1,,,data
4421,9780307215512,,amazon,skipped,0,0,,0,0,0,0,1,,,data
4422,9780966347326,,amazon,skipped,0,0,,0,0,0,0,1,,,data
4423,9780307215413,,amazon,skipped,0,0,,0,0,0,0,1,,,data
4424,9781853754128,,amazon,skipped,0,0,,0,0,0,0,1,,,data
4425,9781587360671,,amazon,skipped,0,0,,0,0,0,0,1,,,data
4426,9780688416409,,amazon,skipped,0,0,,0,0,0,0,1,,,data
4427,9780345340207,,amazon,skipped,0,0,,0,0,0,0,1,,,data
4428,9780934601849,,amazon,skipped,0,0,,0,0,0,0,1,,,data
4429,9780062510594,,amazon,skipped,0,0,,0,0,0,0,1,,,data
4430,9780744560497,,amazon,skipped,0,0,,0,0,0,0,1,,,data
4431,9780881623710,,amazon,skipped,0,0,,0,0,0,0,1,,,data
4432,9780670829828,,amazon,skipped,0,0,,0,0,0,0,1,,,data
4433,9780807554043,,amazon,skipped,0,0,,0,0,0,0,1,,,data
4434,9780590418409,,amazon,skipped,0,0,,0,0,0,0,1,,,data
4435,9780525937302,,amazon,skipped,0,0,,0,0,0,0,1,,,data
4436,9781403355744,,amazon,skipped,0,0,,0,0,0,0,1,,,data
4437,9780130017604,,amazon,skipped,0,0,,0,0,0,0,1,,,data
4438,9780590430159,,amazon,skipped,0,0,,0,0,0,0,1,,,data
4439,9781571290298,,amazon,skipped,0,0,,0,0,0,0,1,,,data
4440,9780380718221,,amazon,skipped,0,0,,0,0,0,0,1,,,data
4441,9780525471394,,amazon,skipped,0,0,,0,0,0,0,1,,,data
4442,9780156901772,,amazon,skipped,0,0,,0,0,0,0,1,,,data
4443,9780553158946,,amazon,skipped,0,0,,0,0,0,0,1,,,data
4444,9781401900625,,amazon,skipped,0,0,,0,0,0,0,1,,,data
4445,9780743500463,,amazon,skipped,0,0,,0,0,0,0,1,,,data
4446,9781889968537,,amazon,skipped,0,0,,0,0,0,0,1,,,data
4447,9780205322442,,amazon,skipped,0,0,,0,0,0,0,1,,,data
4448,9781555613440,,amazon,skipped,0,0,,0,0,0,0,1,,,data
4449,9781555613105,,amazon,skipped,0,0,,0,0,0,0,1,,,data
4450,9780810912779,,amazon,skipped,0,0,,0,0,0,0,1,,,data
4451,9780890877852,,amazon,skipped,0,0,,0,0,0,0,1,,,data
4452,9780943231990,,amazon,skipped,0,0,,0,0,0,0,1,,,data
4453,9781559501378,,amazon,skipped,0,0,,0,0,0,0,1,,,data
4454,9783453092426,,amazon,skipped,0,0,,0,0,0,0,1,,,data
4455,9780961642617,,amazon,skipped,0,0,,0,0,0,0,1,,,data
4456,9780786831470,,amazon,skipped,0,0,,0,0,0,0,1,,,data
4457,9780517139110,,amazon,skipped,0,0,,0,0,0,0,1,,,data
4458,9781562880675,,amazon,skipped,0,0,,0,0,0,0,1,,,data
4459,9781569470015,,amazon,skipped,0,0,,0,0,0,0,1,,,data
4460,9780690005660,,amazon,skipped,0,0,,0,0,0,0,1,,,data
4461,9780452277724,,amazon,skipped,0,0,,0,0,0,0,1,,,data
4462,9781562880668,,amazon,skipped,0,0,,0,0,0,0,1,,,data
4463,9780679400349,,amazon,skipped,0,0,,0,0,0,0,1,,,data
4464,9780060294519,,amazon,skipped,0,0,,0,0,0,0,1,,,data
4465,9780880299039,,amazon,skipped,0,0,,0,0,0,0,1,,,data
4466,9780882901565,,amazon,skipped,0,0,,0,0,0,0,1,,,data
4467,9781559210393,,amazon,skipped,0,0,,0,0,0,0,1,,,data
4468,9781562880651,,amazon,skipped,0,0,,0,0,0,0,1,,,data
4469,9780882902036,,amazon,skipped,0,0,,0,0,0,0,1,,,data
4470,9781559501194,,amazon,skipped,0,0,,0,0,0,0,1,,,data
4471,9781559501323,,amazon,skipped,0,0,,0,0,0,0,1,,,data
4472,9781559500678,,amazon,skipped,0,0,,0,0,0,0,1,,,data
4473,9780915179626,,amazon,skipped,0,0,,0,0,0,0,1,,,data
4474,9780517334195,,amazon,skipped,0,0,,0,0,0,0,1,,,data
4475,9780871313492,,amazon,skipped,0,0,,0,0,0,0,1,,,data
4476,9780915179244,,amazon,skipped,0,0,,0,0,0,0,1,,,data
4477,9780789205384,,amazon,skipped,0,0,,0,0,0,0,1,,,data
4478,9780500050576,,amazon,skipped,0,0,,0,0,0,0,1,,,data
4479,9780553238310,,amazon,skipped,0,0,,0,0,0,0,1,,,data
4480,9780140061956,,amazon,skipped,0,0,,0,0,0,0,1,,,data
4481,9780671727734,,amazon,skipped,0,0,,0,0,0,0,1,,,data
4482,9780316926287,,amazon,skipped,0,0,,0,0,0,0,1,,,data
4483,9780030437267,,amazon,skipped,0,0,,0,0,0,0,1,,,data
4484,9780586090855,,amazon,skipped,0,0,,0,0,0,0,1,,,data
4485,9781886093119,,amazon,skipped,0,0,,0,0,0,0,1,,,data
4486,9780060674694,,amazon,skipped,0,0,,0,0,0,0,1,,,data
4487,9780393309430,,amazon,skipped,0,0,,0,0,0,0,1,,,data
4488,9780839786429,,amazon,skipped,0,0,,0,0,0,0,1,,,data
4489,9780451450487,,amazon,skipped,0,0,,0,0,0,0,1,,,data
4490,9780863580017,,amazon,skipped,0,0,,0,0,0,0,1,,,data
4491,9780061090912,,amazon,skipped,0,0,,0,0,0,0,1,,,data
4492,9780812566611,,amazon,skipped,0,0,,0,0,0,0,1,,,data
4493,9780451523464,,amazon,skipped,0,0,,0,0,0,0,1,,,data
4494,9780819562784,,amazon,skipped,0,0,,0,0,0,0,1,,,data
4495,9780816747252,,amazon,skipped,0,0,,0,0,0,0,1,,,data
4496,9780140431247,,amazon,skipped,0,0,,0,0,0,0,1,,,data
4497,9780819562777,,amazon,skipped,0,0,,0,0,0,0,1,,,data
4498,9780312878665,,amazon,skipped,0,0,,0,0,0,0,1,,,data
4499,9780819562715,,amazon,skipped,0,0,,0,0,0,0,1,,,data
4500,9780819562708,,amazon,skipped,0,0,,0,0,0,0,1,,,data
4501,9780590120098,,amazon,skipped,0,0,,0,0,0,0,1,,,data
4502,9780821737330,,amazon,skipped,0,0,,0,0,0,0,1,,,data
4503,9780061059575,,amazon,skipped,0,0,,0,0,0,0,1,,,data
4504,9780786832477,,amazon,skipped,0,0,,0,0,0,0,1,,,data
4505,9780553214253,,amazon,skipped,0,0,,0,0,0,0,1,,,data
4506,9780865474710,,amazon,skipped,0,0,,0,0,0,0,1,,,data
4507,9780151181018,,amazon,skipped,0,0,,0,0,0,0,1,,,data
4508,9780060201432,,amazon,skipped,0,0,,0,0,0,0,1,,,data
4509,9780393033564,,amazon,skipped,0,0,,0,0,0,0,1,,,data
4510,9780307106537,,amazon,skipped,0,0,,0,0,0,0,1,,,data
4511,9780671211486,,amazon,skipped,0,0,,0,0,0,0,1,,,data
4512,9780195103663,,amazon,skipped,0,0,,0,0,0,0,1,,,data
4513,9780195072792,,amazon,skipped,0,0,,0,0,0,0,1,,,data
4514,9780312617455,,amazon,skipped,0,0,,0,0,0,0,1,,,data
4515,9781879237230,,amazon,skipped,0,0,,0,0,0,0,1,,,data
4516,9780521802796,,amazon,skipped,0,0,,0,0,0,0,1,,,data
4517,9780812566543,,amazon,skipped,0,0,,0,0,0,0,1,,,data
4518,9780345352170,,amazon,skipped,0,0,,0,0,0,0,1,,,data
4519,9780812566994,,amazon,skipped,0,0,,0,0,0,0,1,,,data
4520,9780345352187,,amazon,skipped,0,0,,0,0,0,0,1,,,data
4521,9780679440352,,amazon,skipped,0,0,,0,0,0,0,1,,,data
4522,9780802132642,,amazon,skipped,0,0,,0,0,0,0,1,,,data
4523,9780679441090,,amazon,skipped,0,0,,0,0,0,0,1,,,data
4524,9780373029525,,amazon,skipped,0,0,,0,0,0,0,1,,,data
4525,9780312105013,,amazon,skipped,0,0,,0,0,0,0,1,,,data
4526,9780715610169,,amazon,skipped,0,0,,0,0,0,0,1,,,data
4527,9780195057812,,amazon,skipped,0,0,,0,0,0,0,1,,,data
4528,9780671041908,,amazon,skipped,0,0,,0,0,0,0,1,,,data
4529,9780517588048,,amazon,skipped,0,0,,0,0,0,0,1,,,data
4530,9780941969024,,amazon,skipped,0,0,,0,0,0,0,1,,,data
4531,9781567181647,,amazon,skipped,0,0,,0,0,0,0,1,,,data
4532,9780373760244,,amazon,skipped,0,0,,0,0,0,0,1,,,data
4533,9781852277635,,amazon,skipped,0,0,,0,0,0,0,1,,,data
4534,9780373166374,,amazon,skipped,0,0,,0,0,0,0,1,,,data
4535,9780880389136,,amazon,skipped,0,0,,0,0,0,0,1,,,data
4536,9780061084614,,amazon,skipped,0,0,,0,0,0,0,1,,,data
4537,9780872860643,,amazon,skipped,0,0,,0,0,0,0,1,,,data
4538,9780373833580,,amazon,skipped,0,0,,0,0,0,0,1,,,data
4539,9781931742207,,amazon,skipped,0,0,,0,0,0,0,1,,,data
4540,9781587494123,,amazon,skipped,0,0,,0,0,0,0,1,,,data
4541,9780314846907,,amazon,skipped,0,0,,0,0,0,0,1,,,data
4542,9781587492099,,amazon,skipped,0,0,,0,0,0,0,1,,,data
4543,9780916951160,,amazon,skipped,0,0,,0,0,0,0,1,,,data
4544,9781587491627,,amazon,skipped,0,0,,0,0,0,0,1,,,data
4545,9781931696906,,amazon,skipped,0,0,,0,0,0,0,1,,,data
4546,9780671744991,,amazon,skipped,0,0,,0,0,0,0,1,,,data
4547,9781565970731,,amazon,skipped,0,0,,0,0,0,0,1,,,data
4548,9780834117334,,amazon,skipped,0,0,,0,0,0,0,1,,,data
4549,9780440222118,,amazon,skipped,0,0,,0,0,0,0,1,,,data
4550,9780812519525,,amazon,skipped,0,0,,0,0,0,0,1,,,data
4551,9781932124071,,amazon,skipped,0,0,,0,0,0,0,1,,,data
4552,9780671559359,,amazon,skipped,0,0,,0,0,0,0,1,,,data
4553,9780373029648,,amazon,skipped,0,0,,0,0,0,0,1,,,data
4554,9780373224746,,amazon,skipped,0,0,,0,0,0,0,1,,,data
4555,9780373029631,,amazon,skipped,0,0,,0,0,0,0,1,,,data
4556,9780688066215,,amazon,skipped,0,0,,0,0,0,0,1,,,data
4557,9780373107919,,amazon,skipped,0,0,,0,0,0,0,1,,,data
4558,9780307070524,,amazon,skipped,0,0,,0,0,0,0,1,,,data
4559,9780373705788,,amazon,skipped,0,0,,0,0,0,0,1,,,data
4560,9780746004692,,amazon,skipped,0,0,,0,0,0,0,1,,,data
4561,9780809491889,,amazon,skipped,0,0,,0,0,0,0,1,,,data
4562,9780809491865,,amazon,skipped,0,0,,0,0,0,0,1,,,data
4563,9780877959052,,amazon,skipped,0,0,,0,0,0,0,1,,,data
4564,9781576600504,,amazon,skipped,0,0,,0,0,0,0,1,,,data
4565,9780880298148,,amazon,skipped,0,0,,0,0,0,0,1,,,data
4566,9780324041668,,amazon,skipped,0,0,,0,0,0,0,1,,,data
4567,9780385313537,,amazon,skipped,0,0,,0,0,0,0,1,,,data
4568,9780801670657,,amazon,skipped,0,0,,0,0,0,0,1,,,data
4569,9780142196007,,amazon,skipped,0,0,,0,0,0,0,1,,,data
4570,9780155003774,,amazon,skipped,0,0,,0,0,0,0,1,,,data
4571,9780070412194,,amazon,skipped,0,0,,0,0,0,0,1,,,data
4572,9780385474023,,amazon,skipped,0,0,,0,0,0,0,1,,,data
4573,9780324120806,,amazon,skipped,0,0,,0,0,0,0,1,,,data
4574,9780945296225,,amazon,skipped,0,0,,0,0,0,0,1,,,data
4575,9780760054178,,amazon,skipped,0,0,,0,0,0,0,1,,,data
4576,9780945296157,,amazon,skipped,0,0,,0,0,0,0,1,,,data
4577,9780945296188,,amazon,skipped,0,0,,0,0,0,0,1,,,data
4578,9780670834129,,amazon,skipped,0,0,,0,0,0,0,1,,,data
4579,9780394587349,,amazon,skipped,0,0,,0,0,0,0,1,,,data
4580,9780373033584,,amazon,skipped,0,0,,0,0,0,0,1,,,data
4581,9780870118661,,amazon,skipped,0,0,,0,0,0,0,1,,,data
4582,9780934395458,,amazon,skipped,0,0,,0,0,0,0,1,,,data
4583,9780870113994,,amazon,skipped,0,0,,0,0,0,0,1,,,data
4584,9780373166008,,amazon,skipped,0,0,,0,0,0,0,1,,,data
4585,9780915811816,,amazon,skipped,0,0,,0,0,0,0,1,,,data
4586,9780316754491,,amazon,skipped,0,0,,0,0,0,0,1,,,data
4587,9780373056200,,amazon,skipped,0,0,,0,0,0,0,1,,,data
4588,9780155383135,,amazon,skipped,0,0,,0,0,0,0,1,,,data
4589,9780155383128,,amazon,skipped,0,0,,0,0,0,0,1,,,data
4590,9780373825387,,amazon,skipped,0,0,,0,0,0,0,1,,,data
4591,9780891097006,,amazon,skipped,0,0,,0,0,0,0,1,,,data
4592,9780373166664,,amazon,skipped,0,0,,0,0,0,0,1,,,data
4593,9781568582191,,amazon,skipped,0,0,,0,0,0,0,1,,,data
4594,9781889893105,,amazon,skipped,0,0,,0,0,0,0,1,,,data
4595,9780801064036,,amazon,skipped,0,0,,0,0,0,0,1,,,data
4596,9780060928377,,amazon,skipped,0,0,,0,0,0,0,1,,,data
4597,9780849942723,,amazon,skipped,0,0,,0,0,0,0,1,,,data
4598,9780967084084,,amazon,skipped,0,0,,0,0,0,0,1,,,data
4599,9780785243632,,amazon,skipped,0,0,,0,0,0,0,1,,,data
4600,9780767911856,,amazon,skipped,0,0,,0,0,0,0,1,,,data
4601,9780312878863,,amazon,skipped,0,0,,0,0,0,0,1,,,data
4602,9780849944376,,amazon,skipped,0,0,,0,0,0,0,1,,,data
4603,9781578564187,,amazon,skipped,0,0,,0,0,0,0,1,,,data
4604,9780373166398,,amazon,skipped,0,0,,0,0,0,0,1,,,data
4605,9780440113218,,amazon,skipped,0,0,,0,0,0,0,1,,,data
4606,9780373105311,,amazon,skipped,0,0,,0,0,0,0,1,,,data
4607,9789722007092,,amazon,skipped,0,0,,0,0,0,0,1,,,data
4608,9780440120919,,amazon,skipped,0,0,,0,0,0,0,1,,,data
4609,9780912656069,,amazon,skipped,0,0,,0,0,0,0,1,,,data
4610,9780373166770,,amazon,skipped,0,0,,0,0,0,0,1,,,data
4611,9780895863751,,amazon,skipped,0,0,,0,0,0,0,1,,,data
4612,9780373165186,,amazon,skipped,0,0,,0,0,0,0,1,,,data
4613,9781561735389,,amazon,skipped,0,0,,0,0,0,0,1,,,data
4614,9780856968815,,amazon,skipped,0,0,,0,0,0,0,1,,,data
4615,9780373224760,,amazon,skipped,0,0,,0,0,0,0,1,,,data
4616,9780764530036,,amazon,skipped,0,0,,0,0,0,0,1,,,data
4617,9780782120141,,amazon,skipped,0,0,,0,0,0,0,1,,,data
4618,9780916773489,,amazon,skipped,0,0,,0,0,0,0,1,,,data
4619,9780373168071,,amazon,skipped,0,0,,0,0,0,0,1,,,data
4620,9780070523531,,amazon,skipped,0,0,,0,0,0,0,1,,,data
4621,9780671829605,,amazon,skipped,0,0,,0,0,0,0,1,,,data
4622,9780811806831,,amazon,skipped,0,0,,0,0,0,0,1,,,data
4623,9780681417373,,amazon,skipped,0,0,,0,0,0,0,1,,,data
4624,9780792458302,,amazon,skipped,0,0,,0,0,0,0,1,,,data
4625,9780138765903,,amazon,skipped,0,0,,0,0,0,0,1,,,data
4626,9780764223433,,amazon,skipped,0,0,,0,0,0,0,1,,,data
4627,9781567313253,,amazon,skipped,0,0,,0,0,0,0,1,,,data
4628,9781888848335,,amazon,skipped,0,0,,0,0,0,0,1,,,data
4629,9780373074624,,amazon,skipped,0,0,,0,0,0,0,1,,,data
4630,9780140327137,,amazon,skipped,0,0,,0,0,0,0,1,,,data
4631,9780843940510,,amazon,skipped,0,0,,0,0,0,0,1,,,data
4632,9781579722029,,amazon,skipped,0,0,,0,0,0,0,1,,,data
4633,9780842364454,,amazon,skipped,0,0,,0,0,0,0,1,,,data
4634,9780809250813,,amazon,skipped,0,0,,0,0,0,0,1,,,data
4635,9780891094241,,amazon,skipped,0,0,,0,0,0,0,1,,,data
4636,9780671829681,,amazon,skipped,0,0,,0,0,0,0,1,,,data
4637,9780451409843,,amazon,skipped,0,0,,0,0,0,0,1,,,data
4638,9780671495640,,amazon,skipped,0,0,,0,0,0,0,1,,,data
4639,9780373115822,,amazon,skipped,0,0,,0,0,0,0,1,,,data
4640,9780373253487,,amazon,skipped,0,0,,0,0,0,0,1,,,data
4641,9780373163229,,amazon,skipped,0,0,,0,0,0,0,1,,,data
4642,9780006550266,,amazon,skipped,0,0,,0,0,0,0,1,,,data
4643,9780330348904,,amazon,skipped,0,0,,0,0,0,0,1,,,data
4644,9780373254354,,amazon,skipped,0,0,,0,0,0,0,1,,,data
4645,9780373074952,,amazon,skipped,0,0,,0,0,0,0,1,,,data
4646,9780373898732,,amazon,skipped,0,0,,0,0,0,0,1,,,data
4647,9780373762767,,amazon,skipped,0,0,,0,0,0,0,1,,,data
4648,9780671434922,,amazon,skipped,0,0,,0,0,0,0,1,,,data
4649,9780006722977,,amazon,skipped,0,0,,0,0,0,0,1,,,data
4650,9780373111886,,amazon,skipped,0,0,,0,0,0,0,1,,,data
4651,9780451204509,,amazon,skipped,0,0,,0,0,0,0,1,,,data
4652,9780340795057,,amazon,skipped,0,0,,0,0,0,0,1,,,data
4653,9780440987130,,amazon,skipped,0,0,,0,0,0,0,1,,,data
4654,9780373706853,,amazon,skipped,0,0,,0,0,0,0,1,,,data
4655,9780373106653,,amazon,skipped,0,0,,0,0,0,0,1,,,data
4656,9780373028658,,amazon,skipped,0,0,,0,0,0,0,1,,,data
4657,9780140377941,,amazon,skipped,0,0,,0,0,0,0,1,,,data
4658,9780590978798,,amazon,skipped,0,0,,0,0,0,0,1,,,data
4659,9780590978774,,amazon,skipped,0,0,,0,0,0,0,1,,,data
4660,9780373174072,,amazon,skipped,0,0,,0,0,0,0,1,,,data
4661,9780590117388,,amazon,skipped,0,0,,0,0,0,0,1,,,data
4662,9780373109975,,amazon,skipped,0,0,,0,0,0,0,1,,,data
4663,9781854873156,,amazon,skipped,0,0,,0,0,0,0,1,,,data
4664,9780590117142,,amazon,skipped,0,0,,0,0,0,0,1,,,data
4665,9780590117135,,amazon,skipped,0,0,,0,0,0,0,1,,,data
4666,9780753817551,,amazon,skipped,0,0,,0,0,0,0,1,,,data
4667,9780590212847,,amazon,skipped,0,0,,0,0,0,0,1,,,data
4668,9780722540213,,amazon,skipped,0,0,,0,0,0,0,1,,,data
4669,9780380797301,,amazon,skipped,0,0,,0,0,0,0,1,,,data
4670,9780385133173,,amazon,skipped,0,0,,0,0,0,0,1,,,data
4671,9780373194377,,amazon,skipped,0,0,,0,0,0,0,1,,,data
4672,9783404605149,,amazon,skipped,0,0,,0,0,0,0,1,,,data
4673,9780373026821,,amazon,skipped,0,0,,0,0,0,0,1,,,data
4674,9780714824222,,amazon,skipped,0,0,,0,0,0,0,1,,,data
4675,9781853263460,,amazon,skipped,0,0,,0,0,0,0,1,,,data
4676,9780192815835,,amazon,skipped,0,0,,0,0,0,0,1,,,data
4677,9780449206102,,amazon,skipped,0,0,,0,0,0,0,1,,,data
4678,9780771044175,,amazon,skipped,0,0,,0,0,0,0,1,,,data
4679,9781565123458,,amazon,skipped,0,0,,0,0,0,0,1,,,data
4680,9780373079070,,amazon,skipped,0,0,,0,0,0,0,1,,,data
4681,9780373224807,,amazon,skipped,0,0,,0,0,0,0,1,,,data
4682,9780553350104,,amazon,skipped,0,0,,0,0,0,0,1,,,data
4683,9780373702336,,amazon,skipped,0,0,,0,0,0,0,1,,,data
4684,9780964946408,,amazon,skipped,0,0,,0,0,0,0,1,,,data
4685,9780375760303,,amazon,skipped,0,0,,0,0,0,0,1,,,data
4686,9780891415725,,amazon,skipped,0,0,,0,0,0,0,1,,,data
4687,9780373224982,,amazon,skipped,0,0,,0,0,0,0,1,,,data
4688,9781559352314,,amazon,skipped,0,0,,0,0,0,0,1,,,data
4689,9780899663814,,amazon,skipped,0,0,,0,0,0,0,1,,,data
4690,9780373032235,,amazon,skipped,0,0,,0,0,0,0,1,,,data
4691,9780373225088,,amazon,skipped,0,0,,0,0,0,0,1,,,data
4692,9780802755278,,amazon,skipped,0,0,,0,0,0,0,1,,,data
4693,9780373079117,,amazon,skipped,0,0,,0,0,0,0,1,,,data
4694,9780374271831,,amazon,skipped,0,0,,0,0,0,0,1,,,data
4695,9780679939474,,amazon,skipped,0,0,,0,0,0,0,1,,,data
4696,9780373166602,,amazon,skipped,0,0,,0,0,0,0,1,,,data
4697,9780671674687,,amazon,skipped,0,0,,0,0,0,0,1,,,data
4698,9780345430755,,amazon,skipped,0,0,,0,0,0,0,1,,,data
4699,9780316325769,,amazon,skipped,0,0,,0,0,0,0,1,,,data
4700,9780449205761,,amazon,skipped,0,0,,0,0,0,0,1,,,data
4701,9780671814151,,amazon,skipped,0,0,,0,0,0,0,1,,,data
4702,9780375703713,,amazon,skipped,0,0,,0,0,0,0,1,,,data
4703,9780965045032,,amazon,skipped,0,0,,0,0,0,0,1,,,data
4704,9780965045018,,amazon,skipped,0,0,,0,0,0,0,1,,,data
4705,9780425092941,,amazon,skipped,0,0,,0,0,0,0,1,,,data
4706,9780394448589,,amazon,skipped,0,0,,0,0,0,0,1,,,data
4707,9780425093368,,amazon,skipped,0,0,,0,0,0,0,1,,,data
4708,9780312940270,,amazon,skipped,0,0,,0,0,0,0,1,,,data
4709,9780771595929,,amazon,skipped,0,0,,0,0,0,0,1,,,data
4710,9780345345080,,amazon,skipped,0,0,,0,0,0,0,1,,,data
4711,9780385295628,,amazon,skipped,0,0,,0,0,0,0,1,,,data
4712,9780765302267,,amazon,skipped,0,0,,0,0,0,0,1,,,data
4713,9781573920452,,amazon,skipped,0,0,,0,0,0,0,1,,,data
4714,9780312863548,,amazon,skipped,0,0,,0,0,0,0,1,,,data
4715,9781553695486,,amazon,skipped,0,0,,0,0,0,0,1,,,data
4716,9780804105590,,amazon,skipped,0,0,,0,0,0,0,1,,,data
4717,9783453137578,,amazon,skipped,0,0,,0,0,0,0,1,,,data
4718,9783462029048,,amazon,skipped,0,0,,0,0,0,0,1,,,data
4719,9783442438594,,amazon,skipped,0,0,,0,0,0,0,1,,,data
4720,9781930009035,,amazon,skipped,0,0,,0,0,0,0,1,,,data
4721,9780879235147,,amazon,skipped,0,0,,0,0,0,0,1,,,data
4722,9781930009011,,amazon,skipped,0,0,,0,0,0,0,1,,,data
4723,9780679774143,,amazon,skipped,0,0,,0,0,0,0,1,,,data
4724,9780889842076,,amazon,skipped,0,0,,0,0,0,0,1,,,data
4725,9781930009028,,amazon,skipped,0,0,,0,0,0,0,1,,,data
4726,9781930009004,,amazon,skipped,0,0,,0,0,0,0,1,,,data
4727,9780771591389,,amazon,skipped,0,0,,0,0,0,0,1,,,data
4728,9780963960795,,amazon,skipped,0,0,,0,0,0,0,1,,,data
4729,9781930009073,,amazon,skipped,0,0,,0,0,0,0,1,,,data
4730,9780963960771,,amazon,skipped,0,0,,0,0,0,0,1,,,data
4731,9780803726123,,amazon,skipped,0,0,,0,0,0,0,1,,,data
4732,9780963960788,,amazon,skipped,0,0,,0,0,0,0,1,,,data
4733,9780373870875,,amazon,skipped,0,0,,0,0,0,0,1,,,data
4734,9780373871117,,amazon,skipped,0,0,,0,0,0,0,1,,,data
4735,9780307201621,,amazon,skipped,0,0,,0,0,0,0,1,,,data
4736,9780373871438,,amazon,skipped,0,0,,0,0,0,0,1,,,data
4737,9780373642250,,amazon,skipped,0,0,,0,0,0,0,1,,,data
4738,9780395353516,,amazon,skipped,0,0,,0,0,0,0,1,,,data
4739,9780140189308,,amazon,skipped,0,0,,0,0,0,0,1,,,data
4740,9781568581293,,amazon,skipped,0,0,,0,0,0,0,1,,,data
4741,9780891098263,,amazon,skipped,0,0,,0,0,0,0,1,,,data
4742,9780811207768,,amazon,skipped,0,0,,0,0,0,0,1,,,data
4743,9780812571349,,amazon,skipped,0,0,,0,0,0,0,1,,,data
4744,9780963960740,,amazon,skipped,0,0,,0,0,0,0,1,,,data
4745,9780812991802,,amazon,skipped,0,0,,0,0,0,0,1,,,data
4746,9781568810720,,amazon,skipped,0,0,,0,0,0,0,1,,,data
4747,9780802111609,,amazon,skipped,0,0,,0,0,0,0,1,,,data
4748,9789748303680,,amazon,skipped,0,0,,0,0,0,0,1,,,data
4749,9780393322293,,amazon,empty,0,7,title; authors; publisher; origin; date_of_publication; language; genres,0,0,0,0,10,,,data
4750,9780684854090,,amazon,skipped,0,0,,0,0,0,0,1,,,data
4751,9780143029717,,amazon,skipped,0,0,,0,0,0,0,1,,,data
4752,9780691005140,,amazon,skipped,0,0,,0,0,0,0,1,,,data
4753,9780670910205,,amazon,skipped,0,0,,0,0,0,0,1,,,data
4754,9780375503283,,amazon,skipped,0,0,,0,0,0,0,1,,,data
4755,9780844254807,,amazon,skipped,0,0,,0,0,0,0,1,,,data
4756,9781858282411,,amazon,skipped,0,0,,0,0,0,0,1,,,data
4757,9782710300021,,amazon,skipped,0,0,,0,0,0,0,1,,,data
4758,9782246493518,,amazon,skipped,0,0,,0,0,0,0,1,,,data
4759,9780140440171,,amazon,skipped,0,0,,0,0,0,0,1,,,data
4760,9782070764839,,amazon,skipped,0,0,,0,0,0,0,1,,,data
4761,9782070752782,,amazon,empty,0,7,title; authors; publisher; origin; date_of_publication; language; genres,0,0,0,0,9,,,data
4762,9782226052575,,amazon,skipped,0,0,,0,0,0,0,1,,,data
4763,9780399150616,,amazon,skipped,0,0,,0,0,0,0,1,,,data
4764,9780451622105,,amazon,skipped,0,0,,0,0,0,0,1,,,data
4765,9780878305506,,amazon,skipped,0,0,,0,0,0,0,1,,,data
4766,9780802150301,,amazon,skipped,0,0,,0,0,0,0,1,,,data
4767,9780452259126,,amazon,skipped,0,0,,0,0,0,0,1,,,data
4768,9780874773750,,amazon,skipped,0,0,,0,0,0,0,1,,,data
4769,9780679733089,,amazon,skipped,0,0,,0,0,0,0,1,,,data
4770,9780553354492,,amazon,skipped,0,0,,0,0,0,0,1,,,data
4771,9780758207746,,amazon,skipped,0,0,,0,0,0,0,1,,,data
4772,9788401491863,,amazon,skipped,0,0,,0,0,0,0,1,,,data
4773,9780273019138,,amazon,skipped,0,0,,0,0,0,0,1,,,data
4774,9780373791439,,amazon,skipped,0,0,,0,0,0,0,1,,,data
4775,9780373079919,,amazon,skipped,0,0,,0,0,0,0,1,,,data
4776,9780758205872,,amazon,skipped,0,0,,0,0,0,0,1,,,data
4777,9780373292967,,amazon,skipped,0,0,,0,0,0,0,1,,,data
4778,9780373292349,,amazon,skipped,0,0,,0,0,0,0,1,,,data
4779,9780843942231,,amazon,skipped,0,0,,0,0,0,0,1,,,data
4780,9780373650095,,amazon,skipped,0,0,,0,0,0,0,1,,,data
4781,9780373707539,,amazon,skipped,0,0,,0,0,0,0,1,,,data
4782,9780373257980,,amazon,skipped,0,0,,0,0,0,0,1,,,data
4783,9780843947236,,amazon,skipped,0,0,,0,0,0,0,1,,,data
4784,9780451202659,,amazon,skipped,0,0,,0,0,0,0,1,,,data
4785,9780373257751,,amazon,skipped,0,0,,0,0,0,0,1,,,data
4786,9780451518767,,amazon,skipped,0,0,,0,0,0,0,1,,,data
4787,9780449003602,,amazon,skipped,0,0,,0,0,0,0,1,,,data
4788,9780373511297,,amazon,skipped,0,0,,0,0,0,0,1,,,data
4789,9780553443806,,amazon,skipped,0,0,,0,0,0,0,1,,,data
4790,9780671020712,,amazon,skipped,0,0,,0,0,0,0,1,,,data
4791,9780553444247,,amazon,skipped,0,0,,0,0,0,0,1,,,data
4792,9780505520951,,amazon,skipped,0,0,,0,0,0,0,1,,,data
4793,9780553444704,,amazon,skipped,0,0,,0,0,0,0,1,,,data
4794,9780553444728,,amazon,skipped,0,0,,0,0,0,0,1,,,data
4795,9780843932812,,amazon,skipped,0,0,,0,0,0,0,1,,,data
4796,9780553445992,,amazon,skipped,0,0,,0,0,0,0,1,,,data
4797,9780451205025,,amazon,skipped,0,0,,0,0,0,0,1,,,data
4798,9780553445671,,amazon,skipped,0,0,,0,0,0,0,1,,,data
4799,9780373106639,,amazon,skipped,0,0,,0,0,0,0,1,,,data
4800,9780553445978,,amazon,skipped,0,0,,0,0,0,0,1,,,data
4801,9780821720615,,amazon,skipped,0,0,,0,0,0,0,1,,,data
4802,9780373104062,,amazon,skipped,0,0,,0,0,0,0,1,,,data
4803,9780821724033,,amazon,skipped,0,0,,0,0,0,0,1,,,data
4804,9780373791385,,amazon,skipped,0,0,,0,0,0,0,1,,,data
4805,9780373791408,,amazon,skipped,0,0,,0,0,0,0,1,,,data
4806,9780821754658,,amazon,skipped,0,0,,0,0,0,0,1,,,data
4807,9780821749630,,amazon,skipped,0,0,,0,0,0,0,1,,,data
4808,9780373790074,,amazon,skipped,0,0,,0,0,0,0,1,,,data
4809,9780505521842,,amazon,skipped,0,0,,0,0,0,0,1,,,data
4810,9780500300343,,amazon,skipped,0,0,,0,0,0,0,1,,,data
4811,9780140268027,,amazon,skipped,0,0,,0,0,0,0,1,,,data
4812,9783442711758,,amazon,skipped,0,0,,0,0,0,0,1,,,data
4813,9783492230520,,amazon,skipped,0,0,,0,0,0,0,1,,,data
4814,9781898323600,,amazon,skipped,0,0,,0,0,0,0,1,,,data
4815,9780373790494,,amazon,skipped,0,0,,0,0,0,0,1,,,data
4816,9781563411120,,amazon,skipped,0,0,,0,0,0,0,1,,,data
4817,9783442356171,,amazon,skipped,0,0,,0,0,0,0,1,,,data
4818,9780671653361,,amazon,skipped,0,0,,0,0,0,0,1,,,data
4819,9783453082045,,amazon,skipped,0,0,,0,0,0,0,1,,,data
4820,9783406340277,,amazon,skipped,0,0,,0,0,0,0,1,,,data
4821,9780505520593,,amazon,skipped,0,0,,0,0,0,0,1,,,data
4822,9780373790418,,amazon,skipped,0,0,,0,0,0,0,1,,,data
4823,9783453048881,,amazon,skipped,0,0,,0,0,0,0,1,,,data
4824,9783442443901,,amazon,skipped,0,0,,0,0,0,0,1,,,data
4825,9780373791347,,amazon,skipped,0,0,,0,0,0,0,1,,,data
4826,9781853261176,,amazon,skipped,0,0,,0,0,0,0,1,,,data
4827,9780373791361,,amazon,skipped,0,0,,0,0,0,0,1,,,data
4828,9780758203618,,amazon,skipped,0,0,,0,0,0,0,1,,,data
4829,9780399151576,,amazon,skipped,0,0,,0,0,0,0,1,,,data
4830,9783446202108,,amazon,skipped,0,0,,0,0,0,0,1,,,data
4831,9780373791309,,amazon,skipped,0,0,,0,0,0,0,1,,,data
4832,9783257215847,,amazon,skipped,0,0,,0,0,0,0,1,,,data
4833,9780375508851,,amazon,skipped,0,0,,0,0,0,0,1,,,data
4834,9780373258390,,amazon,skipped,0,0,,0,0,0,0,1,,,data
4835,9783800050185,,amazon,skipped,0,0,,0,0,0,0,1,,,data
4836,9780883961841,,amazon,skipped,0,0,,0,0,0,0,1,,,data
4837,9780449219843,,amazon,skipped,0,0,,0,0,0,0,1,,,data
4838,9780373791255,,amazon,skipped,0,0,,0,0,0,0,1,,,data
4839,9781573922371,,amazon,skipped,0,0,,0,0,0,0,1,,,data
4840,9780373791248,,amazon,skipped,0,0,,0,0,0,0,1,,,data
4841,9780140232028,,amazon,skipped,0,0,,0,0,0,0,1,,,data
4842,9780399136665,,amazon,skipped,0,0,,0,0,0,0,1,,,data
4843,9780373271528,,amazon,skipped,0,0,,0,0,0,0,1,,,data
4844,9780671009908,,amazon,skipped,0,0,,0,0,0,0,1,,,data
4845,9780006329497,,amazon,skipped,0,0,,0,0,0,0,1,,,data
4846,9780140249859,,amazon,skipped,0,0,,0,0,0,0,1,,,data
4847,9780373259465,,amazon,skipped,0,0,,0,0,0,0,1,,,data
4848,9780312318499,,amazon,skipped,0,0,,0,0,0,0,1,,,data
4849,9780708824092,,amazon,skipped,0,0,,0,0,0,0,1,,,data
4850,9780373832712,,amazon,skipped,0,0,,0,0,0,0,1,,,data
4851,9780571167494,,amazon,skipped,0,0,,0,0,0,0,1,,,data
4852,9780373511211,,amazon,skipped,0,0,,0,0,0,0,1,,,data
4853,9780750227308,,amazon,skipped,0,0,,0,0,0,0,1,,,data
4854,9780373257799,,amazon,skipped,0,0,,0,0,0,0,1,,,data
4855,9780373036783,,amazon,skipped,0,0,,0,0,0,0,1,,,data
4856,9780446381505,,amazon,skipped,0,0,,0,0,0,0,1,,,data
4857,9780140092561,,amazon,skipped,0,0,,0,0,0,0,1,,,data
4858,9780595131198,,amazon,skipped,0,0,,0,0,0,0,1,,,data
4859,9780373079742,,amazon,skipped,0,0,,0,0,0,0,1,,,data
4860,9780679435051,,amazon,skipped,0,0,,0,0,0,0,1,,,data
4861,9780505524218,,amazon,skipped,0,0,,0,0,0,0,1,,,data
4862,9780061081965,,amazon,skipped,0,0,,0,0,0,0,1,,,data
4863,9780373791149,,amazon,skipped,0,0,,0,0,0,0,1,,,data
4864,9780739432327,,amazon,skipped,0,0,,0,0,0,0,1,,,data
4865,9780671795337,,amazon,skipped,0,0,,0,0,0,0,1,,,data
4866,9780451170293,,amazon,skipped,0,0,,0,0,0,0,1,,,data
4867,9780373482405,,amazon,skipped,0,0,,0,0,0,0,1,,,data
4868,9780446517485,,amazon,skipped,0,0,,0,0,0,0,1,,,data
4869,9781575668697,,amazon,skipped,0,0,,0,0,0,0,1,,,data
4870,9780425197226,,amazon,skipped,0,0,,0,0,0,0,1,,,data
4871,9780142196069,,amazon,skipped,0,0,,0,0,0,0,1,,,data
4872,9780670871933,,amazon,skipped,0,0,,0,0,0,0,1,,,data
4873,9780806987798,,amazon,skipped,0,0,,0,0,0,0,1,,,data
4874,9780425183441,,amazon,skipped,0,0,,0,0,0,0,1,,,data
4875,9781593080303,,amazon,skipped,0,0,,0,0,0,0,1,,,data
4876,9780758205698,,amazon,skipped,0,0,,0,0,0,0,1,,,data
4877,9780446518161,,amazon,skipped,0,0,,0,0,0,0,1,,,data
4878,9780373510153,,amazon,skipped,0,0,,0,0,0,0,1,,,data
4879,9780373484942,,amazon,skipped,0,0,,0,0,0,0,1,,,data
4880,9780449900826,,amazon,skipped,0,0,,0,0,0,0,1,,,data
4881,9780373259526,,amazon,skipped,0,0,,0,0,0,0,1,,,data
4882,9780060959586,,amazon,skipped,0,0,,0,0,0,0,1,,,data
4883,9780517555729,,amazon,skipped,0,0,,0,0,0,0,1,,,data
4884,9780517448526,,amazon,skipped,0,0,,0,0,0,0,1,,,data
4885,9780373791118,,amazon,skipped,0,0,,0,0,0,0,1,,,data
4886,9780376037824,,amazon,skipped,0,0,,0,0,0,0,1,,,data
4887,9780679722991,,amazon,skipped,0,0,,0,0,0,0,1,,,data
4888,9780416886009,,amazon,skipped,0,0,,0,0,0,0,1,,,data
4889,9780970804907,,amazon,skipped,0,0,,0,0,0,0,1,,,data
4890,9780373078318,,amazon,skipped,0,0,,0,0,0,0,1,,,data
4891,9780416876703,,amazon,skipped,0,0,,0,0,0,0,1,,,data
4892,9781575420363,,amazon,skipped,0,0,,0,0,0,0,1,,,data
4893,9781561483303,,amazon,skipped,0,0,,0,0,0,0,1,,,data
4894,9780897214285,,amazon,skipped,0,0,,0,0,0,0,1,,,data
4895,9780449002551,,amazon,skipped,0,0,,0,0,0,0,1,,,data
4896,9780897214629,,amazon,skipped,0,0,,0,0,0,0,1,,,data
4897,9780897214438,,amazon,skipped,0,0,,0,0,0,0,1,,,data
4898,9780449241455,,amazon,skipped,0,0,,0,0,0,0,1,,,data
4899,9780425171295,,amazon,skipped,0,0,,0,0,0,0,1,,,data
4900,9780921689782,,amazon,skipped,0,0,,0,0,0,0,1,,,data
4901,9781879960428,,amazon,skipped,0,0,,0,0,0,0,1,,,data
4902,9780889740419,,amazon,skipped,0,0,,0,0,0,0,1,,,data
4903,9781577192718,,amazon,skipped,0,0,,0,0,0,0,1,,,data
4904,9781883523039,,amazon,skipped,0,0,,0,0,0,0,1,,,data
4905,9781931561518,,amazon,skipped,0,0,,0,0,0,0,1,,,data
4906,9780842386876,,amazon,skipped,0,0,,0,0,0,0,1,,,data
4907,9780373073498,,amazon,skipped,0,0,,0,0,0,0,1,,,data
4908,9780889740341,,amazon,skipped,0,0,,0,0,0,0,1,,,data
4909,9780920304570,,amazon,skipped,0,0,,0,0,0,0,1,,,data
4910,9780921881049,,amazon,skipped,0,0,,0,0,0,0,1,,,data
4911,9780373094523,,amazon,skipped,0,0,,0,0,0,0,1,,,data
4912,9780435072216,,amazon,skipped,0,0,,0,0,0,0,1,,,data
4913,9780671535223,,amazon,skipped,0,0,,0,0,0,0,1,,,data
4914,9780889612105,,amazon,skipped,0,0,,0,0,0,0,1,,,data
4915,9780889104563,,amazon,skipped,0,0,,0,0,0,0,1,,,data
4916,9780941423694,,amazon,skipped,0,0,,0,0,0,0,1,,,data
4917,9780373271573,,amazon,skipped,0,0,,0,0,0,0,1,,,data
4918,9781570428043,,amazon,skipped,0,0,,0,0,0,0,1,,,data
4919,9780766607217,,amazon,skipped,0,0,,0,0,0,0,1,,,data
4920,9780897894456,,amazon,skipped,0,0,,0,0,0,0,1,,,data
4921,9780766607224,,amazon,skipped,0,0,,0,0,0,0,1,,,data
4922,9780754055334,,amazon,skipped,0,0,,0,0,0,0,1,,,data
4923,9780440228172,,amazon,skipped,0,0,,0,0,0,0,1,,,data
4924,9780671036393,,amazon,skipped,0,0,,0,0,0,0,1,,,data
4925,9780373790715,,amazon,skipped,0,0,,0,0,0,0,1,,,data
4926,9780895771971,,amazon,skipped,0,0,,0,0,0,0,1,,,data
4927,9780486647623,,amazon,skipped,0,0,,0,0,0,0,1,,,data
4928,9780897214223,,amazon,skipped,0,0,,0,0,0,0,1,,,data
4929,9780670884087,,amazon,skipped,0,0,,0,0,0,0,1,,,data
4930,9780969912613,,amazon,skipped,0,0,,0,0,0,0,1,,,data
4931,9780811824378,,amazon,skipped,0,0,,0,0,0,0,1,,,data
4932,9780521475709,,amazon,skipped,0,0,,0,0,0,0,1,,,data
4933,9780192832320,,amazon,skipped,0,0,,0,0,0,0,1,,,data
4934,9780373790111,,amazon,skipped,0,0,,0,0,0,0,1,,,data
4935,9780394756950,,amazon,skipped,0,0,,0,0,0,0,1,,,data
4936,9780061082290,,amazon,skipped,0,0,,0,0,0,0,1,,,data
4937,9780679866978,,amazon,skipped,0,0,,0,0,0,0,1,,,data
4938,9780821716403,,amazon,skipped,0,0,,0,0,0,0,1,,,data
4939,9780821723715,,amazon,skipped,0,0,,0,0,0,0,1,,,data
4940,9780671674656,,amazon,skipped,0,0,,0,0,0,0,1,,,data
4941,9780836222319,,amazon,skipped,0,0,,0,0,0,0,1,,,data
4942,9780671504465,,amazon,skipped,0,0,,0,0,0,0,1,,,data
4943,9780671501945,,amazon,skipped,0,0,,0,0,0,0,1,,,data
4944,9780843948004,,amazon,skipped,0,0,,0,0,0,0,1,,,data
4945,9781590522691,,amazon,skipped,0,0,,0,0,0,0,1,,,data
4946,9780451173119,,amazon,skipped,0,0,,0,0,0,0,1,,,data
4947,9780821719251,,amazon,skipped,0,0,,0,0,0,0,1,,,data
4948,9780764220906,,amazon,skipped,0,0,,0,0,0,0,1,,,data
4949,9780886776145,,amazon,skipped,0,0,,0,0,0,0,1,,,data
4950,9780821727546,,amazon,skipped,0,0,,0,0,0,0,1,,,data
4951,9780764220890,,amazon,skipped,0,0,,0,0,0,0,1,,,data
4952,9780451405357,,amazon,skipped,0,0,,0,0,0,0,1,,,data
4953,9781556615795,,amazon,skipped,0,0,,0,0,0,0,1,,,data
4954,9780843945638,,amazon,skipped,0,0,,0,0,0,0,1,,,data
4955,9780061082283,,amazon,skipped,0,0,,0,0,0,0,1,,,data
4956,9780061082306,,amazon,skipped,0,0,,0,0,0,0,1,,,data
4957,9788440653147,,amazon,skipped,0,0,,0,0,0,0,1,,,data
4958,9780821713860,,amazon,empty,0,7,title; authors; publisher; origin; date_of_publication; language; genres,0,0,0,0,10,,,data
4959,9780821731161,,amazon,skipped,0,0,,0,0,0,0,1,,,data
4960,9780670808175,,amazon,skipped,0,0,,0,0,0,0,1,,,data
4961,9780821719220,,amazon,skipped,0,0,,0,0,0,0,1,,,data
4962,9780312206598,,amazon,skipped,0,0,,0,0,0,0,1,,,data
4963,9780821730089,,amazon,skipped,0,0,,0,0,0,0,1,,,data
4964,9780821731628,,amazon,skipped,0,0,,0,0,0,0,1,,,data
4965,9780590133708,,amazon,skipped,0,0,,0,0,0,0,1,,,data
4966,9780821719381,,amazon,skipped,0,0,,0,0,0,0,1,,,data
4967,9780802710581,,amazon,skipped,0,0,,0,0,0,0,1,,,data
4968,9780060515591,,amazon,skipped,0,0,,0,0,0,0,1,,,data
4969,9780821720073,,amazon,skipped,0,0,,0,0,0,0,1,,,data
4970,9780821729496,,amazon,skipped,0,0,,0,0,0,0,1,,,data
4971,9780821718384,,amazon,skipped,0,0,,0,0,0,0,1,,,data
4972,9780821727263,,amazon,skipped,0,0,,0,0,0,0,1,,,data
4973,9780380728848,,amazon,skipped,0,0,,0,0,0,0,1,,,data
4974,9780061040771,,amazon,skipped,0,0,,0,0,0,0,1,,,data
4975,9780061080449,,amazon,skipped,0,0,,0,0,0,0,1,,,data
4976,9780061041228,,amazon,skipped,0,0,,0,0,0,0,1,,,data
4977,9781558175273,,amazon,skipped,0,0,,0,0,0,0,1,,,data
4978,9780679737094,,amazon,skipped,0,0,,0,0,0,0,1,,,data
4979,9780670869336,,amazon,skipped,0,0,,0,0,0,0,1,,,data
4980,9780966463316,,amazon,skipped,0,0,,0,0,0,0,1,,,data
4981,9780070342057,,amazon,skipped,0,0,,0,0,0,0,1,,,data
4982,9781559212472,,amazon,skipped,0,0,,0,0,0,0,1,,,data
4983,9781561796724,,amazon,skipped,0,0,,0,0,0,0,1,,,data
4984,9780966234169,,amazon,skipped,0,0,,0,0,0,0,1,,,data
4985,9780062500298,,amazon,skipped,0,0,,0,0,0,0,1,,,data
4986,9780553057652,,amazon,skipped,0,0,,0,0,0,0,1,,,data
4987,9780786703081,,amazon,skipped,0,0,,0,0,0,0,1,,,data
4988,9780310918844,,amazon,skipped,0,0,,0,0,0,0,1,,,data
4989,9780060928599,,amazon,skipped,0,0,,0,0,0,0,1,,,data
4990,9780373085293,,amazon,skipped,0,0,,0,0,0,0,1,,,data
4991,9781877988288,,amazon,skipped,0,0,,0,0,0,0,1,,,data
4992,9780789480668,,amazon,skipped,0,0,,0,0,0,0,1,,,data
4993,9781586604004,,amazon,skipped,0,0,,0,0,0,0,1,,,data
4994,9780965779302,,amazon,skipped,0,0,,0,0,0,0,1,,,data
4995,9780312966485,,amazon,skipped,0,0,,0,0,0,0,1,,,data
4996,9780590732857,,amazon,skipped,0,0,,0,0,0,0,1,,,data
4997,9780679452997,,amazon,skipped,0,0,,0,0,0,0,1,,,data
4998,9780192833389,,amazon,skipped,0,0,,0,0,0,0,1,,,data
4999,9780802138613,,amazon,skipped,0,0,,0,0,0,0,1,,,data
5000,9781860463617,,amazon,skipped,0,0,,0,0,0,0,1,,,data
5001,9780762711581,,amazon,skipped,0,0,,0,0,0,0,1,,,data
5002,9780762724406,,amazon,skipped,0,0,,0,0,0,0,1,,,data
5003,9780679424598,,amazon,skipped,0,0,,0,0,0,0,1,,,data
5004,9781878887344,,amazon,skipped,0,0,,0,0,0,0,1,,,data
5005,9780142002803,,amazon,skipped,0,0,,0,0,0,0,1,,,data
5006,9780771020032,,amazon,skipped,0,0,,0,0,0,0,1,,,data
5007,9780671445157,,amazon,skipped,0,0,,0,0,0,0,1,,,data
5008,9780553217469,,amazon,skipped,0,0,,0,0,0,0,1,,,data
5009,9781881830238,,amazon,skipped,0,0,,0,0,0,0,1,,,data
5010,9780451136350,,amazon,skipped,0,0,,0,0,0,0,1,,,data
5011,9780060194390,,amazon,skipped,0,0,,0,0,0,0,1,,,data
5012,9780553218268,,amazon,skipped,0,0,,0,0,0,0,1,,,data
5013,9780133548372,,amazon,skipped,0,0,,0,0,0,0,1,,,data
5014,9780842356220,,amazon,skipped,0,0,,0,0,0,0,1,,,data
5015,9780553206661,,amazon,skipped,0,0,,0,0,0,0,1,,,data
5016,9780553218091,,amazon,skipped,0,0,,0,0,0,0,1,,,data
5017,9780882669083,,amazon,skipped,0,0,,0,0,0,0,1,,,data
5018,9781580171274,,amazon,skipped,0,0,,0,0,0,0,1,,,data
5019,9780553107364,,amazon,skipped,0,0,,0,0,0,0,1,,,data
5020,9780385496940,,amazon,skipped,0,0,,0,0,0,0,1,,,data
5021,9780385332941,,amazon,skipped,0,0,,0,0,0,0,1,,,data
5022,9780312861025,,amazon,skipped,0,0,,0,0,0,0,1,,,data
5023,9780774031998,,amazon,skipped,0,0,,0,0,0,0,1,,,data
5024,9780416101607,,amazon,skipped,0,0,,0,0,0,0,1,,,data
5025,9780061012327,,amazon,skipped,0,0,,0,0,0,0,1,,,data
5026,9780312152444,,amazon,skipped,0,0,,0,0,0,0,1,,,data
5027,9780812548150,,amazon,skipped,0,0,,0,0,0,0,1,,,data
5028,9780374105341,,amazon,skipped,0,0,,0,0,0,0,1,,,data
5029,9780812513929,,amazon,skipped,0,0,,0,0,0,0,1,,,data
5030,9780373482177,,amazon,skipped,0,0,,0,0,0,0,1,,,data
5031,9780764501067,,amazon,skipped,0,0,,0,0,0,0,1,,,data
5032,9781585421473,,amazon,skipped,0,0,,0,0,0,0,1,,,data
5033,9780553107487,,amazon,skipped,0,0,,0,0,0,0,1,,,data
5034,9780764221422,,amazon,skipped,0,0,,0,0,0,0,1,,,data
5035,9780738705415,,amazon,skipped,0,0,,0,0,0,0,1,,,data
5036,9780965298407,,amazon,skipped,0,0,,0,0,0,0,1,,,data
5037,9780201550733,,amazon,skipped,0,0,,0,0,0,0,1,,,data
5038,9781567181517,,amazon,skipped,0,0,,0,0,0,0,1,,,data
5039,9780749920500,,amazon,skipped,0,0,,0,0,0,0,1,,,data
5040,9780877288695,,amazon,skipped,0,0,,0,0,0,0,1,,,data
5041,9780760712108,,amazon,skipped,0,0,,0,0,0,0,1,,,data
5042,9781931686808,,amazon,skipped,0,0,,0,0,0,0,1,,,data
5043,9780919345638,,amazon,skipped,0,0,,0,0,0,0,1,,,data
5044,9780892811571,,amazon,skipped,0,0,,0,0,0,0,1,,,data
5045,9781851773879,,amazon,skipped,0,0,,0,0,0,0,1,,,data
5046,9781572153516,,amazon,skipped,0,0,,0,0,0,0,1,,,data
5047,9780738705132,,amazon,skipped,0,0,,0,0,0,0,1,,,data
5048,9780806525594,,amazon,skipped,0,0,,0,0,0,0,1,,,data
5049,9781930038134,,amazon,skipped,0,0,,0,0,0,0,1,,,data
5050,9780373510023,,amazon,skipped,0,0,,0,0,0,0,1,,,data
5051,9781865155128,,amazon,skipped,0,0,,0,0,0,0,1,,,data
5052,9780373510054,,amazon,skipped,0,0,,0,0,0,0,1,,,data
5053,9781564145222,,amazon,skipped,0,0,,0,0,0,0,1,,,data
5054,9780373510115,,amazon,skipped,0,0,,0,0,0,0,1,,,data
5055,9780762707560,,amazon,skipped,0,0,,0,0,0,0,1,,,data
5056,9780446601221,,amazon,skipped,0,0,,0,0,0,0,1,,,data
5057,9781881559764,,amazon,empty,0,7,title; authors; publisher; origin; date_of_publication; language; genres,0,0,0,0,10,,,data
5058,9780373510139,,amazon,skipped,0,0,,0,0,0,0,1,,,data
5059,9780912301402,,amazon,skipped,0,0,,0,0,0,0,1,,,data
5060,9781740591065,,amazon,skipped,0,0,,0,0,0,0,1,,,data
5061,9780373510146,,amazon,skipped,0,0,,0,0,0,0,1,,,data
5062,9780738703480,,amazon,skipped,0,0,,0,0,0,0,1,,,data
5063,9780373510160,,amazon,skipped,0,0,,0,0,0,0,1,,,data
5064,9781564147165,,amazon,skipped,0,0,,0,0,0,0,1,,,data
5065,9780373510191,,amazon,skipped,0,0,,0,0,0,0,1,,,data
5066,9780684836447,,amazon,skipped,0,0,,0,0,0,0,1,,,data
5067,9780373510207,,amazon,skipped,0,0,,0,0,0,0,1,,,data
5068,9780738701721,,amazon,skipped,0,0,,0,0,0,0,1,,,data
5069,9780373510337,,amazon,skipped,0,0,,0,0,0,0,1,,,data
5070,9780312977139,,amazon,skipped,0,0,,0,0,0,0,1,,,data
5071,9781928806097,,amazon,skipped,0,0,,0,0,0,0,1,,,data
5072,9780373510382,,amazon,skipped,0,0,,0,0,0,0,1,,,data
5073,9780709068846,,amazon,skipped,0,0,,0,0,0,0,1,,,data
5074,9780373510368,,amazon,skipped,0,0,,0,0,0,0,1,,,data
5075,9780953920402,,amazon,skipped,0,0,,0,0,0,0,1,,,data
5076,9780850308150,,amazon,skipped,0,0,,0,0,0,0,1,,,data
5077,9780671571436,,amazon,skipped,0,0,,0,0,0,0,1,,,data
5078,9781585421169,,amazon,skipped,0,0,,0,0,0,0,1,,,data
5079,9780373088010,,amazon,skipped,0,0,,0,0,0,0,1,,,data
5080,9780373071609,,amazon,skipped,0,0,,0,0,0,0,1,,,data
5081,9780572028558,,amazon,skipped,0,0,,0,0,0,0,1,,,data
5082,9781567184310,,amazon,skipped,0,0,,0,0,0,0,1,,,data
5083,9780373073009,,amazon,skipped,0,0,,0,0,0,0,1,,,data
5084,9780738700960,,amazon,skipped,0,0,,0,0,0,0,1,,,data
5085,9780749920968,,amazon,skipped,0,0,,0,0,0,0,1,,,data
5086,9781590030028,,amazon,skipped,0,0,,0,0,0,0,1,,,data
5087,9781580910101,,amazon,skipped,0,0,,0,0,0,0,1,,,data
5088,9780671636913,,amazon,skipped,0,0,,0,0,0,0,1,,,data
5089,9780738702780,,amazon,skipped,0,0,,0,0,0,0,1,,,data
5090,9780806521374,,amazon,skipped,0,0,,0,0,0,0,1,,,data
5091,9781564145031,,amazon,skipped,0,0,,0,0,0,0,1,,,data
5092,9780028628592,,amazon,skipped,0,0,,0,0,0,0,1,,,data
5093,9780806520315,,amazon,skipped,0,0,,0,0,0,0,1,,,data
5094,9780962321337,,amazon,skipped,0,0,,0,0,0,0,1,,,data
5095,9780738703015,,amazon,skipped,0,0,,0,0,0,0,1,,,data
5096,9781556508202,,amazon,skipped,0,0,,0,0,0,0,1,,,data
5097,9781402705878,,amazon,skipped,0,0,,0,0,0,0,1,,,data
5098,9780028626352,,amazon,skipped,0,0,,0,0,0,0,1,,,data
5099,9780919345959,,amazon,skipped,0,0,,0,0,0,0,1,,,data
5100,9780759677845,,amazon,skipped,0,0,,0,0,0,0,1,,,data
5101,9780753816837,,amazon,skipped,0,0,,0,0,0,0,1,,,data
5102,9780575043534,,amazon,skipped,0,0,,0,0,0,0,1,,,data
5103,9780385485517,,amazon,skipped,0,0,,0,0,0,0,1,,,data
5104,9780030107214,,amazon,skipped,0,0,,0,0,0,0,1,,,data
5105,9780689502958,,amazon,skipped,0,0,,0,0,0,0,1,,,data
5106,9780738702001,,amazon,skipped,0,0,,0,0,0,0,1,,,data
5107,9780964911352,,amazon,skipped,0,0,,0,0,0,0,1,,,data
5108,9780935127676,,amazon,skipped,0,0,,0,0,0,0,1,,,data
5109,9780935127041,,amazon,skipped,0,0,,0,0,0,0,1,,,data
5110,9780877284239,,amazon,skipped,0,0,,0,0,0,0,1,,,data
5111,9780880795111,,amazon,skipped,0,0,,0,0,0,0,1,,,data
5112,9780806520438,,amazon,skipped,0,0,,0,0,0,0,1,,,data
5113,9780806520940,,amazon,skipped,0,0,,0,0,0,0,1,,,data
5114,9780141010977,,amazon,skipped,0,0,,0,0,0,0,1,,,data
5115,9781564145888,,amazon,skipped,0,0,,0,0,0,0,1,,,data
5116,9780931411175,,amazon,skipped,0,0,,0,0,0,0,1,,,data
5117,9780929274188,,amazon,skipped,0,0,,0,0,0,0,1,,,data
5118,9780824516833,,amazon,skipped,0,0,,0,0,0,0,1,,,data
5119,9780891096795,,amazon,skipped,0,0,,0,0,0,0,1,,,data
5120,9780060950019,,amazon,skipped,0,0,,0,0,0,0,1,,,data
5121,9781557883599,,amazon,skipped,0,0,,0,0,0,0,1,,,data
5122,9781580631679,,amazon,skipped,0,0,,0,0,0,0,1,,,data
5123,9780425061275,,amazon,skipped,0,0,,0,0,0,0,1,,,data
5124,9780310425113,,amazon,skipped,0,0,,0,0,0,0,1,,,data
5125,9781551520674,,amazon,skipped,0,0,,0,0,0,0,1,,,data
5126,9780722511619,,amazon,skipped,0,0,,0,0,0,0,1,,,data
5127,9780722536964,,amazon,skipped,0,0,,0,0,0,0,1,,,data
5128,9781900512534,,amazon,skipped,0,0,,0,0,0,0,1,,,data
5129,9780722136997,,amazon,skipped,0,0,,0,0,0,0,1,,,data
5130,9780761516262,,amazon,skipped,0,0,,0,0,0,0,1,,,data
5131,9780684801131,,amazon,skipped,0,0,,0,0,0,0,1,,,data
5132,9780722540060,,amazon,skipped,0,0,,0,0,0,0,1,,,data
5133,9781572434516,,amazon,skipped,0,0,,0,0,0,0,1,,,data
5134,9781570670268,,amazon,skipped,0,0,,0,0,0,0,1,,,data
5135,9780913990421,,amazon,skipped,0,0,,0,0,0,0,1,,,data
5136,9780006152989,,amazon,skipped,0,0,,0,0,0,0,1,,,data
5137,9781570670251,,amazon,skipped,0,0,,0,0,0,0,1,,,data
5138,9780747207917,,amazon,skipped,0,0,,0,0,0,0,1,,,data
5139,9781580910798,,amazon,skipped,0,0,,0,0,0,0,1,,,data
5140,9780812963892,,amazon,skipped,0,0,,0,0,0,0,1,,,data
5141,9780330244282,,amazon,skipped,0,0,,0,0,0,0,1,,,data
5142,9780060935443,,amazon,skipped,0,0,,0,0,0,0,1,,,data
5143,9780718136031,,amazon,skipped,0,0,,0,0,0,0,1,,,data
5144,9780596000264,,amazon,skipped,0,0,,0,0,0,0,1,,,data
5145,9780471146117,,amazon,skipped,0,0,,0,0,0,0,1,,,data
5146,9780864380357,,amazon,skipped,0,0,,0,0,0,0,1,,,data
5147,9780071380393,,amazon,skipped,0,0,,0,0,0,0,1,,,data
5148,9781893224087,,amazon,skipped,0,0,,0,0,0,0,1,,,data
5149,9780423010602,,amazon,skipped,0,0,,0,0,0,0,1,,,data
5150,9781880559741,,amazon,skipped,0,0,,0,0,0,0,1,,,data
5151,9780207163746,,amazon,skipped,0,0,,0,0,0,0,1,,,data
5152,9780971498815,,amazon,skipped,0,0,,0,0,0,0,1,,,data
5153,9781869584283,,amazon,skipped,0,0,,0,0,0,0,1,,,data
5154,9780761913139,,amazon,skipped,0,0,,0,0,0,0,1,,,data
5155,9781578511433,,amazon,skipped,0,0,,0,0,0,0,1,,,data
5156,9780752904085,,amazon,skipped,0,0,,0,0,0,0,1,,,data
5157,9780787963941,,amazon,skipped,0,0,,0,0,0,0,1,,,data
5158,9781841120393,,amazon,skipped,0,0,,0,0,0,0,1,,,data
5159,9780749438517,,amazon,skipped,0,0,,0,0,0,0,1,,,data
5160,9781587990663,,amazon,skipped,0,0,,0,0,0,0,1,,,data
5161,9780671027070,,amazon,skipped,0,0,,0,0,0,0,1,,,data
5162,9780520218352,,amazon,skipped,0,0,,0,0,0,0,1,,,data
5163,9781560526087,,amazon,skipped,0,0,,0,0,0,0,1,,,data
5164,9780802132635,,amazon,skipped,0,0,,0,0,0,0,1,,,data
5165,9780340414248,,amazon,skipped,0,0,,0,0,0,0,1,,,data
5166,9781931229173,,amazon,skipped,0,0,,0,0,0,0,1,,,data
5167,9780898799057,,amazon,skipped,0,0,,0,0,0,0,1,,,data
5168,9781574441758,,amazon,skipped,0,0,,0,0,0,0,1,,,data
5169,9781551802077,,amazon,skipped,0,0,,0,0,0,0,1,,,data
5170,9780330334341,,amazon,skipped,0,0,,0,0,0,0,1,,,data
5171,9780761535638,,amazon,skipped,0,0,,0,0,0,0,1,,,data
5172,9789605401108,,amazon,skipped,0,0,,0,0,0,0,1,,,data
5173,9780809244751,,amazon,skipped,0,0,,0,0,0,0,1,,,data
5174,9780679729587,,amazon,skipped,0,0,,0,0,0,0,1,,,data
5175,9780140076943,,amazon,skipped,0,0,,0,0,0,0,1,,,data
5176,9780449001288,,amazon,skipped,0,0,,0,0,0,0,1,,,data
5177,9780451151841,,amazon,skipped,0,0,,0,0,0,0,1,,,data
5178,9780449148518,,amazon,skipped,0,0,,0,0,0,0,1,,,data
5179,9781567184679,,amazon,skipped,0,0,,0,0,0,0,1,,,data
5180,9781890009816,,amazon,skipped,0,0,,0,0,0,0,1,,,data
5181,9781573241434,,amazon,skipped,0,0,,0,0,0,0,1,,,data
5182,9780425082683,,amazon,skipped,0,0,,0,0,0,0,1,,,data
5183,9780843924657,,amazon,skipped,0,0,,0,0,0,0,1,,,data
5184,9781567184631,,amazon,skipped,0,0,,0,0,0,0,1,,,data
5185,9780875420479,,amazon,skipped,0,0,,0,0,0,0,1,,,data
5186,9781567182736,,amazon,skipped,0,0,,0,0,0,0,1,,,data
5187,9780312268817,,amazon,skipped,0,0,,0,0,0,0,1,,,data
5188,9780806920658,,amazon,empty,0,7,title; authors; publisher; origin; date_of_publication; language; genres,0,0,0,0,10,,,data
5189,9780843931044,,amazon,skipped,0,0,,0,0,0,0,1,,,data
5190,9781576751169,,amazon,skipped,0,0,,0,0,0,0,1,,,data
5191,9780722535660,,amazon,skipped,0,0,,0,0,0,0,1,,,data
5192,9780471435969,,amazon,skipped,0,0,,0,0,0,0,1,,,data
5193,9780671729929,,amazon,skipped,0,0,,0,0,0,0,1,,,data
5194,9781573226516,,amazon,skipped,0,0,,0,0,0,0,1,,,data
5195,9780892818778,,amazon,skipped,0,0,,0,0,0,0,1,,,data
5196,9780737303230,,amazon,skipped,0,0,,0,0,0,0,1,,,data
5197,9780609807439,,amazon,skipped,0,0,,0,0,0,0,1,,,data
5198,9780970449023,,amazon,skipped,0,0,,0,0,0,0,1,,,data
5199,9780929274232,,amazon,skipped,0,0,,0,0,0,0,1,,,data
5200,9780970449016,,amazon,skipped,0,0,,0,0,0,0,1,,,data
5201,9780970449009,,amazon,skipped,0,0,,0,0,0,0,1,,,data
5202,9780684837130,,amazon,skipped,0,0,,0,0,0,0,1,,,data
5203,9780962847424,,amazon,skipped,0,0,,0,0,0,0,1,,,data
5204,9780312959364,,amazon,skipped,0,0,,0,0,0,0,1,,,data
5205,9780312961596,,amazon,skipped,0,0,,0,0,0,0,1,,,data
5206,9780671796600,,amazon,skipped,0,0,,0,0,0,0,1,,,data
5207,9780440235538,,amazon,skipped,0,0,,0,0,0,0,1,,,data
5208,9780425073674,,amazon,skipped,0,0,,0,0,0,0,1,,,data
5209,9780770427856,,amazon,skipped,0,0,,0,0,0,0,1,,,data
5210,9781560253518,,amazon,skipped,0,0,,0,0,0,0,1,,,data
5211,9780393325232,,amazon,skipped,0,0,,0,0,0,0,1,,,data
5212,9781858817903,,amazon,skipped,0,0,,0,0,0,0,1,,,data
5213,9780385492782,,amazon,skipped,0,0,,0,0,0,0,1,,,data
5214,9780870448645,,amazon,skipped,0,0,,0,0,0,0,1,,,data
5215,9780870448669,,amazon,skipped,0,0,,0,0,0,0,1,,,data
5216,9780373033133,,amazon,skipped,0,0,,0,0,0,0,1,,,data
5217,9780373034291,,amazon,skipped,0,0,,0,0,0,0,1,,,data
5218,9780870449079,,amazon,skipped,0,0,,0,0,0,0,1,,,data
5219,9780373034284,,amazon,skipped,0,0,,0,0,0,0,1,,,data
5220,9780932238016,,amazon,skipped,0,0,,0,0,0,0,1,,,data
5221,9780373033980,,amazon,skipped,0,0,,0,0,0,0,1,,,data
5222,9780517222478,,amazon,skipped,0,0,,0,0,0,0,1,,,data
5223,9780870449086,,amazon,skipped,0,0,,0,0,0,0,1,,,data
5224,9780515109269,,amazon,skipped,0,0,,0,0,0,0,1,,,data
5225,9780425099025,,amazon,skipped,0,0,,0,0,0,0,1,,,data
5226,9780373034383,,amazon,skipped,0,0,,0,0,0,0,1,,,data
5227,9780373034369,,amazon,skipped,0,0,,0,0,0,0,1,,,data
5228,9780373261192,,amazon,skipped,0,0,,0,0,0,0,1,,,data
5229,9780373167081,,amazon,skipped,0,0,,0,0,0,0,1,,,data
5230,9780373166749,,amazon,skipped,0,0,,0,0,0,0,1,,,data
5231,9780805423242,,amazon,skipped,0,0,,0,0,0,0,1,,,data
5232,9780553379372,,amazon,skipped,0,0,,0,0,0,0,1,,,data
5233,9780440223269,,amazon,skipped,0,0,,0,0,0,0,1,,,data
5234,9780394755304,,amazon,skipped,0,0,,0,0,0,0,1,,,data
5235,9780425121665,,amazon,skipped,0,0,,0,0,0,0,1,,,data
5236,9780425157008,,amazon,skipped,0,0,,0,0,0,0,1,,,data
5237,9780451181343,,amazon,skipped,0,0,,0,0,0,0,1,,,data
5238,9780449211120,,amazon,skipped,0,0,,0,0,0,0,1,,,data
5239,9780060642822,,amazon,skipped,0,0,,0,0,0,0,1,,,data
5240,9780974282916,,amazon,skipped,0,0,,0,0,0,0,1,,,data
5241,9780974282909,,amazon,skipped,0,0,,0,0,0,0,1,,,data
5242,9780060392512,,amazon,skipped,0,0,,0,0,0,0,1,,,data
5243,9781561563081,,amazon,skipped,0,0,,0,0,0,0,1,,,data
5244,9780688082963,,amazon,skipped,0,0,,0,0,0,0,1,,,data
5245,9780070304871,,amazon,skipped,0,0,,0,0,0,0,1,,,data
5246,9780553285888,,amazon,skipped,0,0,,0,0,0,0,1,,,data
5247,9780140368413,,amazon,skipped,0,0,,0,0,0,0,1,,,data
5248,9780761112396,,amazon,skipped,0,0,,0,0,0,0,1,,,data
5249,9781856483223,,amazon,skipped,0,0,,0,0,0,0,1,,,data
5250,9781930806122,,amazon,skipped,0,0,,0,0,0,0,1,,,data
5251,9780425044902,,amazon,skipped,0,0,,0,0,0,0,1,,,data
5252,9780704344969,,amazon,skipped,0,0,,0,0,0,0,1,,,data
5253,9780698116917,,amazon,skipped,0,0,,0,0,0,0,1,,,data
5254,9781854879325,,amazon,skipped,0,0,,0,0,0,0,1,,,data
5255,9780300066609,,amazon,skipped,0,0,,0,0,0,0,1,,,data
5256,9780300050257,,amazon,skipped,0,0,,0,0,0,0,1,,,data
5257,9780300045871,,amazon,skipped,0,0,,0,0,0,0,1,,,data
5258,9780140390377,,amazon,skipped,0,0,,0,0,0,0,1,,,data
5259,9780380722808,,amazon,skipped,0,0,,0,0,0,0,1,,,data
5260,9780671745684,,amazon,skipped,0,0,,0,0,0,0,1,,,data
5261,9780892963782,,amazon,skipped,0,0,,0,0,0,0,1,,,data
5262,9780385264914,,amazon,skipped,0,0,,0,0,0,0,1,,,data
5263,9780151301188,,amazon,skipped,0,0,,0,0,0,0,1,,,data
5264,9780340823200,,amazon,skipped,0,0,,0,0,0,0,1,,,data
5265,9780809257614,,amazon,skipped,0,0,,0,0,0,0,1,,,data
5266,9780316493475,,amazon,skipped,0,0,,0,0,0,0,1,,,data
5267,9780670838264,,amazon,skipped,0,0,,0,0,0,0,1,,,data
5268,9780312069209,,amazon,skipped,0,0,,0,0,0,0,1,,,data
5269,9780749933203,,amazon,skipped,0,0,,0,0,0,0,1,,,data
5270,9780394576671,,amazon,skipped,0,0,,0,0,0,0,1,,,data
5271,9788420442884,,amazon,skipped,0,0,,0,0,0,0,1,,,data
5272,9780030098758,,amazon,skipped,0,0,,0,0,0,0,1,,,data
5273,9780151027071,,amazon,skipped,0,0,,0,0,0,0,1,,,data
5274,9783882430776,,amazon,skipped,0,0,,0,0,0,0,1,,,data
5275,9780380776337,,amazon,skipped,0,0,,0,0,0,0,1,,,data
5276,9783922028000,,amazon,skipped,0,0,,0,0,0,0,1,,,data
5277,9781579547080,,amazon,skipped,0,0,,0,0,0,0,1,,,data
5278,9783404138357,,amazon,skipped,0,0,,0,0,0,0,1,,,data
5279,9783548026312,,amazon,skipped,0,0,,0,0,0,0,1,,,data
5280,9783453011175,,amazon,skipped,0,0,,0,0,0,0,1,,,data
5281,9783442037148,,amazon,skipped,0,0,,0,0,0,0,1,,,data
5282,9780312193072,,amazon,skipped,0,0,,0,0,0,0,1,,,data
5283,9780060168865,,amazon,skipped,0,0,,0,0,0,0,1,,,data
5284,9780340812457,,amazon,skipped,0,0,,0,0,0,0,1,,,data
5285,9780140178388,,amazon,skipped,0,0,,0,0,0,0,1,,,data
5286,9780752846088,,amazon,skipped,0,0,,0,0,0,0,1,,,data
5287,9781551923567,,amazon,skipped,0,0,,0,0,0,0,1,,,data
5288,9780002326834,,amazon,skipped,0,0,,0,0,0,0,1,,,data
5289,9780385509008,,amazon,skipped,0,0,,0,0,0,0,1,,,data
5290,9780671693350,,amazon,skipped,0,0,,0,0,0,0,1,,,data
5291,9780140511369,,amazon,skipped,0,0,,0,0,0,0,1,,,data
5292,9780970398819,,amazon,skipped,0,0,,0,0,0,0,1,,,data
5293,9780380701773,,amazon,skipped,0,0,,0,0,0,0,1,,,data
5294,9780970398802,,amazon,skipped,0,0,,0,0,0,0,1,,,data
5295,9780471957140,,amazon,skipped,0,0,,0,0,0,0,1,,,data
5296,9780747534891,,amazon,skipped,0,0,,0,0,0,0,1,,,data
5297,9780394623610,,amazon,skipped,0,0,,0,0,0,0,1,,,data
5298,9781896522142,,amazon,skipped,0,0,,0,0,0,0,1,,,data
5299,9781401076221,,amazon,skipped,0,0,,0,0,0,0,1,,,data
5300,9780802150981,,amazon,skipped,0,0,,0,0,0,0,1,,,data
5301,9780140188165,,amazon,skipped,0,0,,0,0,0,0,1,,,data
5302,9780590403542,,amazon,skipped,0,0,,0,0,0,0,1,,,data
5303,9780521357302,,amazon,skipped,0,0,,0,0,0,0,1,,,data
5304,9782894330135,,amazon,skipped,0,0,,0,0,0,0,1,,,data
5305,9780553267662,,amazon,skipped,0,0,,0,0,0,0,1,,,data
5306,9780140146554,,amazon,skipped,0,0,,0,0,0,0,1,,,data
5307,9780451195524,,amazon,skipped,0,0,,0,0,0,0,1,,,data
5308,9780595175017,,amazon,skipped,0,0,,0,0,0,0,1,,,data
5309,9780060130343,,amazon,skipped,0,0,,0,0,0,0,1,,,data
5310,9780882664705,,amazon,skipped,0,0,,0,0,0,0,1,,,data
5311,9780385142274,,amazon,skipped,0,0,,0,0,0,0,1,,,data
5312,9780743462709,,amazon,skipped,0,0,,0,0,0,0,1,,,data
5313,9780060957476,,amazon,skipped,0,0,,0,0,0,0,1,,,data
5314,9780312902605,,amazon,skipped,0,0,,0,0,0,0,1,,,data
5315,9780899198378,,amazon,skipped,0,0,,0,0,0,0,1,,,data
5316,9780871314550,,amazon,skipped,0,0,,0,0,0,0,1,,,data
5317,9781563974021,,amazon,skipped,0,0,,0,0,0,0,1,,,data
5318,9780671644062,,amazon,skipped,0,0,,0,0,0,0,1,,,data
5319,9782253145592,,amazon,skipped,0,0,,0,0,0,0,1,,,data
5320,9780471377900,,amazon,skipped,0,0,,0,0,0,0,1,,,data
5321,9782702705650,,amazon,skipped,0,0,,0,0,0,0,1,,,data
5322,9781878450586,,amazon,skipped,0,0,,0,0,0,0,1,,,data
5323,9782020340748,,amazon,skipped,0,0,,0,0,0,0,1,,,data
5324,9782706110443,,amazon,skipped,0,0,,0,0,0,0,1,,,data
5325,9780345317377,,amazon,skipped,0,0,,0,0,0,0,1,,,data
5326,9782020061889,,amazon,skipped,0,0,,0,0,0,0,1,,,data
5327,9780451142320,,amazon,skipped,0,0,,0,0,0,0,1,,,data
5328,9780688066048,,amazon,skipped,0,0,,0,0,0,0,1,,,data
5329,9781573241724,,amazon,skipped,0,0,,0,0,0,0,1,,,data
5330,9780670872794,,amazon,skipped,0,0,,0,0,0,0,1,,,data
5331,9780531068571,,amazon,skipped,0,0,,0,0,0,0,1,,,data
5332,9780671700201,,amazon,skipped,0,0,,0,0,0,0,1,,,data
5333,9780882701400,,amazon,skipped,0,0,,0,0,0,0,1,,,data
5334,9780688078089,,amazon,skipped,0,0,,0,0,0,0,1,,,data
5335,9780345341198,,amazon,skipped,0,0,,0,0,0,0,1,,,data
5336,9780416618709,,amazon,skipped,0,0,,0,0,0,0,1,,,data
5337,9780671639648,,amazon,skipped,0,0,,0,0,0,0,1,,,data
5338,9788437602790,,amazon,skipped,0,0,,0,0,0,0,1,,,data
5339,9780684872810,,amazon,skipped,0,0,,0,0,0,0,1,,,data
5340,9780789471918,,amazon,skipped,0,0,,0,0,0,0,1,,,data
5341,9788423976614,,amazon,skipped,0,0,,0,0,0,0,1,,,data
5342,9780525362456,,amazon,skipped,0,0,,0,0,0,0,1,,,data
5343,9780394576756,,amazon,skipped,0,0,,0,0,0,0,1,,,data
5344,9781880908129,,amazon,skipped,0,0,,0,0,0,0,1,,,data
5345,9780762710133,,amazon,skipped,0,0,,0,0,0,0,1,,,data
5346,9780671000707,,amazon,skipped,0,0,,0,0,0,0,1,,,data
5347,9780195014327,,amazon,skipped,0,0,,0,0,0,0,1,,,data
5348,9780884271536,,amazon,skipped,0,0,,0,0,0,0,1,,,data
5349,9780446975728,,amazon,skipped,0,0,,0,0,0,0,1,,,data
5350,9783887690137,,amazon,skipped,0,0,,0,0,0,0,1,,,data
5351,9780345388353,,amazon,skipped,0,0,,0,0,0,0,1,,,data
5352,9780553348699,,amazon,skipped,0,0,,0,0,0,0,1,,,data
5353,9780451156631,,amazon,skipped,0,0,,0,0,0,0,1,,,data
5354,9780943734200,,amazon,skipped,0,0,,0,0,0,0,1,,,data
5355,9780130466983,,amazon,skipped,0,0,,0,0,0,0,1,,,data
5356,9780595095315,,amazon,skipped,0,0,,0,0,0,0,1,,,data
5357,9781583485477,,amazon,skipped,0,0,,0,0,0,0,1,,,data
5358,9780312242619,,amazon,skipped,0,0,,0,0,0,0,1,,,data
5359,9780788161858,,amazon,skipped,0,0,,0,0,0,0,1,,,data
5360,9780918949509,,amazon,skipped,0,0,,0,0,0,0,1,,,data
5361,9781583485514,,amazon,skipped,0,0,,0,0,0,0,1,,,data
5362,9780394508962,,amazon,skipped,0,0,,0,0,0,0,1,,,data
5363,9780449905692,,amazon,skipped,0,0,,0,0,0,0,1,,,data
5364,9780312993498,,amazon,skipped,0,0,,0,0,0,0,1,,,data
5365,9780316158282,,amazon,skipped,0,0,,0,0,0,0,1,,,data
5366,9780689832567,,amazon,skipped,0,0,,0,0,0,0,1,,,data
5367,9783478088046,,amazon,skipped,0,0,,0,0,0,0,1,,,data
5368,9780439148795,,amazon,skipped,0,0,,0,0,0,0,1,,,data
5369,9780451203809,,amazon,skipped,0,0,,0,0,0,0,1,,,data
5370,9783502517849,,amazon,skipped,0,0,,0,0,0,0,1,,,data
5371,9780451524638,,amazon,skipped,0,0,,0,0,0,0,1,,,data
5372,9780671423612,,amazon,skipped,0,0,,0,0,0,0,1,,,data
5373,9783502512516,,amazon,skipped,0,0,,0,0,0,0,1,,,data
5374,9780064473781,,amazon,skipped,0,0,,0,0,0,0,1,,,data
5375,9780671422981,,amazon,skipped,0,0,,0,0,0,0,1,,,data
5376,9780140450255,,amazon,skipped,0,0,,0,0,0,0,1,,,data
5377,9780671870386,,amazon,skipped,0,0,,0,0,0,0,1,,,data
5378,9780553580372,,amazon,skipped,0,0,,0,0,0,0,1,,,data
5379,9780395633250,,amazon,skipped,0,0,,0,0,0,0,1,,,data
5380,9780152022006,,amazon,skipped,0,0,,0,0,0,0,1,,,data
5381,9781589195912,,amazon,skipped,0,0,,0,0,0,0,1,,,data
5382,9780767903561,,amazon,skipped,0,0,,0,0,0,0,1,,,data
5383,9780553238075,,amazon,skipped,0,0,,0,0,0,0,1,,,data
5384,9789029042727,,amazon,skipped,0,0,,0,0,0,0,1,,,data
5385,9780828006729,,amazon,skipped,0,0,,0,0,0,0,1,,,data
5386,9780563538127,,amazon,skipped,0,0,,0,0,0,0,1,,,data
5387,9780747254003,,amazon,skipped,0,0,,0,0,0,0,1,,,data
5388,9781575661209,,amazon,skipped,0,0,,0,0,0,0,1,,,data
5389,9780553290899,,amazon,skipped,0,0,,0,0,0,0,1,,,data
5390,9780836119305,,amazon,skipped,0,0,,0,0,0,0,1,,,data
5391,9780517567777,,amazon,skipped,0,0,,0,0,0,0,1,,,data
5392,9780590457347,,amazon,skipped,0,0,,0,0,0,0,1,,,data
5393,9780448403823,,amazon,skipped,0,0,,0,0,0,0,1,,,data
5394,9780425065686,,amazon,skipped,0,0,,0,0,0,0,1,,,data
5395,9780553095227,,amazon,skipped,0,0,,0,0,0,0,1,,,data
5396,9780451527677,,amazon,skipped,0,0,,0,0,0,0,1,,,data
5397,9780939660377,,amazon,skipped,0,0,,0,0,0,0,1,,,data
5398,9780812561845,,amazon,skipped,0,0,,0,0,0,0,1,,,data
5399,9780740718540,,amazon,skipped,0,0,,0,0,0,0,1,,,data
5400,9781562614652,,amazon,skipped,0,0,,0,0,0,0,1,,,data
5401,9780002160094,,amazon,skipped,0,0,,0,0,0,0,1,,,data
5402,9780671679903,,amazon,skipped,0,0,,0,0,0,0,1,,,data
5403,9780911104219,,amazon,skipped,0,0,,0,0,0,0,1,,,data
5404,9781841880952,,amazon,skipped,0,0,,0,0,0,0,1,,,data
5405,9780312864057,,amazon,skipped,0,0,,0,0,0,0,1,,,data
5406,9780743410274,,amazon,skipped,0,0,,0,0,0,0,1,,,data
5407,9780345417091,,amazon,skipped,0,0,,0,0,0,0,1,,,data
5408,9780345417077,,amazon,skipped,0,0,,0,0,0,0,1,,,data
5409,9780140506617,,amazon,skipped,0,0,,0,0,0,0,1,,,data
5410,9780345417053,,amazon,skipped,0,0,,0,0,0,0,1,,,data
5411,9780938586487,,amazon,skipped,0,0,,0,0,0,0,1,,,data
5412,9780451517029,,amazon,skipped,0,0,,0,0,0,0,1,,,data
5413,9781891830600,,amazon,skipped,0,0,,0,0,0,0,1,,,data
5414,9781561797127,,amazon,skipped,0,0,,0,0,0,0,1,,,data
5415,9780786813070,,amazon,skipped,0,0,,0,0,0,0,1,,,data
5416,9780723233282,,amazon,skipped,0,0,,0,0,0,0,1,,,data
5417,9780152132125,,amazon,skipped,0,0,,0,0,0,0,1,,,data
5418,9780871564191,,amazon,skipped,0,0,,0,0,0,0,1,,,data
5419,9780743476133,,amazon,skipped,0,0,,0,0,0,0,1,,,data
5420,9780897212809,,amazon,skipped,0,0,,0,0,0,0,1,,,data
5421,9780848718985,,amazon,skipped,0,0,,0,0,0,0,1,,,data
5422,9780875968230,,amazon,skipped,0,0,,0,0,0,0,1,,,data
5423,9781403370280,,amazon,skipped,0,0,,0,0,0,0,1,,,data
5424,9780684811390,,amazon,skipped,0,0,,0,0,0,0,1,,,data
5425,9780696200403,,amazon,skipped,0,0,,0,0,0,0,1,,,data
5426,9780875967660,,amazon,skipped,0,0,,0,0,0,0,1,,,data
5427,9780813339399,,amazon,skipped,0,0,,0,0,0,0,1,,,data
5428,9780060923983,,amazon,skipped,0,0,,0,0,0,0,1,,,data
5429,9780801979187,,amazon,skipped,0,0,,0,0,0,0,1,,,data
5430,9780671693824,,amazon,skipped,0,0,,0,0,0,0,1,,,data
5431,9780910412575,,amazon,skipped,0,0,,0,0,0,0,1,,,data
5432,9780399133275,,amazon,skipped,0,0,,0,0,0,0,1,,,data
5433,9780002199797,,amazon,skipped,0,0,,0,0,0,0,1,,,data
5434,9780786702893,,amazon,skipped,0,0,,0,0,0,0,1,,,data
5435,9780679774129,,amazon,skipped,0,0,,0,0,0,0,1,,,data
5436,9780671019723,,amazon,skipped,0,0,,0,0,0,0,1,,,data
5437,9780761501022,,amazon,skipped,0,0,,0,0,0,0,1,,,data
5438,9780451151797,,amazon,skipped,0,0,,0,0,0,0,1,,,data
5439,9780897212298,,amazon,skipped,0,0,,0,0,0,0,1,,,data
5440,9780590528375,,amazon,skipped,0,0,,0,0,0,0,1,,,data
5441,9780312101381,,amazon,skipped,0,0,,0,0,0,0,1,,,data
5442,9780880388382,,amazon,skipped,0,0,,0,0,0,0,1,,,data
5443,9780590463102,,amazon,skipped,0,0,,0,0,0,0,1,,,data
5444,9780842362290,,amazon,skipped,0,0,,0,0,0,0,1,,,data
5445,9780812828627,,amazon,skipped,0,0,,0,0,0,0,1,,,data
5446,9781552091418,,amazon,skipped,0,0,,0,0,0,0,1,,,data
5447,9780836218091,,amazon,skipped,0,0,,0,0,0,0,1,,,data
5448,9781580171052,,amazon,skipped,0,0,,0,0,0,0,1,,,data
5449,9781551664576,,amazon,skipped,0,0,,0,0,0,0,1,,,data
5450,9780747557708,,amazon,skipped,0,0,,0,0,0,0,1,,,data
5451,9780373482641,,amazon,skipped,0,0,,0,0,0,0,1,,,data
5452,9780261104013,,amazon,skipped,0,0,,0,0,0,0,1,,,data
5453,9780899093147,,amazon,skipped,0,0,,0,0,0,0,1,,,data
5454,9780140439304,,amazon,skipped,0,0,,0,0,0,0,1,,,data
5455,9781852427146,,amazon,skipped,0,0,,0,0,0,0,1,,,data
5456,9788817150446,,amazon,skipped,0,0,,0,0,0,0,1,,,data
5457,9780451159953,,amazon,skipped,0,0,,0,0,0,0,1,,,data
5458,9780520077829,,amazon,skipped,0,0,,0,0,0,0,1,,,data
5459,9780373809219,,amazon,skipped,0,0,,0,0,0,0,1,,,data
5460,9780060926052,,amazon,skipped,0,0,,0,0,0,0,1,,,data
5461,9782894641989,,amazon,skipped,0,0,,0,0,0,0,1,,,data
5462,9780312851842,,amazon,skipped,0,0,,0,0,0,0,1,,,data
5463,9780812536737,,amazon,skipped,0,0,,0,0,0,0,1,,,data
5464,9781557784667,,amazon,skipped,0,0,,0,0,0,0,1,,,data
5465,9780812013566,,amazon,skipped,0,0,,0,0,0,0,1,,,data
5466,9788401011696,,amazon,skipped,0,0,,0,0,0,0,1,,,data
5467,9781551990484,,amazon,skipped,0,0,,0,0,0,0,1,,,data
5468,9780671721329,,amazon,skipped,0,0,,0,0,0,0,1,,,data
5469,9780671876548,,amazon,skipped,0,0,,0,0,0,0,1,,,data
5470,9780878162444,,amazon,skipped,0,0,,0,0,0,0,1,,,data
5471,9780671721602,,amazon,skipped,0,0,,0,0,0,0,1,,,data
5472,9780590032742,,amazon,skipped,0,0,,0,0,0,0,1,,,data
5473,9780517594940,,amazon,skipped,0,0,,0,0,0,0,1,,,data
5474,9780441002139,,amazon,skipped,0,0,,0,0,0,0,1,,,data
5475,9780684865065,,amazon,skipped,0,0,,0,0,0,0,1,,,data
5476,9781882593279,,amazon,skipped,0,0,,0,0,0,0,1,,,data
5477,9780786913343,,amazon,empty,0,7,title; authors; publisher; origin; date_of_publication; language; genres,0,0,0,0,10,,,data
5478,9780440118749,,amazon,skipped,0,0,,0,0,0,0,1,,,data
5479,9780446315180,,amazon,skipped,0,0,,0,0,0,0,1,,,data
5480,9780316738712,,amazon,skipped,0,0,,0,0,0,0,1,,,data
5481,9780671721664,,amazon,skipped,0,0,,0,0,0,0,1,,,data
5482,9780345388254,,amazon,skipped,0,0,,0,0,0,0,1,,,data
5483,9780060186456,,amazon,skipped,0,0,,0,0,0,0,1,,,data
5484,9781413701135,,amazon,skipped,0,0,,0,0,0,0,1,,,data
5485,9781559360722,,amazon,skipped,0,0,,0,0,0,0,1,,,data
5486,9781559360609,,amazon,skipped,0,0,,0,0,0,0,1,,,data
5487,9781577330882,,amazon,skipped,0,0,,0,0,0,0,1,,,data
5488,9781577330981,,amazon,skipped,0,0,,0,0,0,0,1,,,data
5489,9781853407369,,amazon,skipped,0,0,,0,0,0,0,1,,,data
5490,9780806615721,,amazon,skipped,0,0,,0,0,0,0,1,,,data
5491,9781566194334,,amazon,skipped,0,0,,0,0,0,0,1,,,data
5492,9780449148259,,amazon,skipped,0,0,,0,0,0,0,1,,,data
5493,9780811215428,,amazon,skipped,0,0,,0,0,0,0,1,,,data
5494,9781555139889,,amazon,skipped,0,0,,0,0,0,0,1,,,data
5495,9780618118823,,amazon,skipped,0,0,,0,0,0,0,1,,,data
5496,9781555973674,,amazon,skipped,0,0,,0,0,0,0,1,,,data
5497,9783548245621,,amazon,skipped,0,0,,0,0,0,0,1,,,data
5498,9780684810539,,amazon,skipped,0,0,,0,0,0,0,1,,,data
5499,9783453152724,,amazon,skipped,0,0,,0,0,0,0,1,,,data
5500,9780802117298,,amazon,skipped,0,0,,0,0,0,0,1,,,data
5501,9780471575634,,amazon,skipped,0,0,,0,0,0,0,1,,,data
5502,9780684862101,,amazon,skipped,0,0,,0,0,0,0,1,,,data
5503,9780871134684,,amazon,skipped,0,0,,0,0,0,0,1,,,data
5504,9780900424267,,amazon,skipped,0,0,,0,0,0,0,1,,,data
5505,9780918432681,,amazon,skipped,0,0,,0,0,0,0,1,,,data
5506,9780878577743,,amazon,skipped,0,0,,0,0,0,0,1,,,data
5507,9781889330280,,amazon,skipped,0,0,,0,0,0,0,1,,,data
5508,9780609610299,,amazon,skipped,0,0,,0,0,0,0,1,,,data
5509,9781887424417,,amazon,skipped,0,0,,0,0,0,0,1,,,data
5510,9780944072813,,amazon,skipped,0,0,,0,0,0,0,1,,,data
5511,9780553121032,,amazon,skipped,0,0,,0,0,0,0,1,,,data
5512,9780345450289,,amazon,skipped,0,0,,0,0,0,0,1,,,data
5513,9780684842646,,amazon,skipped,0,0,,0,0,0,0,1,,,data
5514,9780385323758,,amazon,skipped,0,0,,0,0,0,0,1,,,data
5515,9780399511813,,amazon,skipped,0,0,,0,0,0,0,1,,,data
5516,9782290306123,,amazon,skipped,0,0,,0,0,0,0,1,,,data
5517,9780312280987,,amazon,skipped,0,0,,0,0,0,0,1,,,data
5518,9782080720375,,amazon,skipped,0,0,,0,0,0,0,1,,,data
5519,9782253171782,,amazon,skipped,0,0,,0,0,0,0,1,,,data
5520,9780375810978,,amazon,skipped,0,0,,0,0,0,0,1,,,data
5521,9780689858871,,amazon,skipped,0,0,,0,0,0,0,1,,,data
5522,9782070421671,,amazon,skipped,0,0,,0,0,0,0,1,,,data
5523,9780934802451,,amazon,skipped,0,0,,0,0,0,0,1,,,data
5524,9782266123181,,amazon,skipped,0,0,,0,0,0,0,1,,,data
5525,9782290308431,,amazon,skipped,0,0,,0,0,0,0,1,,,data
5526,9782226034533,,amazon,skipped,0,0,,0,0,0,0,1,,,data
5527,9782080704603,,amazon,skipped,0,0,,0,0,0,0,1,,,data
5528,9780954018207,,amazon,skipped,0,0,,0,0,0,0,1,,,data
5529,9782070515783,,amazon,skipped,0,0,,0,0,0,0,1,,,data
5530,9781851586042,,amazon,skipped,0,0,,0,0,0,0,1,,,data
5531,9782070556854,,amazon,skipped,0,0,,0,0,0,0,1,,,data
5532,9780330333511,,amazon,skipped,0,0,,0,0,0,0,1,,,data
5533,9780446519854,,amazon,skipped,0,0,,0,0,0,0,1,,,data
5534,9782070541294,,amazon,skipped,0,0,,0,0,0,0,1,,,data
5535,9780060186876,,amazon,skipped,0,0,,0,0,0,0,1,,,data
5536,9782070541270,,amazon,skipped,0,0,,0,0,0,0,1,,,data
5537,9780590137416,,amazon,skipped,0,0,,0,0,0,0,1,,,data
5538,9780684811192,,amazon,skipped,0,0,,0,0,0,0,1,,,data
5539,9782253144892,,amazon,skipped,0,0,,0,0,0,0,1,,,data
5540,9780821740361,,amazon,skipped,0,0,,0,0,0,0,1,,,data
5541,9780752848297,,amazon,skipped,0,0,,0,0,0,0,1,,,data
5542,9782266121026,,amazon,skipped,0,0,,0,0,0,0,1,,,data
5543,9780394552569,,amazon,skipped,0,0,,0,0,0,0,1,,,data
5544,9782267011258,,amazon,skipped,0,0,,0,0,0,0,1,,,data
5545,9782013217859,,amazon,skipped,0,0,,0,0,0,0,1,,,data
5546,9780517567302,,amazon,skipped,0,0,,0,0,0,0,1,,,data
5547,9780373201860,,amazon,skipped,0,0,,0,0,0,0,1,,,data
5548,9780142003015,,amazon,skipped,0,0,,0,0,0,0,1,,,data
5549,9782226086365,,amazon,skipped,0,0,,0,0,0,0,1,,,data
5550,9780688184742,,amazon,skipped,0,0,,0,0,0,0,1,,,data
5551,9782267013047,,amazon,skipped,0,0,,0,0,0,0,1,,,data
5552,9782290301869,,amazon,skipped,0,0,,0,0,0,0,1,,,data
5553,9782253172260,,amazon,skipped,0,0,,0,0,0,0,1,,,data
5554,9782253171577,,amazon,skipped,0,0,,0,0,0,0,1,,,data
5555,9782253171768,,amazon,skipped,0,0,,0,0,0,0,1,,,data
5556,9780684842639,,amazon,skipped,0,0,,0,0,0,0,1,,,data
5557,9782890515000,,amazon,skipped,0,0,,0,0,0,0,1,,,data
5558,9780141304960,,amazon,skipped,0,0,,0,0,0,0,1,,,data
5559,9781868421022,,amazon,skipped,0,0,,0,0,0,0,1,,,data
5560,9780349108568,,amazon,skipped,0,0,,0,0,0,0,1,,,data
5561,9781570719394,,amazon,skipped,0,0,,0,0,0,0,1,,,data
5562,9789727084814,,amazon,skipped,0,0,,0,0,0,0,1,,,data
5563,9780425176498,,amazon,skipped,0,0,,0,0,0,0,1,,,data
5564,9788478951215,,amazon,skipped,0,0,,0,0,0,0,1,,,data
5565,9783442151479,,amazon,skipped,0,0,,0,0,0,0,1,,,data
5566,9785551116141,,amazon,empty,0,7,title; authors; publisher; origin; date_of_publication; language; genres,0,0,0,0,10,,,data
5567,9781582971865,,amazon,skipped,0,0,,0,0,0,0,1,,,data
5568,9788477271055,,amazon,skipped,0,0,,0,0,0,0,1,,,data
5569,9780810925533,,amazon,skipped,0,0,,0,0,0,0,1,,,data
5570,9780897214247,,amazon,skipped,0,0,,0,0,0,0,1,,,data
5571,9780817437121,,amazon,skipped,0,0,,0,0,0,0,1,,,data
5572,9788423918362,,amazon,skipped,0,0,,0,0,0,0,1,,,data
5573,9780897214346,,amazon,skipped,0,0,,0,0,0,0,1,,,data
5574,9781855859135,,amazon,skipped,0,0,,0,0,0,0,1,,,data
5575,9780897214230,,amazon,skipped,0,0,,0,0,0,0,1,,,data
5576,9780892838226,,amazon,skipped,0,0,,0,0,0,0,1,,,data
5577,9780764564420,,amazon,skipped,0,0,,0,0,0,0,1,,,data
5578,9788408001997,,amazon,skipped,0,0,,0,0,0,0,1,,,data
5579,9780887299360,,amazon,skipped,0,0,,0,0,0,0,1,,,data
5580,9780801978241,,amazon,skipped,0,0,,0,0,0,0,1,,,data
5581,9788479530785,,amazon,skipped,0,0,,0,0,0,0,1,,,data
5582,9780910293068,,amazon,skipped,0,0,,0,0,0,0,1,,,data
5583,9780749519872,,amazon,skipped,0,0,,0,0,0,0,1,,,data
5584,9788408010104,,amazon,skipped,0,0,,0,0,0,0,1,,,data
5585,9780873645744,,amazon,skipped,0,0,,0,0,0,0,1,,,data
5586,9781400049394,,amazon,skipped,0,0,,0,0,0,0,1,,,data
5587,9788429704600,,amazon,empty,0,7,title; authors; publisher; origin; date_of_publication; language; genres,0,0,0,0,10,,,data
5588,9780679003366,,amazon,skipped,0,0,,0,0,0,0,1,,,data
5589,9781400030644,,amazon,skipped,0,0,,0,0,0,0,1,,,data
5590,9788433969163,,amazon,skipped,0,0,,0,0,0,0,1,,,data
5591,9781558508194,,amazon,skipped,0,0,,0,0,0,0,1,,,data
5592,9788401476426,,amazon,skipped,0,0,,0,0,0,0,1,,,data
5593,9780671766009,,amazon,skipped,0,0,,0,0,0,0,1,,,data
5594,9780312117481,,amazon,skipped,0,0,,0,0,0,0,1,,,data
5595,9780806942384,,amazon,skipped,0,0,,0,0,0,0,1,,,data
5596,9780876055267,,amazon,skipped,0,0,,0,0,0,0,1,,,data
5597,9780064406536,,amazon,skipped,0,0,,0,0,0,0,1,,,data
5598,9788495501431,,amazon,skipped,0,0,,0,0,0,0,1,,,data
5599,9780809462049,,amazon,skipped,0,0,,0,0,0,0,1,,,data
5600,9780812968873,,amazon,skipped,0,0,,0,0,0,0,1,,,data
5601,9781878346407,,amazon,skipped,0,0,,0,0,0,0,1,,,data
5602,9788426410894,,amazon,skipped,0,0,,0,0,0,0,1,,,data
5603,9780789722997,,amazon,skipped,0,0,,0,0,0,0,1,,,data
5604,9780446522915,,amazon,skipped,0,0,,0,0,0,0,1,,,data
5605,9788401461675,,amazon,skipped,0,0,,0,0,0,0,1,,,data
5606,9780793829316,,amazon,skipped,0,0,,0,0,0,0,1,,,data
5607,9780452284104,,amazon,skipped,0,0,,0,0,0,0,1,,,data
5608,9780881763065,,amazon,skipped,0,0,,0,0,0,0,1,,,data
5609,9788466610773,,amazon,skipped,0,0,,0,0,0,0,1,,,data
5610,9780887294488,,amazon,skipped,0,0,,0,0,0,0,1,,,data
5611,9788440622952,,amazon,skipped,0,0,,0,0,0,0,1,,,data
5612,9780060955304,,amazon,skipped,0,0,,0,0,0,0,1,,,data
5613,9780840776525,,amazon,skipped,0,0,,0,0,0,0,1,,,data
5614,9780812911503,,amazon,skipped,0,0,,0,0,0,0,1,,,data
5615,9780446532976,,amazon,skipped,0,0,,0,0,0,0,1,,,data
5616,9780310701057,,amazon,skipped,0,0,,0,0,0,0,1,,,data
5617,9780399132032,,amazon,skipped,0,0,,0,0,0,0,1,,,data
5618,9781577684077,,amazon,skipped,0,0,,0,0,0,0,1,,,data
5619,9780060171049,,amazon,skipped,0,0,,0,0,0,0,1,,,data
5620,9781586104337,,amazon,skipped,0,0,,0,0,0,0,1,,,data
5621,9781559722308,,amazon,skipped,0,0,,0,0,0,0,1,,,data
5622,9781400046133,,amazon,skipped,0,0,,0,0,0,0,1,,,data
5623,9780887435379,,amazon,skipped,0,0,,0,0,0,0,1,,,data
5624,9780890873403,,amazon,skipped,0,0,,0,0,0,0,1,,,data
5625,9780394559278,,amazon,skipped,0,0,,0,0,0,0,1,,,data
5626,9780843950427,,amazon,skipped,0,0,,0,0,0,0,1,,,data
5627,9780688036461,,amazon,skipped,0,0,,0,0,0,0,1,,,data
5628,9780843944457,,amazon,skipped,0,0,,0,0,0,0,1,,,data
5629,9780330492331,,amazon,skipped,0,0,,0,0,0,0,1,,,data
5630,9780060182007,,amazon,skipped,0,0,,0,0,0,0,1,,,data
5631,9780688054298,,amazon,skipped,0,0,,0,0,0,0,1,,,data
5632,9789991291208,,amazon,skipped,0,0,,0,0,0,0,1,,,data
5633,9780870117985,,amazon,skipped,0,0,,0,0,0,0,1,,,data
5634,9780688079734,,amazon,skipped,0,0,,0,0,0,0,1,,,data
5635,9780688172053,,amazon,skipped,0,0,,0,0,0,0,1,,,data
5636,9780375431838,,amazon,skipped,0,0,,0,0,0,0,1,,,data
5637,9781401047313,,amazon,skipped,0,0,,0,0,0,0,1,,,data
5638,9780679404552,,amazon,skipped,0,0,,0,0,0,0,1,,,data
5639,9780590436830,,amazon,skipped,0,0,,0,0,0,0,1,,,data
5640,9780740722424,,amazon,skipped,0,0,,0,0,0,0,1,,,data
5641,9780964047938,,amazon,skipped,0,0,,0,0,0,0,1,,,data
5642,9780070650039,,amazon,skipped,0,0,,0,0,0,0,1,,,data
5643,9780373169252,,amazon,skipped,0,0,,0,0,0,0,1,,,data
5644,9780671632854,,amazon,skipped,0,0,,0,0,0,0,1,,,data
5645,9780226730721,,amazon,skipped,0,0,,0,0,0,0,1,,,data
5646,9780451134721,,amazon,skipped,0,0,,0,0,0,0,1,,,data
5647,9780934878005,,amazon,skipped,0,0,,0,0,0,0,1,,,data
5648,9780877457527,,amazon,skipped,0,0,,0,0,0,0,1,,,data
5649,9781583142547,,amazon,skipped,0,0,,0,0,0,0,1,,,data
5650,9780252019814,,amazon,skipped,0,0,,0,0,0,0,1,,,data
5651,9780375503405,,amazon,skipped,0,0,,0,0,0,0,1,,,data
5652,9780964367531,,amazon,skipped,0,0,,0,0,0,0,1,,,data
5653,9780964367586,,amazon,skipped,0,0,,0,0,0,0,1,,,data
5654,9781575664897,,amazon,skipped,0,0,,0,0,0,0,1,,,data
5655,9780375505690,,amazon,skipped,0,0,,0,0,0,0,1,,,data
5656,9780763613976,,amazon,skipped,0,0,,0,0,0,0,1,,,data
5657,9780890510575,,amazon,skipped,0,0,,0,0,0,0,1,,,data
5658,9780964367517,,amazon,skipped,0,0,,0,0,0,0,1,,,data
5659,9780002243018,,amazon,skipped,0,0,,0,0,0,0,1,,,data
5660,9780345401564,,amazon,skipped,0,0,,0,0,0,0,1,,,data
5661,9780312112608,,amazon,skipped,0,0,,0,0,0,0,1,,,data
5662,9780671682224,,amazon,skipped,0,0,,0,0,0,0,1,,,data
5663,9780739419762,,amazon,skipped,0,0,,0,0,0,0,1,,,data
5664,9780816310531,,amazon,skipped,0,0,,0,0,0,0,1,,,data
5665,9780881502671,,amazon,skipped,0,0,,0,0,0,0,1,,,data
5666,9780060186692,,amazon,skipped,0,0,,0,0,0,0,1,,,data
5667,9780689117978,,amazon,skipped,0,0,,0,0,0,0,1,,,data
5668,9780446370325,,amazon,skipped,0,0,,0,0,0,0,1,,,data
5669,9780670822461,,amazon,skipped,0,0,,0,0,0,0,1,,,data
5670,9780515123838,,amazon,skipped,0,0,,0,0,0,0,1,,,data
5671,9780446327107,,amazon,skipped,0,0,,0,0,0,0,1,,,data
5672,9780575036567,,amazon,skipped,0,0,,0,0,0,0,1,,,data
5673,9780679404347,,amazon,skipped,0,0,,0,0,0,0,1,,,data
5674,9780515131901,,amazon,skipped,0,0,,0,0,0,0,1,,,data
5675,9780345320674,,amazon,skipped,0,0,,0,0,0,0,1,,,data
5676,9780385239264,,amazon,skipped,0,0,,0,0,0,0,1,,,data
5677,9780899197449,,amazon,skipped,0,0,,0,0,0,0,1,,,data
5678,9780070566446,,amazon,skipped,0,0,,0,0,0,0,1,,,data
5679,9780312050719,,amazon,skipped,0,0,,0,0,0,0,1,,,data
5680,9780446524490,,amazon,skipped,0,0,,0,0,0,0,1,,,data
5681,9780312109288,,amazon,skipped,0,0,,0,0,0,0,1,,,data
5682,9781881649847,,amazon,skipped,0,0,,0,0,0,0,1,,,data
5683,9780060191023,,amazon,skipped,0,0,,0,0,0,0,1,,,data
5684,9780786012893,,amazon,skipped,0,0,,0,0,0,0,1,,,data
5685,9781551668048,,amazon,skipped,0,0,,0,0,0,0,1,,,data
5686,9780962142208,,amazon,skipped,0,0,,0,0,0,0,1,,,data
5687,9780002553681,,amazon,skipped,0,0,,0,0,0,0,1,,,data
5688,9780446517584,,amazon,skipped,0,0,,0,0,0,0,1,,,data
5689,9780375411502,,amazon,skipped,0,0,,0,0,0,0,1,,,data
5690,9781592121656,,amazon,skipped,0,0,,0,0,0,0,1,,,data
5691,9780375760266,,amazon,skipped,0,0,,0,0,0,0,1,,,data
5692,9780877288404,,amazon,skipped,0,0,,0,0,0,0,1,,,data
5693,9780930073190,,amazon,skipped,0,0,,0,0,0,0,1,,,data
5694,9780394550329,,amazon,skipped,0,0,,0,0,0,0,1,,,data
5695,9780130668417,,amazon,skipped,0,0,,0,0,0,0,1,,,data
5696,9780070106178,,amazon,skipped,0,0,,0,0,0,0,1,,,data
5697,9780517122860,,amazon,skipped,0,0,,0,0,0,0,1,,,data
5698,9780679463146,,amazon,skipped,0,0,,0,0,0,0,1,,,data
5699,9780715623244,,amazon,skipped,0,0,,0,0,0,0,1,,,data
5700,9780688087524,,amazon,skipped,0,0,,0,0,0,0,1,,,data
5701,9780684854809,,amazon,skipped,0,0,,0,0,0,0,1,,,data
5702,9780385491600,,amazon,skipped,0,0,,0,0,0,0,1,,,data
5703,9780750918473,,amazon,skipped,0,0,,0,0,0,0,1,,,data
5704,9781885478375,,amazon,skipped,0,0,,0,0,0,0,1,,,data
5705,9780041210194,,amazon,skipped,0,0,,0,0,0,0,1,,,data
5706,9780380718672,,amazon,skipped,0,0,,0,0,0,0,1,,,data
5707,9780688162191,,amazon,skipped,0,0,,0,0,0,0,1,,,data
5708,9780192876201,,amazon,skipped,0,0,,0,0,0,0,1,,,data
5709,9780688146580,,amazon,skipped,0,0,,0,0,0,0,1,,,data
5710,9780517580141,,amazon,skipped,0,0,,0,0,0,0,1,,,data
5711,9780304339396,,amazon,skipped,0,0,,0,0,0,0,1,,,data
5712,9780192854117,,amazon,skipped,0,0,,0,0,0,0,1,,,data
5713,9780752404141,,amazon,skipped,0,0,,0,0,0,0,1,,,data
5714,9780525249849,,amazon,skipped,0,0,,0,0,0,0,1,,,data
5715,9780192801999,,amazon,skipped,0,0,,0,0,0,0,1,,,data
5716,9780821728574,,amazon,skipped,0,0,,0,0,0,0,1,,,data
5717,9781860119217,,amazon,skipped,0,0,,0,0,0,0,1,,,data
5718,9780679415695,,amazon,skipped,0,0,,0,0,0,0,1,,,data
5719,9780439328746,,amazon,skipped,0,0,,0,0,0,0,1,,,data
5720,9780140442427,,amazon,skipped,0,0,,0,0,0,0,1,,,data
5721,9780399132643,,amazon,skipped,0,0,,0,0,0,0,1,,,data
5722,9780140225358,,amazon,skipped,0,0,,0,0,0,0,1,,,data
5723,9780664270049,,amazon,skipped,0,0,,0,0,0,0,1,,,data
5724,9780688083571,,amazon,skipped,0,0,,0,0,0,0,1,,,data
5725,9780765301536,,amazon,skipped,0,0,,0,0,0,0,1,,,data
5726,9781900796620,,amazon,empty,0,7,title; authors; publisher; origin; date_of_publication; language; genres,0,0,0,0,9,,,data
5727,9780060162900,,amazon,skipped,0,0,,0,0,0,0,1,,,data
5728,9781854104953,,amazon,skipped,0,0,,0,0,0,0,1,,,data
5729,9780671614584,,amazon,skipped,0,0,,0,0,0,0,1,,,data
5730,9780743228473,,amazon,skipped,0,0,,0,0,0,0,1,,,data
5731,9781874166177,,amazon,skipped,0,0,,0,0,0,0,1,,,data
5732,9780881844344,,amazon,skipped,0,0,,0,0,0,0,1,,,data
5733,9781840460537,,amazon,skipped,0,0,,0,0,0,0,1,,,data
5734,9781840460735,,amazon,skipped,0,0,,0,0,0,0,1,,,data
5735,9780688050108,,amazon,skipped,0,0,,0,0,0,0,1,,,data
5736,9781584852032,,amazon,skipped,0,0,,0,0,0,0,1,,,data
5737,9780851106526,,amazon,skipped,0,0,,0,0,0,0,1,,,data
5738,9780415027991,,amazon,skipped,0,0,,0,0,0,0,1,,,data
5739,9781555843847,,amazon,skipped,0,0,,0,0,0,0,1,,,data
5740,9781556111181,,amazon,skipped,0,0,,0,0,0,0,1,,,data
5741,9780813821047,,amazon,skipped,0,0,,0,0,0,0,1,,,data
5742,9780140361742,,amazon,skipped,0,0,,0,0,0,0,1,,,data
5743,9780553801217,,amazon,skipped,0,0,,0,0,0,0,1,,,data
5744,9780395426227,,amazon,skipped,0,0,,0,0,0,0,1,,,data
5745,9783596221325,,amazon,skipped,0,0,,0,0,0,0,1,,,data
5746,9780688084707,,amazon,skipped,0,0,,0,0,0,0,1,,,data
5747,9780553102567,,amazon,empty,0,7,title; authors; publisher; origin; date_of_publication; language; genres,0,0,0,0,10,,,data
5748,9780312870317,,amazon,skipped,0,0,,0,0,0,0,1,,,data
5749,9781411605022,,amazon,skipped,0,0,,0,0,0,0,1,,,data
5750,9781581342147,,amazon,skipped,0,0,,0,0,0,0,1,,,data
5751,9780787109189,,amazon,skipped,0,0,,0,0,0,0,1,,,data
5752,9780375421945,,amazon,skipped,0,0,,0,0,0,0,1,,,data
5753,9781573060400,,amazon,skipped,0,0,,0,0,0,0,1,,,data
5754,9780871486097,,amazon,skipped,0,0,,0,0,0,0,1,,,data
5755,9781551664613,,amazon,skipped,0,0,,0,0,0,0,1,,,data
5756,9780380780075,,amazon,skipped,0,0,,0,0,0,0,1,,,data
5757,9780373167166,,amazon,skipped,0,0,,0,0,0,0,1,,,data
5758,9780582018181,,amazon,skipped,0,0,,0,0,0,0,1,,,data
5759,9780175565825,,amazon,skipped,0,0,,0,0,0,0,1,,,data
5760,9780671672874,,amazon,skipped,0,0,,0,0,0,0,1,,,data
5761,9780449906613,,amazon,skipped,0,0,,0,0,0,0,1,,,data
5762,9780825300837,,amazon,skipped,0,0,,0,0,0,0,1,,,data
5763,9780446401869,,amazon,skipped,0,0,,0,0,0,0,1,,,data
5764,9780399137662,,amazon,skipped,0,0,,0,0,0,0,1,,,data
5765,9780312863869,,amazon,skipped,0,0,,0,0,0,0,1,,,data
5766,9780385311908,,amazon,skipped,0,0,,0,0,0,0,1,,,data
5767,9780553095531,,amazon,skipped,0,0,,0,0,0,0,1,,,data
5768,9780446512879,,amazon,skipped,0,0,,0,0,0,0,1,,,data
5769,9780446515542,,amazon,skipped,0,0,,0,0,0,0,1,,,data
5770,9789587040463,,amazon,skipped,0,0,,0,0,0,0,1,,,data
5771,9780316171847,,amazon,skipped,0,0,,0,0,0,0,1,,,data
5772,9780310303213,,amazon,skipped,0,0,,0,0,0,0,1,,,data
5773,9780671552671,,amazon,skipped,0,0,,0,0,0,0,1,,,data
5774,9780446516884,,amazon,skipped,0,0,,0,0,0,0,1,,,data
5775,9780890811870,,amazon,skipped,0,0,,0,0,0,0,1,,,data
5776,9780394577678,,amazon,skipped,0,0,,0,0,0,0,1,,,data
5777,9780517381151,,amazon,skipped,0,0,,0,0,0,0,1,,,data
5778,9781556522611,,amazon,skipped,0,0,,0,0,0,0,1,,,data
5779,9780517322451,,amazon,skipped,0,0,,0,0,0,0,1,,,data
5780,9780812829969,,amazon,skipped,0,0,,0,0,0,0,1,,,data
5781,9780385469333,,amazon,skipped,0,0,,0,0,0,0,1,,,data
5782,9780670852192,,amazon,skipped,0,0,,0,0,0,0,1,,,data
5783,9780312262570,,amazon,skipped,0,0,,0,0,0,0,1,,,data
5784,9780804113359,,amazon,skipped,0,0,,0,0,0,0,1,,,data
5785,9780440211990,,amazon,skipped,0,0,,0,0,0,0,1,,,data
5786,9780570060666,,amazon,skipped,0,0,,0,0,0,0,1,,,data
5787,9780465046294,,amazon,skipped,0,0,,0,0,0,0,1,,,data
5788,9780060915469,,amazon,skipped,0,0,,0,0,0,0,1,,,data
5789,9780062508515,,amazon,skipped,0,0,,0,0,0,0,1,,,data
5790,9782702124284,,amazon,skipped,0,0,,0,0,0,0,1,,,data
5791,9780449209363,,amazon,skipped,0,0,,0,0,0,0,1,,,data
5792,9780061044359,,amazon,skipped,0,0,,0,0,0,0,1,,,data
5793,9780553225761,,amazon,skipped,0,0,,0,0,0,0,1,,,data
5794,9780671542047,,amazon,skipped,0,0,,0,0,0,0,1,,,data
5795,9780131318717,,amazon,skipped,0,0,,0,0,0,0,1,,,data
5796,9780786868926,,amazon,skipped,0,0,,0,0,0,0,1,,,data
5797,9780440500285,,amazon,skipped,0,0,,0,0,0,0,1,,,data
5798,9780385488853,,amazon,skipped,0,0,,0,0,0,0,1,,,data
5799,9780380781300,,amazon,skipped,0,0,,0,0,0,0,1,,,data
5800,9780525938293,,amazon,skipped,0,0,,0,0,0,0,1,,,data
5801,9780061180088,,amazon,skipped,0,0,,0,0,0,0,1,,,data
5802,9780061007255,,amazon,skipped,0,0,,0,0,0,0,1,,,data
5803,9780805059625,,amazon,skipped,0,0,,0,0,0,0,1,,,data
5804,9780060280642,,amazon,skipped,0,0,,0,0,0,0,1,,,data
5805,9780345386403,,amazon,skipped,0,0,,0,0,0,0,1,,,data
5806,9780375506284,,amazon,skipped,0,0,,0,0,0,0,1,,,data
5807,9780094609808,,amazon,skipped,0,0,,0,0,0,0,1,,,data
5808,9780786711284,,amazon,skipped,0,0,,0,0,0,0,1,,,data
5809,9780850311020,,amazon,skipped,0,0,,0,0,0,0,1,,,data
5810,9780316881463,,amazon,skipped,0,0,,0,0,0,0,1,,,data
5811,9781893956308,,amazon,skipped,0,0,,0,0,0,0,1,,,data
5812,9780525940654,,amazon,skipped,0,0,,0,0,0,0,1,,,data
5813,9780886777340,,amazon,skipped,0,0,,0,0,0,0,1,,,data
5814,9781570640087,,amazon,skipped,0,0,,0,0,0,0,1,,,data
5815,9780064441865,,amazon,skipped,0,0,,0,0,0,0,1,,,data
5816,9780671744373,,amazon,skipped,0,0,,0,0,0,0,1,,,data
5817,9780878579419,,amazon,skipped,0,0,,0,0,0,0,1,,,data
5818,9781564764164,,amazon,skipped,0,0,,0,0,0,0,1,,,data
5819,9780446512633,,amazon,skipped,0,0,,0,0,0,0,1,,,data
5820,9780802443755,,amazon,skipped,0,0,,0,0,0,0,1,,,data
5821,9780785272601,,amazon,skipped,0,0,,0,0,0,0,1,,,data
5822,9780892749232,,amazon,skipped,0,0,,0,0,0,0,1,,,data
5823,9780849915109,,amazon,skipped,0,0,,0,0,0,0,1,,,data
5824,9780307198976,,amazon,skipped,0,0,,0,0,0,0,1,,,data
5825,9782264032409,,amazon,skipped,0,0,,0,0,0,0,1,,,data
5826,9780933216242,,amazon,skipped,0,0,,0,0,0,0,1,,,data
5827,9780688049188,,amazon,skipped,0,0,,0,0,0,0,1,,,data
5828,9780312046026,,amazon,skipped,0,0,,0,0,0,0,1,,,data
5829,9782264031471,,amazon,skipped,0,0,,0,0,0,0,1,,,data
5830,9780830412990,,amazon,skipped,0,0,,0,0,0,0,1,,,data
5831,9780312036560,,amazon,skipped,0,0,,0,0,0,0,1,,,data
5832,9780883321096,,amazon,skipped,0,0,,0,0,0,0,1,,,data
5833,9780345307729,,amazon,skipped,0,0,,0,0,0,0,1,,,data
5834,9780820308845,,amazon,skipped,0,0,,0,0,0,0,1,,,data
5835,9780312151171,,amazon,skipped,0,0,,0,0,0,0,1,,,data
5836,9780821768464,,amazon,skipped,0,0,,0,0,0,0,1,,,data
5837,9780312252885,,amazon,skipped,0,0,,0,0,0,0,1,,,data
5838,9780330321556,,amazon,skipped,0,0,,0,0,0,0,1,,,data
5839,9780821767306,,amazon,skipped,0,0,,0,0,0,0,1,,,data
5840,9780884860884,,amazon,skipped,0,0,,0,0,0,0,1,,,data
5841,9780789401878,,amazon,skipped,0,0,,0,0,0,0,1,,,data
5842,9780373763276,,amazon,skipped,0,0,,0,0,0,0,1,,,data
5843,9781552128527,,amazon,skipped,0,0,,0,0,0,0,1,,,data
5844,9780786860692,,amazon,skipped,0,0,,0,0,0,0,1,,,data
5845,9780553374698,,amazon,skipped,0,0,,0,0,0,0,1,,,data
5846,9780385473361,,amazon,skipped,0,0,,0,0,0,0,1,,,data
5847,9780262661652,,amazon,skipped,0,0,,0,0,0,0,1,,,data
5848,9781557783714,,amazon,skipped,0,0,,0,0,0,0,1,,,data
5849,9780425197448,,amazon,skipped,0,0,,0,0,0,0,1,,,data
5850,9780028811123,,amazon,skipped,0,0,,0,0,0,0,1,,,data
5851,9780802116529,,amazon,skipped,0,0,,0,0,0,0,1,,,data
5852,9780395683965,,amazon,skipped,0,0,,0,0,0,0,1,,,data
5853,9780875421711,,amazon,skipped,0,0,,0,0,0,0,1,,,data
5854,9780874221206,,amazon,skipped,0,0,,0,0,0,0,1,,,data
5855,9780441805822,,amazon,skipped,0,0,,0,0,0,0,1,,,data
5856,9780440354765,,amazon,skipped,0,0,,0,0,0,0,1,,,data
5857,9780140298413,,amazon,skipped,0,0,,0,0,0,0,1,,,data
5858,9780226728216,,amazon,skipped,0,0,,0,0,0,0,1,,,data
5859,9780671531201,,amazon,skipped,0,0,,0,0,0,0,1,,,data
5860,9780060957063,,amazon,skipped,0,0,,0,0,0,0,1,,,data
5861,9780785273424,,amazon,skipped,0,0,,0,0,0,0,1,,,data
5862,9780849995507,,amazon,skipped,0,0,,0,0,0,0,1,,,data
5863,9781567920970,,amazon,skipped,0,0,,0,0,0,0,1,,,data
5864,9780783893914,,amazon,skipped,0,0,,0,0,0,0,1,,,data
5865,9780140363807,,amazon,skipped,0,0,,0,0,0,0,1,,,data
5866,9780312136192,,amazon,skipped,0,0,,0,0,0,0,1,,,data
5867,9781858683157,,amazon,skipped,0,0,,0,0,0,0,1,,,data
5868,9781551660141,,amazon,skipped,0,0,,0,0,0,0,1,,,data
5869,9780891415275,,amazon,skipped,0,0,,0,0,0,0,1,,,data
5870,9780439087636,,amazon,skipped,0,0,,0,0,0,0,1,,,data
5871,9780385260336,,amazon,skipped,0,0,,0,0,0,0,1,,,data
5872,9780590439039,,amazon,skipped,0,0,,0,0,0,0,1,,,data
5873,9781589800199,,amazon,skipped,0,0,,0,0,0,0,1,,,data
5874,9780395861387,,amazon,skipped,0,0,,0,0,0,0,1,,,data
5875,9781592170074,,amazon,skipped,0,0,,0,0,0,0,1,,,data
5876,9780767915854,,amazon,skipped,0,0,,0,0,0,0,1,,,data
5877,9780671702304,,amazon,skipped,0,0,,0,0,0,0,1,,,data
5878,9780345353023,,amazon,skipped,0,0,,0,0,0,0,1,,,data
5879,9780671702656,,amazon,skipped,0,0,,0,0,0,0,1,,,data
5880,9780967819983,,amazon,skipped,0,0,,0,0,0,0,1,,,data
5881,9781565845657,,amazon,skipped,0,0,,0,0,0,0,1,,,data
5882,9780971220614,,amazon,skipped,0,0,,0,0,0,0,1,,,data
5883,9780971220607,,amazon,skipped,0,0,,0,0,0,0,1,,,data
5884,9780670873012,,amazon,skipped,0,0,,0,0,0,0,1,,,data
5885,9781588320216,,amazon,skipped,0,0,,0,0,0,0,1,,,data
5886,9781882897360,,amazon,skipped,0,0,,0,0,0,0,1,,,data
5887,9780451186737,,amazon,skipped,0,0,,0,0,0,0,1,,,data
5888,9781882897568,,amazon,skipped,0,0,,0,0,0,0,1,,,data
5889,9780971220621,,amazon,skipped,0,0,,0,0,0,0,1,,,data
5890,9780385471893,,amazon,skipped,0,0,,0,0,0,0,1,,,data
5891,9780805048834,,amazon,skipped,0,0,,0,0,0,0,1,,,data
5892,9780373763306,,amazon,skipped,0,0,,0,0,0,0,1,,,data
5893,9780373108299,,amazon,skipped,0,0,,0,0,0,0,1,,,data
5894,9780373763184,,amazon,skipped,0,0,,0,0,0,0,1,,,data
5895,9780425062777,,amazon,skipped,0,0,,0,0,0,0,1,,,data
5896,9780373763115,,amazon,skipped,0,0,,0,0,0,0,1,,,data
5897,9781887624046,,amazon,skipped,0,0,,0,0,0,0,1,,,data
5898,9781563897962,,amazon,skipped,0,0,,0,0,0,0,1,,,data
5899,9780373099856,,amazon,skipped,0,0,,0,0,0,0,1,,,data
5900,9781563897221,,amazon,skipped,0,0,,0,0,0,0,1,,,data
5901,9780074464151,,amazon,skipped,0,0,,0,0,0,0,1,,,data
5902,9781563896279,,amazon,skipped,0,0,,0,0,0,0,1,,,data
5903,9780449003220,,amazon,skipped,0,0,,0,0,0,0,1,,,data
5904,9781563895685,,amazon,skipped,0,0,,0,0,0,0,1,,,data
5905,9780807583081,,amazon,skipped,0,0,,0,0,0,0,1,,,data
5906,9780849916403,,amazon,skipped,0,0,,0,0,0,0,1,,,data
5907,9780061050466,,amazon,skipped,0,0,,0,0,0,0,1,,,data
5908,9783404921218,,amazon,skipped,0,0,,0,0,0,0,1,,,data
5909,9780842360654,,amazon,skipped,0,0,,0,0,0,0,1,,,data
5910,9780440506300,,amazon,skipped,0,0,,0,0,0,0,1,,,data
5911,9783502144953,,amazon,skipped,0,0,,0,0,0,0,1,,,data
5912,9780515118407,,amazon,skipped,0,0,,0,0,0,0,1,,,data
5913,9781886947382,,amazon,skipped,0,0,,0,0,0,0,1,,,data
5914,9780061003288,,amazon,skipped,0,0,,0,0,0,0,1,,,data
5915,9783596149643,,amazon,skipped,0,0,,0,0,0,0,1,,,data
5916,9783492270168,,amazon,skipped,0,0,,0,0,0,0,1,,,data
5917,9780520027268,,amazon,skipped,0,0,,0,0,0,0,1,,,data
5918,9780683079210,,amazon,skipped,0,0,,0,0,0,0,1,,,data
5919,9780741404473,,amazon,skipped,0,0,,0,0,0,0,1,,,data
5920,9781859584927,,amazon,skipped,0,0,,0,0,0,0,1,,,data
5921,9780070049239,,amazon,skipped,0,0,,0,0,0,0,1,,,data
5922,9780373263097,,amazon,skipped,0,0,,0,0,0,0,1,,,data
5923,9781566197687,,amazon,skipped,0,0,,0,0,0,0,1,,,data
5924,9783499194658,,amazon,skipped,0,0,,0,0,0,0,1,,,data
5925,9780023884405,,amazon,skipped,0,0,,0,0,0,0,1,,,data
5926,9783518388563,,amazon,skipped,0,0,,0,0,0,0,1,,,data
5927,9783518388556,,amazon,skipped,0,0,,0,0,0,0,1,,,data
5928,9783518388549,,amazon,skipped,0,0,,0,0,0,0,1,,,data
5929,9783372003831,,amazon,skipped,0,0,,0,0,0,0,1,,,data
5930,9783463401348,,amazon,skipped,0,0,,0,0,0,0,1,,,data
5931,9781555212407,,amazon,skipped,0,0,,0,0,0,0,1,,,data
5932,9780806504186,,amazon,skipped,0,0,,0,0,0,0,1,,,data
5933,9781558533660,,amazon,skipped,0,0,,0,0,0,0,1,,,data
5934,9780395510865,,amazon,skipped,0,0,,0,0,0,0,1,,,data
5935,9780715391761,,amazon,skipped,0,0,,0,0,0,0,1,,,data
5936,9781569249178,,amazon,skipped,0,0,,0,0,0,0,1,,,data
5937,9780758200389,,amazon,skipped,0,0,,0,0,0,0,1,,,data
5938,9780385420860,,amazon,skipped,0,0,,0,0,0,0,1,,,data
5939,9780306808425,,amazon,skipped,0,0,,0,0,0,0,1,,,data
5940,9781575668468,,amazon,skipped,0,0,,0,0,0,0,1,,,data
5941,9780395971857,,amazon,skipped,0,0,,0,0,0,0,1,,,data
5942,9780684801377,,amazon,skipped,0,0,,0,0,0,0,1,,,data
5943,9780304351275,,amazon,skipped,0,0,,0,0,0,0,1,,,data
5944,9780316807227,,amazon,skipped,0,0,,0,0,0,0,1,,,data
5945,9781578562343,,amazon,skipped,0,0,,0,0,0,0,1,,,data
5946,9780316651134,,amazon,skipped,0,0,,0,0,0,0,1,,,data
5947,9780871966698,,amazon,skipped,0,0,,0,0,0,0,1,,,data
5948,9780804110099,,amazon,skipped,0,0,,0,0,0,0,1,,,data
5949,9780393319637,,amazon,skipped,0,0,,0,0,0,0,1,,,data
5950,9780446345972,,amazon,skipped,0,0,,0,0,0,0,1,,,data
5951,9780140007855,,amazon,skipped,0,0,,0,0,0,0,1,,,data
5952,9781894663465,,amazon,skipped,0,0,,0,0,0,0,1,,,data
5953,9780688141790,,amazon,skipped,0,0,,0,0,0,0,1,,,data
5954,9781564147110,,amazon,skipped,0,0,,0,0,0,0,1,,,data
5955,9780843933253,,amazon,skipped,0,0,,0,0,0,0,1,,,data
5956,9780380793372,,amazon,skipped,0,0,,0,0,0,0,1,,,data
5957,9780373244676,,amazon,skipped,0,0,,0,0,0,0,1,,,data
5958,9780385323864,,amazon,skipped,0,0,,0,0,0,0,1,,,data
5959,9780380812561,,amazon,skipped,0,0,,0,0,0,0,1,,,data
5960,9780373290031,,amazon,skipped,0,0,,0,0,0,0,1,,,data
5961,9780312862046,,amazon,skipped,0,0,,0,0,0,0,1,,,data
5962,9780140442984,,amazon,skipped,0,0,,0,0,0,0,1,,,data
5963,9780451407016,,amazon,skipped,0,0,,0,0,0,0,1,,,data
5964,9780156008471,,amazon,skipped,0,0,,0,0,0,0,1,,,data
5965,9780060206819,,amazon,skipped,0,0,,0,0,0,0,1,,,data
5966,9780843943320,,amazon,skipped,0,0,,0,0,0,0,1,,,data
5967,9780919797468,,amazon,skipped,0,0,,0,0,0,0,1,,,data
5968,9780451156884,,amazon,skipped,0,0,,0,0,0,0,1,,,data
5969,9780451140388,,amazon,skipped,0,0,,0,0,0,0,1,,,data
5970,9780373291083,,amazon,skipped,0,0,,0,0,0,0,1,,,data
5971,9780505522160,,amazon,skipped,0,0,,0,0,0,0,1,,,data
5972,9780887846755,,amazon,skipped,0,0,,0,0,0,0,1,,,data
5973,9780671442378,,amazon,skipped,0,0,,0,0,0,0,1,,,data
5974,9780888012524,,amazon,skipped,0,0,,0,0,0,0,1,,,data
5975,9780590436212,,amazon,skipped,0,0,,0,0,0,0,1,,,data
5976,9780679840343,,amazon,skipped,0,0,,0,0,0,0,1,,,data
5977,9780802482372,,amazon,skipped,0,0,,0,0,0,0,1,,,data
5978,9780553275469,,amazon,skipped,0,0,,0,0,0,0,1,,,data
5979,9780316107501,,amazon,skipped,0,0,,0,0,0,0,1,,,data
5980,9780590098946,,amazon,skipped,0,0,,0,0,0,0,1,,,data
5981,9780805013504,,amazon,skipped,0,0,,0,0,0,0,1,,,data
5982,9780380766345,,amazon,skipped,0,0,,0,0,0,0,1,,,data
5983,9780140150681,,amazon,skipped,0,0,,0,0,0,0,1,,,data
5984,9780306809408,,amazon,skipped,0,0,,0,0,0,0,1,,,data
5985,9780553051872,,amazon,skipped,0,0,,0,0,0,0,1,,,data
5986,9780517468883,,amazon,skipped,0,0,,0,0,0,0,1,,,data
5987,9780449225233,,amazon,skipped,0,0,,0,0,0,0,1,,,data
5988,9780440471943,,amazon,skipped,0,0,,0,0,0,0,1,,,data
5989,9780393037548,,amazon,skipped,0,0,,0,0,0,0,1,,,data
5990,9780716794622,,amazon,skipped,0,0,,0,0,0,0,1,,,data
5991,9780674673571,,amazon,skipped,0,0,,0,0,0,0,1,,,data
5992,9780879516468,,amazon,skipped,0,0,,0,0,0,0,1,,,data
5993,9780385093521,,amazon,skipped,0,0,,0,0,0,0,1,,,data
5994,9780817458904,,amazon,skipped,0,0,,0,0,0,0,1,,,data
5995,9780439043977,,amazon,skipped,0,0,,0,0,0,0,1,,,data
5996,9780671636760,,amazon,skipped,0,0,,0,0,0,0,1,,,data
5997,9780553293043,,amazon,skipped,0,0,,0,0,0,0,1,,,data
5998,9781553697787,,amazon,skipped,0,0,,0,0,0,0,1,,,data
5999,9780156009003,,amazon,skipped,0,0,,0,0,0,0,1,,,data
6000,9780441791897,,amazon,skipped,0,0,,0,0,0,0,1,,,data
6001,9780553271300,,amazon,skipped,0,0,,0,0,0,0,1,,,data
6002,9780375505447,,amazon,skipped,0,0,,0,0,0,0,1,,,data
6003,9780553283167,,amazon,skipped,0,0,,0,0,0,0,1,,,data
6004,9780380720491,,amazon,skipped,0,0,,0,0,0,0,1,,,data
6005,9780448089072,,amazon,skipped,0,0,,0,0,0,0,1,,,data
6006,9780744500363,,amazon,skipped,0,0,,0,0,0,0,1,,,data
6007,9783746616957,,amazon,skipped,0,0,,0,0,0,0,1,,,data
6008,9780307122025,,amazon,skipped,0,0,,0,0,0,0,1,,,data
6009,9780553154849,,amazon,skipped,0,0,,0,0,0,0,1,,,data
6010,9780919948297,,amazon,skipped,0,0,,0,0,0,0,1,,,data
6011,9780919964730,,amazon,skipped,0,0,,0,0,0,0,1,,,data
6012,9780769617565,,amazon,skipped,0,0,,0,0,0,0,1,,,data
6013,9780553480733,,amazon,skipped,0,0,,0,0,0,0,1,,,data
6014,9780553158588,,amazon,skipped,0,0,,0,0,0,0,1,,,data
6015,9780590059930,,amazon,skipped,0,0,,0,0,0,0,1,,,data
6016,9780590451024,,amazon,skipped,0,0,,0,0,0,0,1,,,data
6017,9780553104431,,amazon,skipped,0,0,,0,0,0,0,1,,,data
6018,9780689712135,,amazon,skipped,0,0,,0,0,0,0,1,,,data
6019,9780553291056,,amazon,skipped,0,0,,0,0,0,0,1,,,data
6020,9780312953935,,amazon,skipped,0,0,,0,0,0,0,1,,,data
6021,9781559946063,,amazon,skipped,0,0,,0,0,0,0,1,,,data
6022,9780894714801,,amazon,skipped,0,0,,0,0,0,0,1,,,data
6023,9780812550641,,amazon,skipped,0,0,,0,0,0,0,1,,,data
6024,9780553296518,,amazon,skipped,0,0,,0,0,0,0,1,,,data
6025,9781561382880,,amazon,skipped,0,0,,0,0,0,0,1,,,data
6026,9780819309815,,amazon,skipped,0,0,,0,0,0,0,1,,,data
6027,9780746015292,,amazon,skipped,0,0,,0,0,0,0,1,,,data
6028,9781928994077,,amazon,skipped,0,0,,0,0,0,0,1,,,data
6029,9781565920903,,amazon,skipped,0,0,,0,0,0,0,1,,,data
6030,9780078814211,,amazon,skipped,0,0,,0,0,0,0,1,,,data
6031,9781572317178,,amazon,skipped,0,0,,0,0,0,0,1,,,data
6032,9780816711437,,amazon,skipped,0,0,,0,0,0,0,1,,,data
6033,9780805331400,,amazon,skipped,0,0,,0,0,0,0,1,,,data
6034,9780553568950,,amazon,skipped,0,0,,0,0,0,0,1,,,data
6035,9780887801563,,amazon,skipped,0,0,,0,0,0,0,1,,,data
6036,9780672318634,,amazon,skipped,0,0,,0,0,0,0,1,,,data
6037,9780553541724,,amazon,skipped,0,0,,0,0,0,0,1,,,data
6038,9781591820543,,amazon,skipped,0,0,,0,0,0,0,1,,,data
6039,9780874775730,,amazon,skipped,0,0,,0,0,0,0,1,,,data
6040,9780816737215,,amazon,skipped,0,0,,0,0,0,0,1,,,data
6041,9781931514590,,amazon,skipped,0,0,,0,0,0,0,1,,,data
6042,9780824102906,,amazon,skipped,0,0,,0,0,0,0,1,,,data
6043,9780553244830,,amazon,skipped,0,0,,0,0,0,0,1,,,data
6044,9780441791873,,amazon,skipped,0,0,,0,0,0,0,1,,,data
6045,9780889104846,,amazon,skipped,0,0,,0,0,0,0,1,,,data
6046,9780451458353,,amazon,skipped,0,0,,0,0,0,0,1,,,data
6047,9780891905349,,amazon,skipped,0,0,,0,0,0,0,1,,,data
6048,9780806906508,,amazon,skipped,0,0,,0,0,0,0,1,,,data
6049,9780345325518,,amazon,skipped,0,0,,0,0,0,0,1,,,data
6050,9780340184035,,amazon,skipped,0,0,,0,0,0,0,1,,,data
6051,9781931686570,,amazon,skipped,0,0,,0,0,0,0,1,,,data
6052,9780515064834,,amazon,skipped,0,0,,0,0,0,0,1,,,data
6053,9780440141105,,amazon,skipped,0,0,,0,0,0,0,1,,,data
6054,9781592231492,,amazon,skipped,0,0,,0,0,0,0,1,,,data
6055,9780030842573,,amazon,skipped,0,0,,0,0,0,0,1,,,data
6056,9780843932027,,amazon,skipped,0,0,,0,0,0,0,1,,,data
6057,9780812545418,,amazon,skipped,0,0,,0,0,0,0,1,,,data
6058,9780440114246,,amazon,skipped,0,0,,0,0,0,0,1,,,data
6059,9781579120610,,amazon,skipped,0,0,,0,0,0,0,1,,,data
6060,9780449204948,,amazon,skipped,0,0,,0,0,0,0,1,,,data
6061,9780345375322,,amazon,skipped,0,0,,0,0,0,0,1,,,data
6062,9781578516735,,amazon,skipped,0,0,,0,0,0,0,1,,,data
6063,9780553262056,,amazon,skipped,0,0,,0,0,0,0,1,,,data
6064,9780679418009,,amazon,skipped,0,0,,0,0,0,0,1,,,data
6065,9780140080551,,amazon,skipped,0,0,,0,0,0,0,1,,,data
6066,9781586481445,,amazon,skipped,0,0,,0,0,0,0,1,,,data
6067,9780940625464,,amazon,skipped,0,0,,0,0,0,0,1,,,data
6068,9780399135705,,amazon,skipped,0,0,,0,0,0,0,1,,,data
6069,9780553258578,,amazon,skipped,0,0,,0,0,0,0,1,,,data
6070,9780385111614,,amazon,skipped,0,0,,0,0,0,0,1,,,data
6071,9780806985305,,amazon,skipped,0,0,,0,0,0,0,1,,,data
6072,9780671704674,,amazon,skipped,0,0,,0,0,0,0,1,,,data
6073,9780307264039,,amazon,skipped,0,0,,0,0,0,0,1,,,data
6074,9780312021733,,amazon,skipped,0,0,,0,0,0,0,1,,,data
6075,9780740738050,,amazon,skipped,0,0,,0,0,0,0,1,,,data
6076,9780060528881,,amazon,skipped,0,0,,0,0,0,0,1,,,data
6077,9781569312537,,amazon,skipped,0,0,,0,0,0,0,1,,,data
6078,9780816161737,,amazon,skipped,0,0,,0,0,0,0,1,,,data
6079,9780316418737,,amazon,skipped,0,0,,0,0,0,0,1,,,data
6080,9780816718726,,amazon,skipped,0,0,,0,0,0,0,1,,,data
6081,9780441003631,,amazon,skipped,0,0,,0,0,0,0,1,,,data
6082,9780812548624,,amazon,skipped,0,0,,0,0,0,0,1,,,data
6083,9780843114010,,amazon,skipped,0,0,,0,0,0,0,1,,,data
6084,9780440418597,,amazon,skipped,0,0,,0,0,0,0,1,,,data
6085,9780886775094,,amazon,skipped,0,0,,0,0,0,0,1,,,data
6086,9780873982696,,amazon,skipped,0,0,,0,0,0,0,1,,,data
6087,9780843129052,,amazon,skipped,0,0,,0,0,0,0,1,,,data
6088,9780441223367,,amazon,skipped,0,0,,0,0,0,0,1,,,data
6089,9780345413123,,amazon,skipped,0,0,,0,0,0,0,1,,,data
6090,9780590433075,,amazon,skipped,0,0,,0,0,0,0,1,,,data
6091,9781569312988,,amazon,skipped,0,0,,0,0,0,0,1,,,data
6092,9780385471688,,amazon,skipped,0,0,,0,0,0,0,1,,,data
6093,9781569312629,,amazon,skipped,0,0,,0,0,0,0,1,,,data
6094,9780440458579,,amazon,skipped,0,0,,0,0,0,0,1,,,data
6095,9780307480040,,amazon,skipped,0,0,,0,0,0,0,1,,,data
6096,9780440913399,,amazon,skipped,0,0,,0,0,0,0,1,,,data
6097,9780380803187,,amazon,skipped,0,0,,0,0,0,0,1,,,data
6098,9780590449625,,amazon,skipped,0,0,,0,0,0,0,1,,,data
6099,9781400031832,,amazon,skipped,0,0,,0,0,0,0,1,,,data
6100,9780140159165,,amazon,skipped,0,0,,0,0,0,0,1,,,data
6101,9780439225106,,amazon,skipped,0,0,,0,0,0,0,1,,,data
6102,9780590415507,,amazon,skipped,0,0,,0,0,0,0,1,,,data
6103,9780446603720,,amazon,skipped,0,0,,0,0,0,0,1,,,data
6104,9780590454230,,amazon,skipped,0,0,,0,0,0,0,1,,,data
6105,9781558152076,,amazon,skipped,0,0,,0,0,0,0,1,,,data
6106,9780823016556,,amazon,skipped,0,0,,0,0,0,0,1,,,data
6107,9780316707411,,amazon,skipped,0,0,,0,0,0,0,1,,,data
6108,9781561446032,,amazon,skipped,0,0,,0,0,0,0,1,,,data
6109,9780380797295,,amazon,skipped,0,0,,0,0,0,0,1,,,data
6110,9780316137928,,amazon,skipped,0,0,,0,0,0,0,1,,,data
6111,9780965300315,,amazon,skipped,0,0,,0,0,0,0,1,,,data
6112,9780871138569,,amazon,skipped,0,0,,0,0,0,0,1,,,data
6113,9780738861081,,amazon,skipped,0,0,,0,0,0,0,1,,,data
6114,9780861129898,,amazon,skipped,0,0,,0,0,0,0,1,,,data
6115,9781569602119,,amazon,skipped,0,0,,0,0,0,0,1,,,data
6116,9781882633043,,amazon,skipped,0,0,,0,0,0,0,1,,,data
6117,9780070101951,,amazon,skipped,0,0,,0,0,0,0,1,,,data
6118,9780020556404,,amazon,skipped,0,0,,0,0,0,0,1,,,data
6119,9780375760310,,amazon,skipped,0,0,,0,0,0,0,1,,,data
6120,9781555534073,,amazon,skipped,0,0,,0,0,0,0,1,,,data
6121,9781890447267,,amazon,skipped,0,0,,0,0,0,0,1,,,data
6122,9780515111217,,amazon,skipped,0,0,,0,0,0,0,1,,,data
6123,9780312872786,,amazon,skipped,0,0,,0,0,0,0,1,,,data
6124,9780886770280,,amazon,skipped,0,0,,0,0,0,0,1,,,data
6125,9781569471074,,amazon,skipped,0,0,,0,0,0,0,1,,,data
6126,9780441760992,,amazon,skipped,0,0,,0,0,0,0,1,,,data
6127,9780441791903,,amazon,skipped,0,0,,0,0,0,0,1,,,data
6128,9780441437269,,amazon,skipped,0,0,,0,0,0,0,1,,,data
6129,9780142000410,,amazon,skipped,0,0,,0,0,0,0,1,,,data
6130,9780671002909,,amazon,skipped,0,0,,0,0,0,0,1,,,data
6131,9780844739137,,amazon,skipped,0,0,,0,0,0,0,1,,,data
6132,9780449231357,,amazon,skipped,0,0,,0,0,0,0,1,,,data
6133,9780915473274,,amazon,skipped,0,0,,0,0,0,0,1,,,data
6134,9780600351818,,amazon,skipped,0,0,,0,0,0,0,1,,,data
6135,9781569471753,,amazon,skipped,0,0,,0,0,0,0,1,,,data
6136,9780970565204,,amazon,skipped,0,0,,0,0,0,0,1,,,data
6137,9780553238259,,amazon,skipped,0,0,,0,0,0,0,1,,,data
6138,9780679734215,,amazon,skipped,0,0,,0,0,0,0,1,,,data
6139,9780060803148,,amazon,skipped,0,0,,0,0,0,0,1,,,data
6140,9780801843877,,amazon,skipped,0,0,,0,0,0,0,1,,,data
6141,9781556523236,,amazon,skipped,0,0,,0,0,0,0,1,,,data
6142,9780590685375,,amazon,skipped,0,0,,0,0,0,0,1,,,data
6143,9780632057962,,amazon,skipped,0,0,,0,0,0,0,1,,,data
6144,9780824602109,,amazon,skipped,0,0,,0,0,0,0,1,,,data
6145,9780451156914,,amazon,skipped,0,0,,0,0,0,0,1,,,data
6146,9780140186772,,amazon,skipped,0,0,,0,0,0,0,1,,,data
6147,9781558703087,,amazon,skipped,0,0,,0,0,0,0,1,,,data
6148,9780876055021,,amazon,skipped,0,0,,0,0,0,0,1,,,data
6149,9781885223630,,amazon,skipped,0,0,,0,0,0,0,1,,,data
6150,9780061061202,,amazon,skipped,0,0,,0,0,0,0,1,,,data
6151,9780375725586,,amazon,skipped,0,0,,0,0,0,0,1,,,data
6152,9783446123359,,amazon,skipped,0,0,,0,0,0,0,1,,,data
6153,9780440411741,,amazon,skipped,0,0,,0,0,0,0,1,,,data
6154,9780399147951,,amazon,skipped,0,0,,0,0,0,0,1,,,data
6155,9780375701276,,amazon,skipped,0,0,,0,0,0,0,1,,,data
6156,9780312283360,,amazon,skipped,0,0,,0,0,0,0,1,,,data
6157,9780261667907,,amazon,skipped,0,0,,0,0,0,0,1,,,data
6158,9780590303828,,amazon,skipped,0,0,,0,0,0,0,1,,,data
6159,9780679768074,,amazon,skipped,0,0,,0,0,0,0,1,,,data
6160,9780440109365,,amazon,skipped,0,0,,0,0,0,0,1,,,data
6161,9780738200170,,amazon,skipped,0,0,,0,0,0,0,1,,,data
6162,9780747240761,,amazon,skipped,0,0,,0,0,0,0,1,,,data
6163,9780679438410,,amazon,skipped,0,0,,0,0,0,0,1,,,data
6164,9780964731608,,amazon,skipped,0,0,,0,0,0,0,1,,,data
6165,9780771070372,,amazon,skipped,0,0,,0,0,0,0,1,,,data
6166,9780618128471,,amazon,skipped,0,0,,0,0,0,0,1,,,data
6167,9780590402446,,amazon,skipped,0,0,,0,0,0,0,1,,,data
6168,9780590406918,,amazon,skipped,0,0,,0,0,0,0,1,,,data
6169,9780679745167,,amazon,skipped,0,0,,0,0,0,0,1,,,data
6170,9782070374069,,amazon,skipped,0,0,,0,0,0,0,1,,,data
6171,9780843923605,,amazon,skipped,0,0,,0,0,0,0,1,,,data
6172,9782253007838,,amazon,skipped,0,0,,0,0,0,0,1,,,data
6173,9780140190601,,amazon,skipped,0,0,,0,0,0,0,1,,,data
6174,9782070531431,,amazon,skipped,0,0,,0,0,0,0,1,,,data
6175,9780446343770,,amazon,skipped,0,0,,0,0,0,0,1,,,data
6176,9780416476309,,amazon,skipped,0,0,,0,0,0,0,1,,,data
6177,9782264034915,,amazon,skipped,0,0,,0,0,0,0,1,,,data
6178,9781853268380,,amazon,skipped,0,0,,0,0,0,0,1,,,data
6179,9780330027847,,amazon,skipped,0,0,,0,0,0,0,1,,,data
6180,9782020416382,,amazon,skipped,0,0,,0,0,0,0,1,,,data
6181,9782715222762,,amazon,skipped,0,0,,0,0,0,0,1,,,data
6182,9780862412777,,amazon,skipped,0,0,,0,0,0,0,1,,,data
6183,9782070334506,,amazon,skipped,0,0,,0,0,0,0,1,,,data
6184,9780830819119,,amazon,skipped,0,0,,0,0,0,0,1,,,data
6185,9780553271799,,amazon,skipped,0,0,,0,0,0,0,1,,,data
6186,9780395067994,,amazon,skipped,0,0,,0,0,0,0,1,,,data
6187,9780440110736,,amazon,skipped,0,0,,0,0,0,0,1,,,data
6188,9782869306554,,amazon,skipped,0,0,,0,0,0,0,1,,,data
6189,9780345298065,,amazon,skipped,0,0,,0,0,0,0,1,,,data
6190,9782290327609,,amazon,skipped,0,0,,0,0,0,0,1,,,data
6191,9781555138219,,amazon,skipped,0,0,,0,0,0,0,1,,,data
6192,9780877190202,,amazon,skipped,0,0,,0,0,0,0,1,,,data
6193,9780805063684,,amazon,skipped,0,0,,0,0,0,0,1,,,data
6194,9781564402370,,amazon,skipped,0,0,,0,0,0,0,1,,,data
6195,9780001046931,,amazon,skipped,0,0,,0,0,0,0,1,,,data
6196,9780743206983,,amazon,skipped,0,0,,0,0,0,0,1,,,data
6197,9780849935831,,amazon,skipped,0,0,,0,0,0,0,1,,,data
6198,9780816142712,,amazon,skipped,0,0,,0,0,0,0,1,,,data
6199,9781567311303,,amazon,skipped,0,0,,0,0,0,0,1,,,data
6200,9780843937879,,amazon,skipped,0,0,,0,0,0,0,1,,,data
6201,9780135364338,,amazon,skipped,0,0,,0,0,0,0,1,,,data
6202,9781869503352,,amazon,skipped,0,0,,0,0,0,0,1,,,data
6203,9780812551501,,amazon,skipped,0,0,,0,0,0,0,1,,,data
6204,9780812562613,,amazon,skipped,0,0,,0,0,0,0,1,,,data
6205,9780440206132,,amazon,skipped,0,0,,0,0,0,0,1,,,data
6206,9780002253406,,amazon,skipped,0,0,,0,0,0,0,1,,,data
6207,9780451175731,,amazon,skipped,0,0,,0,0,0,0,1,,,data
6208,9780452277359,,amazon,skipped,0,0,,0,0,0,0,1,,,data
6209,9780762403011,,amazon,skipped,0,0,,0,0,0,0,1,,,data
6210,9780804900300,,amazon,skipped,0,0,,0,0,0,0,1,,,data
6211,9781576600870,,amazon,skipped,0,0,,0,0,0,0,1,,,data
6212,9780671442118,,amazon,skipped,0,0,,0,0,0,0,1,,,data
6213,9780805066708,,amazon,skipped,0,0,,0,0,0,0,1,,,data
6214,9780553262629,,amazon,skipped,0,0,,0,0,0,0,1,,,data
6215,9780553279320,,amazon,skipped,0,0,,0,0,0,0,1,,,data
6216,9780738861128,,amazon,skipped,0,0,,0,0,0,0,1,,,data
6217,9780671835019,,amazon,skipped,0,0,,0,0,0,0,1,,,data
6218,9780451149473,,amazon,skipped,0,0,,0,0,0,0,1,,,data
6219,9780307120137,,amazon,skipped,0,0,,0,0,0,0,1,,,data
6220,9780582046122,,amazon,skipped,0,0,,0,0,0,0,1,,,data
6221,9780553483239,,amazon,skipped,0,0,,0,0,0,0,1,,,data
6222,9780862416294,,amazon,skipped,0,0,,0,0,0,0,1,,,data
6223,9780003701586,,amazon,skipped,0,0,,0,0,0,0,1,,,data
6224,9780003701180,,amazon,skipped,0,0,,0,0,0,0,1,,,data
6225,9780451181473,,amazon,skipped,0,0,,0,0,0,0,1,,,data
6226,9780821720097,,amazon,skipped,0,0,,0,0,0,0,1,,,data
6227,9788470780950,,amazon,skipped,0,0,,0,0,0,0,1,,,data
6228,9781551664736,,amazon,skipped,0,0,,0,0,0,0,1,,,data
6229,9780679457732,,amazon,skipped,0,0,,0,0,0,0,1,,,data
6230,9780345248503,,amazon,skipped,0,0,,0,0,0,0,1,,,data
6231,9780446520638,,amazon,skipped,0,0,,0,0,0,0,1,,,data
6232,9780821733158,,amazon,skipped,0,0,,0,0,0,0,1,,,data
6233,9780812516418,,amazon,skipped,0,0,,0,0,0,0,1,,,data
6234,9780380603503,,amazon,skipped,0,0,,0,0,0,0,1,,,data
6235,9780865473263,,amazon,skipped,0,0,,0,0,0,0,1,,,data
6236,9780307302601,,amazon,skipped,0,0,,0,0,0,0,1,,,data
6237,9780525316305,,amazon,skipped,0,0,,0,0,0,0,1,,,data
6238,9783453132252,,amazon,skipped,0,0,,0,0,0,0,1,,,data
6239,9780934323116,,amazon,skipped,0,0,,0,0,0,0,1,,,data
6240,9780385294966,,amazon,skipped,0,0,,0,0,0,0,1,,,data
6241,9780785310709,,amazon,skipped,0,0,,0,0,0,0,1,,,data
6242,9781414018690,,amazon,skipped,0,0,,0,0,0,0,1,,,data
6243,9780785310693,,amazon,skipped,0,0,,0,0,0,0,1,,,data
6244,9780671685140,,amazon,skipped,0,0,,0,0,0,0,1,,,data
6245,9780679808091,,amazon,skipped,0,0,,0,0,0,0,1,,,data
6246,9780515028317,,amazon,skipped,0,0,,0,0,0,0,1,,,data
6247,9780679882213,,amazon,skipped,0,0,,0,0,0,0,1,,,data
6248,9780307121073,,amazon,skipped,0,0,,0,0,0,0,1,,,data
6249,9780061099090,,amazon,skipped,0,0,,0,0,0,0,1,,,data
6250,9780140233728,,amazon,skipped,0,0,,0,0,0,0,1,,,data
6251,9780849910678,,amazon,skipped,0,0,,0,0,0,0,1,,,data
6252,9780866253123,,amazon,skipped,0,0,,0,0,0,0,1,,,data
6253,9780866252218,,amazon,skipped,0,0,,0,0,0,0,1,,,data
6254,9781563097249,,amazon,skipped,0,0,,0,0,0,0,1,,,data
6255,9780452276079,,amazon,skipped,0,0,,0,0,0,0,1,,,data
6256,9780837850672,,amazon,skipped,0,0,,0,0,0,0,1,,,data
6257,9780670878277,,amazon,skipped,0,0,,0,0,0,0,1,,,data
6258,9780842311274,,amazon,skipped,0,0,,0,0,0,0,1,,,data
6259,9780385310925,,amazon,skipped,0,0,,0,0,0,0,1,,,data
6260,9780866252249,,amazon,skipped,0,0,,0,0,0,0,1,,,data
6261,9781575661803,,amazon,skipped,0,0,,0,0,0,0,1,,,data
6262,9780866252164,,amazon,skipped,0,0,,0,0,0,0,1,,,data
6263,9780866253185,,amazon,skipped,0,0,,0,0,0,0,1,,,data
6264,9780828004640,,amazon,skipped,0,0,,0,0,0,0,1,,,data
6265,9780821224809,,amazon,skipped,0,0,,0,0,0,0,1,,,data
6266,9780451179197,,amazon,skipped,0,0,,0,0,0,0,1,,,data
6267,9780399144387,,amazon,skipped,0,0,,0,0,0,0,1,,,data
6268,9780449241585,,amazon,skipped,0,0,,0,0,0,0,1,,,data
6269,9780896218918,,amazon,skipped,0,0,,0,0,0,0,1,,,data
6270,9781561581306,,amazon,skipped,0,0,,0,0,0,0,1,,,data
6271,9783442443208,,amazon,skipped,0,0,,0,0,0,0,1,,,data
6272,9781563897504,,amazon,skipped,0,0,,0,0,0,0,1,,,data
6273,9783462028584,,amazon,skipped,0,0,,0,0,0,0,1,,,data
6274,9780345446947,,amazon,skipped,0,0,,0,0,0,0,1,,,data
6275,9781567314526,,amazon,skipped,0,0,,0,0,0,0,1,,,data
6276,9780425061480,,amazon,skipped,0,0,,0,0,0,0,1,,,data
6277,9780440216476,,amazon,skipped,0,0,,0,0,0,0,1,,,data
6278,9780684842585,,amazon,skipped,0,0,,0,0,0,0,1,,,data
6279,9780394579184,,amazon,skipped,0,0,,0,0,0,0,1,,,data
6280,9780156400930,,amazon,skipped,0,0,,0,0,0,0,1,,,data
6281,9780140289039,,amazon,skipped,0,0,,0,0,0,0,1,,,data
6282,9780865475366,,amazon,skipped,0,0,,0,0,0,0,1,,,data
6283,9781560768364,,amazon,skipped,0,0,,0,0,0,0,1,,,data
6284,9780590483582,,amazon,skipped,0,0,,0,0,0,0,1,,,data
6285,9780631206767,,amazon,skipped,0,0,,0,0,0,0,1,,,data
6286,9780750639521,,amazon,skipped,0,0,,0,0,0,0,1,,,data
6287,9780821734360,,amazon,skipped,0,0,,0,0,0,0,1,,,data
6288,9780449209486,,amazon,skipped,0,0,,0,0,0,0,1,,,data
6289,9780060392888,,amazon,skipped,0,0,,0,0,0,0,1,,,data
6290,9780062507013,,amazon,skipped,0,0,,0,0,0,0,1,,,data
6291,9780785714224,,amazon,skipped,0,0,,0,0,0,0,1,,,data
6292,9780061063985,,amazon,skipped,0,0,,0,0,0,0,1,,,data
6293,9781550660180,,amazon,skipped,0,0,,0,0,0,0,1,,,data
6294,9780590075862,,amazon,skipped,0,0,,0,0,0,0,1,,,data
6295,9780671451639,,amazon,skipped,0,0,,0,0,0,0,1,,,data
6296,9780749003883,,amazon,skipped,0,0,,0,0,0,0,1,,,data
6297,9780252068775,,amazon,skipped,0,0,,0,0,0,0,1,,,data
6298,9780345276995,,amazon,skipped,0,0,,0,0,0,0,1,,,data
6299,9780771087257,,amazon,skipped,0,0,,0,0,0,0,1,,,data
6300,9780440212829,,amazon,skipped,0,0,,0,0,0,0,1,,,data
6301,9781903650080,,amazon,skipped,0,0,,0,0,0,0,1,,,data
6302,9780192803733,,amazon,skipped,0,0,,0,0,0,0,1,,,data
6303,9781883249168,,amazon,skipped,0,0,,0,0,0,0,1,,,data
6304,9783442415397,,amazon,skipped,0,0,,0,0,0,0,1,,,data
6305,9780889950764,,amazon,skipped,0,0,,0,0,0,0,1,,,data
6306,9780441005383,,amazon,skipped,0,0,,0,0,0,0,1,,,data
6307,9780771022319,,amazon,skipped,0,0,,0,0,0,0,1,,,data
6308,9780452273146,,amazon,skipped,0,0,,0,0,0,0,1,,,data
6309,9780886776268,,amazon,skipped,0,0,,0,0,0,0,1,,,data
6310,9783499433467,,amazon,skipped,0,0,,0,0,0,0,1,,,data
6311,9783257220247,,amazon,skipped,0,0,,0,0,0,0,1,,,data
6312,9780553247343,,amazon,skipped,0,0,,0,0,0,0,1,,,data
6313,9780767917179,,amazon,skipped,0,0,,0,0,0,0,1,,,data
6314,9780743255974,,amazon,skipped,0,0,,0,0,0,0,1,,,data
6315,9780786015610,,amazon,skipped,0,0,,0,0,0,0,1,,,data
6316,9788433970237,,amazon,skipped,0,0,,0,0,0,0,1,,,data
6317,9780884042198,,amazon,skipped,0,0,,0,0,0,0,1,,,data
6318,9781565123601,,amazon,skipped,0,0,,0,0,0,0,1,,,data
6319,9780415267373,,amazon,skipped,0,0,,0,0,0,0,1,,,data
6320,9780380581313,,amazon,skipped,0,0,,0,0,0,0,1,,,data
6321,9780679722410,,amazon,skipped,0,0,,0,0,0,0,1,,,data
6322,9780523480046,,amazon,skipped,0,0,,0,0,0,0,1,,,data
6323,9780767902281,,amazon,skipped,0,0,,0,0,0,0,1,,,data
6324,9780140100679,,amazon,skipped,0,0,,0,0,0,0,1,,,data
6325,9780307246509,,amazon,skipped,0,0,,0,0,0,0,1,,,data
6326,9780425073230,,amazon,skipped,0,0,,0,0,0,0,1,,,data
6327,9780571203673,,amazon,skipped,0,0,,0,0,0,0,1,,,data
6328,9780571143801,,amazon,skipped,0,0,,0,0,0,0,1,,,data
6329,9788474324594,,amazon,skipped,0,0,,0,0,0,0,1,,,data
6330,9780590481540,,amazon,skipped,0,0,,0,0,0,0,1,,,data
6331,9780517578087,,amazon,skipped,0,0,,0,0,0,0,1,,,data
6332,9780879237004,,amazon,skipped,0,0,,0,0,0,0,1,,,data
6333,9780333685235,,amazon,skipped,0,0,,0,0,0,0,1,,,data
6334,9780517122334,,amazon,skipped,0,0,,0,0,0,0,1,,,data
6335,9780770106997,,amazon,skipped,0,0,,0,0,0,0,1,,,data
6336,9780517202692,,amazon,skipped,0,0,,0,0,0,0,1,,,data
6337,9780394741550,,amazon,skipped,0,0,,0,0,0,0,1,,,data
6338,9780394751221,,amazon,skipped,0,0,,0,0,0,0,1,,,data
6339,9781582432588,,amazon,skipped,0,0,,0,0,0,0,1,,,data
6340,9780385721370,,amazon,skipped,0,0,,0,0,0,0,1,,,data
6341,9780812589009,,amazon,skipped,0,0,,0,0,0,0,1,,,data
6342,9780393950397,,amazon,skipped,0,0,,0,0,0,0,1,,,data
6343,9780804101240,,amazon,skipped,0,0,,0,0,0,0,1,,,data
6344,9780312978662,,amazon,skipped,0,0,,0,0,0,0,1,,,data
6345,9780688058364,,amazon,skipped,0,0,,0,0,0,0,1,,,data
6346,9780758203373,,amazon,skipped,0,0,,0,0,0,0,1,,,data
6347,9780440800385,,amazon,skipped,0,0,,0,0,0,0,1,,,data
6348,9780316322256,,amazon,skipped,0,0,,0,0,0,0,1,,,data
6349,9780380709960,,amazon,skipped,0,0,,0,0,0,0,1,,,data
6350,9780819310552,,amazon,skipped,0,0,,0,0,0,0,1,,,data
6351,9780380716999,,amazon,skipped,0,0,,0,0,0,0,1,,,data
6352,9780671871574,,amazon,skipped,0,0,,0,0,0,0,1,,,data
6353,9780684719283,,amazon,skipped,0,0,,0,0,0,0,1,,,data
6354,9780373288779,,amazon,skipped,0,0,,0,0,0,0,1,,,data
6355,9780380891931,,amazon,skipped,0,0,,0,0,0,0,1,,,data
6356,9782253076407,,amazon,skipped,0,0,,0,0,0,0,1,,,data
6357,9780451128997,,amazon,skipped,0,0,,0,0,0,0,1,,,data
6358,9781570611230,,amazon,skipped,0,0,,0,0,0,0,1,,,data
6359,9780192835291,,amazon,skipped,0,0,,0,0,0,0,1,,,data
6360,9780441308774,,amazon,skipped,0,0,,0,0,0,0,1,,,data
6361,9781586490003,,amazon,skipped,0,0,,0,0,0,0,1,,,data
6362,9780060965051,,amazon,skipped,0,0,,0,0,0,0,1,,,data
6363,9780425180648,,amazon,skipped,0,0,,0,0,0,0,1,,,data
6364,9780345428660,,amazon,skipped,0,0,,0,0,0,0,1,,,data
6365,9780451188823,,amazon,skipped,0,0,,0,0,0,0,1,,,data
6366,9782246586012,,amazon,skipped,0,0,,0,0,0,0,1,,,data
6367,9780345330864,,amazon,skipped,0,0,,0,0,0,0,1,,,data
6368,9780773673434,,amazon,skipped,0,0,,0,0,0,0,1,,,data
6369,9780880015578,,amazon,skipped,0,0,,0,0,0,0,1,,,data
6370,9780679723011,,amazon,skipped,0,0,,0,0,0,0,1,,,data
6371,9780812552393,,amazon,skipped,0,0,,0,0,0,0,1,,,data
6372,9780345428653,,amazon,skipped,0,0,,0,0,0,0,1,,,data
6373,9780345305763,,amazon,skipped,0,0,,0,0,0,0,1,,,data
6374,9780440068914,,amazon,skipped,0,0,,0,0,0,0,1,,,data
6375,9780380561841,,amazon,skipped,0,0,,0,0,0,0,1,,,data
6376,9780156005746,,amazon,skipped,0,0,,0,0,0,0,1,,,data
6377,9780440295570,,amazon,skipped,0,0,,0,0,0,0,1,,,data
6378,9780451404756,,amazon,skipped,0,0,,0,0,0,0,1,,,data
6379,9780812694321,,amazon,skipped,0,0,,0,0,0,0,1,,,data
6380,9780441892402,,amazon,skipped,0,0,,0,0,0,0,1,,,data
6381,9780345288561,,amazon,skipped,0,0,,0,0,0,0,1,,,data
6382,9780523400723,,amazon,skipped,0,0,,0,0,0,0,1,,,data
6383,9780877735427,,amazon,skipped,0,0,,0,0,0,0,1,,,data
6384,9780380772865,,amazon,skipped,0,0,,0,0,0,0,1,,,data
6385,9780816704606,,amazon,skipped,0,0,,0,0,0,0,1,,,data
6386,9780446345576,,amazon,skipped,0,0,,0,0,0,0,1,,,data
6387,9780821732632,,amazon,skipped,0,0,,0,0,0,0,1,,,data
6388,9780440110323,,amazon,skipped,0,0,,0,0,0,0,1,,,data
6389,9780812500240,,amazon,skipped,0,0,,0,0,0,0,1,,,data
6390,9780449702338,,amazon,skipped,0,0,,0,0,0,0,1,,,data
6391,9780821719435,,amazon,skipped,0,0,,0,0,0,0,1,,,data
6392,9781551972848,,amazon,skipped,0,0,,0,0,0,0,1,,,data
6393,9780821720622,,amazon,skipped,0,0,,0,0,0,0,1,,,data
6394,9780440168669,,amazon,skipped,0,0,,0,0,0,0,1,,,data
6395,9780446303194,,amazon,skipped,0,0,,0,0,0,0,1,,,data
6396,9780373119790,,amazon,skipped,0,0,,0,0,0,0,1,,,data
6397,9780821714317,,amazon,skipped,0,0,,0,0,0,0,1,,,data
6398,9780824985448,,amazon,skipped,0,0,,0,0,0,0,1,,,data
6399,9788484508274,,amazon,skipped,0,0,,0,0,0,0,1,,,data
6400,9780736401258,,amazon,skipped,0,0,,0,0,0,0,1,,,data
6401,9780671820046,,amazon,skipped,0,0,,0,0,0,0,1,,,data
6402,9780671504212,,amazon,skipped,0,0,,0,0,0,0,1,,,data
6403,9780394873862,,amazon,skipped,0,0,,0,0,0,0,1,,,data
6404,9780446817776,,amazon,skipped,0,0,,0,0,0,0,1,,,data
6405,9780843939415,,amazon,skipped,0,0,,0,0,0,0,1,,,data
6406,9780821724651,,amazon,skipped,0,0,,0,0,0,0,1,,,data
6407,9788449502705,,amazon,skipped,0,0,,0,0,0,0,1,,,data
6408,9780380758630,,amazon,skipped,0,0,,0,0,0,0,1,,,data
6409,9780446322164,,amazon,skipped,0,0,,0,0,0,0,1,,,data
6410,9780843941067,,amazon,skipped,0,0,,0,0,0,0,1,,,data
6411,9781557737656,,amazon,skipped,0,0,,0,0,0,0,1,,,data
6412,9780553573725,,amazon,skipped,0,0,,0,0,0,0,1,,,data
6413,9781555471910,,amazon,skipped,0,0,,0,0,0,0,1,,,data
6414,9780812583755,,amazon,skipped,0,0,,0,0,0,0,1,,,data
6415,9780441662203,,amazon,skipped,0,0,,0,0,0,0,1,,,data
6416,9780448117515,,amazon,skipped,0,0,,0,0,0,0,1,,,data
6417,9780849985317,,amazon,skipped,0,0,,0,0,0,0,1,,,data
6418,9780440149989,,amazon,skipped,0,0,,0,0,0,0,1,,,data
6419,9780333755310,,amazon,skipped,0,0,,0,0,0,0,1,,,data
6420,9780380834020,,amazon,skipped,0,0,,0,0,0,0,1,,,data
6421,9780333755884,,amazon,skipped,0,0,,0,0,0,0,1,,,data
6422,9780812534092,,amazon,skipped,0,0,,0,0,0,0,1,,,data
6423,9780449134375,,amazon,skipped,0,0,,0,0,0,0,1,,,data
6424,9780425061299,,amazon,skipped,0,0,,0,0,0,0,1,,,data
6425,9780435293994,,amazon,skipped,0,0,,0,0,0,0,1,,,data
6426,9780451188960,,amazon,skipped,0,0,,0,0,0,0,1,,,data
6427,9781882413607,,amazon,skipped,0,0,,0,0,0,0,1,,,data
6428,9780446364997,,amazon,skipped,0,0,,0,0,0,0,1,,,data
6429,9780373625444,,amazon,skipped,0,0,,0,0,0,0,1,,,data
6430,9780380766413,,amazon,skipped,0,0,,0,0,0,0,1,,,data
6431,9780812513585,,amazon,skipped,0,0,,0,0,0,0,1,,,data
6432,9780843105902,,amazon,skipped,0,0,,0,0,0,0,1,,,data
6433,9783800166824,,amazon,skipped,0,0,,0,0,0,0,1,,,data
6434,9780771570308,,amazon,skipped,0,0,,0,0,0,0,1,,,data
6435,9780891917090,,amazon,skipped,0,0,,0,0,0,0,1,,,data
6436,9780307119773,,amazon,skipped,0,0,,0,0,0,0,1,,,data
6437,9780425160916,,amazon,skipped,0,0,,0,0,0,0,1,,,data
6438,9780307120915,,amazon,skipped,0,0,,0,0,0,0,1,,,data
6439,9780425071304,,amazon,skipped,0,0,,0,0,0,0,1,,,data
6440,9780670845507,,amazon,skipped,0,0,,0,0,0,0,1,,,data
6441,9780873771863,,amazon,skipped,0,0,,0,0,0,0,1,,,data
6442,9780801067426,,amazon,skipped,0,0,,0,0,0,0,1,,,data
6443,9782921171366,,amazon,skipped,0,0,,0,0,0,0,1,,,data
6444,9780851510880,,amazon,skipped,0,0,,0,0,0,0,1,,,data
6445,9780802424112,,amazon,skipped,0,0,,0,0,0,0,1,,,data
6446,9780307119124,,amazon,skipped,0,0,,0,0,0,0,1,,,data
6447,9780345339027,,amazon,skipped,0,0,,0,0,0,0,1,,,data
6448,9780590402774,,amazon,skipped,0,0,,0,0,0,0,1,,,data
6449,9780451410467,,amazon,skipped,0,0,,0,0,0,0,1,,,data
6450,9780732257132,,amazon,skipped,0,0,,0,0,0,0,1,,,data
6451,9788478887040,,amazon,skipped,0,0,,0,0,0,0,1,,,data
6452,9781586636159,,amazon,skipped,0,0,,0,0,0,0,1,,,data
6453,9780595149230,,amazon,skipped,0,0,,0,0,0,0,1,,,data
6454,9780500810330,,amazon,skipped,0,0,,0,0,0,0,1,,,data
6455,9780892814060,,amazon,skipped,0,0,,0,0,0,0,1,,,data
6456,9780500276228,,amazon,skipped,0,0,,0,0,0,0,1,,,data
6457,9781880666258,,amazon,skipped,0,0,,0,0,0,0,1,,,data
6458,9783548602035,,amazon,skipped,0,0,,0,0,0,0,1,,,data
6459,9780875165837,,amazon,skipped,0,0,,0,0,0,0,1,,,data
6460,9780965380874,,amazon,skipped,0,0,,0,0,0,0,1,,,data
6461,9780062515681,,amazon,skipped,0,0,,0,0,0,0,1,,,data
6462,9780553230925,,amazon,skipped,0,0,,0,0,0,0,1,,,data
6463,9780870239236,,amazon,skipped,0,0,,0,0,0,0,1,,,data
6464,9783404259137,,amazon,skipped,0,0,,0,0,0,0,1,,,data
6465,9780451628060,,amazon,skipped,0,0,,0,0,0,0,1,,,data
6466,9780871966292,,amazon,skipped,0,0,,0,0,0,0,1,,,data
6467,9780671606589,,amazon,skipped,0,0,,0,0,0,0,1,,,data
6468,9780451401038,,amazon,skipped,0,0,,0,0,0,0,1,,,data
6469,9780312924676,,amazon,skipped,0,0,,0,0,0,0,1,,,data
6470,9780140191189,,amazon,skipped,0,0,,0,0,0,0,1,,,data
6471,9783548603391,,amazon,skipped,0,0,,0,0,0,0,1,,,data
6472,9780130767783,,amazon,skipped,0,0,,0,0,0,0,1,,,data
6473,9780486214467,,amazon,skipped,0,0,,0,0,0,0,1,,,data
6474,9780831727901,,amazon,skipped,0,0,,0,0,0,0,1,,,data
6475,9781558173125,,amazon,skipped,0,0,,0,0,0,0,1,,,data
6476,9780307619624,,amazon,skipped,0,0,,0,0,0,0,1,,,data
6477,9780553095456,,amazon,skipped,0,0,,0,0,0,0,1,,,data
6478,9780515088410,,amazon,skipped,0,0,,0,0,0,0,1,,,data
6479,9780672320316,,amazon,skipped,0,0,,0,0,0,0,1,,,data
6480,9783426618240,,amazon,skipped,0,0,,0,0,0,0,1,,,data
6481,9780553276022,,amazon,skipped,0,0,,0,0,0,0,1,,,data
6482,9780517885307,,amazon,skipped,0,0,,0,0,0,0,1,,,data
6483,9780618184248,,amazon,skipped,0,0,,0,0,0,0,1,,,data
6484,9780819564474,,amazon,skipped,0,0,,0,0,0,0,1,,,data
6485,9781853262890,,amazon,skipped,0,0,,0,0,0,0,1,,,data
6486,9781567181005,,amazon,skipped,0,0,,0,0,0,0,1,,,data
6487,9780395866641,,amazon,skipped,0,0,,0,0,0,0,1,,,data
6488,9780679726807,,amazon,skipped,0,0,,0,0,0,0,1,,,data
6489,9780138030995,,amazon,skipped,0,0,,0,0,0,0,1,,,data
6490,9780446813310,,amazon,skipped,0,0,,0,0,0,0,1,,,data
6491,9780932499158,,amazon,skipped,0,0,,0,0,0,0,1,,,data
6492,9780590438148,,amazon,skipped,0,0,,0,0,0,0,1,,,data
6493,9780140306767,,amazon,skipped,0,0,,0,0,0,0,1,,,data
6494,9780385177337,,amazon,skipped,0,0,,0,0,0,0,1,,,data
6495,9780439153065,,amazon,skipped,0,0,,0,0,0,0,1,,,data
6496,9780870700248,,amazon,skipped,0,0,,0,0,0,0,1,,,data
6497,9780870704581,,amazon,skipped,0,0,,0,0,0,0,1,,,data
6498,9780140123463,,amazon,skipped,0,0,,0,0,0,0,1,,,data
6499,9780380798971,,amazon,skipped,0,0,,0,0,0,0,1,,,data
6500,9781879535091,,amazon,skipped,0,0,,0,0,0,0,1,,,data
6501,9780812531206,,amazon,skipped,0,0,,0,0,0,0,1,,,data
6502,9780590484800,,amazon,skipped,0,0,,0,0,0,0,1,,,data
6503,9781880000939,,amazon,skipped,0,0,,0,0,0,0,1,,,data
6504,9780812531084,,amazon,skipped,0,0,,0,0,0,0,1,,,data
6505,9780451527400,,amazon,skipped,0,0,,0,0,0,0,1,,,data
6506,9780688088941,,amazon,skipped,0,0,,0,0,0,0,1,,,data
6507,9780486204222,,amazon,skipped,0,0,,0,0,0,0,1,,,data
6508,9780679445937,,amazon,skipped,0,0,,0,0,0,0,1,,,data
6509,9783821837413,,amazon,skipped,0,0,,0,0,0,0,1,,,data
6510,9781880559659,,amazon,skipped,0,0,,0,0,0,0,1,,,data
6511,9780500202982,,amazon,skipped,0,0,,0,0,0,0,1,,,data
6512,9780448151793,,amazon,skipped,0,0,,0,0,0,0,1,,,data
6513,9780898220414,,amazon,skipped,0,0,,0,0,0,0,1,,,data
6514,9780867193466,,amazon,skipped,0,0,,0,0,0,0,1,,,data
6515,9780393313468,,amazon,skipped,0,0,,0,0,0,0,1,,,data
6516,9780671041885,,amazon,skipped,0,0,,0,0,0,0,1,,,data
6517,9783404128952,,amazon,skipped,0,0,,0,0,0,0,1,,,data
6518,9781568654232,,amazon,skipped,0,0,,0,0,0,0,1,,,data
6519,9780060907273,,amazon,skipped,0,0,,0,0,0,0,1,,,data
6520,9780722535509,,amazon,skipped,0,0,,0,0,0,0,1,,,data
6521,9783404148103,,amazon,skipped,0,0,,0,0,0,0,1,,,data
6522,9780553381696,,amazon,skipped,0,0,,0,0,0,0,1,,,data
6523,9780226568225,,amazon,skipped,0,0,,0,0,0,0,1,,,data
6524,9781576736937,,amazon,skipped,0,0,,0,0,0,0,1,,,data
6525,9780140187007,,amazon,skipped,0,0,,0,0,0,0,1,,,data
6526,9780671666897,,amazon,skipped,0,0,,0,0,0,0,1,,,data
6527,9780373086986,,amazon,skipped,0,0,,0,0,0,0,1,,,data
6528,9780786929085,,amazon,skipped,0,0,,0,0,0,0,1,,,data
6529,9780373087341,,amazon,skipped,0,0,,0,0,0,0,1,,,data
6530,9780910055628,,amazon,skipped,0,0,,0,0,0,0,1,,,data
6531,9780373087808,,amazon,skipped,0,0,,0,0,0,0,1,,,data
6532,9780312930448,,amazon,skipped,0,0,,0,0,0,0,1,,,data
6533,9780805067415,,amazon,skipped,0,0,,0,0,0,0,1,,,data
6534,9780373088355,,amazon,skipped,0,0,,0,0,0,0,1,,,data
6535,9780373089666,,amazon,skipped,0,0,,0,0,0,0,1,,,data
6536,9780373190515,,amazon,skipped,0,0,,0,0,0,0,1,,,data
6537,9780373192809,,amazon,skipped,0,0,,0,0,0,0,1,,,data
6538,9780553218565,,amazon,skipped,0,0,,0,0,0,0,1,,,data
6539,9780553218879,,amazon,skipped,0,0,,0,0,0,0,1,,,data
6540,9780553219111,,amazon,skipped,0,0,,0,0,0,0,1,,,data
6541,9780834804944,,amazon,skipped,0,0,,0,0,0,0,1,,,data
6542,9780553230697,,amazon,skipped,0,0,,0,0,0,0,1,,,data
6543,9780553440836,,amazon,skipped,0,0,,0,0,0,0,1,,,data
6544,9780553441178,,amazon,skipped,0,0,,0,0,0,0,1,,,data
6545,9780553158359,,amazon,skipped,0,0,,0,0,0,0,1,,,data
6546,9780060962043,,amazon,skipped,0,0,,0,0,0,0,1,,,data
6547,9788478444335,,amazon,skipped,0,0,,0,0,0,0,1,,,data
6548,9788425420924,,amazon,skipped,0,0,,0,0,0,0,1,,,data
6549,9788401422614,,amazon,skipped,0,0,,0,0,0,0,1,,,data
6550,9788408042822,,amazon,skipped,0,0,,0,0,0,0,1,,,data
6551,9788401418938,,amazon,skipped,0,0,,0,0,0,0,1,,,data
6552,9783404201105,,amazon,skipped,0,0,,0,0,0,0,1,,,data
6553,9788484507765,,amazon,skipped,0,0,,0,0,0,0,1,,,data
6554,9788484539599,,amazon,skipped,0,0,,0,0,0,0,1,,,data
6555,9780425057704,,amazon,skipped,0,0,,0,0,0,0,1,,,data
6556,9788441402362,,amazon,skipped,0,0,,0,0,0,0,1,,,data
6557,9783453082595,,amazon,skipped,0,0,,0,0,0,0,1,,,data
6558,9788433917263,,amazon,skipped,0,0,,0,0,0,0,1,,,data
6559,9788433917409,,amazon,skipped,0,0,,0,0,0,0,1,,,data
6560,9780380725748,,amazon,skipped,0,0,,0,0,0,0,1,,,data
6561,9783453090491,,amazon,skipped,0,0,,0,0,0,0,1,,,data
6562,9781551664637,,amazon,skipped,0,0,,0,0,0,0,1,,,data
6563,9788495354280,,amazon,skipped,0,0,,0,0,0,0,1,,,data
6564,9788423333196,,amazon,skipped,0,0,,0,0,0,0,1,,,data
6565,9780553219005,,amazon,skipped,0,0,,0,0,0,0,1,,,data
6566,9789722112437,,amazon,skipped,0,0,,0,0,0,0,1,,,data
6567,9780553220216,,amazon,skipped,0,0,,0,0,0,0,1,,,data
6568,9780553440362,,amazon,skipped,0,0,,0,0,0,0,1,,,data
6569,9789722013987,,amazon,skipped,0,0,,0,0,0,0,1,,,data
6570,9783453179318,,amazon,skipped,0,0,,0,0,0,0,1,,,data
6571,9780553440652,,amazon,skipped,0,0,,0,0,0,0,1,,,data
6572,9780553441451,,amazon,skipped,0,0,,0,0,0,0,1,,,data
6573,9780553441635,,amazon,skipped,0,0,,0,0,0,0,1,,,data
6574,9783453213593,,amazon,skipped,0,0,,0,0,0,0,1,,,data
6575,9781560253389,,amazon,skipped,0,0,,0,0,0,0,1,,,data
6576,9780553441659,,amazon,skipped,0,0,,0,0,0,0,1,,,data
6577,9783442248780,,amazon,skipped,0,0,,0,0,0,0,1,,,data
6578,9780785271888,,amazon,skipped,0,0,,0,0,0,0,1,,,data
6579,9783453179981,,amazon,skipped,0,0,,0,0,0,0,1,,,data
6580,9780440504900,,amazon,skipped,0,0,,0,0,0,0,1,,,data
6581,9788432203077,,amazon,skipped,0,0,,0,0,0,0,1,,,data
6582,9788420661063,,amazon,skipped,0,0,,0,0,0,0,1,,,data
6583,9780345256560,,amazon,skipped,0,0,,0,0,0,0,1,,,data
6584,9780393318791,,amazon,skipped,0,0,,0,0,0,0,1,,,data
6585,9788420602646,,amazon,skipped,0,0,,0,0,0,0,1,,,data
6586,9781851524228,,amazon,skipped,0,0,,0,0,0,0,1,,,data
6587,9788423901128,,amazon,skipped,0,0,,0,0,0,0,1,,,data
6588,9788423900992,,amazon,skipped,0,0,,0,0,0,0,1,,,data
6589,9780812523560,,amazon,skipped,0,0,,0,0,0,0,1,,,data
6590,9788489693425,,amazon,skipped,0,0,,0,0,0,0,1,,,data
6591,9780440213550,,amazon,skipped,0,0,,0,0,0,0,1,,,data
6592,9789681502713,,amazon,skipped,0,0,,0,0,0,0,1,,,data
6593,9780312207687,,amazon,skipped,0,0,,0,0,0,0,1,,,data
6594,9780553211337,,amazon,skipped,0,0,,0,0,0,0,1,,,data
6595,9780553212044,,amazon,skipped,0,0,,0,0,0,0,1,,,data
6596,9780812555073,,amazon,skipped,0,0,,0,0,0,0,1,,,data
6597,9788420661056,,amazon,skipped,0,0,,0,0,0,0,1,,,data
6598,9788423309580,,amazon,skipped,0,0,,0,0,0,0,1,,,data
6599,9788423918263,,amazon,skipped,0,0,,0,0,0,0,1,,,data
6600,9788423901227,,amazon,skipped,0,0,,0,0,0,0,1,,,data
6601,9780812564761,,amazon,skipped,0,0,,0,0,0,0,1,,,data
6602,9788420616414,,amazon,skipped,0,0,,0,0,0,0,1,,,data
6603,9788437601502,,amazon,skipped,0,0,,0,0,0,0,1,,,data
6604,9788401422706,,amazon,skipped,0,0,,0,0,0,0,1,,,data
6605,9789500700894,,amazon,skipped,0,0,,0,0,0,0,1,,,data
6606,9789500700870,,amazon,skipped,0,0,,0,0,0,0,1,,,data
6607,9788437602356,,amazon,skipped,0,0,,0,0,0,0,1,,,data
6608,9789501322743,,amazon,skipped,0,0,,0,0,0,0,1,,,data
6609,9788420618050,,amazon,skipped,0,0,,0,0,0,0,1,,,data
6610,9780140167733,,amazon,skipped,0,0,,0,0,0,0,1,,,data
6611,9780802116703,,amazon,skipped,0,0,,0,0,0,0,1,,,data
6612,9780870119514,,amazon,skipped,0,0,,0,0,0,0,1,,,data
6613,9780300036725,,amazon,skipped,0,0,,0,0,0,0,1,,,data
6614,9780671725709,,amazon,skipped,0,0,,0,0,0,0,1,,,data
6615,9783423090223,,amazon,skipped,0,0,,0,0,0,0,1,,,data
6616,9780671797904,,amazon,skipped,0,0,,0,0,0,0,1,,,data
6617,9782843235146,,amazon,skipped,0,0,,0,0,0,0,1,,,data
6618,9780684870182,,amazon,skipped,0,0,,0,0,0,0,1,,,data
6619,9780944092279,,amazon,skipped,0,0,,0,0,0,0,1,,,data
6620,9780684179575,,amazon,skipped,0,0,,0,0,0,0,1,,,data
6621,9780553138030,,amazon,skipped,0,0,,0,0,0,0,1,,,data
6622,9780312044695,,amazon,skipped,0,0,,0,0,0,0,1,,,data
6623,9780553200287,,amazon,skipped,0,0,,0,0,0,0,1,,,data
6624,9780786705887,,amazon,skipped,0,0,,0,0,0,0,1,,,data
6625,9780374528553,,amazon,skipped,0,0,,0,0,0,0,1,,,data
6626,9780899193113,,amazon,skipped,0,0,,0,0,0,0,1,,,data
6627,9789729484735,,amazon,skipped,0,0,,0,0,0,0,1,,,data
6628,9780553249507,,amazon,skipped,0,0,,0,0,0,0,1,,,data
6629,9780156260275,,amazon,skipped,0,0,,0,0,0,0,1,,,data
6630,9780553253535,,amazon,skipped,0,0,,0,0,0,0,1,,,data
6631,9780679722205,,amazon,skipped,0,0,,0,0,0,0,1,,,data
6632,9780743212021,,amazon,skipped,0,0,,0,0,0,0,1,,,data
6633,9780060830939,,amazon,skipped,0,0,,0,0,0,0,1,,,data
6634,9788401474651,,amazon,skipped,0,0,,0,0,0,0,1,,,data
6635,9780399140129,,amazon,skipped,0,0,,0,0,0,0,1,,,data
6636,9780140185423,,amazon,skipped,0,0,,0,0,0,0,1,,,data
6637,9780671708139,,amazon,skipped,0,0,,0,0,0,0,1,,,data
6638,9780393092523,,amazon,skipped,0,0,,0,0,0,0,1,,,data
6639,9780812012545,,amazon,skipped,0,0,,0,0,0,0,1,,,data
6640,9780155019775,,amazon,skipped,0,0,,0,0,0,0,1,,,data
6641,9780822053378,,amazon,skipped,0,0,,0,0,0,0,1,,,data
6642,9780679764014,,amazon,skipped,0,0,,0,0,0,0,1,,,data
6643,9780330312707,,amazon,skipped,0,0,,0,0,0,0,1,,,data
6644,9780275941147,,amazon,skipped,0,0,,0,0,0,0,1,,,data
6645,9782884454940,,amazon,skipped,0,0,,0,0,0,0,1,,,data
6646,9780671761394,,amazon,skipped,0,0,,0,0,0,0,1,,,data
6647,9782264030382,,amazon,skipped,0,0,,0,0,0,0,1,,,data
6648,9780816734276,,amazon,skipped,0,0,,0,0,0,0,1,,,data
6649,9780380713318,,amazon,skipped,0,0,,0,0,0,0,1,,,data
6650,9780823077069,,amazon,skipped,0,0,,0,0,0,0,1,,,data
6651,9780671622404,,amazon,skipped,0,0,,0,0,0,0,1,,,data
6652,9780553561289,,amazon,skipped,0,0,,0,0,0,0,1,,,data
6653,9780440843023,,amazon,skipped,0,0,,0,0,0,0,1,,,data
6654,9781879505155,,amazon,skipped,0,0,,0,0,0,0,1,,,data
6655,9782841721030,,amazon,skipped,0,0,,0,0,0,0,1,,,data
6656,9780590422451,,amazon,skipped,0,0,,0,0,0,0,1,,,data
6657,9780030009990,,amazon,skipped,0,0,,0,0,0,0,1,,,data
6658,9782020220194,,amazon,skipped,0,0,,0,0,0,0,1,,,data
6659,9780312950514,,amazon,skipped,0,0,,0,0,0,0,1,,,data
6660,9781880559437,,amazon,skipped,0,0,,0,0,0,0,1,,,data
6661,9782266112901,,amazon,skipped,0,0,,0,0,0,0,1,,,data
6662,9780941188548,,amazon,skipped,0,0,,0,0,0,0,1,,,data
6663,9782070545933,,amazon,skipped,0,0,,0,0,0,0,1,,,data
6664,9780380773176,,amazon,skipped,0,0,,0,0,0,0,1,,,data
6665,9780805005196,,amazon,skipped,0,0,,0,0,0,0,1,,,data
6666,9780671535292,,amazon,skipped,0,0,,0,0,0,0,1,,,data
6667,9780151792566,,amazon,skipped,0,0,,0,0,0,0,1,,,data
6668,9780380766864,,amazon,skipped,0,0,,0,0,0,0,1,,,data
6669,9780671501495,,amazon,skipped,0,0,,0,0,0,0,1,,,data
6670,9780425062678,,amazon,skipped,0,0,,0,0,0,0,1,,,data
6671,9780671604370,,amazon,skipped,0,0,,0,0,0,0,1,,,data
6672,9780140092387,,amazon,skipped,0,0,,0,0,0,0,1,,,data
6673,9781558171176,,amazon,skipped,0,0,,0,0,0,0,1,,,data
6674,9780671665241,,amazon,skipped,0,0,,0,0,0,0,1,,,data
6675,9780070342064,,amazon,skipped,0,0,,0,0,0,0,1,,,data
6676,9780394757599,,amazon,skipped,0,0,,0,0,0,0,1,,,data
6677,9780375433450,,amazon,skipped,0,0,,0,0,0,0,1,,,data
6678,9781579121464,,amazon,skipped,0,0,,0,0,0,0,1,,,data
6679,9780312907457,,amazon,skipped,0,0,,0,0,0,0,1,,,data
6680,9780449907948,,amazon,skipped,0,0,,0,0,0,0,1,,,data
6681,9780871137265,,amazon,skipped,0,0,,0,0,0,0,1,,,data
6682,9780449001028,,amazon,skipped,0,0,,0,0,0,0,1,,,data
6683,9780809128921,,amazon,skipped,0,0,,0,0,0,0,1,,,data
6684,9780812545234,,amazon,skipped,0,0,,0,0,0,0,1,,,data
6685,9781562924669,,amazon,skipped,0,0,,0,0,0,0,1,,,data
6686,9780553282825,,amazon,skipped,0,0,,0,0,0,0,1,,,data
6687,9780385234139,,amazon,skipped,0,0,,0,0,0,0,1,,,data
6688,9780380798988,,amazon,skipped,0,0,,0,0,0,0,1,,,data
6689,9780449907535,,amazon,skipped,0,0,,0,0,0,0,1,,,data
6690,9780345350725,,amazon,skipped,0,0,,0,0,0,0,1,,,data
6691,9780810928695,,amazon,skipped,0,0,,0,0,0,0,1,,,data
6692,9780571214709,,amazon,skipped,0,0,,0,0,0,0,1,,,data
6693,9780001952805,,amazon,skipped,0,0,,0,0,0,0,1,,,data
6694,9780385254892,,amazon,skipped,0,0,,0,0,0,0,1,,,data
6695,9780156182898,,amazon,skipped,0,0,,0,0,0,0,1,,,data
6696,9780140070422,,amazon,skipped,0,0,,0,0,0,0,1,,,data
6697,9780806905648,,amazon,skipped,0,0,,0,0,0,0,1,,,data
6698,9780140190090,,amazon,skipped,0,0,,0,0,0,0,1,,,data
6699,9780965763868,,amazon,skipped,0,0,,0,0,0,0,1,,,data
6700,9780515129076,,amazon,skipped,0,0,,0,0,0,0,1,,,data
6701,9780803729643,,amazon,skipped,0,0,,0,0,0,0,1,,,data
6702,9780806521305,,amazon,skipped,0,0,,0,0,0,0,1,,,data
6703,9780821720042,,amazon,skipped,0,0,,0,0,0,0,1,,,data
6704,9780974847405,,amazon,skipped,0,0,,0,0,0,0,1,,,data
6705,9781400046119,,amazon,skipped,0,0,,0,0,0,0,1,,,data
6706,9780060724481,,amazon,skipped,0,0,,0,0,0,0,1,,,data
6707,9780440168171,,amazon,skipped,0,0,,0,0,0,0,1,,,data
6708,9780821710197,,amazon,skipped,0,0,,0,0,0,0,1,,,data
6709,9781873411308,,amazon,skipped,0,0,,0,0,0,0,1,,,data
6710,9780764224737,,amazon,skipped,0,0,,0,0,0,0,1,,,data
6711,9780852633663,,amazon,skipped,0,0,,0,0,0,0,1,,,data
6712,9780740710070,,amazon,skipped,0,0,,0,0,0,0,1,,,data
6713,9780373701124,,amazon,skipped,0,0,,0,0,0,0,1,,,data
6714,9780373702275,,amazon,skipped,0,0,,0,0,0,0,1,,,data
6715,9780373702732,,amazon,skipped,0,0,,0,0,0,0,1,,,data
6716,9780844248134,,amazon,skipped,0,0,,0,0,0,0,1,,,data
6717,9780373705221,,amazon,skipped,0,0,,0,0,0,0,1,,,data
6718,9780395734414,,amazon,skipped,0,0,,0,0,0,0,1,,,data
6719,9780373705320,,amazon,skipped,0,0,,0,0,0,0,1,,,data
6720,9780373705467,,amazon,skipped,0,0,,0,0,0,0,1,,,data
6721,9780261660588,,amazon,skipped,0,0,,0,0,0,0,1,,,data
6722,9780679035381,,amazon,skipped,0,0,,0,0,0,0,1,,,data
6723,9780373705474,,amazon,skipped,0,0,,0,0,0,0,1,,,data
6724,9780882402475,,amazon,skipped,0,0,,0,0,0,0,1,,,data
6725,9780744589207,,amazon,skipped,0,0,,0,0,0,0,1,,,data
6726,9780345380807,,amazon,skipped,0,0,,0,0,0,0,1,,,data
6727,9780864421999,,amazon,skipped,0,0,,0,0,0,0,1,,,data
6728,9780312154875,,amazon,skipped,0,0,,0,0,0,0,1,,,data
6729,9780060392321,,amazon,skipped,0,0,,0,0,0,0,1,,,data
6730,9781885492166,,amazon,skipped,0,0,,0,0,0,0,1,,,data
6731,9781853913563,,amazon,skipped,0,0,,0,0,0,0,1,,,data
6732,9780805046175,,amazon,skipped,0,0,,0,0,0,0,1,,,data
6733,9781853910586,,amazon,skipped,0,0,,0,0,0,0,1,,,data
6734,9781564404787,,amazon,skipped,0,0,,0,0,0,0,1,,,data
6735,9781861082152,,amazon,skipped,0,0,,0,0,0,0,1,,,data
6736,9781851588015,,amazon,skipped,0,0,,0,0,0,0,1,,,data
6737,9780806968636,,amazon,skipped,0,0,,0,0,0,0,1,,,data
6738,9780131547582,,amazon,skipped,0,0,,0,0,0,0,1,,,data
6739,9780754804505,,amazon,skipped,0,0,,0,0,0,0,1,,,data
6740,9780930328627,,amazon,skipped,0,0,,0,0,0,0,1,,,data
6741,9780373252541,,amazon,skipped,0,0,,0,0,0,0,1,,,data
6742,9780373252756,,amazon,skipped,0,0,,0,0,0,0,1,,,data
6743,9781852306168,,amazon,skipped,0,0,,0,0,0,0,1,,,data
6744,9780915850013,,amazon,skipped,0,0,,0,0,0,0,1,,,data
6745,9780679438465,,amazon,skipped,0,0,,0,0,0,0,1,,,data
6746,9780373253692,,amazon,skipped,0,0,,0,0,0,0,1,,,data
6747,9780942440232,,amazon,skipped,0,0,,0,0,0,0,1,,,data
6748,9781852741013,,amazon,skipped,0,0,,0,0,0,0,1,,,data
6749,9780393008449,,amazon,skipped,0,0,,0,0,0,0,1,,,data
6750,9780373253760,,amazon,skipped,0,0,,0,0,0,0,1,,,data
6751,9780373254262,,amazon,skipped,0,0,,0,0,0,0,1,,,data
6752,9780590360807,,amazon,skipped,0,0,,0,0,0,0,1,,,data
6753,9780373254309,,amazon,skipped,0,0,,0,0,0,0,1,,,data
6754,9780316798112,,amazon,skipped,0,0,,0,0,0,0,1,,,data
6755,9780373254965,,amazon,skipped,0,0,,0,0,0,0,1,,,data
6756,9781931722186,,amazon,skipped,0,0,,0,0,0,0,1,,,data
6757,9780375500343,,amazon,skipped,0,0,,0,0,0,0,1,,,data
6758,9780373256112,,amazon,skipped,0,0,,0,0,0,0,1,,,data
6759,9780373256266,,amazon,skipped,0,0,,0,0,0,0,1,,,data
6760,9780670844791,,amazon,skipped,0,0,,0,0,0,0,1,,,data
6761,9780375501685,,amazon,skipped,0,0,,0,0,0,0,1,,,data
6762,9780805022643,,amazon,skipped,0,0,,0,0,0,0,1,,,data
6763,9780330272353,,amazon,skipped,0,0,,0,0,0,0,1,,,data
6764,9780373759989,,amazon,skipped,0,0,,0,0,0,0,1,,,data
6765,9780394805757,,amazon,skipped,0,0,,0,0,0,0,1,,,data
6766,9780553492378,,amazon,skipped,0,0,,0,0,0,0,1,,,data
6767,9780394805771,,amazon,skipped,0,0,,0,0,0,0,1,,,data
6768,9780553158991,,amazon,skipped,0,0,,0,0,0,0,1,,,data
6769,9780698200449,,amazon,skipped,0,0,,0,0,0,0,1,,,data
6770,9780590879927,,amazon,skipped,0,0,,0,0,0,0,1,,,data
6771,9781579122461,,amazon,skipped,0,0,,0,0,0,0,1,,,data
6772,9780590673297,,amazon,skipped,0,0,,0,0,0,0,1,,,data
6773,9780670824397,,amazon,skipped,0,0,,0,0,0,0,1,,,data
6774,9780394546285,,amazon,skipped,0,0,,0,0,0,0,1,,,data
6775,9780881842128,,amazon,skipped,0,0,,0,0,0,0,1,,,data
6776,9780679880905,,amazon,skipped,0,0,,0,0,0,0,1,,,data
6777,9780394530499,,amazon,skipped,0,0,,0,0,0,0,1,,,data
6778,9780590673273,,amazon,skipped,0,0,,0,0,0,0,1,,,data
6779,9780525188391,,amazon,skipped,0,0,,0,0,0,0,1,,,data
6780,9781564409546,,amazon,skipped,0,0,,0,0,0,0,1,,,data
6781,9780060241018,,amazon,skipped,0,0,,0,0,0,0,1,,,data
6782,9780316314626,,amazon,skipped,0,0,,0,0,0,0,1,,,data
6783,9780552993760,,amazon,skipped,0,0,,0,0,0,0,1,,,data
6784,9780553492187,,amazon,skipped,0,0,,0,0,0,0,1,,,data
6785,9780061061691,,amazon,skipped,0,0,,0,0,0,0,1,,,data
6786,9780060219437,,amazon,skipped,0,0,,0,0,0,0,1,,,data
6787,9781890449001,,amazon,skipped,0,0,,0,0,0,0,1,,,data
6788,9780140230659,,amazon,skipped,0,0,,0,0,0,0,1,,,data
6789,9780316488891,,amazon,skipped,0,0,,0,0,0,0,1,,,data
6790,9780671672607,,amazon,skipped,0,0,,0,0,0,0,1,,,data
6791,9780517545836,,amazon,skipped,0,0,,0,0,0,0,1,,,data
6792,9780156006040,,amazon,skipped,0,0,,0,0,0,0,1,,,data
6793,9780060268558,,amazon,skipped,0,0,,0,0,0,0,1,,,data
6794,9780671630805,,amazon,skipped,0,0,,0,0,0,0,1,,,data
6795,9780060268909,,amazon,skipped,0,0,,0,0,0,0,1,,,data
6796,9780897500449,,amazon,skipped,0,0,,0,0,0,0,1,,,data
6797,9780895778550,,amazon,skipped,0,0,,0,0,0,0,1,,,data
6798,9780671644635,,amazon,skipped,0,0,,0,0,0,0,1,,,data
6799,9780395353363,,amazon,skipped,0,0,,0,0,0,0,1,,,data
6800,9780771597251,,amazon,skipped,0,0,,0,0,0,0,1,,,data
6801,9780451163783,,amazon,skipped,0,0,,0,0,0,0,1,,,data
6802,9780811825726,,amazon,empty,0,7,title; authors; publisher; origin; date_of_publication; language; genres,0,0,0,0,10,,,data
6803,9780671646875,,amazon,skipped,0,0,,0,0,0,0,1,,,data
6804,9780439249546,,amazon,skipped,0,0,,0,0,0,0,1,,,data
6805,9780671646882,,amazon,skipped,0,0,,0,0,0,0,1,,,data
6806,9780345286208,,amazon,skipped,0,0,,0,0,0,0,1,,,data
6807,9780671819576,,amazon,skipped,0,0,,0,0,0,0,1,,,data
6808,9780671646899,,amazon,skipped,0,0,,0,0,0,0,1,,,data
6809,9780880885850,,amazon,skipped,0,0,,0,0,0,0,1,,,data
6810,9780671646905,,amazon,skipped,0,0,,0,0,0,0,1,,,data
6811,9780671887292,,amazon,skipped,0,0,,0,0,0,0,1,,,data
6812,9780773725720,,amazon,skipped,0,0,,0,0,0,0,1,,,data
6813,9780671641412,,amazon,skipped,0,0,,0,0,0,0,1,,,data
6814,9780879101039,,amazon,skipped,0,0,,0,0,0,0,1,,,data
6815,9781853752506,,amazon,skipped,0,0,,0,0,0,0,1,,,data
6816,9781853752490,,amazon,skipped,0,0,,0,0,0,0,1,,,data
6817,9780671642273,,amazon,skipped,0,0,,0,0,0,0,1,,,data
6818,9780671674939,,amazon,skipped,0,0,,0,0,0,0,1,,,data
6819,9780312962630,,amazon,skipped,0,0,,0,0,0,0,1,,,data
6820,9780671730741,,amazon,skipped,0,0,,0,0,0,0,1,,,data
6821,9780449905531,,amazon,skipped,0,0,,0,0,0,0,1,,,data
6822,9780449905135,,amazon,skipped,0,0,,0,0,0,0,1,,,data
6823,9780684859088,,amazon,skipped,0,0,,0,0,0,0,1,,,data
6824,9780809255351,,amazon,skipped,0,0,,0,0,0,0,1,,,data
6825,9781559360623,,amazon,skipped,0,0,,0,0,0,0,1,,,data
6826,9780891452423,,amazon,skipped,0,0,,0,0,0,0,1,,,data
6827,9780671622442,,amazon,skipped,0,0,,0,0,0,0,1,,,data
6828,9780671646738,,amazon,skipped,0,0,,0,0,0,0,1,,,data
6829,9780395514252,,amazon,skipped,0,0,,0,0,0,0,1,,,data
6830,9780961515003,,amazon,skipped,0,0,,0,0,0,0,1,,,data
6831,9780451457929,,amazon,skipped,0,0,,0,0,0,0,1,,,data
6832,9780970779502,,amazon,skipped,0,0,,0,0,0,0,1,,,data
6833,9780898151978,,amazon,skipped,0,0,,0,0,0,0,1,,,data
6834,9780671545536,,amazon,skipped,0,0,,0,0,0,0,1,,,data
6835,9780811819268,,amazon,skipped,0,0,,0,0,0,0,1,,,data
6836,9781558701694,,amazon,skipped,0,0,,0,0,0,0,1,,,data
6837,9780425063910,,amazon,skipped,0,0,,0,0,0,0,1,,,data
6838,9780553348668,,amazon,skipped,0,0,,0,0,0,0,1,,,data
6839,9781558702271,,amazon,skipped,0,0,,0,0,0,0,1,,,data
6840,9780553579598,,amazon,skipped,0,0,,0,0,0,0,1,,,data
6841,9780345366511,,amazon,skipped,0,0,,0,0,0,0,1,,,data
6842,9780866224437,,amazon,skipped,0,0,,0,0,0,0,1,,,data
6843,9780517569863,,amazon,skipped,0,0,,0,0,0,0,1,,,data
6844,9780441531837,,amazon,skipped,0,0,,0,0,0,0,1,,,data
6845,9780806946641,,amazon,skipped,0,0,,0,0,0,0,1,,,data
6846,9781567997439,,amazon,skipped,0,0,,0,0,0,0,1,,,data
6847,9781574884135,,amazon,skipped,0,0,,0,0,0,0,1,,,data
6848,9780684815695,,amazon,skipped,0,0,,0,0,0,0,1,,,data
6849,9780590438674,,amazon,skipped,0,0,,0,0,0,0,1,,,data
6850,9780847811311,,amazon,skipped,0,0,,0,0,0,0,1,,,data
6851,9780061073557,,amazon,skipped,0,0,,0,0,0,0,1,,,data
6852,9780912697000,,amazon,skipped,0,0,,0,0,0,0,1,,,data
6853,9780684186627,,amazon,skipped,0,0,,0,0,0,0,1,,,data
6854,9780886776039,,amazon,skipped,0,0,,0,0,0,0,1,,,data
6855,9780886773090,,amazon,skipped,0,0,,0,0,0,0,1,,,data
6856,9781565543461,,amazon,skipped,0,0,,0,0,0,0,1,,,data
6857,9780030112645,,amazon,skipped,0,0,,0,0,0,0,1,,,data
6858,9780393088311,,amazon,skipped,0,0,,0,0,0,0,1,,,data
6859,9780140432060,,amazon,skipped,0,0,,0,0,0,0,1,,,data
6860,9780873226721,,amazon,skipped,0,0,,0,0,0,0,1,,,data
6861,9780253211194,,amazon,skipped,0,0,,0,0,0,0,1,,,data
6862,9780030040689,,amazon,skipped,0,0,,0,0,0,0,1,,,data
6863,9780671635862,,amazon,skipped,0,0,,0,0,0,0,1,,,data
6864,9780812926231,,amazon,skipped,0,0,,0,0,0,0,1,,,data
6865,9782211082082,,amazon,skipped,0,0,,0,0,0,0,1,,,data
6866,9780441777662,,amazon,skipped,0,0,,0,0,0,0,1,,,data
6867,9780451145390,,amazon,skipped,0,0,,0,0,0,0,1,,,data
6868,9780451147561,,amazon,skipped,0,0,,0,0,0,0,1,,,data
6869,9780800717162,,amazon,skipped,0,0,,0,0,0,0,1,,,data
6870,9780195037227,,amazon,skipped,0,0,,0,0,0,0,1,,,data
6871,9780786712946,,amazon,skipped,0,0,,0,0,0,0,1,,,data
6872,9781550224108,,amazon,skipped,0,0,,0,0,0,0,1,,,data
6873,9780395657850,,amazon,skipped,0,0,,0,0,0,0,1,,,data
6874,9781582343341,,amazon,skipped,0,0,,0,0,0,0,1,,,data
6875,9780877735489,,amazon,skipped,0,0,,0,0,0,0,1,,,data
6876,9780964129290,,amazon,skipped,0,0,,0,0,0,0,1,,,data
6877,9780821742549,,amazon,skipped,0,0,,0,0,0,0,1,,,data
6878,9780395383988,,amazon,skipped,0,0,,0,0,0,0,1,,,data
6879,9781567062892,,amazon,skipped,0,0,,0,0,0,0,1,,,data
6880,9780312975586,,amazon,skipped,0,0,,0,0,0,0,1,,,data
6881,9780307105660,,amazon,skipped,0,0,,0,0,0,0,1,,,data
6882,9780226038643,,amazon,skipped,0,0,,0,0,0,0,1,,,data
6883,9780465016402,,amazon,skipped,0,0,,0,0,0,0,1,,,data
6884,9781885492333,,amazon,skipped,0,0,,0,0,0,0,1,,,data
6885,9781550139990,,amazon,skipped,0,0,,0,0,0,0,1,,,data
6886,9780312182229,,amazon,skipped,0,0,,0,0,0,0,1,,,data
6887,9781569471487,,amazon,skipped,0,0,,0,0,0,0,1,,,data
6888,9783442451289,,amazon,skipped,0,0,,0,0,0,0,1,,,data
6889,9780312209490,,amazon,skipped,0,0,,0,0,0,0,1,,,data
6890,9780832905049,,amazon,skipped,0,0,,0,0,0,0,1,,,data
6891,9780130866011,,amazon,skipped,0,0,,0,0,0,0,1,,,data
6892,9780812916331,,amazon,skipped,0,0,,0,0,0,0,1,,,data
6893,9780140128635,,amazon,skipped,0,0,,0,0,0,0,1,,,data
6894,9780898799293,,amazon,skipped,0,0,,0,0,0,0,1,,,data
6895,9780802136855,,amazon,skipped,0,0,,0,0,0,0,1,,,data
6896,9780140074161,,amazon,skipped,0,0,,0,0,0,0,1,,,data
6897,9781565120532,,amazon,skipped,0,0,,0,0,0,0,1,,,data
6898,9780670851669,,amazon,skipped,0,0,,0,0,0,0,1,,,data
6899,9780312115364,,amazon,skipped,0,0,,0,0,0,0,1,,,data
6900,9780670030200,,amazon,skipped,0,0,,0,0,0,0,1,,,data
6901,9780670032457,,amazon,skipped,0,0,,0,0,0,0,1,,,data
6902,9780865542457,,amazon,skipped,0,0,,0,0,0,0,1,,,data
6903,9780399525087,,amazon,skipped,0,0,,0,0,0,0,1,,,data
6904,9780316739115,,amazon,skipped,0,0,,0,0,0,0,1,,,data
6905,9780140092677,,amazon,skipped,0,0,,0,0,0,0,1,,,data
6906,9780060953102,,amazon,skipped,0,0,,0,0,0,0,1,,,data
6907,9780140020496,,amazon,skipped,0,0,,0,0,0,0,1,,,data
6908,9780892817580,,amazon,skipped,0,0,,0,0,0,0,1,,,data
6909,9780062511188,,amazon,skipped,0,0,,0,0,0,0,1,,,data
6910,9780609809990,,amazon,skipped,0,0,,0,0,0,0,1,,,data
6911,9783426617076,,amazon,skipped,0,0,,0,0,0,0,1,,,data
6912,9780192838872,,amazon,skipped,0,0,,0,0,0,0,1,,,data
6913,9780393022353,,amazon,skipped,0,0,,0,0,0,0,1,,,data
6914,9780525939870,,amazon,skipped,0,0,,0,0,0,0,1,,,data
6915,9780192833969,,amazon,skipped,0,0,,0,0,0,0,1,,,data
6916,9780070132207,,amazon,skipped,0,0,,0,0,0,0,1,,,data
6917,9780393960143,,amazon,skipped,0,0,,0,0,0,0,1,,,data
6918,9780060191795,,amazon,skipped,0,0,,0,0,0,0,1,,,data
6919,9780140244052,,amazon,skipped,0,0,,0,0,0,0,1,,,data
6920,9780778800040,,amazon,skipped,0,0,,0,0,0,0,1,,,data
6921,9783596140138,,amazon,skipped,0,0,,0,0,0,0,1,,,data
6922,9780140255829,,amazon,skipped,0,0,,0,0,0,0,1,,,data
6923,9781888375251,,amazon,skipped,0,0,,0,0,0,0,1,,,data
6924,9780747529873,,amazon,skipped,0,0,,0,0,0,0,1,,,data
6925,9780140437966,,amazon,skipped,0,0,,0,0,0,0,1,,,data
6926,9780813313719,,amazon,skipped,0,0,,0,0,0,0,1,,,data
6927,9780385496100,,amazon,skipped,0,0,,0,0,0,0,1,,,data
6928,9780590424356,,amazon,skipped,0,0,,0,0,0,0,1,,,data
6929,9781878424846,,amazon,skipped,0,0,,0,0,0,0,1,,,data
6930,9780553109399,,amazon,skipped,0,0,,0,0,0,0,1,,,data
6931,9780345310521,,amazon,skipped,0,0,,0,0,0,0,1,,,data
6932,9780767907552,,amazon,skipped,0,0,,0,0,0,0,1,,,data
6933,9784770023933,,amazon,skipped,0,0,,0,0,0,0,1,,,data
6934,9780814806401,,amazon,skipped,0,0,,0,0,0,0,1,,,data
6935,9780838452103,,amazon,skipped,0,0,,0,0,0,0,1,,,data
6936,9780785799542,,amazon,skipped,0,0,,0,0,0,0,1,,,data
6937,9789500722988,,amazon,skipped,0,0,,0,0,0,0,1,,,data
6938,9783466203024,,amazon,skipped,0,0,,0,0,0,0,1,,,data
6939,9780880227971,,amazon,skipped,0,0,,0,0,0,0,1,,,data
6940,9780895553478,,amazon,skipped,0,0,,0,0,0,0,1,,,data
6941,9780027775808,,amazon,skipped,0,0,,0,0,0,0,1,,,data
6942,9788420428192,,amazon,skipped,0,0,,0,0,0,0,1,,,data
6943,9781585160211,,amazon,skipped,0,0,,0,0,0,0,1,,,data
6944,9780531059142,,amazon,skipped,0,0,,0,0,0,0,1,,,data
6945,9780515135633,,amazon,skipped,0,0,,0,0,0,0,1,,,data
6946,9780821219980,,amazon,skipped,0,0,,0,0,0,0,1,,,data
6947,9780688034894,,amazon,skipped,0,0,,0,0,0,0,1,,,data
6948,9780517641026,,amazon,skipped,0,0,,0,0,0,0,1,,,data
6949,9780671680978,,amazon,skipped,0,0,,0,0,0,0,1,,,data
6950,9780688068851,,amazon,skipped,0,0,,0,0,0,0,1,,,data
6951,9780883639962,,amazon,skipped,0,0,,0,0,0,0,1,,,data
6952,9780060508715,,amazon,skipped,0,0,,0,0,0,0,1,,,data
6953,9780802708021,,amazon,skipped,0,0,,0,0,0,0,1,,,data
6954,9780934395038,,amazon,skipped,0,0,,0,0,0,0,1,,,data
6955,9780307061539,,amazon,skipped,0,0,,0,0,0,0,1,,,data
6956,9780140265859,,amazon,skipped,0,0,,0,0,0,0,1,,,data
6957,9780451458643,,amazon,skipped,0,0,,0,0,0,0,1,,,data
6958,9780307215529,,amazon,skipped,0,0,,0,0,0,0,1,,,data
6959,9780879516529,,amazon,skipped,0,0,,0,0,0,0,1,,,data
6960,9780312063634,,amazon,skipped,0,0,,0,0,0,0,1,,,data
6961,9780307215505,,amazon,skipped,0,0,,0,0,0,0,1,,,data
6962,9780713727494,,amazon,skipped,0,0,,0,0,0,0,1,,,data
6963,9781559704694,,amazon,skipped,0,0,,0,0,0,0,1,,,data
6964,9780061020247,,amazon,skipped,0,0,,0,0,0,0,1,,,data
6965,9780307030603,,amazon,skipped,0,0,,0,0,0,0,1,,,data
6966,9780448043357,,amazon,skipped,0,0,,0,0,0,0,1,,,data
6967,9780907526018,,amazon,skipped,0,0,,0,0,0,0,1,,,data
6968,9780802140418,,amazon,skipped,0,0,,0,0,0,0,1,,,data
6969,9780070730014,,amazon,skipped,0,0,,0,0,0,0,1,,,data
6970,9780880223706,,amazon,skipped,0,0,,0,0,0,0,1,,,data
6971,9780379000733,,amazon,skipped,0,0,,0,0,0,0,1,,,data
6972,9781885073044,,amazon,skipped,0,0,,0,0,0,0,1,,,data
6973,9780872863279,,amazon,skipped,0,0,,0,0,0,0,1,,,data
6974,9780471526124,,amazon,skipped,0,0,,0,0,0,0,1,,,data
6975,9780782116564,,amazon,skipped,0,0,,0,0,0,0,1,,,data
6976,9780679783374,,amazon,skipped,0,0,,0,0,0,0,1,,,data
6977,9780688041960,,amazon,skipped,0,0,,0,0,0,0,1,,,data
6978,9780316233705,,amazon,skipped,0,0,,0,0,0,0,1,,,data
6979,9780679730613,,amazon,skipped,0,0,,0,0,0,0,1,,,data
6980,9780867063509,,amazon,skipped,0,0,,0,0,0,0,1,,,data
6981,9780452269217,,amazon,skipped,0,0,,0,0,0,0,1,,,data
6982,9780517571149,,amazon,skipped,0,0,,0,0,0,0,1,,,data
6983,9781587880285,,amazon,skipped,0,0,,0,0,0,0,1,,,data
6984,9780684187204,,amazon,skipped,0,0,,0,0,0,0,1,,,data
6985,9780679783510,,amazon,skipped,0,0,,0,0,0,0,1,,,data
6986,9780060410339,,amazon,skipped,0,0,,0,0,0,0,1,,,data
6987,9780134689678,,amazon,skipped,0,0,,0,0,0,0,1,,,data
6988,9780525449591,,amazon,skipped,0,0,,0,0,0,0,1,,,data
6989,9781570750625,,amazon,skipped,0,0,,0,0,0,0,1,,,data
6990,9780814202678,,amazon,skipped,0,0,,0,0,0,0,1,,,data
6991,9781587882982,,amazon,skipped,0,0,,0,0,0,0,1,,,data
6992,9780688166069,,amazon,skipped,0,0,,0,0,0,0,1,,,data
6993,9780749391478,,amazon,skipped,0,0,,0,0,0,0,1,,,data
6994,9780939007776,,amazon,skipped,0,0,,0,0,0,0,1,,,data
6995,9780140038859,,amazon,skipped,0,0,,0,0,0,0,1,,,data
6996,9780895870322,,amazon,skipped,0,0,,0,0,0,0,1,,,data
6997,9780749932282,,amazon,skipped,0,0,,0,0,0,0,1,,,data
6998,9781580631556,,amazon,skipped,0,0,,0,0,0,0,1,,,data
6999,9780345357656,,amazon,skipped,0,0,,0,0,0,0,1,,,data
7000,9780231110884,,amazon,skipped,0,0,,0,0,0,0,1,,,data
7001,9780393312904,,amazon,skipped,0,0,,0,0,0,0,1,,,data
7002,9780679761075,,amazon,skipped,0,0,,0,0,0,0,1,,,data
7003,9780891061472,,amazon,skipped,0,0,,0,0,0,0,1,,,data
7004,9780385248914,,amazon,skipped,0,0,,0,0,0,0,1,,,data
7005,9780553070385,,amazon,skipped,0,0,,0,0,0,0,1,,,data
7006,9780440509011,,amazon,skipped,0,0,,0,0,0,0,1,,,data
7007,9780385003438,,amazon,skipped,0,0,,0,0,0,0,1,,,data
7008,9780805032000,,amazon,skipped,0,0,,0,0,0,0,1,,,data
7009,9780807002094,,amazon,skipped,0,0,,0,0,0,0,1,,,data
7010,9780451519153,,amazon,skipped,0,0,,0,0,0,0,1,,,data
7011,9780345420398,,amazon,skipped,0,0,,0,0,0,0,1,,,data
7012,9781880685006,,amazon,skipped,0,0,,0,0,0,0,1,,,data
7013,9780448124070,,amazon,skipped,0,0,,0,0,0,0,1,,,data
7014,9780140431544,,amazon,skipped,0,0,,0,0,0,0,1,,,data
7015,9781851682584,,amazon,skipped,0,0,,0,0,0,0,1,,,data
7016,9780393039986,,amazon,skipped,0,0,,0,0,0,0,1,,,data
7017,9780822516408,,amazon,skipped,0,0,,0,0,0,0,1,,,data
7018,9780374175832,,amazon,skipped,0,0,,0,0,0,0,1,,,data
7019,9783499109935,,amazon,skipped,0,0,,0,0,0,0,1,,,data
7020,9780671247041,,amazon,skipped,0,0,,0,0,0,0,1,,,data
7021,9780192862105,,amazon,skipped,0,0,,0,0,0,0,1,,,data
7022,9780062508928,,amazon,skipped,0,0,,0,0,0,0,1,,,data
7023,9780156287876,,amazon,skipped,0,0,,0,0,0,0,1,,,data
7024,9780060393694,,amazon,skipped,0,0,,0,0,0,0,1,,,data
7025,9780312180768,,amazon,skipped,0,0,,0,0,0,0,1,,,data
7026,9780140075670,,amazon,skipped,0,0,,0,0,0,0,1,,,data
7027,9780738801520,,amazon,skipped,0,0,,0,0,0,0,1,,,data
7028,9780140086003,,amazon,skipped,0,0,,0,0,0,0,1,,,data
7029,9780764124419,,amazon,skipped,0,0,,0,0,0,0,1,,,data
7030,9780688169718,,amazon,skipped,0,0,,0,0,0,0,1,,,data
7031,9780385318211,,amazon,skipped,0,0,,0,0,0,0,1,,,data
7032,9780761526476,,amazon,skipped,0,0,,0,0,0,0,1,,,data
7033,9780393097054,,amazon,skipped,0,0,,0,0,0,0,1,,,data
7034,9780062507983,,amazon,skipped,0,0,,0,0,0,0,1,,,data
7035,9780679417521,,amazon,skipped,0,0,,0,0,0,0,1,,,data
7036,9780787946050,,amazon,skipped,0,0,,0,0,0,0,1,,,data
7037,9780071383011,,amazon,skipped,0,0,,0,0,0,0,1,,,data
7038,9780394582351,,amazon,skipped,0,0,,0,0,0,0,1,,,data
7039,9780811831574,,amazon,skipped,0,0,,0,0,0,0,1,,,data
7040,9780679404125,,amazon,skipped,0,0,,0,0,0,0,1,,,data
7041,9780393090406,,amazon,skipped,0,0,,0,0,0,0,1,,,data
7042,9780525128007,,amazon,skipped,0,0,,0,0,0,0,1,,,data
7043,9780553057324,,amazon,skipped,0,0,,0,0,0,0,1,,,data
7044,9780684864105,,amazon,skipped,0,0,,0,0,0,0,1,,,data
7045,9780156443562,,amazon,skipped,0,0,,0,0,0,0,1,,,data
7046,9780060916619,,amazon,skipped,0,0,,0,0,0,0,1,,,data
7047,9780140390056,,amazon,skipped,0,0,,0,0,0,0,1,,,data
7048,9780671702472,,amazon,skipped,0,0,,0,0,0,0,1,,,data
7049,9780813521886,,amazon,skipped,0,0,,0,0,0,0,1,,,data
7050,9780425179468,,amazon,skipped,0,0,,0,0,0,0,1,,,data
7051,9780743459488,,amazon,skipped,0,0,,0,0,0,0,1,,,data
7052,9780440224136,,amazon,skipped,0,0,,0,0,0,0,1,,,data
7053,9780684853857,,amazon,skipped,0,0,,0,0,0,0,1,,,data
7054,9780399149337,,amazon,skipped,0,0,,0,0,0,0,1,,,data
7055,9780671458188,,amazon,skipped,0,0,,0,0,0,0,1,,,data
7056,9781566196888,,amazon,skipped,0,0,,0,0,0,0,1,,,data
7057,9780312973193,,amazon,skipped,0,0,,0,0,0,0,1,,,data
7058,9781578660650,,amazon,skipped,0,0,,0,0,0,0,1,,,data
7059,9780375756733,,amazon,skipped,0,0,,0,0,0,0,1,,,data
7060,9780380772100,,amazon,skipped,0,0,,0,0,0,0,1,,,data
7061,9781551661728,,amazon,skipped,0,0,,0,0,0,0,1,,,data
7062,9789505115877,,amazon,skipped,0,0,,0,0,0,0,1,,,data
7063,9780897891226,,amazon,skipped,0,0,,0,0,0,0,1,,,data
7064,9780425129432,,amazon,skipped,0,0,,0,0,0,0,1,,,data
7065,9780030773259,,amazon,skipped,0,0,,0,0,0,0,1,,,data
7066,9780394723297,,amazon,skipped,0,0,,0,0,0,0,1,,,data
7067,9780312150556,,amazon,skipped,0,0,,0,0,0,0,1,,,data
7068,9780374500603,,amazon,skipped,0,0,,0,0,0,0,1,,,data
7069,9780385093767,,amazon,skipped,0,0,,0,0,0,0,1,,,data
7070,9780380784011,,amazon,skipped,0,0,,0,0,0,0,1,,,data
7071,9780671604295,,amazon,skipped,0,0,,0,0,0,0,1,,,data
7072,9780864733818,,amazon,skipped,0,0,,0,0,0,0,1,,,data
7073,9780671212797,,amazon,skipped,0,0,,0,0,0,0,1,,,data
7074,9780716736493,,amazon,skipped,0,0,,0,0,0,0,1,,,data
7075,9780060928834,,amazon,skipped,0,0,,0,0,0,0,1,,,data
7076,9780520058767,,amazon,skipped,0,0,,0,0,0,0,1,,,data
7077,9780399517808,,amazon,skipped,0,0,,0,0,0,0,1,,,data
7078,9780195204667,,amazon,skipped,0,0,,0,0,0,0,1,,,data
7079,9780821738542,,amazon,skipped,0,0,,0,0,0,0,1,,,data
7080,9780312017101,,amazon,skipped,0,0,,0,0,0,0,1,,,data
7081,9781579120658,,amazon,skipped,0,0,,0,0,0,0,1,,,data
7082,9780801494284,,amazon,skipped,0,0,,0,0,0,0,1,,,data
7083,9780312019914,,amazon,skipped,0,0,,0,0,0,0,1,,,data
7084,9780140069235,,amazon,skipped,0,0,,0,0,0,0,1,,,data
7085,9780869140994,,amazon,skipped,0,0,,0,0,0,0,1,,,data
7086,9783442355372,,amazon,skipped,0,0,,0,0,0,0,1,,,data
7087,9780851703602,,amazon,skipped,0,0,,0,0,0,0,1,,,data
7088,9780805309706,,amazon,skipped,0,0,,0,0,0,0,1,,,data
7089,9780394581651,,amazon,skipped,0,0,,0,0,0,0,1,,,data
7090,9780425151907,,amazon,skipped,0,0,,0,0,0,0,1,,,data
7091,9780156004404,,amazon,skipped,0,0,,0,0,0,0,1,,,data
7092,9780449218044,,amazon,skipped,0,0,,0,0,0,0,1,,,data
7093,9780449132524,,amazon,skipped,0,0,,0,0,0,0,1,,,data
7094,9780671655587,,amazon,skipped,0,0,,0,0,0,0,1,,,data
7095,9780312127688,,amazon,skipped,0,0,,0,0,0,0,1,,,data
7096,9780451519597,,amazon,skipped,0,0,,0,0,0,0,1,,,data
7097,9780061057953,,amazon,skipped,0,0,,0,0,0,0,1,,,data
7098,9780061094811,,amazon,skipped,0,0,,0,0,0,0,1,,,data
7099,9780553229691,,amazon,skipped,0,0,,0,0,0,0,1,,,data
7100,9780679768524,,amazon,skipped,0,0,,0,0,0,0,1,,,data
7101,9780679420163,,amazon,skipped,0,0,,0,0,0,0,1,,,data
7102,9780671727703,,amazon,skipped,0,0,,0,0,0,0,1,,,data
7103,9780395547908,,amazon,skipped,0,0,,0,0,0,0,1,,,data
7104,9780312185626,,amazon,skipped,0,0,,0,0,0,0,1,,,data
7105,9780684195124,,amazon,skipped,0,0,,0,0,0,0,1,,,data
7106,9780805048872,,amazon,skipped,0,0,,0,0,0,0,1,,,data
7107,9780938586425,,amazon,skipped,0,0,,0,0,0,0,1,,,data
7108,9780679428558,,amazon,skipped,0,0,,0,0,0,0,1,,,data
7109,9780786885428,,amazon,skipped,0,0,,0,0,0,0,1,,,data
7110,9780688164430,,amazon,skipped,0,0,,0,0,0,0,1,,,data
7111,9780451204868,,amazon,skipped,0,0,,0,0,0,0,1,,,data
7112,9780312145316,,amazon,skipped,0,0,,0,0,0,0,1,,,data
7113,9780962713828,,amazon,skipped,0,0,,0,0,0,0,1,,,data
7114,9780394571188,,amazon,skipped,0,0,,0,0,0,0,1,,,data
7115,9780765190628,,amazon,skipped,0,0,,0,0,0,0,1,,,data
7116,9780394576718,,amazon,skipped,0,0,,0,0,0,0,1,,,data
7117,9780395353011,,amazon,skipped,0,0,,0,0,0,0,1,,,data
7118,9780684804415,,amazon,skipped,0,0,,0,0,0,0,1,,,data
7119,9780877795087,,amazon,skipped,0,0,,0,0,0,0,1,,,data
7120,9780679755265,,amazon,skipped,0,0,,0,0,0,0,1,,,data
7121,9780774712156,,amazon,skipped,0,0,,0,0,0,0,1,,,data
7122,9780517519097,,amazon,skipped,0,0,,0,0,0,0,1,,,data
7123,9780771044519,,amazon,skipped,0,0,,0,0,0,0,1,,,data
7124,9780394728117,,amazon,skipped,0,0,,0,0,0,0,1,,,data
7125,9780743249669,,amazon,skipped,0,0,,0,0,0,0,1,,,data
7126,9780233985503,,amazon,skipped,0,0,,0,0,0,0,1,,,data
7127,9789500704441,,amazon,skipped,0,0,,0,0,0,0,1,,,data
7128,9780345391391,,amazon,skipped,0,0,,0,0,0,0,1,,,data
7129,9781841151106,,amazon,skipped,0,0,,0,0,0,0,1,,,data
7130,9780811826884,,amazon,skipped,0,0,,0,0,0,0,1,,,data
7131,9780394729442,,amazon,skipped,0,0,,0,0,0,0,1,,,data
7132,9780440202363,,amazon,skipped,0,0,,0,0,0,0,1,,,data
7133,9780762701452,,amazon,skipped,0,0,,0,0,0,0,1,,,data
7134,9780451202383,,amazon,skipped,0,0,,0,0,0,0,1,,,data
7135,9780807014189,,amazon,skipped,0,0,,0,0,0,0,1,,,data
7136,9780446815031,,amazon,skipped,0,0,,0,0,0,0,1,,,data
7137,9780140245158,,amazon,skipped,0,0,,0,0,0,0,1,,,data
7138,9780553028812,,amazon,skipped,0,0,,0,0,0,0,1,,,data
7139,9780684852843,,amazon,skipped,0,0,,0,0,0,0,1,,,data
7140,9780671419066,,amazon,skipped,0,0,,0,0,0,0,1,,,data
7141,9780395585627,,amazon,skipped,0,0,,0,0,0,0,1,,,data
7142,9780373610464,,amazon,skipped,0,0,,0,0,0,0,1,,,data
7143,9780425053836,,amazon,skipped,0,0,,0,0,0,0,1,,,data
7144,9780679437512,,amazon,skipped,0,0,,0,0,0,0,1,,,data
7145,9780684873152,,amazon,skipped,0,0,,0,0,0,0,1,,,data
7146,9781578590926,,amazon,skipped,0,0,,0,0,0,0,1,,,data
7147,9780425104286,,amazon,skipped,0,0,,0,0,0,0,1,,,data
7148,9780553568608,,amazon,skipped,0,0,,0,0,0,0,1,,,data
7149,9780374184179,,amazon,skipped,0,0,,0,0,0,0,1,,,data
7150,9780395717592,,amazon,skipped,0,0,,0,0,0,0,1,,,data
7151,9780226075853,,amazon,skipped,0,0,,0,0,0,0,1,,,data
7152,9780517182871,,amazon,skipped,0,0,,0,0,0,0,1,,,data
7153,9780028648965,,amazon,skipped,0,0,,0,0,0,0,1,,,data
7154,9780140058345,,amazon,skipped,0,0,,0,0,0,0,1,,,data
7155,9780711966277,,amazon,skipped,0,0,,0,0,0,0,1,,,data
7156,9780028653341,,amazon,skipped,0,0,,0,0,0,0,1,,,data
7157,9781562451905,,amazon,skipped,0,0,,0,0,0,0,1,,,data
7158,9780316063791,,amazon,skipped,0,0,,0,0,0,0,1,,,data
7159,9780805025347,,amazon,skipped,0,0,,0,0,0,0,1,,,data
7160,9780934174022,,amazon,skipped,0,0,,0,0,0,0,1,,,data
7161,9780380702893,,amazon,skipped,0,0,,0,0,0,0,1,,,data
7162,9781567315295,,amazon,skipped,0,0,,0,0,0,0,1,,,data
7163,9780688084271,,amazon,skipped,0,0,,0,0,0,0,1,,,data
7164,9780394746166,,amazon,skipped,0,0,,0,0,0,0,1,,,data
7165,9780325000909,,amazon,skipped,0,0,,0,0,0,0,1,,,data
7166,9780679444909,,amazon,skipped,0,0,,0,0,0,0,1,,,data
7167,9780871314376,,amazon,skipped,0,0,,0,0,0,0,1,,,data
7168,9780385298834,,amazon,skipped,0,0,,0,0,0,0,1,,,data
7169,9780890371008,,amazon,skipped,0,0,,0,0,0,0,1,,,data
7170,9780023002908,,amazon,skipped,0,0,,0,0,0,0,1,,,data
7171,9780395893630,,amazon,skipped,0,0,,0,0,0,0,1,,,data
7172,9780811214841,,amazon,skipped,0,0,,0,0,0,0,1,,,data
7173,9780807002179,,amazon,skipped,0,0,,0,0,0,0,1,,,data
7174,9783596118021,,amazon,skipped,0,0,,0,0,0,0,1,,,data
7175,9780393020311,,amazon,skipped,0,0,,0,0,0,0,1,,,data
7176,9780395901472,,amazon,skipped,0,0,,0,0,0,0,1,,,data
7177,9783426615225,,amazon,skipped,0,0,,0,0,0,0,1,,,data
7178,9783548250687,,amazon,skipped,0,0,,0,0,0,0,1,,,data
7179,9781573220019,,amazon,skipped,0,0,,0,0,0,0,1,,,data
7180,9783492238663,,amazon,skipped,0,0,,0,0,0,0,1,,,data
7181,9780399504884,,amazon,skipped,0,0,,0,0,0,0,1,,,data
7182,9780425053812,,amazon,skipped,0,0,,0,0,0,0,1,,,data
7183,9780553268867,,amazon,skipped,0,0,,0,0,0,0,1,,,data
7184,9789681906993,,amazon,skipped,0,0,,0,0,0,0,1,,,data
7185,9780671432171,,amazon,skipped,0,0,,0,0,0,0,1,,,data
7186,9780802116291,,amazon,skipped,0,0,,0,0,0,0,1,,,data
7187,9780316765114,,amazon,skipped,0,0,,0,0,0,0,1,,,data
7188,9789583004445,,amazon,empty,0,7,title; authors; publisher; origin; date_of_publication; language; genres,0,0,0,0,10,,,data
7189,9780813420707,,amazon,skipped,0,0,,0,0,0,0,1,,,data
7190,9780133651980,,amazon,skipped,0,0,,0,0,0,0,1,,,data
7191,9780944386163,,amazon,skipped,0,0,,0,0,0,0,1,,,data
7192,9781555472573,,amazon,skipped,0,0,,0,0,0,0,1,,,data
7193,9780374135522,,amazon,skipped,0,0,,0,0,0,0,1,,,data
7194,9780449206683,,amazon,skipped,0,0,,0,0,0,0,1,,,data
7195,9780316350099,,amazon,skipped,0,0,,0,0,0,0,1,,,data
7196,9783813402148,,amazon,skipped,0,0,,0,0,0,0,1,,,data
7197,9780917102882,,amazon,skipped,0,0,,0,0,0,0,1,,,data
7198,9780897210058,,amazon,skipped,0,0,,0,0,0,0,1,,,data
7199,9780399521546,,amazon,skipped,0,0,,0,0,0,0,1,,,data
7200,9780971326675,,amazon,skipped,0,0,,0,0,0,0,1,,,data
7201,9780394584324,,amazon,skipped,0,0,,0,0,0,0,1,,,data
7202,9780912104621,,amazon,skipped,0,0,,0,0,0,0,1,,,data
7203,9780553053678,,amazon,skipped,0,0,,0,0,0,0,1,,,data
7204,9780892813483,,amazon,skipped,0,0,,0,0,0,0,1,,,data
7205,9780394703107,,amazon,skipped,0,0,,0,0,0,0,1,,,data
7206,9780609805428,,amazon,skipped,0,0,,0,0,0,0,1,,,data
7207,9780471200246,,amazon,skipped,0,0,,0,0,0,0,1,,,data
7208,9781573226271,,amazon,skipped,0,0,,0,0,0,0,1,,,data
7209,9780895770868,,amazon,skipped,0,0,,0,0,0,0,1,,,data
7210,9780425089859,,amazon,skipped,0,0,,0,0,0,0,1,,,data
7211,9780030471261,,amazon,skipped,0,0,,0,0,0,0,1,,,data
7212,9780060551841,,amazon,skipped,0,0,,0,0,0,0,1,,,data
7213,9780947898663,,amazon,skipped,0,0,,0,0,0,0,1,,,data
7214,9781560523086,,amazon,skipped,0,0,,0,0,0,0,1,,,data
7215,9780917253065,,amazon,skipped,0,0,,0,0,0,0,1,,,data
7216,9780879677855,,amazon,skipped,0,0,,0,0,0,0,1,,,data
7217,9780679450580,,amazon,skipped,0,0,,0,0,0,0,1,,,data
7218,9780060153939,,amazon,skipped,0,0,,0,0,0,0,1,,,data
7219,9780913590881,,amazon,skipped,0,0,,0,0,0,0,1,,,data
7220,9780449216156,,amazon,skipped,0,0,,0,0,0,0,1,,,data
7221,9780894800818,,amazon,skipped,0,0,,0,0,0,0,1,,,data
7222,9780553269772,,amazon,skipped,0,0,,0,0,0,0,1,,,data
7223,9780671689070,,amazon,skipped,0,0,,0,0,0,0,1,,,data
7224,9780425076897,,amazon,skipped,0,0,,0,0,0,0,1,,,data
7225,9780898403480,,amazon,skipped,0,0,,0,0,0,0,1,,,data
7226,9780824910716,,amazon,skipped,0,0,,0,0,0,0,1,,,data
7227,9781579121051,,amazon,skipped,0,0,,0,0,0,0,1,,,data
7228,9780671442811,,amazon,skipped,0,0,,0,0,0,0,1,,,data
7229,9780030624247,,amazon,skipped,0,0,,0,0,0,0,1,,,data
7230,9783404145959,,amazon,skipped,0,0,,0,0,0,0,1,,,data
7231,9780451161376,,amazon,skipped,0,0,,0,0,0,0,1,,,data
7232,9783729606296,,amazon,skipped,0,0,,0,0,0,0,1,,,data
7233,9780671747343,,amazon,skipped,0,0,,0,0,0,0,1,,,data
7234,9781552128206,,amazon,skipped,0,0,,0,0,0,0,1,,,data
7235,9780425070307,,amazon,skipped,0,0,,0,0,0,0,1,,,data
7236,9783100767134,,amazon,skipped,0,0,,0,0,0,0,1,,,data
7237,9781552125137,,amazon,skipped,0,0,,0,0,0,0,1,,,data
7238,9780471376804,,amazon,skipped,0,0,,0,0,0,0,1,,,data
7239,9780671641979,,amazon,skipped,0,0,,0,0,0,0,1,,,data
7240,9781573241366,,amazon,skipped,0,0,,0,0,0,0,1,,,data
7241,9780070691803,,amazon,skipped,0,0,,0,0,0,0,1,,,data
7242,9780679768531,,amazon,skipped,0,0,,0,0,0,0,1,,,data
7243,9780446311694,,amazon,skipped,0,0,,0,0,0,0,1,,,data
7244,9783905252057,,amazon,skipped,0,0,,0,0,0,0,1,,,data
7245,9780517632086,,amazon,skipped,0,0,,0,0,0,0,1,,,data
7246,9780553053746,,amazon,skipped,0,0,,0,0,0,0,1,,,data
7247,9780425061435,,amazon,skipped,0,0,,0,0,0,0,1,,,data
7248,9783453199965,,amazon,skipped,0,0,,0,0,0,0,1,,,data
7249,9780201632255,,amazon,skipped,0,0,,0,0,0,0,1,,,data
7250,9780613003193,,amazon,skipped,0,0,,0,0,0,0,1,,,data
7251,9780425085301,,amazon,skipped,0,0,,0,0,0,0,1,,,data
7252,9780380711659,,amazon,skipped,0,0,,0,0,0,0,1,,,data
7253,9780312962647,,amazon,skipped,0,0,,0,0,0,0,1,,,data
7254,9780312265885,,amazon,skipped,0,0,,0,0,0,0,1,,,data
7255,9780446400503,,amazon,skipped,0,0,,0,0,0,0,1,,,data
7256,9780440503583,,amazon,skipped,0,0,,0,0,0,0,1,,,data
7257,9780070246652,,amazon,skipped,0,0,,0,0,0,0,1,,,data
7258,9780330319393,,amazon,skipped,0,0,,0,0,0,0,1,,,data
7259,9784770019226,,amazon,skipped,0,0,,0,0,0,0,1,,,data
7260,9780839825135,,amazon,skipped,0,0,,0,0,0,0,1,,,data
7261,9780060551377,,amazon,skipped,0,0,,0,0,0,0,1,,,data
7262,9780932944801,,amazon,skipped,0,0,,0,0,0,0,1,,,data
7263,9780919574342,,amazon,skipped,0,0,,0,0,0,0,1,,,data
7264,9780684836102,,amazon,skipped,0,0,,0,0,0,0,1,,,data
7265,9780849906138,,amazon,skipped,0,0,,0,0,0,0,1,,,data
7266,9780688034573,,amazon,skipped,0,0,,0,0,0,0,1,,,data
7267,9780297766926,,amazon,skipped,0,0,,0,0,0,0,1,,,data
7268,9780440207764,,amazon,empty,0,7,title; authors; publisher; origin; date_of_publication; language; genres,0,0,0,0,10,,,data
7269,9783257233704,,amazon,skipped,0,0,,0,0,0,0,1,,,data
7270,9780812524338,,amazon,skipped,0,0,,0,0,0,0,1,,,data
7271,9780785815327,,amazon,skipped,0,0,,0,0,0,0,1,,,data
7272,9780380707843,,amazon,skipped,0,0,,0,0,0,0,1,,,data
7273,9781564587039,,amazon,skipped,0,0,,0,0,0,0,1,,,data
7274,9780345323835,,amazon,skipped,0,0,,0,0,0,0,1,,,data
7275,9780871314178,,amazon,skipped,0,0,,0,0,0,0,1,,,data
7276,9780875422534,,amazon,skipped,0,0,,0,0,0,0,1,,,data
7277,9780671682477,,amazon,skipped,0,0,,0,0,0,0,1,,,data
7278,9780156654722,,amazon,skipped,0,0,,0,0,0,0,1,,,data
7279,9780451161857,,amazon,skipped,0,0,,0,0,0,0,1,,,data
7280,9780671619060,,amazon,skipped,0,0,,0,0,0,0,1,,,data
7281,9780375502422,,amazon,skipped,0,0,,0,0,0,0,1,,,data
7282,9780679418382,,amazon,skipped,0,0,,0,0,0,0,1,,,data
7283,9780553122893,,amazon,skipped,0,0,,0,0,0,0,1,,,data
7284,9780310227946,,amazon,skipped,0,0,,0,0,0,0,1,,,data
7285,9781881649717,,amazon,skipped,0,0,,0,0,0,0,1,,,data
7286,9780205150274,,amazon,skipped,0,0,,0,0,0,0,1,,,data
7287,9781410702760,,amazon,skipped,0,0,,0,0,0,0,1,,,data
7288,9780553111064,,amazon,skipped,0,0,,0,0,0,0,1,,,data
7289,9780890875247,,amazon,skipped,0,0,,0,0,0,0,1,,,data
7290,9780811214940,,amazon,skipped,0,0,,0,0,0,0,1,,,data
7291,9780785283140,,amazon,skipped,0,0,,0,0,0,0,1,,,data
7292,9780375505386,,amazon,skipped,0,0,,0,0,0,0,1,,,data
7293,9780684177953,,amazon,skipped,0,0,,0,0,0,0,1,,,data
7294,9780452262546,,amazon,skipped,0,0,,0,0,0,0,1,,,data
7295,9780786882236,,amazon,skipped,0,0,,0,0,0,0,1,,,data
7296,9780345422811,,amazon,skipped,0,0,,0,0,0,0,1,,,data
7297,9780697070609,,amazon,skipped,0,0,,0,0,0,0,1,,,data
7298,9780697070623,,amazon,skipped,0,0,,0,0,0,0,1,,,data
7299,9780805208504,,amazon,skipped,0,0,,0,0,0,0,1,,,data
7300,9780716717751,,amazon,skipped,0,0,,0,0,0,0,1,,,data
7301,9783442424764,,amazon,skipped,0,0,,0,0,0,0,1,,,data
7302,9783492227216,,amazon,skipped,0,0,,0,0,0,0,1,,,data
7303,9780886776848,,amazon,skipped,0,0,,0,0,0,0,1,,,data
7304,9780312275693,,amazon,skipped,0,0,,0,0,0,0,1,,,data
7305,9780385132572,,amazon,skipped,0,0,,0,0,0,0,1,,,data
7306,9780395486832,,amazon,skipped,0,0,,0,0,0,0,1,,,data
7307,9781893956261,,amazon,skipped,0,0,,0,0,0,0,1,,,data
7308,9780553274288,,amazon,skipped,0,0,,0,0,0,0,1,,,data
7309,9780020409205,,amazon,skipped,0,0,,0,0,0,0,1,,,data
7310,9780395426401,,amazon,skipped,0,0,,0,0,0,0,1,,,data
7311,9780767903264,,amazon,skipped,0,0,,0,0,0,0,1,,,data
7312,9780812881424,,amazon,skipped,0,0,,0,0,0,0,1,,,data
7313,9780671666033,,amazon,skipped,0,0,,0,0,0,0,1,,,data
7314,9780152007829,,amazon,skipped,0,0,,0,0,0,0,1,,,data
7315,9780312877200,,amazon,skipped,0,0,,0,0,0,0,1,,,data
7316,9781568650968,,amazon,skipped,0,0,,0,0,0,0,1,,,data
7317,9780671318277,,amazon,skipped,0,0,,0,0,0,0,1,,,data
7318,9780889626393,,amazon,skipped,0,0,,0,0,0,0,1,,,data
7319,9780393302943,,amazon,skipped,0,0,,0,0,0,0,1,,,data
7320,9780375501975,,amazon,skipped,0,0,,0,0,0,0,1,,,data
7321,9780618111305,,amazon,skipped,0,0,,0,0,0,0,1,,,data
7322,9781563151880,,amazon,skipped,0,0,,0,0,0,0,1,,,data
7323,9780373512140,,amazon,skipped,0,0,,0,0,0,0,1,,,data
7324,9780061050282,,amazon,skipped,0,0,,0,0,0,0,1,,,data
7325,9781573222709,,amazon,skipped,0,0,,0,0,0,0,1,,,data
7326,9780609607527,,amazon,skipped,0,0,,0,0,0,0,1,,,data
7327,9781590170519,,amazon,skipped,0,0,,0,0,0,0,1,,,data
7328,9781573229098,,amazon,skipped,0,0,,0,0,0,0,1,,,data
7329,9780786710461,,amazon,skipped,0,0,,0,0,0,0,1,,,data
7330,9780139692055,,amazon,skipped,0,0,,0,0,0,0,1,,,data
7331,9780060963002,,amazon,skipped,0,0,,0,0,0,0,1,,,data
7332,9780944462072,,amazon,skipped,0,0,,0,0,0,0,1,,,data
7333,9780451204554,,amazon,skipped,0,0,,0,0,0,0,1,,,data
7334,9780312324780,,amazon,skipped,0,0,,0,0,0,0,1,,,data
7335,9780441005420,,amazon,skipped,0,0,,0,0,0,0,1,,,data
7336,9780312306915,,amazon,skipped,0,0,,0,0,0,0,1,,,data
7337,9780312699727,,amazon,skipped,0,0,,0,0,0,0,1,,,data
7338,9781582342801,,amazon,skipped,0,0,,0,0,0,0,1,,,data
7339,9780312875299,,amazon,skipped,0,0,,0,0,0,0,1,,,data
7340,9780765305985,,amazon,skipped,0,0,,0,0,0,0,1,,,data
7341,9780743457224,,amazon,skipped,0,0,,0,0,0,0,1,,,data
7342,9780066212722,,amazon,skipped,0,0,,0,0,0,0,1,,,data
7343,9780553380385,,amazon,skipped,0,0,,0,0,0,0,1,,,data
7344,9789062130450,,amazon,skipped,0,0,,0,0,0,0,1,,,data
7345,9783629005007,,amazon,skipped,0,0,,0,0,0,0,1,,,data
7346,9783110133776,,amazon,skipped,0,0,,0,0,0,0,1,,,data
7347,9783822881644,,amazon,skipped,0,0,,0,0,0,0,1,,,data
7348,9783453169968,,amazon,skipped,0,0,,0,0,0,0,1,,,data
7349,9780804118729,,amazon,skipped,0,0,,0,0,0,0,1,,,data
7350,9783442306268,,amazon,skipped,0,0,,0,0,0,0,1,,,data
7351,9780375507076,,amazon,skipped,0,0,,0,0,0,0,1,,,data
7352,9780060190255,,amazon,skipped,0,0,,0,0,0,0,1,,,data
7353,9780374165376,,amazon,skipped,0,0,,0,0,0,0,1,,,data
7354,9780151998951,,amazon,skipped,0,0,,0,0,0,0,1,,,data
7355,9783596247349,,amazon,skipped,0,0,,0,0,0,0,1,,,data
7356,9780809426683,,amazon,skipped,0,0,,0,0,0,0,1,,,data
7357,9783424015096,,amazon,skipped,0,0,,0,0,0,0,1,,,data
7358,9780449135679,,amazon,skipped,0,0,,0,0,0,0,1,,,data
7359,9780440504962,,amazon,skipped,0,0,,0,0,0,0,1,,,data
7360,9781585744060,,amazon,skipped,0,0,,0,0,0,0,1,,,data
7361,9780809444588,,amazon,skipped,0,0,,0,0,0,0,1,,,data
7362,9783783116007,,amazon,skipped,0,0,,0,0,0,0,1,,,data
7363,9780380671083,,amazon,skipped,0,0,,0,0,0,0,1,,,data
7364,9783821830438,,amazon,skipped,0,0,,0,0,0,0,1,,,data
7365,9780848803704,,amazon,skipped,0,0,,0,0,0,0,1,,,data
7366,9780333155165,,amazon,skipped,0,0,,0,0,0,0,1,,,data
7367,9780140185393,,amazon,skipped,0,0,,0,0,0,0,1,,,data
7368,9780449207635,,amazon,skipped,0,0,,0,0,0,0,1,,,data
7369,9780312141394,,amazon,skipped,0,0,,0,0,0,0,1,,,data
7370,9780140350166,,amazon,skipped,0,0,,0,0,0,0,1,,,data
7371,9780812565621,,amazon,skipped,0,0,,0,0,0,0,1,,,data
7372,9783453861664,,amazon,skipped,0,0,,0,0,0,0,1,,,data
7373,9783453171534,,amazon,skipped,0,0,,0,0,0,0,1,,,data
7374,9783453160187,,amazon,skipped,0,0,,0,0,0,0,1,,,data
7375,9780805058437,,amazon,skipped,0,0,,0,0,0,0,1,,,data
7376,9789029051781,,amazon,skipped,0,0,,0,0,0,0,1,,,data
7377,9780671877293,,amazon,skipped,0,0,,0,0,0,0,1,,,data
7378,9783453188051,,amazon,skipped,0,0,,0,0,0,0,1,,,data
7379,9780786709991,,amazon,skipped,0,0,,0,0,0,0,1,,,data
7380,9780195042382,,amazon,skipped,0,0,,0,0,0,0,1,,,data
7381,9783785538968,,amazon,skipped,0,0,,0,0,0,0,1,,,data
7382,9781400030743,,amazon,skipped,0,0,,0,0,0,0,1,,,data
7383,9780812518986,,amazon,skipped,0,0,,0,0,0,0,1,,,data
7384,9783401021577,,amazon,skipped,0,0,,0,0,0,0,1,,,data
7385,9780393048544,,amazon,skipped,0,0,,0,0,0,0,1,,,data
7386,9780385415149,,amazon,skipped,0,0,,0,0,0,0,1,,,data
7387,9783442245925,,amazon,skipped,0,0,,0,0,0,0,1,,,data
7388,9781565123656,,amazon,skipped,0,0,,0,0,0,0,1,,,data
7389,9781577310242,,amazon,skipped,0,0,,0,0,0,0,1,,,data
7390,9780688026578,,amazon,skipped,0,0,,0,0,0,0,1,,,data
7391,9783570261163,,amazon,skipped,0,0,,0,0,0,0,1,,,data
7392,9780340682562,,amazon,skipped,0,0,,0,0,0,0,1,,,data
7393,9780812971866,,amazon,skipped,0,0,,0,0,0,0,1,,,data
7394,9780060166090,,amazon,skipped,0,0,,0,0,0,0,1,,,data
7395,9783453864269,,amazon,skipped,0,0,,0,0,0,0,1,,,data
7396,9780394535425,,amazon,skipped,0,0,,0,0,0,0,1,,,data
7397,9780804103008,,amazon,skipped,0,0,,0,0,0,0,1,,,data
7398,9783453864405,,amazon,skipped,0,0,,0,0,0,0,1,,,data
7399,9789748303017,,amazon,skipped,0,0,,0,0,0,0,1,,,data
7400,9783423008716,,amazon,skipped,0,0,,0,0,0,0,1,,,data
7401,9780060926250,,amazon,skipped,0,0,,0,0,0,0,1,,,data
7402,9780671740078,,amazon,skipped,0,0,,0,0,0,0,1,,,data
7403,9783551552662,,amazon,skipped,0,0,,0,0,0,0,1,,,data
7404,9783608910384,,amazon,skipped,0,0,,0,0,0,0,1,,,data
7405,9781565847750,,amazon,skipped,0,0,,0,0,0,0,1,,,data
7406,9783453196766,,amazon,skipped,0,0,,0,0,0,0,1,,,data
7407,9780679025061,,amazon,skipped,0,0,,0,0,0,0,1,,,data
7408,9780241105221,,amazon,skipped,0,0,,0,0,0,0,1,,,data
7409,9780395498545,,amazon,skipped,0,0,,0,0,0,0,1,,,data
7410,9788434896109,,amazon,skipped,0,0,,0,0,0,0,1,,,data
7411,9780452282476,,amazon,skipped,0,0,,0,0,0,0,1,,,data
7412,9780815136859,,amazon,skipped,0,0,,0,0,0,0,1,,,data
7413,9780747404279,,amazon,skipped,0,0,,0,0,0,0,1,,,data
7414,9780743201599,,amazon,skipped,0,0,,0,0,0,0,1,,,data
7415,9780448195025,,amazon,skipped,0,0,,0,0,0,0,1,,,data
7416,9780312854096,,amazon,skipped,0,0,,0,0,0,0,1,,,data
7417,9780688113759,,amazon,skipped,0,0,,0,0,0,0,1,,,data
7418,9780486204154,,amazon,skipped,0,0,,0,0,0,0,1,,,data
7419,9780831702878,,amazon,skipped,0,0,,0,0,0,0,1,,,data
7420,9780831703943,,amazon,skipped,0,0,,0,0,0,0,1,,,data
7421,9780831768898,,amazon,skipped,0,0,,0,0,0,0,1,,,data
7422,9780892961160,,amazon,skipped,0,0,,0,0,0,0,1,,,data
7423,9780831752910,,amazon,skipped,0,0,,0,0,0,0,1,,,data
7424,9780517670071,,amazon,skipped,0,0,,0,0,0,0,1,,,data
7425,9780316881883,,amazon,skipped,0,0,,0,0,0,0,1,,,data
7426,9780831780159,,amazon,skipped,0,0,,0,0,0,0,1,,,data
7427,9780304334834,,amazon,skipped,0,0,,0,0,0,0,1,,,data
7428,9780395294680,,amazon,skipped,0,0,,0,0,0,0,1,,,data
7429,9780895429230,,amazon,skipped,0,0,,0,0,0,0,1,,,data
7430,9782742741199,,amazon,skipped,0,0,,0,0,0,0,1,,,data
7431,9780448403083,,amazon,skipped,0,0,,0,0,0,0,1,,,data
7432,9780307168023,,amazon,skipped,0,0,,0,0,0,0,1,,,data
7433,9780312269869,,amazon,skipped,0,0,,0,0,0,0,1,,,data
7434,9780671061883,,amazon,skipped,0,0,,0,0,0,0,1,,,data
7435,9780312168698,,amazon,skipped,0,0,,0,0,0,0,1,,,data
7436,9780553055986,,amazon,skipped,0,0,,0,0,0,0,1,,,data
7437,9781580630412,,amazon,skipped,0,0,,0,0,0,0,1,,,data
7438,9780312909192,,amazon,skipped,0,0,,0,0,0,0,1,,,data
7439,9780553055894,,amazon,skipped,0,0,,0,0,0,0,1,,,data
7440,9780553055832,,amazon,skipped,0,0,,0,0,0,0,1,,,data
7441,9780312873790,,amazon,skipped,0,0,,0,0,0,0,1,,,data
7442,9780553055818,,amazon,skipped,0,0,,0,0,0,0,1,,,data
7443,9780553055795,,amazon,skipped,0,0,,0,0,0,0,1,,,data
7444,9780553382181,,amazon,skipped,0,0,,0,0,0,0,1,,,data
7445,9780689813849,,amazon,skipped,0,0,,0,0,0,0,1,,,data
7446,9780671701123,,amazon,skipped,0,0,,0,0,0,0,1,,,data
7447,9780688119362,,amazon,skipped,0,0,,0,0,0,0,1,,,data
7448,9780670031764,,amazon,skipped,0,0,,0,0,0,0,1,,,data
7449,9780674306882,,amazon,skipped,0,0,,0,0,0,0,1,,,data
7450,9780312283032,,amazon,skipped,0,0,,0,0,0,0,1,,,data
7451,9780385263450,,amazon,skipped,0,0,,0,0,0,0,1,,,data
7452,9780140178746,,amazon,skipped,0,0,,0,0,0,0,1,,,data
7453,9780060512811,,amazon,skipped,0,0,,0,0,0,0,1,,,data
7454,9780385415675,,amazon,skipped,0,0,,0,0,0,0,1,,,data
7455,9781563330698,,amazon,skipped,0,0,,0,0,0,0,1,,,data
7456,9780679408369,,amazon,skipped,0,0,,0,0,0,0,1,,,data
7457,9780446676823,,amazon,skipped,0,0,,0,0,0,0,1,,,data
7458,9780552994651,,amazon,skipped,0,0,,0,0,0,0,1,,,data
7459,9780691027951,,amazon,skipped,0,0,,0,0,0,0,1,,,data
7460,9780385337939,,amazon,skipped,0,0,,0,0,0,0,1,,,data
7461,9780812827293,,amazon,skipped,0,0,,0,0,0,0,1,,,data
7462,9780553108040,,amazon,skipped,0,0,,0,0,0,0,1,,,data
7463,9780394718842,,amazon,skipped,0,0,,0,0,0,0,1,,,data
7464,9780694522057,,amazon,skipped,0,0,,0,0,0,0,1,,,data
7465,9781565041929,,amazon,skipped,0,0,,0,0,0,0,1,,,data
7466,9780670031887,,amazon,skipped,0,0,,0,0,0,0,1,,,data
7467,9780380767830,,amazon,skipped,0,0,,0,0,0,0,1,,,data
7468,9781400040254,,amazon,skipped,0,0,,0,0,0,0,1,,,data
7469,9780061006784,,amazon,skipped,0,0,,0,0,0,0,1,,,data
7470,9781400040988,,amazon,skipped,0,0,,0,0,0,0,1,,,data
7471,9780670821747,,amazon,skipped,0,0,,0,0,0,0,1,,,data
7472,9780151008940,,amazon,skipped,0,0,,0,0,0,0,1,,,data
7473,9780380798476,,amazon,skipped,0,0,,0,0,0,0,1,,,data
7474,9780023602405,,amazon,skipped,0,0,,0,0,0,0,1,,,data
7475,9780451146120,,amazon,skipped,0,0,,0,0,0,0,1,,,data
7476,9780393954166,,amazon,skipped,0,0,,0,0,0,0,1,,,data
7477,9781853027109,,amazon,skipped,0,0,,0,0,0,0,1,,,data
7478,9780256029307,,amazon,skipped,0,0,,0,0,0,0,1,,,data
7479,9780440222316,,amazon,skipped,0,0,,0,0,0,0,1,,,data
7480,9780155837751,,amazon,skipped,0,0,,0,0,0,0,1,,,data
7481,9780373223251,,amazon,skipped,0,0,,0,0,0,0,1,,,data
7482,9780201168808,,amazon,skipped,0,0,,0,0,0,0,1,,,data
7483,9780394351117,,amazon,skipped,0,0,,0,0,0,0,1,,,data
7484,9780256031409,,amazon,skipped,0,0,,0,0,0,0,1,,,data
7485,9781841640938,,amazon,skipped,0,0,,0,0,0,0,1,,,data
7486,9780201675160,,amazon,skipped,0,0,,0,0,0,0,1,,,data
7487,9780744577815,,amazon,skipped,0,0,,0,0,0,0,1,,,data
7488,9780136143147,,amazon,skipped,0,0,,0,0,0,0,1,,,data
7489,9780030555473,,amazon,skipped,0,0,,0,0,0,0,1,,,data
7490,9780070356009,,amazon,skipped,0,0,,0,0,0,0,1,,,data
7491,9780821713846,,amazon,skipped,0,0,,0,0,0,0,1,,,data
7492,9780195066166,,amazon,skipped,0,0,,0,0,0,0,1,,,data
7493,9780452271029,,amazon,skipped,0,0,,0,0,0,0,1,,,data
7494,9780312859138,,amazon,skipped,0,0,,0,0,0,0,1,,,data
7495,9781929065004,,amazon,skipped,0,0,,0,0,0,0,1,,,data
7496,9781857932867,,amazon,skipped,0,0,,0,0,0,0,1,,,data
7497,9780130362292,,amazon,skipped,0,0,,0,0,0,0,1,,,data
7498,9780394571591,,amazon,skipped,0,0,,0,0,0,0,1,,,data
7499,9780023062513,,amazon,skipped,0,0,,0,0,0,0,1,,,data
7500,9781929065493,,amazon,skipped,0,0,,0,0,0,0,1,,,data
7501,9781568652047,,amazon,skipped,0,0,,0,0,0,0,1,,,data
7502,9783822855584,,amazon,skipped,0,0,,0,0,0,0,1,,,data
7503,9781585670079,,amazon,skipped,0,0,,0,0,0,0,1,,,data
7504,9780312001902,,amazon,skipped,0,0,,0,0,0,0,1,,,data
7505,9780743228633,,amazon,skipped,0,0,,0,0,0,0,1,,,data
7506,9780553051629,,amazon,skipped,0,0,,0,0,0,0,1,,,data
7507,9780920953334,,amazon,skipped,0,0,,0,0,0,0,1,,,data
7508,9780060088941,,amazon,skipped,0,0,,0,0,0,0,1,,,data
7509,9780141007403,,amazon,skipped,0,0,,0,0,0,0,1,,,data
7510,9780525939054,,amazon,skipped,0,0,,0,0,0,0,1,,,data
7511,9780735714113,,amazon,skipped,0,0,,0,0,0,0,1,,,data
7512,9780679761563,,amazon,skipped,0,0,,0,0,0,0,1,,,data
7513,9780712619196,,amazon,skipped,0,0,,0,0,0,0,1,,,data
7514,9780452283343,,amazon,skipped,0,0,,0,0,0,0,1,,,data
7515,9780312870003,,amazon,skipped,0,0,,0,0,0,0,1,,,data
7516,9780345451187,,amazon,skipped,0,0,,0,0,0,0,1,,,data
7517,9780373114344,,amazon,skipped,0,0,,0,0,0,0,1,,,data
7518,9780030632563,,amazon,skipped,0,0,,0,0,0,0,1,,,data
7519,9780140268447,,amazon,skipped,0,0,,0,0,0,0,1,,,data
7520,9780060185725,,amazon,skipped,0,0,,0,0,0,0,1,,,data
7521,9780340393659,,amazon,skipped,0,0,,0,0,0,0,1,,,data
7522,9780786709656,,amazon,skipped,0,0,,0,0,0,0,1,,,data
7523,9780312872298,,amazon,skipped,0,0,,0,0,0,0,1,,,data
7524,9780816638079,,amazon,skipped,0,0,,0,0,0,0,1,,,data
7525,9780446671194,,amazon,skipped,0,0,,0,0,0,0,1,,,data
7526,9780062700476,,amazon,skipped,0,0,,0,0,0,0,1,,,data
7527,9780679730675,,amazon,skipped,0,0,,0,0,0,0,1,,,data
7528,9780671736408,,amazon,skipped,0,0,,0,0,0,0,1,,,data
7529,9780739424773,,amazon,skipped,0,0,,0,0,0,0,1,,,data
7530,9780553269895,,amazon,skipped,0,0,,0,0,0,0,1,,,data
7531,9780345333308,,amazon,skipped,0,0,,0,0,0,0,1,,,data
7532,9780517006603,,amazon,skipped,0,0,,0,0,0,0,1,,,data
7533,9780812509465,,amazon,skipped,0,0,,0,0,0,0,1,,,data
7534,9780310322207,,amazon,skipped,0,0,,0,0,0,0,1,,,data
7535,9780060530471,,amazon,skipped,0,0,,0,0,0,0,1,,,data
7536,9780688011123,,amazon,skipped,0,0,,0,0,0,0,1,,,data
7537,9780771056727,,amazon,skipped,0,0,,0,0,0,0,1,,,data
7538,9780451455901,,amazon,skipped,0,0,,0,0,0,0,1,,,data
7539,9780968217504,,amazon,skipped,0,0,,0,0,0,0,1,,,data
7540,9780140145618,,amazon,skipped,0,0,,0,0,0,0,1,,,data
7541,9782020525718,,amazon,skipped,0,0,,0,0,0,0,1,,,data
7542,9780671498054,,amazon,skipped,0,0,,0,0,0,0,1,,,data
7543,9781572971097,,amazon,skipped,0,0,,0,0,0,0,1,,,data
7544,9782253097884,,amazon,skipped,0,0,,0,0,0,0,1,,,data
7545,9780931787485,,amazon,skipped,0,0,,0,0,0,0,1,,,data
7546,9782253040835,,amazon,skipped,0,0,,0,0,0,0,1,,,data
7547,9782253053286,,amazon,skipped,0,0,,0,0,0,0,1,,,data
7548,9780805072174,,amazon,skipped,0,0,,0,0,0,0,1,,,data
7549,9780486253404,,amazon,skipped,0,0,,0,0,0,0,1,,,data
7550,9780486247779,,amazon,skipped,0,0,,0,0,0,0,1,,,data
7551,9780880014076,,amazon,skipped,0,0,,0,0,0,0,1,,,data
7552,9782070362165,,amazon,skipped,0,0,,0,0,0,0,1,,,data
7553,9780486228259,,amazon,skipped,0,0,,0,0,0,0,1,,,data
7554,9780486241760,,amazon,skipped,0,0,,0,0,0,0,1,,,data
7555,9782277300076,,amazon,skipped,0,0,,0,0,0,0,1,,,data
7556,9780312301460,,amazon,skipped,0,0,,0,0,0,0,1,,,data
7557,9780486233994,,amazon,skipped,0,0,,0,0,0,0,1,,,data
7558,9780486245782,,amazon,skipped,0,0,,0,0,0,0,1,,,data
7559,9782070375523,,amazon,skipped,0,0,,0,0,0,0,1,,,data
7560,9780452263468,,amazon,skipped,0,0,,0,0,0,0,1,,,data
7561,9781857987874,,amazon,skipped,0,0,,0,0,0,0,1,,,data
7562,9780465017300,,amazon,skipped,0,0,,0,0,0,0,1,,,data
7563,9780486234441,,amazon,skipped,0,0,,0,0,0,0,1,,,data
7564,9782253036371,,amazon,skipped,0,0,,0,0,0,0,1,,,data
7565,9780486249162,,amazon,skipped,0,0,,0,0,0,0,1,,,data
7566,9780198604600,,amazon,skipped,0,0,,0,0,0,0,1,,,data
7567,9780140125290,,amazon,skipped,0,0,,0,0,0,0,1,,,data
7568,9780671551391,,amazon,skipped,0,0,,0,0,0,0,1,,,data
7569,9782702425367,,amazon,skipped,0,0,,0,0,0,0,1,,,data
7570,9780525473602,,amazon,skipped,0,0,,0,0,0,0,1,,,data
7571,9780465027286,,amazon,skipped,0,0,,0,0,0,0,1,,,data
7572,9780345340740,,amazon,skipped,0,0,,0,0,0,0,1,,,data
7573,9780743457989,,amazon,skipped,0,0,,0,0,0,0,1,,,data
7574,9780140135510,,amazon,skipped,0,0,,0,0,0,0,1,,,data
7575,9780671008925,,amazon,skipped,0,0,,0,0,0,0,1,,,data
7576,9780865473881,,amazon,skipped,0,0,,0,0,0,0,1,,,data
7577,9780563208112,,amazon,skipped,0,0,,0,0,0,0,1,,,data
7578,9780671743543,,amazon,skipped,0,0,,0,0,0,0,1,,,data
7579,9780702234088,,amazon,skipped,0,0,,0,0,0,0,1,,,data
7580,9780671679651,,amazon,skipped,0,0,,0,0,0,0,1,,,data
7581,9780671554255,,amazon,skipped,0,0,,0,0,0,0,1,,,data
7582,9780575073968,,amazon,skipped,0,0,,0,0,0,0,1,,,data
7583,9780671009953,,amazon,skipped,0,0,,0,0,0,0,1,,,data
7584,9780151792603,,amazon,skipped,0,0,,0,0,0,0,1,,,data
7585,9780671520977,,amazon,skipped,0,0,,0,0,0,0,1,,,data
7586,9780060533229,,amazon,skipped,0,0,,0,0,0,0,1,,,data
7587,9780671534813,,amazon,skipped,0,0,,0,0,0,0,1,,,data
7588,9780375502828,,amazon,skipped,0,0,,0,0,0,0,1,,,data
7589,9783462029260,,amazon,skipped,0,0,,0,0,0,0,1,,,data
7590,9780312300401,,amazon,skipped,0,0,,0,0,0,0,1,,,data
7591,9781890065003,,amazon,skipped,0,0,,0,0,0,0,1,,,data
7592,9780060195588,,amazon,skipped,0,0,,0,0,0,0,1,,,data
7593,9782921556415,,amazon,skipped,0,0,,0,0,0,0,1,,,data
7594,9780374168254,,amazon,skipped,0,0,,0,0,0,0,1,,,data
7595,9780786011858,,amazon,skipped,0,0,,0,0,0,0,1,,,data
7596,9781895653113,,amazon,skipped,0,0,,0,0,0,0,1,,,data
7597,9780345412744,,amazon,skipped,0,0,,0,0,0,0,1,,,data
7598,9780862880200,,amazon,skipped,0,0,,0,0,0,0,1,,,data
7599,9780140049992,,amazon,skipped,0,0,,0,0,0,0,1,,,data
7600,9780879839680,,amazon,skipped,0,0,,0,0,0,0,1,,,data
7601,9780500201954,,amazon,skipped,0,0,,0,0,0,0,1,,,data
7602,9780375409202,,amazon,skipped,0,0,,0,0,0,0,1,,,data
7603,9780316941358,,amazon,skipped,0,0,,0,0,0,0,1,,,data
7604,9780061031694,,amazon,skipped,0,0,,0,0,0,0,1,,,data
7605,9780415079181,,amazon,skipped,0,0,,0,0,0,0,1,,,data
7606,9780394714127,,amazon,skipped,0,0,,0,0,0,0,1,,,data
7607,9781928999089,,amazon,skipped,0,0,,0,0,0,0,1,,,data
7608,9780440507253,,amazon,skipped,0,0,,0,0,0,0,1,,,data
7609,9780785324461,,amazon,skipped,0,0,,0,0,0,0,1,,,data
7610,9780142002957,,amazon,skipped,0,0,,0,0,0,0,1,,,data
7611,9780835605434,,amazon,skipped,0,0,,0,0,0,0,1,,,data
7612,9780817308841,,amazon,skipped,0,0,,0,0,0,0,1,,,data
7613,9780345256621,,amazon,skipped,0,0,,0,0,0,0,1,,,data
7614,9780850304459,,amazon,skipped,0,0,,0,0,0,0,1,,,data
7615,9781582430966,,amazon,skipped,0,0,,0,0,0,0,1,,,data
7616,9780850306842,,amazon,skipped,0,0,,0,0,0,0,1,,,data
7617,9780915811168,,amazon,skipped,0,0,,0,0,0,0,1,,,data
7618,9780671659042,,amazon,skipped,0,0,,0,0,0,0,1,,,data
7619,9780312192525,,amazon,skipped,0,0,,0,0,0,0,1,,,data
7620,9781551090696,,amazon,skipped,0,0,,0,0,0,0,1,,,data
7621,9780060099107,,amazon,skipped,0,0,,0,0,0,0,1,,,data
7622,9780140056693,,amazon,skipped,0,0,,0,0,0,0,1,,,data
7623,9780395881682,,amazon,skipped,0,0,,0,0,0,0,1,,,data
7624,9780517560815,,amazon,skipped,0,0,,0,0,0,0,1,,,data
7625,9780963988225,,amazon,skipped,0,0,,0,0,0,0,1,,,data
7626,9780375410086,,amazon,skipped,0,0,,0,0,0,0,1,,,data
7627,9780312890285,,amazon,skipped,0,0,,0,0,0,0,1,,,data
7628,9780760712481,,amazon,skipped,0,0,,0,0,0,0,1,,,data
7629,9780425077634,,amazon,skipped,0,0,,0,0,0,0,1,,,data
7630,9780060907525,,amazon,skipped,0,0,,0,0,0,0,1,,,data
7631,9780738850139,,amazon,skipped,0,0,,0,0,0,0,1,,,data
7632,9780345424655,,amazon,skipped,0,0,,0,0,0,0,1,,,data
7633,9781577314011,,amazon,skipped,0,0,,0,0,0,0,1,,,data
7634,9780060090623,,amazon,skipped,0,0,,0,0,0,0,1,,,data
7635,9780525473381,,amazon,skipped,0,0,,0,0,0,0,1,,,data
7636,9780525472612,,amazon,skipped,0,0,,0,0,0,0,1,,,data
7637,9780969755166,,amazon,skipped,0,0,,0,0,0,0,1,,,data
7638,9780525473398,,amazon,skipped,0,0,,0,0,0,0,1,,,data
7639,9780679450962,,amazon,skipped,0,0,,0,0,0,0,1,,,data
7640,9780525473060,,amazon,skipped,0,0,,0,0,0,0,1,,,data
7641,9780786881178,,amazon,skipped,0,0,,0,0,0,0,1,,,data
7642,9780525473541,,amazon,skipped,0,0,,0,0,0,0,1,,,data
7643,9781568842011,,amazon,skipped,0,0,,0,0,0,0,1,,,data
7644,9783630620381,,amazon,skipped,0,0,,0,0,0,0,1,,,data
7645,9780399148712,,amazon,skipped,0,0,,0,0,0,0,1,,,data
7646,9781854091291,,amazon,skipped,0,0,,0,0,0,0,1,,,data
7647,9780440470212,,amazon,skipped,0,0,,0,0,0,0,1,,,data
7648,9780804106122,,amazon,skipped,0,0,,0,0,0,0,1,,,data
7649,9780425072547,,amazon,skipped,0,0,,0,0,0,0,1,,,data
7650,9780806124599,,amazon,skipped,0,0,,0,0,0,0,1,,,data
7651,9780373254538,,amazon,skipped,0,0,,0,0,0,0,1,,,data
7652,9780806907512,,amazon,skipped,0,0,,0,0,0,0,1,,,data
7653,9781552780923,,amazon,skipped,0,0,,0,0,0,0,1,,,data
7654,9780739420706,,amazon,skipped,0,0,,0,0,0,0,1,,,data
7655,9780375400254,,amazon,skipped,0,0,,0,0,0,0,1,,,data
7656,9780931271571,,amazon,skipped,0,0,,0,0,0,0,1,,,data
7657,9781577349860,,amazon,skipped,0,0,,0,0,0,0,1,,,data
7658,9788401570599,,amazon,skipped,0,0,,0,0,0,0,1,,,data
7659,9780962109515,,amazon,skipped,0,0,,0,0,0,0,1,,,data
7660,9780786888153,,amazon,skipped,0,0,,0,0,0,0,1,,,data
7661,9788401570520,,amazon,skipped,0,0,,0,0,0,0,1,,,data
7662,9780316108843,,amazon,skipped,0,0,,0,0,0,0,1,,,data
7663,9788401570544,,amazon,skipped,0,0,,0,0,0,0,1,,,data
7664,9780876855966,,amazon,skipped,0,0,,0,0,0,0,1,,,data
7665,9780375412394,,amazon,skipped,0,0,,0,0,0,0,1,,,data
7666,9780394490380,,amazon,skipped,0,0,,0,0,0,0,1,,,data
7667,9780965752510,,amazon,skipped,0,0,,0,0,0,0,1,,,data
7668,9788401570537,,amazon,skipped,0,0,,0,0,0,0,1,,,data
7669,9780875968681,,amazon,skipped,0,0,,0,0,0,0,1,,,data
7670,9781932009101,,amazon,skipped,0,0,,0,0,0,0,1,,,data
7671,9781880029978,,amazon,skipped,0,0,,0,0,0,0,1,,,data
7672,9781565844841,,amazon,skipped,0,0,,0,0,0,0,1,,,data
7673,9788434837973,,amazon,skipped,0,0,,0,0,0,0,1,,,data
7674,9781930500082,,amazon,skipped,0,0,,0,0,0,0,1,,,data
7675,9780785271932,,amazon,skipped,0,0,,0,0,0,0,1,,,data
7676,9781567921717,,amazon,skipped,0,0,,0,0,0,0,1,,,data
7677,9780863581427,,amazon,skipped,0,0,,0,0,0,0,1,,,data
7678,9780698114272,,amazon,skipped,0,0,,0,0,0,0,1,,,data
7679,9780028643724,,amazon,skipped,0,0,,0,0,0,0,1,,,data
7680,9780696016257,,amazon,skipped,0,0,,0,0,0,0,1,,,data
7681,9780821737170,,amazon,skipped,0,0,,0,0,0,0,1,,,data
7682,9780312180867,,amazon,skipped,0,0,,0,0,0,0,1,,,data
7683,9780152006723,,amazon,skipped,0,0,,0,0,0,0,1,,,data
7684,9780395562673,,amazon,skipped,0,0,,0,0,0,0,1,,,data
7685,9780684802862,,amazon,skipped,0,0,,0,0,0,0,1,,,data
7686,9788432021473,,amazon,skipped,0,0,,0,0,0,0,1,,,data
7687,9780316803595,,amazon,skipped,0,0,,0,0,0,0,1,,,data
7688,9780156005845,,amazon,skipped,0,0,,0,0,0,0,1,,,data
7689,9788432021497,,amazon,skipped,0,0,,0,0,0,0,1,,,data
7690,9780449901854,,amazon,skipped,0,0,,0,0,0,0,1,,,data
7691,9780448034874,,amazon,skipped,0,0,,0,0,0,0,1,,,data
7692,9788401433665,,amazon,skipped,0,0,,0,0,0,0,1,,,data
7693,9780030000836,,amazon,skipped,0,0,,0,0,0,0,1,,,data
7694,9780399221279,,amazon,skipped,0,0,,0,0,0,0,1,,,data
7695,9780688168414,,amazon,skipped,0,0,,0,0,0,0,1,,,data
7696,9788433970039,,amazon,skipped,0,0,,0,0,0,0,1,,,data
7697,9780931089022,,amazon,skipped,0,0,,0,0,0,0,1,,,data
7698,9780399149467,,amazon,skipped,0,0,,0,0,0,0,1,,,data
7699,9788495971128,,amazon,skipped,0,0,,0,0,0,0,1,,,data
7700,9780876665565,,amazon,skipped,0,0,,0,0,0,0,1,,,data
7701,9788495971012,,amazon,skipped,0,0,,0,0,0,0,1,,,data
7702,9780394891279,,amazon,skipped,0,0,,0,0,0,0,1,,,data
7703,9780385293631,,amazon,skipped,0,0,,0,0,0,0,1,,,data
7704,9788433966902,,amazon,skipped,0,0,,0,0,0,0,1,,,data
7705,9780312186852,,amazon,skipped,0,0,,0,0,0,0,1,,,data
7706,9780689500091,,amazon,skipped,0,0,,0,0,0,0,1,,,data
7707,9788486311506,,amazon,skipped,0,0,,0,0,0,0,1,,,data
7708,9780883656990,,amazon,skipped,0,0,,0,0,0,0,1,,,data
7709,9780811829519,,amazon,skipped,0,0,,0,0,0,0,1,,,data
7710,9788433966728,,amazon,skipped,0,0,,0,0,0,0,1,,,data
7711,9780966286052,,amazon,skipped,0,0,,0,0,0,0,1,,,data
7712,9780762406050,,amazon,skipped,0,0,,0,0,0,0,1,,,data
7713,9780670031979,,amazon,skipped,0,0,,0,0,0,0,1,,,data
7714,9780441775675,,amazon,skipped,0,0,,0,0,0,0,1,,,data
7715,9780913589779,,amazon,skipped,0,0,,0,0,0,0,1,,,data
7716,9781892127198,,amazon,skipped,0,0,,0,0,0,0,1,,,data
7717,9780895775825,,amazon,skipped,0,0,,0,0,0,0,1,,,data
7718,9780380790067,,amazon,skipped,0,0,,0,0,0,0,1,,,data
7719,9783442453573,,amazon,skipped,0,0,,0,0,0,0,1,,,data
7720,9780843910841,,amazon,skipped,0,0,,0,0,0,0,1,,,data
7721,9780671625337,,amazon,skipped,0,0,,0,0,0,0,1,,,data
7722,9783404138456,,amazon,skipped,0,0,,0,0,0,0,1,,,data
7723,9780892438778,,amazon,skipped,0,0,,0,0,0,0,1,,,data
7724,9780395365113,,amazon,skipped,0,0,,0,0,0,0,1,,,data
7725,9780843929607,,amazon,skipped,0,0,,0,0,0,0,1,,,data
7726,9780553486575,,amazon,skipped,0,0,,0,0,0,0,1,,,data
7727,9780062503985,,amazon,skipped,0,0,,0,0,0,0,1,,,data
7728,9780671628994,,amazon,skipped,0,0,,0,0,0,0,1,,,data
7729,9780684824680,,amazon,skipped,0,0,,0,0,0,0,1,,,data
7730,9780380755578,,amazon,skipped,0,0,,0,0,0,0,1,,,data
7731,9780380751594,,amazon,skipped,0,0,,0,0,0,0,1,,,data
7732,9781863711425,,amazon,skipped,0,0,,0,0,0,0,1,,,data
7733,9780373286843,,amazon,skipped,0,0,,0,0,0,0,1,,,data
7734,9780746005637,,amazon,skipped,0,0,,0,0,0,0,1,,,data
7735,9780373072569,,amazon,skipped,0,0,,0,0,0,0,1,,,data
7736,9780394849614,,amazon,skipped,0,0,,0,0,0,0,1,,,data
7737,9780373072644,,amazon,skipped,0,0,,0,0,0,0,1,,,data
7738,9780570090489,,amazon,skipped,0,0,,0,0,0,0,1,,,data
7739,9780590418201,,amazon,skipped,0,0,,0,0,0,0,1,,,data
7740,9780061080364,,amazon,skipped,0,0,,0,0,0,0,1,,,data
7741,9781896356136,,amazon,skipped,0,0,,0,0,0,0,1,,,data
7742,9780590469005,,amazon,skipped,0,0,,0,0,0,0,1,,,data
7743,9780609808016,,amazon,skipped,0,0,,0,0,0,0,1,,,data
7744,9783401047133,,amazon,skipped,0,0,,0,0,0,0,1,,,data
7745,9780451177223,,amazon,skipped,0,0,,0,0,0,0,1,,,data
7746,9780899545103,,amazon,skipped,0,0,,0,0,0,0,1,,,data
7747,9781576737163,,amazon,skipped,0,0,,0,0,0,0,1,,,data
7748,9780066211268,,amazon,skipped,0,0,,0,0,0,0,1,,,data
7749,9780140106800,,amazon,skipped,0,0,,0,0,0,0,1,,,data
7750,9780746010822,,amazon,skipped,0,0,,0,0,0,0,1,,,data
7751,9780821737804,,amazon,skipped,0,0,,0,0,0,0,1,,,data
7752,9783423621052,,amazon,skipped,0,0,,0,0,0,0,1,,,data
7753,9780380978601,,amazon,skipped,0,0,,0,0,0,0,1,,,data
7754,9780679885290,,amazon,skipped,0,0,,0,0,0,0,1,,,data
7755,9780373286508,,amazon,skipped,0,0,,0,0,0,0,1,,,data
7756,9780821753989,,amazon,skipped,0,0,,0,0,0,0,1,,,data
7757,9781551663197,,amazon,skipped,0,0,,0,0,0,0,1,,,data
7758,9780394872261,,amazon,skipped,0,0,,0,0,0,0,1,,,data
7759,9780380766888,,amazon,skipped,0,0,,0,0,0,0,1,,,data
7760,9780380768530,,amazon,skipped,0,0,,0,0,0,0,1,,,data
7761,9780809166244,,amazon,skipped,0,0,,0,0,0,0,1,,,data
7762,9780061080128,,amazon,skipped,0,0,,0,0,0,0,1,,,data
7763,9780060170790,,amazon,skipped,0,0,,0,0,0,0,1,,,data
7764,9782894293935,,amazon,skipped,0,0,,0,0,0,0,1,,,data
7765,9780898210910,,amazon,skipped,0,0,,0,0,0,0,1,,,data
7766,9781400040384,,amazon,skipped,0,0,,0,0,0,0,1,,,data
7767,9780375726071,,amazon,skipped,0,0,,0,0,0,0,1,,,data
7768,9781411604667,,amazon,skipped,0,0,,0,0,0,0,1,,,data
7769,9781585790395,,amazon,skipped,0,0,,0,0,0,0,1,,,data
7770,9780553201574,,amazon,skipped,0,0,,0,0,0,0,1,,,data
7771,9780812930573,,amazon,skipped,0,0,,0,0,0,0,1,,,data
7772,9780688146061,,amazon,skipped,0,0,,0,0,0,0,1,,,data
7773,9780525941040,,amazon,skipped,0,0,,0,0,0,0,1,,,data
7774,9780062511720,,amazon,skipped,0,0,,0,0,0,0,1,,,data
7775,9781893896062,,amazon,skipped,0,0,,0,0,0,0,1,,,data
7776,9780312281991,,amazon,skipped,0,0,,0,0,0,0,1,,,data
7777,9780316610896,,amazon,skipped,0,0,,0,0,0,0,1,,,data
7778,9780895944115,,amazon,skipped,0,0,,0,0,0,0,1,,,data
7779,9781582442617,,amazon,skipped,0,0,,0,0,0,0,1,,,data
7780,9780892838547,,amazon,skipped,0,0,,0,0,0,0,1,,,data
7781,9780517082409,,amazon,skipped,0,0,,0,0,0,0,1,,,data
7782,9781580630870,,amazon,skipped,0,0,,0,0,0,0,1,,,data
7783,9780872237537,,amazon,skipped,0,0,,0,0,0,0,1,,,data
7784,9781931296120,,amazon,skipped,0,0,,0,0,0,0,1,,,data
7785,9780312981662,,amazon,skipped,0,0,,0,0,0,0,1,,,data
7786,9780965863902,,amazon,skipped,0,0,,0,0,0,0,1,,,data
7787,9781931296113,,amazon,skipped,0,0,,0,0,0,0,1,,,data
7788,9780312071837,,amazon,skipped,0,0,,0,0,0,0,1,,,data
7789,9780801055584,,amazon,skipped,0,0,,0,0,0,0,1,,,data
7790,9780140369267,,amazon,skipped,0,0,,0,0,0,0,1,,,data
7791,9780963941909,,amazon,skipped,0,0,,0,0,0,0,1,,,data
7792,9780312959685,,amazon,skipped,0,0,,0,0,0,0,1,,,data
7793,9780972633901,,amazon,skipped,0,0,,0,0,0,0,1,,,data
7794,9780395815687,,amazon,skipped,0,0,,0,0,0,0,1,,,data
7795,9780385133913,,amazon,skipped,0,0,,0,0,0,0,1,,,data
7796,9780028631967,,amazon,skipped,0,0,,0,0,0,0,1,,,data
7797,9780399509308,,amazon,skipped,0,0,,0,0,0,0,1,,,data
7798,9780316279017,,amazon,skipped,0,0,,0,0,0,0,1,,,data
7799,9780679767473,,amazon,skipped,0,0,,0,0,0,0,1,,,data
7800,9780312186913,,amazon,skipped,0,0,,0,0,0,0,1,,,data
7801,9780760720677,,amazon,skipped,0,0,,0,0,0,0,1,,,data
7802,9781573241960,,amazon,skipped,0,0,,0,0,0,0,1,,,data
7803,9780517584910,,amazon,skipped,0,0,,0,0,0,0,1,,,data
7804,9780671522933,,amazon,skipped,0,0,,0,0,0,0,1,,,data
7805,9780832605529,,amazon,skipped,0,0,,0,0,0,0,1,,,data
7806,9780142001875,,amazon,skipped,0,0,,0,0,0,0,1,,,data
7807,9780786830879,,amazon,skipped,0,0,,0,0,0,0,1,,,data
7808,9780312180089,,amazon,skipped,0,0,,0,0,0,0,1,,,data
7809,9780395650257,,amazon,skipped,0,0,,0,0,0,0,1,,,data
7810,9780789441164,,amazon,skipped,0,0,,0,0,0,0,1,,,data
7811,9780786709823,,amazon,skipped,0,0,,0,0,0,0,1,,,data
7812,9780345256089,,amazon,skipped,0,0,,0,0,0,0,1,,,data
7813,9780312852917,,amazon,skipped,0,0,,0,0,0,0,1,,,data
7814,9780785805090,,amazon,skipped,0,0,,0,0,0,0,1,,,data
7815,9780786708475,,amazon,skipped,0,0,,0,0,0,0,1,,,data
7816,9780060159368,,amazon,skipped,0,0,,0,0,0,0,1,,,data
7817,9780312280819,,amazon,skipped,0,0,,0,0,0,0,1,,,data
7818,9780385497060,,amazon,skipped,0,0,,0,0,0,0,1,,,data
7819,9780517701720,,amazon,skipped,0,0,,0,0,0,0,1,,,data
7820,9780671682194,,amazon,skipped,0,0,,0,0,0,0,1,,,data
7821,9780658003745,,amazon,skipped,0,0,,0,0,0,0,1,,,data
7822,9780939416820,,amazon,skipped,0,0,,0,0,0,0,1,,,data
7823,9780452278530,,amazon,skipped,0,0,,0,0,0,0,1,,,data
7824,9780813009100,,amazon,skipped,0,0,,0,0,0,0,1,,,data
7825,9780689833755,,amazon,skipped,0,0,,0,0,0,0,1,,,data
7826,9780440402893,,amazon,skipped,0,0,,0,0,0,0,1,,,data
7827,9780813009483,,amazon,skipped,0,0,,0,0,0,0,1,,,data
7828,9780442252571,,amazon,skipped,0,0,,0,0,0,0,1,,,data
7829,9780964095595,,amazon,skipped,0,0,,0,0,0,0,1,,,data
7830,9780380974290,,amazon,skipped,0,0,,0,0,0,0,1,,,data
7831,9780440407454,,amazon,skipped,0,0,,0,0,0,0,1,,,data
7832,9780553219807,,amazon,skipped,0,0,,0,0,0,0,1,,,data
7833,9780821748213,,amazon,skipped,0,0,,0,0,0,0,1,,,data
7834,9780684827667,,amazon,skipped,0,0,,0,0,0,0,1,,,data
7835,9780553219784,,amazon,skipped,0,0,,0,0,0,0,1,,,data
7836,9781880404195,,amazon,skipped,0,0,,0,0,0,0,1,,,data
7837,9780394827056,,amazon,skipped,0,0,,0,0,0,0,1,,,data
7838,9780553219791,,amazon,skipped,0,0,,0,0,0,0,1,,,data
7839,9781573920377,,amazon,skipped,0,0,,0,0,0,0,1,,,data
7840,9780385486613,,amazon,skipped,0,0,,0,0,0,0,1,,,data
7841,9780842325103,,amazon,skipped,0,0,,0,0,0,0,1,,,data
7842,9780590980685,,amazon,skipped,0,0,,0,0,0,0,1,,,data
7843,9780760727935,,amazon,skipped,0,0,,0,0,0,0,1,,,data
7844,9780553218985,,amazon,skipped,0,0,,0,0,0,0,1,,,data
7845,9780590444545,,amazon,skipped,0,0,,0,0,0,0,1,,,data
7846,9780451135629,,amazon,skipped,0,0,,0,0,0,0,1,,,data
7847,9780915720132,,amazon,skipped,0,0,,0,0,0,0,1,,,data
7848,9780743423991,,amazon,skipped,0,0,,0,0,0,0,1,,,data
7849,9780451400574,,amazon,skipped,0,0,,0,0,0,0,1,,,data
7850,9780912678580,,amazon,skipped,0,0,,0,0,0,0,1,,,data
7851,9781562920302,,amazon,skipped,0,0,,0,0,0,0,1,,,data
7852,9780671742966,,amazon,skipped,0,0,,0,0,0,0,1,,,data
7853,9781580172028,,amazon,skipped,0,0,,0,0,0,0,1,,,data
7854,9781573225809,,amazon,skipped,0,0,,0,0,0,0,1,,,data
7855,9780312858049,,amazon,skipped,0,0,,0,0,0,0,1,,,data
7856,9781565072527,,amazon,skipped,0,0,,0,0,0,0,1,,,data
7857,9780385176002,,amazon,skipped,0,0,,0,0,0,0,1,,,data
7858,9780373970155,,amazon,skipped,0,0,,0,0,0,0,1,,,data
7859,9780800713188,,amazon,skipped,0,0,,0,0,0,0,1,,,data
7860,9780671755768,,amazon,skipped,0,0,,0,0,0,0,1,,,data
7861,9780373970131,,amazon,skipped,0,0,,0,0,0,0,1,,,data
7862,9781583340417,,amazon,skipped,0,0,,0,0,0,0,1,,,data
7863,9780811810487,,amazon,skipped,0,0,,0,0,0,0,1,,,data
7864,9780375760402,,amazon,skipped,0,0,,0,0,0,0,1,,,data
7865,9780809166336,,amazon,skipped,0,0,,0,0,0,0,1,,,data
7866,9780062514660,,amazon,skipped,0,0,,0,0,0,0,1,,,data
7867,9780875080710,,amazon,skipped,0,0,,0,0,0,0,1,,,data
7868,9780802775245,,amazon,skipped,0,0,,0,0,0,0,1,,,data
7869,9781569472132,,amazon,skipped,0,0,,0,0,0,0,1,,,data
7870,9780890660843,,amazon,skipped,0,0,,0,0,0,0,1,,,data
7871,9781567315165,,amazon,skipped,0,0,,0,0,0,0,1,,,data
7872,9781859675151,,amazon,skipped,0,0,,0,0,0,0,1,,,data
7873,9780207158636,,amazon,skipped,0,0,,0,0,0,0,1,,,data
7874,9780800717070,,amazon,skipped,0,0,,0,0,0,0,1,,,data
7875,9780590406321,,amazon,skipped,0,0,,0,0,0,0,1,,,data
7876,9781883211035,,amazon,skipped,0,0,,0,0,0,0,1,,,data
7877,9780892839063,,amazon,skipped,0,0,,0,0,0,0,1,,,data
7878,9780307119469,,amazon,skipped,0,0,,0,0,0,0,1,,,data
7879,9780375502538,,amazon,skipped,0,0,,0,0,0,0,1,,,data
7880,9780882665917,,amazon,skipped,0,0,,0,0,0,0,1,,,data
7881,9780965866873,,amazon,skipped,0,0,,0,0,0,0,1,,,data
7882,9780486244426,,amazon,skipped,0,0,,0,0,0,0,1,,,data
7883,9780766709522,,amazon,skipped,0,0,,0,0,0,0,1,,,data
7884,9780892838011,,amazon,skipped,0,0,,0,0,0,0,1,,,data
7885,9780590489331,,amazon,skipped,0,0,,0,0,0,0,1,,,data
7886,9780517569894,,amazon,skipped,0,0,,0,0,0,0,1,,,data
7887,9780892833528,,amazon,skipped,0,0,,0,0,0,0,1,,,data
7888,9780446911719,,amazon,skipped,0,0,,0,0,0,0,1,,,data
7889,9780060622138,,amazon,skipped,0,0,,0,0,0,0,1,,,data
7890,9781561380374,,amazon,skipped,0,0,,0,0,0,0,1,,,data
7891,9781878424075,,amazon,skipped,0,0,,0,0,0,0,1,,,data
7892,9781576737040,,amazon,skipped,0,0,,0,0,0,0,1,,,data
7893,9780836200553,,amazon,skipped,0,0,,0,0,0,0,1,,,data
7894,9780800715885,,amazon,skipped,0,0,,0,0,0,0,1,,,data
7895,9780139387791,,amazon,skipped,0,0,,0,0,0,0,1,,,data
7896,9780880885751,,amazon,skipped,0,0,,0,0,0,0,1,,,data
7897,9781582290959,,amazon,skipped,0,0,,0,0,0,0,1,,,data
7898,9780132193955,,amazon,skipped,0,0,,0,0,0,0,1,,,data
7899,9780802139856,,amazon,skipped,0,0,,0,0,0,0,1,,,data
7900,9780809135042,,amazon,skipped,0,0,,0,0,0,0,1,,,data
7901,9780679729891,,amazon,skipped,0,0,,0,0,0,0,1,,,data
7902,9781878990907,,amazon,skipped,0,0,,0,0,0,0,1,,,data
7903,9780877283638,,amazon,skipped,0,0,,0,0,0,0,1,,,data
7904,9780883964675,,amazon,skipped,0,0,,0,0,0,0,1,,,data
7905,9780877283621,,amazon,skipped,0,0,,0,0,0,0,1,,,data
7906,9781878990914,,amazon,skipped,0,0,,0,0,0,0,1,,,data
7907,9780679424277,,amazon,skipped,0,0,,0,0,0,0,1,,,data
7908,9780802870100,,amazon,skipped,0,0,,0,0,0,0,1,,,data
7909,9780425046814,,amazon,skipped,0,0,,0,0,0,0,1,,,data
7910,9780892560783,,amazon,skipped,0,0,,0,0,0,0,1,,,data
7911,9781558748989,,amazon,skipped,0,0,,0,0,0,0,1,,,data
7912,9781561640423,,amazon,skipped,0,0,,0,0,0,0,1,,,data
7913,9780385038560,,amazon,skipped,0,0,,0,0,0,0,1,,,data
7914,9780061000881,,amazon,skipped,0,0,,0,0,0,0,1,,,data
7915,9781558749825,,amazon,skipped,0,0,,0,0,0,0,1,,,data
7916,9780671252519,,amazon,skipped,0,0,,0,0,0,0,1,,,data
7917,9781561640706,,amazon,skipped,0,0,,0,0,0,0,1,,,data
7918,9780803709058,,amazon,skipped,0,0,,0,0,0,0,1,,,data
7919,9780757300387,,amazon,skipped,0,0,,0,0,0,0,1,,,data
7920,9780525945109,,amazon,skipped,0,0,,0,0,0,0,1,,,data
7921,9780140345780,,amazon,skipped,0,0,,0,0,0,0,1,,,data
7922,9780375501098,,amazon,skipped,0,0,,0,0,0,0,1,,,data
7923,9780156005708,,amazon,skipped,0,0,,0,0,0,0,1,,,data
7924,9780793818815,,amazon,skipped,0,0,,0,0,0,0,1,,,data
7925,9781854106278,,amazon,skipped,0,0,,0,0,0,0,1,,,data
7926,9780757300189,,amazon,skipped,0,0,,0,0,0,0,1,,,data
7927,9780671875282,,amazon,skipped,0,0,,0,0,0,0,1,,,data
7928,9780395428573,,amazon,skipped,0,0,,0,0,0,0,1,,,data
7929,9780399523878,,amazon,skipped,0,0,,0,0,0,0,1,,,data
7930,9780684862361,,amazon,skipped,0,0,,0,0,0,0,1,,,data
7931,9780385293716,,amazon,skipped,0,0,,0,0,0,0,1,,,data
7932,9780446729079,,amazon,skipped,0,0,,0,0,0,0,1,,,data
7933,9780918259011,,amazon,skipped,0,0,,0,0,0,0,1,,,data
7934,9780525673156,,amazon,skipped,0,0,,0,0,0,0,1,,,data
7935,9781558749658,,amazon,skipped,0,0,,0,0,0,0,1,,,data
7936,9781551973067,,amazon,skipped,0,0,,0,0,0,0,1,,,data
7937,9780440224952,,amazon,skipped,0,0,,0,0,0,0,1,,,data
7938,9780310468028,,amazon,skipped,0,0,,0,0,0,0,1,,,data
7939,9780553296549,,amazon,skipped,0,0,,0,0,0,0,1,,,data
7940,9781568655710,,amazon,skipped,0,0,,0,0,0,0,1,,,data
7941,9780061000157,,amazon,skipped,0,0,,0,0,0,0,1,,,data
7942,9780394529165,,amazon,skipped,0,0,,0,0,0,0,1,,,data
7943,9781552229804,,amazon,skipped,0,0,,0,0,0,0,1,,,data
7944,9780207197161,,amazon,skipped,0,0,,0,0,0,0,1,,,data
7945,9780684872209,,amazon,skipped,0,0,,0,0,0,0,1,,,data
7946,9780373484034,,amazon,skipped,0,0,,0,0,0,0,1,,,data
7947,9780060912413,,amazon,skipped,0,0,,0,0,0,0,1,,,data
7948,9780446517126,,amazon,skipped,0,0,,0,0,0,0,1,,,data
7949,9780316249553,,amazon,skipped,0,0,,0,0,0,0,1,,,data
7950,9780884861553,,amazon,skipped,0,0,,0,0,0,0,1,,,data
7951,9780943358277,,amazon,skipped,0,0,,0,0,0,0,1,,,data
7952,9780451401601,,amazon,skipped,0,0,,0,0,0,0,1,,,data
7953,9780590228671,,amazon,skipped,0,0,,0,0,0,0,1,,,data
7954,9780380976935,,amazon,skipped,0,0,,0,0,0,0,1,,,data
7955,9780446936842,,amazon,skipped,0,0,,0,0,0,0,1,,,data
7956,9780394580197,,amazon,skipped,0,0,,0,0,0,0,1,,,data
7957,9780553233223,,amazon,skipped,0,0,,0,0,0,0,1,,,data
7958,9780590456524,,amazon,skipped,0,0,,0,0,0,0,1,,,data
7959,9780373834303,,amazon,skipped,0,0,,0,0,0,0,1,,,data
7960,9781586601430,,amazon,skipped,0,0,,0,0,0,0,1,,,data
7961,9780840730756,,amazon,skipped,0,0,,0,0,0,0,1,,,data
7962,9781562925123,,amazon,skipped,0,0,,0,0,0,0,1,,,data
7963,9780849929830,,amazon,skipped,0,0,,0,0,0,0,1,,,data
7964,9780679432906,,amazon,skipped,0,0,,0,0,0,0,1,,,data
7965,9781558745476,,amazon,skipped,0,0,,0,0,0,0,1,,,data
7966,9780397012169,,amazon,skipped,0,0,,0,0,0,0,1,,,data
7967,9780590059978,,amazon,skipped,0,0,,0,0,0,0,1,,,data
7968,9780385276603,,amazon,skipped,0,0,,0,0,0,0,1,,,data
7969,9780757300882,,amazon,skipped,0,0,,0,0,0,0,1,,,data
7970,9780590470148,,amazon,skipped,0,0,,0,0,0,0,1,,,data
7971,9780449236901,,amazon,skipped,0,0,,0,0,0,0,1,,,data
7972,9780590449601,,amazon,skipped,0,0,,0,0,0,0,1,,,data
7973,9781576734919,,amazon,skipped,0,0,,0,0,0,0,1,,,data
7974,9780914955870,,amazon,skipped,0,0,,0,0,0,0,1,,,data
7975,9780373834327,,amazon,skipped,0,0,,0,0,0,0,1,,,data
7976,9780689120893,,amazon,skipped,0,0,,0,0,0,0,1,,,data
7977,9780806982663,,amazon,skipped,0,0,,0,0,0,0,1,,,data
7978,9780816714155,,amazon,skipped,0,0,,0,0,0,0,1,,,data
7979,9780345405838,,amazon,skipped,0,0,,0,0,0,0,1,,,data
7980,9780806942346,,amazon,skipped,0,0,,0,0,0,0,1,,,data
7981,9780590460675,,amazon,skipped,0,0,,0,0,0,0,1,,,data
7982,9780816706099,,amazon,skipped,0,0,,0,0,0,0,1,,,data
7983,9780871296153,,amazon,skipped,0,0,,0,0,0,0,1,,,data
7984,9781558749375,,amazon,skipped,0,0,,0,0,0,0,1,,,data
7985,9780671767327,,amazon,skipped,0,0,,0,0,0,0,1,,,data
7986,9780449907139,,amazon,skipped,0,0,,0,0,0,0,1,,,data
7987,9780671680534,,amazon,skipped,0,0,,0,0,0,0,1,,,data
7988,9780393051537,,amazon,skipped,0,0,,0,0,0,0,1,,,data
7989,9780380753826,,amazon,skipped,0,0,,0,0,0,0,1,,,data
7990,9780380018246,,amazon,skipped,0,0,,0,0,0,0,1,,,data
7991,9780590435697,,amazon,skipped,0,0,,0,0,0,0,1,,,data
7992,9781582292052,,amazon,skipped,0,0,,0,0,0,0,1,,,data
7993,9781563525223,,amazon,skipped,0,0,,0,0,0,0,1,,,data
7994,9780446517225,,amazon,skipped,0,0,,0,0,0,0,1,,,data
7995,9780812925913,,amazon,skipped,0,0,,0,0,0,0,1,,,data
7996,9781582292304,,amazon,skipped,0,0,,0,0,0,0,1,,,data
7997,9781889538617,,amazon,skipped,0,0,,0,0,0,0,1,,,data
7998,9780786882755,,amazon,skipped,0,0,,0,0,0,0,1,,,data
7999,9780590456487,,amazon,skipped,0,0,,0,0,0,0,1,,,data
8000,9780312280444,,amazon,skipped,0,0,,0,0,0,0,1,,,data
8001,9780312112578,,amazon,skipped,0,0,,0,0,0,0,1,,,data
8002,9781889538594,,amazon,skipped,0,0,,0,0,0,0,1,,,data
8003,9780590503501,,amazon,skipped,0,0,,0,0,0,0,1,,,data
8004,9781889538020,,amazon,skipped,0,0,,0,0,0,0,1,,,data
8005,9781577487777,,amazon,skipped,0,0,,0,0,0,0,1,,,data
8006,9781889538587,,amazon,skipped,0,0,,0,0,0,0,1,,,data
8007,9780590334815,,amazon,skipped,0,0,,0,0,0,0,1,,,data
8008,9780373163113,,amazon,skipped,0,0,,0,0,0,0,1,,,data
8009,9780816717071,,amazon,skipped,0,0,,0,0,0,0,1,,,data
8010,9780312154714,,amazon,skipped,0,0,,0,0,0,0,1,,,data
8011,9781889538600,,amazon,skipped,0,0,,0,0,0,0,1,,,data
8012,9780590483063,,amazon,skipped,0,0,,0,0,0,0,1,,,data
8013,9780373193509,,amazon,skipped,0,0,,0,0,0,0,1,,,data
8014,9780590405102,,amazon,skipped,0,0,,0,0,0,0,1,,,data
8015,9781889538082,,amazon,skipped,0,0,,0,0,0,0,1,,,data
8016,9780373193943,,amazon,skipped,0,0,,0,0,0,0,1,,,data
8017,9780140350579,,amazon,skipped,0,0,,0,0,0,0,1,,,data
8018,9781889538006,,amazon,skipped,0,0,,0,0,0,0,1,,,data
8019,9781889538129,,amazon,skipped,0,0,,0,0,0,0,1,,,data
8020,9780061040931,,amazon,skipped,0,0,,0,0,0,0,1,,,data
8021,9780373163052,,amazon,skipped,0,0,,0,0,0,0,1,,,data
8022,9780590338134,,amazon,skipped,0,0,,0,0,0,0,1,,,data
8023,9780060953607,,amazon,skipped,0,0,,0,0,0,0,1,,,data
8024,9780440206231,,amazon,skipped,0,0,,0,0,0,0,1,,,data
8025,9780425080344,,amazon,skipped,0,0,,0,0,0,0,1,,,data
8026,9780671041748,,amazon,skipped,0,0,,0,0,0,0,1,,,data
8027,9780812505870,,amazon,skipped,0,0,,0,0,0,0,1,,,data
8028,9780440212362,,amazon,skipped,0,0,,0,0,0,0,1,,,data
8029,9780060534387,,amazon,skipped,0,0,,0,0,0,0,1,,,data
8030,9780373254255,,amazon,skipped,0,0,,0,0,0,0,1,,,data
8031,9780553443943,,amazon,skipped,0,0,,0,0,0,0,1,,,data
8032,9781574860214,,amazon,skipped,0,0,,0,0,0,0,1,,,data
8033,9780373254217,,amazon,skipped,0,0,,0,0,0,0,1,,,data
8034,9780060969745,,amazon,skipped,0,0,,0,0,0,0,1,,,data
8035,9780451165947,,amazon,skipped,0,0,,0,0,0,0,1,,,data
8036,9780373254170,,amazon,skipped,0,0,,0,0,0,0,1,,,data
8037,9780671796914,,amazon,skipped,0,0,,0,0,0,0,1,,,data
8038,9780670030583,,amazon,skipped,0,0,,0,0,0,0,1,,,data
8039,9780446382953,,amazon,skipped,0,0,,0,0,0,0,1,,,data
8040,9781582790701,,amazon,skipped,0,0,,0,0,0,0,1,,,data
8041,9780312157913,,amazon,skipped,0,0,,0,0,0,0,1,,,data
8042,9780688033866,,amazon,skipped,0,0,,0,0,0,0,1,,,data
8043,9780821717783,,amazon,skipped,0,0,,0,0,0,0,1,,,data
8044,9780312860455,,amazon,skipped,0,0,,0,0,0,0,1,,,data
8045,9780821717790,,amazon,skipped,0,0,,0,0,0,0,1,,,data
8046,9780871068675,,amazon,skipped,0,0,,0,0,0,0,1,,,data
8047,9781566490443,,amazon,skipped,0,0,,0,0,0,0,1,,,data
8048,9780316818155,,amazon,skipped,0,0,,0,0,0,0,1,,,data
8049,9781582430164,,amazon,skipped,0,0,,0,0,0,0,1,,,data
8050,9780385313803,,amazon,skipped,0,0,,0,0,0,0,1,,,data
8051,9780380703111,,amazon,skipped,0,0,,0,0,0,0,1,,,data
8052,9780800753740,,amazon,skipped,0,0,,0,0,0,0,1,,,data
8053,9780446354103,,amazon,skipped,0,0,,0,0,0,0,1,,,data
8054,9781551923017,,amazon,skipped,0,0,,0,0,0,0,1,,,data
8055,9780385152747,,amazon,skipped,0,0,,0,0,0,0,1,,,data
8056,9780525937371,,amazon,skipped,0,0,,0,0,0,0,1,,,data
8057,9780373832613,,amazon,skipped,0,0,,0,0,0,0,1,,,data
8058,9780962858703,,amazon,skipped,0,0,,0,0,0,0,1,,,data
8059,9789518841473,,amazon,skipped,0,0,,0,0,0,0,1,,,data
8060,9780782903621,,amazon,skipped,0,0,,0,0,0,0,1,,,data
8061,9780871132598,,amazon,skipped,0,0,,0,0,0,0,1,,,data
8062,9780821727898,,amazon,skipped,0,0,,0,0,0,0,1,,,data
8063,9780671459512,,amazon,skipped,0,0,,0,0,0,0,1,,,data
8064,9780375505669,,amazon,skipped,0,0,,0,0,0,0,1,,,data
8065,9780449146590,,amazon,skipped,0,0,,0,0,0,0,1,,,data
8066,9780876854242,,amazon,skipped,0,0,,0,0,0,0,1,,,data
8067,9781561630707,,amazon,skipped,0,0,,0,0,0,0,1,,,data
8068,9780352334589,,amazon,skipped,0,0,,0,0,0,0,1,,,data
8069,9781853712623,,amazon,skipped,0,0,,0,0,0,0,1,,,data
8070,9780939680429,,amazon,skipped,0,0,,0,0,0,0,1,,,data
8071,9780821752067,,amazon,skipped,0,0,,0,0,0,0,1,,,data
8072,9780671661571,,amazon,skipped,0,0,,0,0,0,0,1,,,data
8073,9780740706813,,amazon,skipped,0,0,,0,0,0,0,1,,,data
8074,9780865475595,,amazon,skipped,0,0,,0,0,0,0,1,,,data
8075,9780684184616,,amazon,skipped,0,0,,0,0,0,0,1,,,data
8076,9780740738173,,amazon,skipped,0,0,,0,0,0,0,1,,,data
8077,9780740726774,,amazon,skipped,0,0,,0,0,0,0,1,,,data
8078,9780425132067,,amazon,skipped,0,0,,0,0,0,0,1,,,data
8079,9780375707179,,amazon,skipped,0,0,,0,0,0,0,1,,,data
8080,9781891575136,,amazon,empty,0,7,title; authors; publisher; origin; date_of_publication; language; genres,0,0,0,0,10,,,data
8081,9780553294552,,amazon,skipped,0,0,,0,0,0,0,1,,,data
8082,9780684163833,,amazon,skipped,0,0,,0,0,0,0,1,,,data
8083,9780345410313,,amazon,skipped,0,0,,0,0,0,0,1,,,data
8084,9780895772541,,amazon,skipped,0,0,,0,0,0,0,1,,,data
8085,9780525245063,,amazon,skipped,0,0,,0,0,0,0,1,,,data
8086,9780876120415,,amazon,skipped,0,0,,0,0,0,0,1,,,data
8087,9780523417844,,amazon,skipped,0,0,,0,0,0,0,1,,,data
8088,9780679602972,,amazon,skipped,0,0,,0,0,0,0,1,,,data
8089,9780201105544,,amazon,skipped,0,0,,0,0,0,0,1,,,data
8090,9780523407234,,amazon,skipped,0,0,,0,0,0,0,1,,,data
8091,9780899194387,,amazon,skipped,0,0,,0,0,0,0,1,,,data
8092,9780345303721,,amazon,skipped,0,0,,0,0,0,0,1,,,data
8093,9780441006113,,amazon,skipped,0,0,,0,0,0,0,1,,,data
8094,9780440178101,,amazon,skipped,0,0,,0,0,0,0,1,,,data
8095,9780876852293,,amazon,skipped,0,0,,0,0,0,0,1,,,data
8096,9780876852033,,amazon,skipped,0,0,,0,0,0,0,1,,,data
8097,9780345430564,,amazon,skipped,0,0,,0,0,0,0,1,,,data
8098,9780812510089,,amazon,skipped,0,0,,0,0,0,0,1,,,data
8099,9780136508137,,amazon,skipped,0,0,,0,0,0,0,1,,,data
8100,9780842305228,,amazon,skipped,0,0,,0,0,0,0,1,,,data
8101,9780688110352,,amazon,skipped,0,0,,0,0,0,0,1,,,data
8102,9780345430533,,amazon,skipped,0,0,,0,0,0,0,1,,,data
8103,9780140066821,,amazon,skipped,0,0,,0,0,0,0,1,,,data
8104,9780671426095,,amazon,skipped,0,0,,0,0,0,0,1,,,data
8105,9780531003343,,amazon,skipped,0,0,,0,0,0,0,1,,,data
8106,9780451167705,,amazon,skipped,0,0,,0,0,0,0,1,,,data
8107,9780553441093,,amazon,skipped,0,0,,0,0,0,0,1,,,data
8108,9781882606023,,amazon,skipped,0,0,,0,0,0,0,1,,,data
8109,9780373164301,,amazon,skipped,0,0,,0,0,0,0,1,,,data
8110,9780373113231,,amazon,skipped,0,0,,0,0,0,0,1,,,data
8111,9780312187774,,amazon,skipped,0,0,,0,0,0,0,1,,,data
8112,9780684847207,,amazon,skipped,0,0,,0,0,0,0,1,,,data
8113,9780373031641,,amazon,skipped,0,0,,0,0,0,0,1,,,data
8114,9780964109971,,amazon,skipped,0,0,,0,0,0,0,1,,,data
8115,9780393020397,,amazon,skipped,0,0,,0,0,0,0,1,,,data
8116,9780451409102,,amazon,skipped,0,0,,0,0,0,0,1,,,data
8117,9780373761791,,amazon,skipped,0,0,,0,0,0,0,1,,,data
8118,9780373704811,,amazon,skipped,0,0,,0,0,0,0,1,,,data
8119,9780671248222,,amazon,skipped,0,0,,0,0,0,0,1,,,data
8120,9780816736515,,amazon,skipped,0,0,,0,0,0,0,1,,,data
8121,9780061020049,,amazon,skipped,0,0,,0,0,0,0,1,,,data
8122,9780931948329,,amazon,skipped,0,0,,0,0,0,0,1,,,data
8123,9780300090215,,amazon,skipped,0,0,,0,0,0,0,1,,,data
8124,9781567140378,,amazon,skipped,0,0,,0,0,0,0,1,,,data
8125,9780373224371,,amazon,skipped,0,0,,0,0,0,0,1,,,data
8126,9780345335258,,amazon,skipped,0,0,,0,0,0,0,1,,,data
8127,9780345303356,,amazon,skipped,0,0,,0,0,0,0,1,,,data
8128,9780394480244,,amazon,skipped,0,0,,0,0,0,0,1,,,data
8129,9780917012938,,amazon,skipped,0,0,,0,0,0,0,1,,,data
8130,9780861713547,,amazon,skipped,0,0,,0,0,0,0,1,,,data
8131,9780373165896,,amazon,skipped,0,0,,0,0,0,0,1,,,data
8132,9780894905858,,amazon,skipped,0,0,,0,0,0,0,1,,,data
8133,9780609606339,,amazon,skipped,0,0,,0,0,0,0,1,,,data
8134,9780373251254,,amazon,skipped,0,0,,0,0,0,0,1,,,data
8135,9780451151537,,amazon,skipped,0,0,,0,0,0,0,1,,,data
8136,9781558213760,,amazon,skipped,0,0,,0,0,0,0,1,,,data
8137,9780373700417,,amazon,skipped,0,0,,0,0,0,0,1,,,data
8138,9780061010972,,amazon,skipped,0,0,,0,0,0,0,1,,,data
8139,9780971358409,,amazon,skipped,0,0,,0,0,0,0,1,,,data
8140,9780515085884,,amazon,skipped,0,0,,0,0,0,0,1,,,data
8141,9780440910848,,amazon,skipped,0,0,,0,0,0,0,1,,,data
8142,9780373220618,,amazon,skipped,0,0,,0,0,0,0,1,,,data
8143,9780393048797,,amazon,skipped,0,0,,0,0,0,0,1,,,data
8144,9780785325178,,amazon,skipped,0,0,,0,0,0,0,1,,,data
8145,9780345414939,,amazon,skipped,0,0,,0,0,0,0,1,,,data
8146,9780684814131,,amazon,skipped,0,0,,0,0,0,0,1,,,data
8147,9780312081447,,amazon,skipped,0,0,,0,0,0,0,1,,,data
8148,9780385492911,,amazon,skipped,0,0,,0,0,0,0,1,,,data
8149,9780875020600,,amazon,skipped,0,0,,0,0,0,0,1,,,data
8150,9780820009049,,amazon,skipped,0,0,,0,0,0,0,1,,,data
8151,9780312130787,,amazon,skipped,0,0,,0,0,0,0,1,,,data
8152,9780670030057,,amazon,skipped,0,0,,0,0,0,0,1,,,data
8153,9780070619968,,amazon,skipped,0,0,,0,0,0,0,1,,,data
8154,9780960793402,,amazon,skipped,0,0,,0,0,0,0,1,,,data
8155,9780440845928,,amazon,skipped,0,0,,0,0,0,0,1,,,data
8156,9780671217860,,amazon,skipped,0,0,,0,0,0,0,1,,,data
8157,9780312950989,,amazon,skipped,0,0,,0,0,0,0,1,,,data
8158,9780299170943,,amazon,skipped,0,0,,0,0,0,0,1,,,data
8159,9780698109612,,amazon,skipped,0,0,,0,0,0,0,1,,,data
8160,9780446513128,,amazon,skipped,0,0,,0,0,0,0,1,,,data
8161,9780590451222,,amazon,skipped,0,0,,0,0,0,0,1,,,data
8162,9781555834975,,amazon,skipped,0,0,,0,0,0,0,1,,,data
8163,9780590763424,,amazon,skipped,0,0,,0,0,0,0,1,,,data
8164,9781555833541,,amazon,skipped,0,0,,0,0,0,0,1,,,data
8165,9780816741281,,amazon,skipped,0,0,,0,0,0,0,1,,,data
8166,9781418412067,,amazon,skipped,0,0,,0,0,0,0,1,,,data
8167,9781562801427,,amazon,skipped,0,0,,0,0,0,0,1,,,data
8168,9780152016555,,amazon,skipped,0,0,,0,0,0,0,1,,,data
8169,9780941483759,,amazon,skipped,0,0,,0,0,0,0,1,,,data
8170,9780671626723,,amazon,skipped,0,0,,0,0,0,0,1,,,data
8171,9780415261272,,amazon,skipped,0,0,,0,0,0,0,1,,,data
8172,9780671822101,,amazon,skipped,0,0,,0,0,0,0,1,,,data
8173,9780688078768,,amazon,skipped,0,0,,0,0,0,0,1,,,data
8174,9781593080051,,amazon,skipped,0,0,,0,0,0,0,1,,,data
8175,9780886900922,,amazon,skipped,0,0,,0,0,0,0,1,,,data
8176,9780684870342,,amazon,skipped,0,0,,0,0,0,0,1,,,data
8177,9780553340969,,amazon,skipped,0,0,,0,0,0,0,1,,,data
8178,9780452009998,,amazon,skipped,0,0,,0,0,0,0,1,,,data
8179,9780671537920,,amazon,skipped,0,0,,0,0,0,0,1,,,data
8180,9780425185957,,amazon,skipped,0,0,,0,0,0,0,1,,,data
8181,9781563975141,,amazon,skipped,0,0,,0,0,0,0,1,,,data
8182,9780590739108,,amazon,skipped,0,0,,0,0,0,0,1,,,data
8183,9780836250763,,amazon,skipped,0,0,,0,0,0,0,1,,,data
8184,9780739410684,,amazon,skipped,0,0,,0,0,0,0,1,,,data
8185,9781592400164,,amazon,skipped,0,0,,0,0,0,0,1,,,data
8186,9781566192538,,amazon,skipped,0,0,,0,0,0,0,1,,,data
8187,9780385423625,,amazon,skipped,0,0,,0,0,0,0,1,,,data
8188,9781589821026,,amazon,skipped,0,0,,0,0,0,0,1,,,data
8189,9781558701069,,amazon,skipped,0,0,,0,0,0,0,1,,,data
8190,9781894454087,,amazon,skipped,0,0,,0,0,0,0,1,,,data
8191,9780553239904,,amazon,skipped,0,0,,0,0,0,0,1,,,data
8192,9783822808344,,amazon,skipped,0,0,,0,0,0,0,1,,,data
8193,9780312154271,,amazon,skipped,0,0,,0,0,0,0,1,,,data
8194,9780802733443,,amazon,skipped,0,0,,0,0,0,0,1,,,data
8195,9781591097747,,amazon,skipped,0,0,,0,0,0,0,1,,,data
8196,9780618439102,,amazon,skipped,0,0,,0,0,0,0,1,,,data
8197,9780752402659,,amazon,skipped,0,0,,0,0,0,0,1,,,data
8198,9780899091679,,amazon,skipped,0,0,,0,0,0,0,1,,,data
8199,9780671743529,,amazon,skipped,0,0,,0,0,0,0,1,,,data
8200,9780743435659,,amazon,skipped,0,0,,0,0,0,0,1,,,data
8201,9780671578725,,amazon,skipped,0,0,,0,0,0,0,1,,,data
8202,9780399141706,,amazon,skipped,0,0,,0,0,0,0,1,,,data
8203,9780671878856,,amazon,skipped,0,0,,0,0,0,0,1,,,data
8204,9780671878658,,amazon,skipped,0,0,,0,0,0,0,1,,,data
8205,9781858282572,,amazon,skipped,0,0,,0,0,0,0,1,,,data
8206,9780151006106,,amazon,skipped,0,0,,0,0,0,0,1,,,data
8207,9780571197606,,amazon,skipped,0,0,,0,0,0,0,1,,,data
8208,9780785809036,,amazon,skipped,0,0,,0,0,0,0,1,,,data
8209,9780886777135,,amazon,skipped,0,0,,0,0,0,0,1,,,data
8210,9780679740612,,amazon,skipped,0,0,,0,0,0,0,1,,,data
8211,9780451201157,,amazon,skipped,0,0,,0,0,0,0,1,,,data
8212,9780886776602,,amazon,skipped,0,0,,0,0,0,0,1,,,data
8213,9780886775346,,amazon,skipped,0,0,,0,0,0,0,1,,,data
8214,9780886776114,,amazon,skipped,0,0,,0,0,0,0,1,,,data
8215,9780830707652,,amazon,skipped,0,0,,0,0,0,0,1,,,data
8216,9780886775773,,amazon,skipped,0,0,,0,0,0,0,1,,,data
8217,9780886776312,,amazon,skipped,0,0,,0,0,0,0,1,,,data
8218,9780349116501,,amazon,skipped,0,0,,0,0,0,0,1,,,data
8219,9780920897270,,amazon,skipped,0,0,,0,0,0,0,1,,,data
8220,9780553155563,,amazon,skipped,0,0,,0,0,0,0,1,,,data
8221,9780345433039,,amazon,skipped,0,0,,0,0,0,0,1,,,data
8222,9780553155631,,amazon,skipped,0,0,,0,0,0,0,1,,,data
8223,9780340822012,,amazon,skipped,0,0,,0,0,0,0,1,,,data
8224,9780765342447,,amazon,skipped,0,0,,0,0,0,0,1,,,data
8225,9780886778026,,amazon,skipped,0,0,,0,0,0,0,1,,,data
8226,9780886778514,,amazon,skipped,0,0,,0,0,0,0,1,,,data
8227,9780517007006,,amazon,skipped,0,0,,0,0,0,0,1,,,data
8228,9780099277088,,amazon,skipped,0,0,,0,0,0,0,1,,,data
8229,9780743488228,,amazon,skipped,0,0,,0,0,0,0,1,,,data
8230,9780689870576,,amazon,skipped,0,0,,0,0,0,0,1,,,data
8231,9780809166343,,amazon,skipped,0,0,,0,0,0,0,1,,,data
8232,9780316365628,,amazon,skipped,0,0,,0,0,0,0,1,,,data
8233,9780316365567,,amazon,skipped,0,0,,0,0,0,0,1,,,data
8234,9780671703172,,amazon,skipped,0,0,,0,0,0,0,1,,,data
8235,9780060739423,,amazon,skipped,0,0,,0,0,0,0,1,,,data
8236,9780440405924,,amazon,skipped,0,0,,0,0,0,0,1,,,data
8237,9781562931162,,amazon,skipped,0,0,,0,0,0,0,1,,,data
8238,9780679808466,,amazon,skipped,0,0,,0,0,0,0,1,,,data
8239,9788401467318,,amazon,skipped,0,0,,0,0,0,0,1,,,data
8240,9780195090239,,amazon,skipped,0,0,,0,0,0,0,1,,,data
8241,9780486236469,,amazon,skipped,0,0,,0,0,0,0,1,,,data
8242,9780820318714,,amazon,skipped,0,0,,0,0,0,0,1,,,data
8243,9780394722269,,amazon,skipped,0,0,,0,0,0,0,1,,,data
8244,9780743527538,,amazon,skipped,0,0,,0,0,0,0,1,,,data
8245,9780140181890,,amazon,skipped,0,0,,0,0,0,0,1,,,data
8246,9783453050297,,amazon,skipped,0,0,,0,0,0,0,1,,,data
8247,9780375814655,,amazon,skipped,0,0,,0,0,0,0,1,,,data
8248,9780679889168,,amazon,skipped,0,0,,0,0,0,0,1,,,data
8249,9780785282419,,amazon,skipped,0,0,,0,0,0,0,1,,,data
8250,9780448089256,,amazon,skipped,0,0,,0,0,0,0,1,,,data
8251,9780679889151,,amazon,skipped,0,0,,0,0,0,0,1,,,data
8252,9780804104449,,amazon,skipped,0,0,,0,0,0,0,1,,,data
8253,9780689859397,,amazon,skipped,0,0,,0,0,0,0,1,,,data
8254,9780933614093,,amazon,skipped,0,0,,0,0,0,0,1,,,data
8255,9780671793142,,amazon,skipped,0,0,,0,0,0,0,1,,,data
8256,9780142400531,,amazon,skipped,0,0,,0,0,0,0,1,,,data
8257,9780826329707,,amazon,skipped,0,0,,0,0,0,0,1,,,data
8258,9780380897117,,amazon,skipped,0,0,,0,0,0,0,1,,,data
8259,9780440910480,,amazon,skipped,0,0,,0,0,0,0,1,,,data
8260,9780373706808,,amazon,skipped,0,0,,0,0,0,0,1,,,data
8261,9780671411169,,amazon,skipped,0,0,,0,0,0,0,1,,,data
8262,9780449135532,,amazon,skipped,0,0,,0,0,0,0,1,,,data
8263,9780380713011,,amazon,skipped,0,0,,0,0,0,0,1,,,data
8264,9780553111491,,amazon,skipped,0,0,,0,0,0,0,1,,,data
8265,9780671677596,,amazon,skipped,0,0,,0,0,0,0,1,,,data
8266,9781576571453,,amazon,skipped,0,0,,0,0,0,0,1,,,data
8267,9780939165278,,amazon,skipped,0,0,,0,0,0,0,1,,,data
8268,9788804323426,,amazon,skipped,0,0,,0,0,0,0,1,,,data
8269,9780439401869,,amazon,skipped,0,0,,0,0,0,0,1,,,data
8270,9780449133026,,amazon,skipped,0,0,,0,0,0,0,1,,,data
8271,9780821765388,,amazon,skipped,0,0,,0,0,0,0,1,,,data
8272,9780873418690,,amazon,skipped,0,0,,0,0,0,0,1,,,data
8273,9780896891241,,amazon,skipped,0,0,,0,0,0,0,1,,,data
8274,9780449244708,,amazon,skipped,0,0,,0,0,0,0,1,,,data
8275,9780679885474,,amazon,skipped,0,0,,0,0,0,0,1,,,data
8276,9780396077169,,amazon,skipped,0,0,,0,0,0,0,1,,,data
8277,9780345376022,,amazon,skipped,0,0,,0,0,0,0,1,,,data
8278,9780440216223,,amazon,skipped,0,0,,0,0,0,0,1,,,data
8279,9780393306309,,amazon,skipped,0,0,,0,0,0,0,1,,,data
8280,9780836270433,,amazon,skipped,0,0,,0,0,0,0,1,,,data
8281,9780689305245,,amazon,skipped,0,0,,0,0,0,0,1,,,data
8282,9780312956790,,amazon,skipped,0,0,,0,0,0,0,1,,,data
8283,9780374465360,,amazon,skipped,0,0,,0,0,0,0,1,,,data
8284,9780425073841,,amazon,skipped,0,0,,0,0,0,0,1,,,data
8285,9780671721459,,amazon,skipped,0,0,,0,0,0,0,1,,,data
8286,9781885469007,,amazon,skipped,0,0,,0,0,0,0,1,,,data
8287,9780740718649,,amazon,skipped,0,0,,0,0,0,0,1,,,data
8288,9780027746051,,amazon,skipped,0,0,,0,0,0,0,1,,,data
8289,9780688152246,,amazon,skipped,0,0,,0,0,0,0,1,,,data
8290,9780449704554,,amazon,skipped,0,0,,0,0,0,0,1,,,data
8291,9780877191926,,amazon,skipped,0,0,,0,0,0,0,1,,,data
8292,9780689859380,,amazon,skipped,0,0,,0,0,0,0,1,,,data
8293,9780380765355,,amazon,skipped,0,0,,0,0,0,0,1,,,data
8294,9781566198080,,amazon,skipped,0,0,,0,0,0,0,1,,,data
8295,9780821717073,,amazon,skipped,0,0,,0,0,0,0,1,,,data
8296,9780811804974,,amazon,skipped,0,0,,0,0,0,0,1,,,data
8297,9780064406291,,amazon,skipped,0,0,,0,0,0,0,1,,,data
8298,9780373084081,,amazon,skipped,0,0,,0,0,0,0,1,,,data
8299,9780515072174,,amazon,skipped,0,0,,0,0,0,0,1,,,data
8300,9780553228427,,amazon,skipped,0,0,,0,0,0,0,1,,,data
8301,9780898656350,,amazon,skipped,0,0,,0,0,0,0,1,,,data
8302,9780373160167,,amazon,skipped,0,0,,0,0,0,0,1,,,data
8303,9780865680449,,amazon,skipped,0,0,,0,0,0,0,1,,,data
8304,9780765342324,,amazon,skipped,0,0,,0,0,0,0,1,,,data
8305,9780449500972,,amazon,skipped,0,0,,0,0,0,0,1,,,data
8306,9780373084197,,amazon,skipped,0,0,,0,0,0,0,1,,,data
8307,9780393032123,,amazon,skipped,0,0,,0,0,0,0,1,,,data
8308,9780552122108,,amazon,skipped,0,0,,0,0,0,0,1,,,data
8309,9780671876722,,amazon,skipped,0,0,,0,0,0,0,1,,,data
8310,9780553051216,,amazon,skipped,0,0,,0,0,0,0,1,,,data
8311,9780449502655,,amazon,skipped,0,0,,0,0,0,0,1,,,data
8312,9780671877521,,amazon,skipped,0,0,,0,0,0,0,1,,,data
8313,9780231060899,,amazon,skipped,0,0,,0,0,0,0,1,,,data
8314,9788823003088,,amazon,skipped,0,0,,0,0,0,0,1,,,data
8315,9780373701339,,amazon,skipped,0,0,,0,0,0,0,1,,,data
8316,9780192820358,,amazon,skipped,0,0,,0,0,0,0,1,,,data
8317,9780373052547,,amazon,skipped,0,0,,0,0,0,0,1,,,data
8318,9780849952746,,amazon,skipped,0,0,,0,0,0,0,1,,,data
8319,9780449126561,,amazon,skipped,0,0,,0,0,0,0,1,,,data
8320,9788842056898,,amazon,skipped,0,0,,0,0,0,0,1,,,data
8321,9780440039174,,amazon,skipped,0,0,,0,0,0,0,1,,,data
8322,9788833910147,,amazon,skipped,0,0,,0,0,0,0,1,,,data
8323,9780312051006,,amazon,skipped,0,0,,0,0,0,0,1,,,data
8324,9781881830368,,amazon,skipped,0,0,,0,0,0,0,1,,,data
8325,9780590927130,,amazon,skipped,0,0,,0,0,0,0,1,,,data
8326,9788526708068,,amazon,skipped,0,0,,0,0,0,0,1,,,data
8327,9780590471183,,amazon,skipped,0,0,,0,0,0,0,1,,,data
8328,9780801964893,,amazon,skipped,0,0,,0,0,0,0,1,,,data
8329,9780060968793,,amazon,skipped,0,0,,0,0,0,0,1,,,data
8330,9780590456593,,amazon,skipped,0,0,,0,0,0,0,1,,,data
8331,9780671577780,,amazon,skipped,0,0,,0,0,0,0,1,,,data
8332,9788811738435,,amazon,skipped,0,0,,0,0,0,0,1,,,data
8333,9780590470087,,amazon,skipped,0,0,,0,0,0,0,1,,,data
8334,9780812514315,,amazon,skipped,0,0,,0,0,0,0,1,,,data
8335,9780732908379,,amazon,skipped,0,0,,0,0,0,0,1,,,data
8336,9780812536713,,amazon,skipped,0,0,,0,0,0,0,1,,,data
8337,9780373227198,,amazon,skipped,0,0,,0,0,0,0,1,,,data
8338,9780373093069,,amazon,skipped,0,0,,0,0,0,0,1,,,data
8339,9788804374299,,amazon,skipped,0,0,,0,0,0,0,1,,,data
8340,9788822112187,,amazon,skipped,0,0,,0,0,0,0,1,,,data
8341,9780440209997,,amazon,skipped,0,0,,0,0,0,0,1,,,data
8342,9780836236620,,amazon,skipped,0,0,,0,0,0,0,1,,,data
8343,9780671577773,,amazon,skipped,0,0,,0,0,0,0,1,,,data
8344,9780471154037,,amazon,skipped,0,0,,0,0,0,0,1,,,data
8345,9780671877699,,amazon,skipped,0,0,,0,0,0,0,1,,,data
8346,9780896935419,,amazon,skipped,0,0,,0,0,0,0,1,,,data
8347,9781895836639,,amazon,skipped,0,0,,0,0,0,0,1,,,data
8348,9780060105402,,amazon,skipped,0,0,,0,0,0,0,1,,,data
8349,9780152025519,,amazon,skipped,0,0,,0,0,0,0,1,,,data
8350,9782020362412,,amazon,skipped,0,0,,0,0,0,0,1,,,data
8351,9780809227716,,amazon,skipped,0,0,,0,0,0,0,1,,,data
8352,9780671828226,,amazon,skipped,0,0,,0,0,0,0,1,,,data
8353,9788817150545,,amazon,skipped,0,0,,0,0,0,0,1,,,data
8354,9780668017626,,amazon,skipped,0,0,,0,0,0,0,1,,,data
8355,9780399145384,,amazon,skipped,0,0,,0,0,0,0,1,,,data
8356,9780671578275,,amazon,skipped,0,0,,0,0,0,0,1,,,data
8357,9780671878771,,amazon,skipped,0,0,,0,0,0,0,1,,,data
8358,9780886777432,,amazon,skipped,0,0,,0,0,0,0,1,,,data
8359,9780440407362,,amazon,skipped,0,0,,0,0,0,0,1,,,data
8360,9780821721117,,amazon,skipped,0,0,,0,0,0,0,1,,,data
8361,9780553159165,,amazon,skipped,0,0,,0,0,0,0,1,,,data
8362,9780553158830,,amazon,skipped,0,0,,0,0,0,0,1,,,data
8363,9780440202592,,amazon,skipped,0,0,,0,0,0,0,1,,,data
8364,9780440846895,,amazon,skipped,0,0,,0,0,0,0,1,,,data
8365,9780345388780,,amazon,skipped,0,0,,0,0,0,0,1,,,data
8366,9780553129779,,amazon,skipped,0,0,,0,0,0,0,1,,,data
8367,9782266121750,,amazon,skipped,0,0,,0,0,0,0,1,,,data
8368,9780688144777,,amazon,skipped,0,0,,0,0,0,0,1,,,data
8369,9780345384775,,amazon,skipped,0,0,,0,0,0,0,1,,,data
8370,9780345366313,,amazon,skipped,0,0,,0,0,0,0,1,,,data
8371,9780471308249,,amazon,skipped,0,0,,0,0,0,0,1,,,data
8372,9780671632557,,amazon,skipped,0,0,,0,0,0,0,1,,,data
8373,9781883926137,,amazon,skipped,0,0,,0,0,0,0,1,,,data
8374,9780345366306,,amazon,skipped,0,0,,0,0,0,0,1,,,data
8375,9780812516647,,amazon,skipped,0,0,,0,0,0,0,1,,,data
8376,9780375421341,,amazon,skipped,0,0,,0,0,0,0,1,,,data
8377,9781568651910,,amazon,skipped,0,0,,0,0,0,0,1,,,data
8378,9780802860606,,amazon,skipped,0,0,,0,0,0,0,1,,,data
8379,9780684195100,,amazon,skipped,0,0,,0,0,0,0,1,,,data
8380,9780940535961,,amazon,skipped,0,0,,0,0,0,0,1,,,data
8381,9780064473545,,amazon,skipped,0,0,,0,0,0,0,1,,,data
8382,9780898705805,,amazon,skipped,0,0,,0,0,0,0,1,,,data
8383,9780786700301,,amazon,skipped,0,0,,0,0,0,0,1,,,data
8384,9780195057430,,amazon,skipped,0,0,,0,0,0,0,1,,,data
8385,9780764801723,,amazon,skipped,0,0,,0,0,0,0,1,,,data
8386,9780812004335,,amazon,skipped,0,0,,0,0,0,0,1,,,data
8387,9780374148225,,amazon,skipped,0,0,,0,0,0,0,1,,,data
8388,9781593080044,,amazon,skipped,0,0,,0,0,0,0,1,,,data
8389,9780451402424,,amazon,skipped,0,0,,0,0,0,0,1,,,data
8390,9780140032666,,amazon,skipped,0,0,,0,0,0,0,1,,,data
8391,9780802117243,,amazon,skipped,0,0,,0,0,0,0,1,,,data
8392,9780803283534,,amazon,skipped,0,0,,0,0,0,0,1,,,data
8393,9781578062690,,amazon,skipped,0,0,,0,0,0,0,1,,,data
8394,9780910199018,,amazon,empty,0,7,title; authors; publisher; origin; date_of_publication; language; genres,0,0,0,0,11,,,data
8395,9780395791257,,amazon,skipped,0,0,,0,0,0,0,1,,,data
8396,9780425070147,,amazon,skipped,0,0,,0,0,0,0,1,,,data
8397,9780879977696,,amazon,skipped,0,0,,0,0,0,0,1,,,data
8398,9780804800587,,amazon,skipped,0,0,,0,0,0,0,1,,,data
8399,9780380786329,,amazon,skipped,0,0,,0,0,0,0,1,,,data
8400,9780380493463,,amazon,skipped,0,0,,0,0,0,0,1,,,data
8401,9780942237610,,amazon,skipped,0,0,,0,0,0,0,1,,,data
8402,9780812003307,,amazon,skipped,0,0,,0,0,0,0,1,,,data
8403,9780898705249,,amazon,skipped,0,0,,0,0,0,0,1,,,data
8404,9780941263825,,amazon,skipped,0,0,,0,0,0,0,1,,,data
8405,9781552634042,,amazon,skipped,0,0,,0,0,0,0,1,,,data
8406,9780515126938,,amazon,skipped,0,0,,0,0,0,0,1,,,data
8407,9780020794301,,amazon,skipped,0,0,,0,0,0,0,1,,,data
8408,9780395084106,,amazon,skipped,0,0,,0,0,0,0,1,,,data
8409,9780836118681,,amazon,skipped,0,0,,0,0,0,0,1,,,data
8410,9780895555342,,amazon,skipped,0,0,,0,0,0,0,1,,,data
8411,9780590313506,,amazon,skipped,0,0,,0,0,0,0,1,,,data
8412,9780061008948,,amazon,skipped,0,0,,0,0,0,0,1,,,data
8413,9780877205388,,amazon,skipped,0,0,,0,0,0,0,1,,,data
8414,9780821725986,,amazon,skipped,0,0,,0,0,0,0,1,,,data
8415,9780895550972,,amazon,skipped,0,0,,0,0,0,0,1,,,data
8416,9780936861302,,amazon,skipped,0,0,,0,0,0,0,1,,,data
8417,9780895550132,,amazon,skipped,0,0,,0,0,0,0,1,,,data
8418,9781550650242,,amazon,skipped,0,0,,0,0,0,0,1,,,data
8419,9780345352927,,amazon,skipped,0,0,,0,0,0,0,1,,,data
8420,9780517603543,,amazon,skipped,0,0,,0,0,0,0,1,,,data
8421,9780935216585,,amazon,skipped,0,0,,0,0,0,0,1,,,data
8422,9780936085104,,amazon,skipped,0,0,,0,0,0,0,1,,,data
8423,9780373260058,,amazon,skipped,0,0,,0,0,0,0,1,,,data
8424,9788804482642,,amazon,skipped,0,0,,0,0,0,0,1,,,data
8425,9780140266702,,amazon,skipped,0,0,,0,0,0,0,1,,,data
8426,9780345352910,,amazon,skipped,0,0,,0,0,0,0,1,,,data
8427,9780441757398,,amazon,skipped,0,0,,0,0,0,0,1,,,data
8428,9780553298871,,amazon,skipped,0,0,,0,0,0,0,1,,,data
8429,9780345418562,,amazon,skipped,0,0,,0,0,0,0,1,,,data
8430,9782081646049,,amazon,skipped,0,0,,0,0,0,0,1,,,data
8431,9780517182390,,amazon,skipped,0,0,,0,0,0,0,1,,,data
8432,9780425148693,,amazon,skipped,0,0,,0,0,0,0,1,,,data
8433,9781850156291,,amazon,skipped,0,0,,0,0,0,0,1,,,data
8434,9780886777289,,amazon,skipped,0,0,,0,0,0,0,1,,,data
8435,9780553027259,,amazon,skipped,0,0,,0,0,0,0,1,,,data
8436,9781577311331,,amazon,skipped,0,0,,0,0,0,0,1,,,data
8437,9788804362746,,amazon,skipped,0,0,,0,0,0,0,1,,,data
8438,9780812564235,,amazon,skipped,0,0,,0,0,0,0,1,,,data
8439,9780898703924,,amazon,skipped,0,0,,0,0,0,0,1,,,data
8440,9780553280982,,amazon,skipped,0,0,,0,0,0,0,1,,,data
8441,9780843930382,,amazon,skipped,0,0,,0,0,0,0,1,,,data
8442,9788401427206,,amazon,skipped,0,0,,0,0,0,0,1,,,data
8443,9780441005611,,amazon,skipped,0,0,,0,0,0,0,1,,,data
8444,9788811593904,,amazon,skipped,0,0,,0,0,0,0,1,,,data
8445,9780816150441,,amazon,skipped,0,0,,0,0,0,0,1,,,data
8446,9780441003266,,amazon,skipped,0,0,,0,0,0,0,1,,,data
8447,9782831557168,,amazon,skipped,0,0,,0,0,0,0,1,,,data
8448,9780380698776,,amazon,skipped,0,0,,0,0,0,0,1,,,data
8449,9788839710284,,amazon,skipped,0,0,,0,0,0,0,1,,,data
8450,9780671723453,,amazon,skipped,0,0,,0,0,0,0,1,,,data
8451,9780553283563,,amazon,skipped,0,0,,0,0,0,0,1,,,data
8452,9780060095291,,amazon,skipped,0,0,,0,0,0,0,1,,,data
8453,9780394563688,,amazon,skipped,0,0,,0,0,0,0,1,,,data
8454,9780812545821,,amazon,skipped,0,0,,0,0,0,0,1,,,data
8455,9780590427906,,amazon,skipped,0,0,,0,0,0,0,1,,,data
8456,9780385485142,,amazon,skipped,0,0,,0,0,0,0,1,,,data
8457,9780812551167,,amazon,skipped,0,0,,0,0,0,0,1,,,data
8458,9780064406048,,amazon,skipped,0,0,,0,0,0,0,1,,,data
8459,9788401499814,,amazon,skipped,0,0,,0,0,0,0,1,,,data
8460,9780449148020,,amazon,skipped,0,0,,0,0,0,0,1,,,data
8461,9788437606385,,amazon,skipped,0,0,,0,0,0,0,1,,,data
8462,9780445406872,,amazon,skipped,0,0,,0,0,0,0,1,,,data
8463,9780373092253,,amazon,skipped,0,0,,0,0,0,0,1,,,data
8464,9782877060561,,amazon,skipped,0,0,,0,0,0,0,1,,,data
8465,9782877060554,,amazon,skipped,0,0,,0,0,0,0,1,,,data
8466,9788433914958,,amazon,skipped,0,0,,0,0,0,0,1,,,data
8467,9788433911681,,amazon,skipped,0,0,,0,0,0,0,1,,,data
8468,9781878424174,,amazon,skipped,0,0,,0,0,0,0,1,,,data
8469,9780345392466,,amazon,skipped,0,0,,0,0,0,0,1,,,data
8470,9788437601618,,amazon,skipped,0,0,,0,0,0,0,1,,,data
8471,9780192838445,,amazon,skipped,0,0,,0,0,0,0,1,,,data
8472,9782253137504,,amazon,skipped,0,0,,0,0,0,0,1,,,data
8473,9780821726624,,amazon,skipped,0,0,,0,0,0,0,1,,,data
8474,9783404149421,,amazon,skipped,0,0,,0,0,0,0,1,,,data
8475,9780671578060,,amazon,skipped,0,0,,0,0,0,0,1,,,data
8476,9789681906146,,amazon,skipped,0,0,,0,0,0,0,1,,,data
8477,9780060965419,,amazon,skipped,0,0,,0,0,0,0,1,,,data
8478,9780812541687,,amazon,skipped,0,0,,0,0,0,0,1,,,data
8479,9780373023097,,amazon,skipped,0,0,,0,0,0,0,1,,,data
8480,9780821754382,,amazon,skipped,0,0,,0,0,0,0,1,,,data
8481,9781552093115,,amazon,skipped,0,0,,0,0,0,0,1,,,data
8482,9780671634971,,amazon,skipped,0,0,,0,0,0,0,1,,,data
8483,9788440622792,,amazon,skipped,0,0,,0,0,0,0,1,,,data
8484,9780373059577,,amazon,skipped,0,0,,0,0,0,0,1,,,data
8485,9780064408073,,amazon,skipped,0,0,,0,0,0,0,1,,,data
8486,9780972328500,,amazon,skipped,0,0,,0,0,0,0,1,,,data
8487,9780440228592,,amazon,skipped,0,0,,0,0,0,0,1,,,data
8488,9780809129997,,amazon,skipped,0,0,,0,0,0,0,1,,,data
8489,9780140129199,,amazon,skipped,0,0,,0,0,0,0,1,,,data
8490,9780671559885,,amazon,skipped,0,0,,0,0,0,0,1,,,data
8491,9780380799152,,amazon,skipped,0,0,,0,0,0,0,1,,,data
8492,9780425167359,,amazon,skipped,0,0,,0,0,0,0,1,,,data
8493,9780812534290,,amazon,skipped,0,0,,0,0,0,0,1,,,data
8494,9781566197038,,amazon,skipped,0,0,,0,0,0,0,1,,,data
8495,9780440214069,,amazon,skipped,0,0,,0,0,0,0,1,,,data
8496,9780425061664,,amazon,skipped,0,0,,0,0,0,0,1,,,data
8497,9780812567588,,amazon,skipped,0,0,,0,0,0,0,1,,,data
8498,9781587360381,,amazon,skipped,0,0,,0,0,0,0,1,,,data
8499,9780449207628,,amazon,skipped,0,0,,0,0,0,0,1,,,data
8500,9780821723340,,amazon,skipped,0,0,,0,0,0,0,1,,,data
8501,9780452271890,,amazon,skipped,0,0,,0,0,0,0,1,,,data
8502,9780812525526,,amazon,skipped,0,0,,0,0,0,0,1,,,data
8503,9781558173750,,amazon,skipped,0,0,,0,0,0,0,1,,,data
8504,9780312956806,,amazon,skipped,0,0,,0,0,0,0,1,,,data
8505,9780446403979,,amazon,skipped,0,0,,0,0,0,0,1,,,data
8506,9780312955151,,amazon,skipped,0,0,,0,0,0,0,1,,,data
8507,9780312950477,,amazon,skipped,0,0,,0,0,0,0,1,,,data
8508,9780821745038,,amazon,skipped,0,0,,0,0,0,0,1,,,data
8509,9780553446098,,amazon,skipped,0,0,,0,0,0,0,1,,,data
8510,9780373243396,,amazon,skipped,0,0,,0,0,0,0,1,,,data
8511,9780553070255,,amazon,skipped,0,0,,0,0,0,0,1,,,data
8512,9780373194902,,amazon,skipped,0,0,,0,0,0,0,1,,,data
8513,9783453177246,,amazon,skipped,0,0,,0,0,0,0,1,,,data
8514,9780380716753,,amazon,skipped,0,0,,0,0,0,0,1,,,data
8515,9783453174108,,amazon,skipped,0,0,,0,0,0,0,1,,,data
8516,9780446958868,,amazon,skipped,0,0,,0,0,0,0,1,,,data
8517,9780553125849,,amazon,skipped,0,0,,0,0,0,0,1,,,data
8518,9780812535877,,amazon,skipped,0,0,,0,0,0,0,1,,,data
8519,9788484502425,,amazon,skipped,0,0,,0,0,0,0,1,,,data
8520,9781557734778,,amazon,skipped,0,0,,0,0,0,0,1,,,data
8521,9780345388902,,amazon,skipped,0,0,,0,0,0,0,1,,,data
8522,9780449215821,,amazon,skipped,0,0,,0,0,0,0,1,,,data
8523,9780670906420,,amazon,skipped,0,0,,0,0,0,0,1,,,data
8524,9780316340946,,amazon,skipped,0,0,,0,0,0,0,1,,,data
8525,9780875167237,,amazon,skipped,0,0,,0,0,0,0,1,,,data
8526,9780722525661,,amazon,skipped,0,0,,0,0,0,0,1,,,data
8527,9788433924490,,amazon,skipped,0,0,,0,0,0,0,1,,,data
8528,9780373167784,,amazon,skipped,0,0,,0,0,0,0,1,,,data
8529,9780345356703,,amazon,skipped,0,0,,0,0,0,0,1,,,data
8530,9780312865122,,amazon,skipped,0,0,,0,0,0,0,1,,,data
8531,9780393090666,,amazon,skipped,0,0,,0,0,0,0,1,,,data
8532,9780942394368,,amazon,skipped,0,0,,0,0,0,0,1,,,data
8533,9780764227127,,amazon,skipped,0,0,,0,0,0,0,1,,,data
8534,9780671759926,,amazon,skipped,0,0,,0,0,0,0,1,,,data
8535,9781564147042,,amazon,skipped,0,0,,0,0,0,0,1,,,data
8536,9780749930752,,amazon,skipped,0,0,,0,0,0,0,1,,,data
8537,9780836230192,,amazon,skipped,0,0,,0,0,0,0,1,,,data
8538,9780471328872,,amazon,skipped,0,0,,0,0,0,0,1,,,data
8539,9780843944952,,amazon,skipped,0,0,,0,0,0,0,1,,,data
8540,9781561739851,,amazon,skipped,0,0,,0,0,0,0,1,,,data
8541,9780140345698,,amazon,skipped,0,0,,0,0,0,0,1,,,data
8542,9780395080825,,amazon,skipped,0,0,,0,0,0,0,1,,,data
8543,9780393957365,,amazon,skipped,0,0,,0,0,0,0,1,,,data
8544,9781573220583,,amazon,skipped,0,0,,0,0,0,0,1,,,data
8545,9781570713750,,amazon,skipped,0,0,,0,0,0,0,1,,,data
8546,9780304354344,,amazon,skipped,0,0,,0,0,0,0,1,,,data
8547,9780312193416,,amazon,skipped,0,0,,0,0,0,0,1,,,data
8548,9780694524914,,amazon,skipped,0,0,,0,0,0,0,1,,,data
8549,9780395742815,,amazon,skipped,0,0,,0,0,0,0,1,,,data
8550,9780940625990,,amazon,skipped,0,0,,0,0,0,0,1,,,data
8551,9788483240502,,amazon,skipped,0,0,,0,0,0,0,1,,,data
8552,9780792453741,,amazon,skipped,0,0,,0,0,0,0,1,,,data
8553,9780312851545,,amazon,skipped,0,0,,0,0,0,0,1,,,data
8554,9780517691281,,amazon,skipped,0,0,,0,0,0,0,1,,,data
8555,9781852424251,,amazon,skipped,0,0,,0,0,0,0,1,,,data
8556,9780394717616,,amazon,skipped,0,0,,0,0,0,0,1,,,data
8557,9788420436142,,amazon,skipped,0,0,,0,0,0,0,1,,,data
8558,9781558211186,,amazon,skipped,0,0,,0,0,0,0,1,,,data
8559,9780312855109,,amazon,skipped,0,0,,0,0,0,0,1,,,data
8560,9780761126423,,amazon,skipped,0,0,,0,0,0,0,1,,,data
8561,9788488793362,,amazon,skipped,0,0,,0,0,0,0,1,,,data
8562,9780898158427,,amazon,skipped,0,0,,0,0,0,0,1,,,data
8563,9788485815081,,amazon,skipped,0,0,,0,0,0,0,1,,,data
8564,9788485815296,,amazon,skipped,0,0,,0,0,0,0,1,,,data
8565,9780140242607,,amazon,skipped,0,0,,0,0,0,0,1,,,data
8566,9781555834104,,amazon,skipped,0,0,,0,0,0,0,1,,,data
8567,9788485815371,,amazon,skipped,0,0,,0,0,0,0,1,,,data
8568,9780140366884,,amazon,skipped,0,0,,0,0,0,0,1,,,data
8569,9780684143880,,amazon,skipped,0,0,,0,0,0,0,1,,,data
8570,9780847699124,,amazon,skipped,0,0,,0,0,0,0,1,,,data
8571,9780684853284,,amazon,skipped,0,0,,0,0,0,0,1,,,data
8572,9780385051972,,amazon,skipped,0,0,,0,0,0,0,1,,,data
8573,9781576732274,,amazon,skipped,0,0,,0,0,0,0,1,,,data
8574,9780394506609,,amazon,skipped,0,0,,0,0,0,0,1,,,data
8575,9780670823017,,amazon,skipped,0,0,,0,0,0,0,1,,,data
8576,9780805010954,,amazon,skipped,0,0,,0,0,0,0,1,,,data
8577,9780006281252,,amazon,skipped,0,0,,0,0,0,0,1,,,data
8578,9780671691981,,amazon,skipped,0,0,,0,0,0,0,1,,,data
8579,9780884114246,,amazon,skipped,0,0,,0,0,0,0,1,,,data
8580,9780752509273,,amazon,skipped,0,0,,0,0,0,0,1,,,data
8581,9780688058821,,amazon,skipped,0,0,,0,0,0,0,1,,,data
8582,9780439080835,,amazon,skipped,0,0,,0,0,0,0,1,,,data
8583,9780752509228,,amazon,skipped,0,0,,0,0,0,0,1,,,data
8584,9780060952303,,amazon,skipped,0,0,,0,0,0,0,1,,,data
8585,9780671660444,,amazon,skipped,0,0,,0,0,0,0,1,,,data
8586,9781854794451,,amazon,skipped,0,0,,0,0,0,0,1,,,data
8587,9780425087664,,amazon,skipped,0,0,,0,0,0,0,1,,,data
8588,9780590317238,,amazon,skipped,0,0,,0,0,0,0,1,,,data
8589,9780060654238,,amazon,skipped,0,0,,0,0,0,0,1,,,data
8590,9780151972036,,amazon,skipped,0,0,,0,0,0,0,1,,,data
8591,9780669047141,,amazon,skipped,0,0,,0,0,0,0,1,,,data
8592,9780425183434,,amazon,skipped,0,0,,0,0,0,0,1,,,data
8593,9780439115230,,amazon,skipped,0,0,,0,0,0,0,1,,,data
8594,9780865317499,,amazon,skipped,0,0,,0,0,0,0,1,,,data
8595,9780806500393,,amazon,skipped,0,0,,0,0,0,0,1,,,data
8596,9780028611273,,amazon,skipped,0,0,,0,0,0,0,1,,,data
8597,9780931445163,,amazon,skipped,0,0,,0,0,0,0,1,,,data
8598,9780688173654,,amazon,skipped,0,0,,0,0,0,0,1,,,data
8599,9780812543872,,amazon,skipped,0,0,,0,0,0,0,1,,,data
8600,9780385264587,,amazon,skipped,0,0,,0,0,0,0,1,,,data
8601,9780333002148,,amazon,skipped,0,0,,0,0,0,0,1,,,data
8602,9780345371621,,amazon,skipped,0,0,,0,0,0,0,1,,,data
8603,9780312140328,,amazon,skipped,0,0,,0,0,0,0,1,,,data
8604,9780312277017,,amazon,skipped,0,0,,0,0,0,0,1,,,data
8605,9780452274303,,amazon,skipped,0,0,,0,0,0,0,1,,,data
8606,9780394712598,,amazon,skipped,0,0,,0,0,0,0,1,,,data
8607,9780452283664,,amazon,skipped,0,0,,0,0,0,0,1,,,data
8608,9780061061752,,amazon,skipped,0,0,,0,0,0,0,1,,,data
8609,9780030104558,,amazon,skipped,0,0,,0,0,0,0,1,,,data
8610,9780373253975,,amazon,skipped,0,0,,0,0,0,0,1,,,data
8611,9780061061806,,amazon,skipped,0,0,,0,0,0,0,1,,,data
8612,9780671241995,,amazon,skipped,0,0,,0,0,0,0,1,,,data
8613,9780553211054,,amazon,skipped,0,0,,0,0,0,0,1,,,data
8614,9781851585564,,amazon,skipped,0,0,,0,0,0,0,1,,,data
8615,9781851585557,,amazon,skipped,0,0,,0,0,0,0,1,,,data
8616,9780670821969,,amazon,skipped,0,0,,0,0,0,0,1,,,data
8617,9780842342964,,amazon,skipped,0,0,,0,0,0,0,1,,,data
8618,9780140114232,,amazon,skipped,0,0,,0,0,0,0,1,,,data
8619,9780842342957,,amazon,skipped,0,0,,0,0,0,0,1,,,data
8620,9780842342940,,amazon,skipped,0,0,,0,0,0,0,1,,,data
8621,9780805013702,,amazon,skipped,0,0,,0,0,0,0,1,,,data
8622,9780792275381,,amazon,skipped,0,0,,0,0,0,0,1,,,data
8623,9780750504188,,amazon,skipped,0,0,,0,0,0,0,1,,,data
8624,9780374199449,,amazon,skipped,0,0,,0,0,0,0,1,,,data
8625,9780138756093,,amazon,skipped,0,0,,0,0,0,0,1,,,data
8626,9780842343121,,amazon,skipped,0,0,,0,0,0,0,1,,,data
8627,9781401359256,,amazon,skipped,0,0,,0,0,0,0,1,,,data
8628,9780962348303,,amazon,skipped,0,0,,0,0,0,0,1,,,data
8629,9780842342995,,amazon,skipped,0,0,,0,0,0,0,1,,,data
8630,9780631133926,,amazon,skipped,0,0,,0,0,0,0,1,,,data
8631,9780894105807,,amazon,skipped,0,0,,0,0,0,0,1,,,data
8632,9780425157930,,amazon,skipped,0,0,,0,0,0,0,1,,,data
8633,9780802115089,,amazon,skipped,0,0,,0,0,0,0,1,,,data
8634,9780609804148,,amazon,skipped,0,0,,0,0,0,0,1,,,data
8635,9780871240750,,amazon,skipped,0,0,,0,0,0,0,1,,,data
8636,9780394487045,,amazon,skipped,0,0,,0,0,0,0,1,,,data
8637,9781569801239,,amazon,skipped,0,0,,0,0,0,0,1,,,data
8638,9780446518277,,amazon,skipped,0,0,,0,0,0,0,1,,,data
8639,9780375704420,,amazon,skipped,0,0,,0,0,0,0,1,,,data
8640,9780263054965,,amazon,skipped,0,0,,0,0,0,0,1,,,data
8641,9781557831255,,amazon,skipped,0,0,,0,0,0,0,1,,,data
8642,9780425106860,,amazon,skipped,0,0,,0,0,0,0,1,,,data
8643,9780517641033,,amazon,skipped,0,0,,0,0,0,0,1,,,data
8644,9781564142009,,amazon,skipped,0,0,,0,0,0,0,1,,,data
8645,9780805006698,,amazon,skipped,0,0,,0,0,0,0,1,,,data
8646,9780316537698,,amazon,skipped,0,0,,0,0,0,0,1,,,data
8647,9780394738475,,amazon,skipped,0,0,,0,0,0,0,1,,,data
8648,9780425131770,,amazon,skipped,0,0,,0,0,0,0,1,,,data
8649,9780880290692,,amazon,skipped,0,0,,0,0,0,0,1,,,data
8650,9781856196086,,amazon,skipped,0,0,,0,0,0,0,1,,,data
8651,9780520008274,,amazon,skipped,0,0,,0,0,0,0,1,,,data
8652,9780156343206,,amazon,skipped,0,0,,0,0,0,0,1,,,data
8653,9780141005225,,amazon,skipped,0,0,,0,0,0,0,1,,,data
8654,9781550224078,,amazon,skipped,0,0,,0,0,0,0,1,,,data
8655,9780030632570,,amazon,skipped,0,0,,0,0,0,0,1,,,data
8656,9781564141361,,amazon,skipped,0,0,,0,0,0,0,1,,,data
8657,9780151005130,,amazon,skipped,0,0,,0,0,0,0,1,,,data
8658,9780060935450,,amazon,skipped,0,0,,0,0,0,0,1,,,data
8659,9780816515615,,amazon,skipped,0,0,,0,0,0,0,1,,,data
8660,9780673520449,,amazon,skipped,0,0,,0,0,0,0,1,,,data
8661,9780866228299,,amazon,skipped,0,0,,0,0,0,0,1,,,data
8662,9780691003153,,amazon,skipped,0,0,,0,0,0,0,1,,,data
8663,9780679803218,,amazon,skipped,0,0,,0,0,0,0,1,,,data
8664,9780385488587,,amazon,skipped,0,0,,0,0,0,0,1,,,data
8665,9780895773203,,amazon,skipped,0,0,,0,0,0,0,1,,,data
8666,9781864485240,,amazon,skipped,0,0,,0,0,0,0,1,,,data
8667,9780752843452,,amazon,skipped,0,0,,0,0,0,0,1,,,data
8668,9780747561460,,amazon,skipped,0,0,,0,0,0,0,1,,,data
8669,9780027003611,,amazon,skipped,0,0,,0,0,0,0,1,,,data
8670,9781862071384,,amazon,skipped,0,0,,0,0,0,0,1,,,data
8671,9780385120456,,amazon,skipped,0,0,,0,0,0,0,1,,,data
8672,9781403362940,,amazon,skipped,0,0,,0,0,0,0,1,,,data
8673,9780141305806,,amazon,skipped,0,0,,0,0,0,0,1,,,data
8674,9780060524487,,amazon,skipped,0,0,,0,0,0,0,1,,,data
8675,9780140286236,,amazon,skipped,0,0,,0,0,0,0,1,,,data
8676,9780773673687,,amazon,skipped,0,0,,0,0,0,0,1,,,data
8677,9780152000097,,amazon,skipped,0,0,,0,0,0,0,1,,,data
8678,9780812550542,,amazon,skipped,0,0,,0,0,0,0,1,,,data
8679,9780472108268,,amazon,skipped,0,0,,0,0,0,0,1,,,data
8680,9781561712694,,amazon,skipped,0,0,,0,0,0,0,1,,,data
8681,9781903207499,,amazon,skipped,0,0,,0,0,0,0,1,,,data
8682,9780838820698,,amazon,skipped,0,0,,0,0,0,0,1,,,data
8683,9780001941946,,amazon,skipped,0,0,,0,0,0,0,1,,,data
8684,9780001941960,,amazon,skipped,0,0,,0,0,0,0,1,,,data
8685,9780060652852,,amazon,skipped,0,0,,0,0,0,0,1,,,data
8686,9780224617833,,amazon,empty,0,7,title; authors; publisher; origin; date_of_publication; language; genres,0,0,0,0,10,,,data
8687,9783492043557,,amazon,skipped,0,0,,0,0,0,0,1,,,data
8688,9780671794255,,amazon,skipped,0,0,,0,0,0,0,1,,,data
8689,9780809118540,,amazon,skipped,0,0,,0,0,0,0,1,,,data
8690,9783596132515,,amazon,skipped,0,0,,0,0,0,0,1,,,data
8691,9780883448991,,amazon,skipped,0,0,,0,0,0,0,1,,,data
8692,9780671002022,,amazon,skipped,0,0,,0,0,0,0,1,,,data
8693,9780751515633,,amazon,skipped,0,0,,0,0,0,0,1,,,data
8694,9780452277618,,amazon,skipped,0,0,,0,0,0,0,1,,,data
8695,9780141184289,,amazon,skipped,0,0,,0,0,0,0,1,,,data
8696,9780066214436,,amazon,skipped,0,0,,0,0,0,0,1,,,data
8697,9782226127877,,amazon,skipped,0,0,,0,0,0,0,1,,,data
8698,9780874518047,,amazon,skipped,0,0,,0,0,0,0,1,,,data
8699,9789164200037,,amazon,skipped,0,0,,0,0,0,0,1,,,data
8700,9782877305396,,amazon,skipped,0,0,,0,0,0,0,1,,,data
8701,9780140179064,,amazon,skipped,0,0,,0,0,0,0,1,,,data
8702,9780451161215,,amazon,skipped,0,0,,0,0,0,0,1,,,data
8703,9780025176508,,amazon,skipped,0,0,,0,0,0,0,1,,,data
8704,9780962197932,,amazon,skipped,0,0,,0,0,0,0,1,,,data
8705,9780449903391,,amazon,skipped,0,0,,0,0,0,0,1,,,data
8706,9780060159290,,amazon,skipped,0,0,,0,0,0,0,1,,,data
8707,9783815717004,,amazon,skipped,0,0,,0,0,0,0,1,,,data
8708,9783551735676,,amazon,skipped,0,0,,0,0,0,0,1,,,data
8709,9780316856355,,amazon,skipped,0,0,,0,0,0,0,1,,,data
8710,9780586091968,,amazon,skipped,0,0,,0,0,0,0,1,,,data
8711,9781567188172,,amazon,skipped,0,0,,0,0,0,0,1,,,data
8712,9781591295402,,amazon,skipped,0,0,,0,0,0,0,1,,,data
8713,9780146001765,,amazon,skipped,0,0,,0,0,0,0,1,,,data
8714,9788586821073,,amazon,skipped,0,0,,0,0,0,0,1,,,data
8715,9780060175825,,amazon,skipped,0,0,,0,0,0,0,1,,,data
8716,9781856193115,,amazon,skipped,0,0,,0,0,0,0,1,,,data
8717,9781860493492,,amazon,skipped,0,0,,0,0,0,0,1,,,data
8718,9780373612536,,amazon,skipped,0,0,,0,0,0,0,1,,,data
8719,9780440124108,,amazon,skipped,0,0,,0,0,0,0,1,,,data
8720,9780373264391,,amazon,skipped,0,0,,0,0,0,0,1,,,data
8721,9780140126518,,amazon,skipped,0,0,,0,0,0,0,1,,,data
8722,9780747256069,,amazon,skipped,0,0,,0,0,0,0,1,,,data
8723,9780671799489,,amazon,skipped,0,0,,0,0,0,0,1,,,data
8724,9781402201974,,amazon,skipped,0,0,,0,0,0,0,1,,,data
8725,9780743217071,,amazon,skipped,0,0,,0,0,0,0,1,,,data
8726,9780006552390,,amazon,skipped,0,0,,0,0,0,0,1,,,data
8727,9780130104700,,amazon,skipped,0,0,,0,0,0,0,1,,,data
8728,9780385096850,,amazon,skipped,0,0,,0,0,0,0,1,,,data
8729,9781400076246,,amazon,skipped,0,0,,0,0,0,0,1,,,data
8730,9780671701765,,amazon,skipped,0,0,,0,0,0,0,1,,,data
8731,9780373872404,,amazon,skipped,0,0,,0,0,0,0,1,,,data
8732,9780830813247,,amazon,skipped,0,0,,0,0,0,0,1,,,data
8733,9780595301867,,amazon,skipped,0,0,,0,0,0,0,1,,,data
8734,9780449220481,,amazon,skipped,0,0,,0,0,0,0,1,,,data
8735,9780345407986,,amazon,skipped,0,0,,0,0,0,0,1,,,data
8736,9780345439987,,amazon,skipped,0,0,,0,0,0,0,1,,,data
8737,9780373835058,,amazon,skipped,0,0,,0,0,0,0,1,,,data
8738,9780886802943,,amazon,skipped,0,0,,0,0,0,0,1,,,data
8739,9780440153207,,amazon,skipped,0,0,,0,0,0,0,1,,,data
8740,9780786818372,,amazon,skipped,0,0,,0,0,0,0,1,,,data
8741,9780786700424,,amazon,skipped,0,0,,0,0,0,0,1,,,data
8742,9780416467109,,amazon,skipped,0,0,,0,0,0,0,1,,,data
8743,9780830819096,,amazon,skipped,0,0,,0,0,0,0,1,,,data
8744,9780312031381,,amazon,skipped,0,0,,0,0,0,0,1,,,data
8745,9780595259748,,amazon,skipped,0,0,,0,0,0,0,1,,,data
8746,9780140258509,,amazon,skipped,0,0,,0,0,0,0,1,,,data
8747,9780967987897,,amazon,skipped,0,0,,0,0,0,0,1,,,data
8748,9781578050499,,amazon,skipped,0,0,,0,0,0,0,1,,,data
8749,9780967578866,,amazon,skipped,0,0,,0,0,0,0,1,,,data
8750,9780671601027,,amazon,skipped,0,0,,0,0,0,0,1,,,data
8751,9780385299275,,amazon,skipped,0,0,,0,0,0,0,1,,,data
8752,9780440214397,,amazon,skipped,0,0,,0,0,0,0,1,,,data
8753,9780399231667,,amazon,skipped,0,0,,0,0,0,0,1,,,data
8754,9780140150810,,amazon,skipped,0,0,,0,0,0,0,1,,,data
8755,9780571142422,,amazon,skipped,0,0,,0,0,0,0,1,,,data
8756,9780439135252,,amazon,skipped,0,0,,0,0,0,0,1,,,data
8757,9780553277869,,amazon,skipped,0,0,,0,0,0,0,1,,,data
8758,9780373264384,,amazon,skipped,0,0,,0,0,0,0,1,,,data
8759,9780689801129,,amazon,skipped,0,0,,0,0,0,0,1,,,data
8760,9781588983688,,amazon,skipped,0,0,,0,0,0,0,1,,,data
8761,9781853262616,,amazon,skipped,0,0,,0,0,0,0,1,,,data
8762,9781840221152,,amazon,skipped,0,0,,0,0,0,0,1,,,data
8763,9780066212586,,amazon,skipped,0,0,,0,0,0,0,1,,,data
8764,9780060219079,,amazon,skipped,0,0,,0,0,0,0,1,,,data
8765,9781567182286,,amazon,skipped,0,0,,0,0,0,0,1,,,data
8766,9783423124478,,amazon,skipped,0,0,,0,0,0,0,1,,,data
8767,9780773761339,,amazon,skipped,0,0,,0,0,0,0,1,,,data
8768,9780416194890,,amazon,skipped,0,0,,0,0,0,0,1,,,data
8769,9780671618346,,amazon,skipped,0,0,,0,0,0,0,1,,,data
8770,9780099928201,,amazon,skipped,0,0,,0,0,0,0,1,,,data
8771,9780070379374,,amazon,skipped,0,0,,0,0,0,0,1,,,data
8772,9781892723024,,amazon,skipped,0,0,,0,0,0,0,1,,,data
8773,9780913546956,,amazon,skipped,0,0,,0,0,0,0,1,,,data
8774,9780553211931,,amazon,skipped,0,0,,0,0,0,0,1,,,data
8775,9781884570858,,amazon,skipped,0,0,,0,0,0,0,1,,,data
8776,9780805043815,,amazon,skipped,0,0,,0,0,0,0,1,,,data
8777,9783453196186,,amazon,skipped,0,0,,0,0,0,0,1,,,data
8778,9780684182353,,amazon,skipped,0,0,,0,0,0,0,1,,,data
8779,9783746612935,,amazon,skipped,0,0,,0,0,0,0,1,,,data
8780,9780674514713,,amazon,skipped,0,0,,0,0,0,0,1,,,data
8781,9780262162180,,amazon,skipped,0,0,,0,0,0,0,1,,,data
8782,9783453864733,,amazon,skipped,0,0,,0,0,0,0,1,,,data
8783,9780684810003,,amazon,skipped,0,0,,0,0,0,0,1,,,data
8784,9780451144768,,amazon,skipped,0,0,,0,0,0,0,1,,,data
8785,9783404149131,,amazon,skipped,0,0,,0,0,0,0,1,,,data
8786,9781932690002,,amazon,skipped,0,0,,0,0,0,0,1,,,data
8787,9780451403766,,amazon,skipped,0,0,,0,0,0,0,1,,,data
8788,9780070089655,,amazon,skipped,0,0,,0,0,0,0,1,,,data
8789,9783518392041,,amazon,skipped,0,0,,0,0,0,0,1,,,data
8790,9783442351909,,amazon,skipped,0,0,,0,0,0,0,1,,,data
8791,9780803247390,,amazon,skipped,0,0,,0,0,0,0,1,,,data
8792,9780679765202,,amazon,skipped,0,0,,0,0,0,0,1,,,data
8793,9780525242529,,amazon,skipped,0,0,,0,0,0,0,1,,,data
8794,9780394542867,,amazon,skipped,0,0,,0,0,0,0,1,,,data
8795,9780312965662,,amazon,skipped,0,0,,0,0,0,0,1,,,data
8796,9780330489126,,amazon,skipped,0,0,,0,0,0,0,1,,,data
8797,9780671401108,,amazon,skipped,0,0,,0,0,0,0,1,,,data
8798,9780553573718,,amazon,skipped,0,0,,0,0,0,0,1,,,data
8799,9780812551044,,amazon,skipped,0,0,,0,0,0,0,1,,,data
8800,9780425186824,,amazon,skipped,0,0,,0,0,0,0,1,,,data
8801,9780394559285,,amazon,skipped,0,0,,0,0,0,0,1,,,data
8802,9780345297969,,amazon,skipped,0,0,,0,0,0,0,1,,,data
8803,9780385334631,,amazon,skipped,0,0,,0,0,0,0,1,,,data
8804,9780345320100,,amazon,skipped,0,0,,0,0,0,0,1,,,data
8805,9780452261143,,amazon,skipped,0,0,,0,0,0,0,1,,,data
8806,9780743216036,,amazon,skipped,0,0,,0,0,0,0,1,,,data
8807,9780140249286,,amazon,skipped,0,0,,0,0,0,0,1,,,data
8808,9781590861455,,amazon,skipped,0,0,,0,0,0,0,1,,,data
8809,9780736649605,,amazon,skipped,0,0,,0,0,0,0,1,,,data
8810,9780028629308,,amazon,skipped,0,0,,0,0,0,0,1,,,data
8811,9780345351586,,amazon,skipped,0,0,,0,0,0,0,1,,,data
8812,9780679409540,,amazon,skipped,0,0,,0,0,0,0,1,,,data
8813,9780743200233,,amazon,skipped,0,0,,0,0,0,0,1,,,data
8814,9780373512102,,amazon,skipped,0,0,,0,0,0,0,1,,,data
8815,9780399133541,,amazon,skipped,0,0,,0,0,0,0,1,,,data
8816,9780575602908,,amazon,skipped,0,0,,0,0,0,0,1,,,data
8817,9780156519984,,amazon,skipped,0,0,,0,0,0,0,1,,,data
8818,9780307215987,,amazon,skipped,0,0,,0,0,0,0,1,,,data
8819,9780712634809,,amazon,skipped,0,0,,0,0,0,0,1,,,data
8820,9780671787301,,amazon,skipped,0,0,,0,0,0,0,1,,,data
8821,9780671668150,,amazon,skipped,0,0,,0,0,0,0,1,,,data
8822,9780373612765,,amazon,skipped,0,0,,0,0,0,0,1,,,data
8823,9780312928285,,amazon,skipped,0,0,,0,0,0,0,1,,,data
8824,9781550139334,,amazon,skipped,0,0,,0,0,0,0,1,,,data
8825,9780373512126,,amazon,skipped,0,0,,0,0,0,0,1,,,data
8826,9780373627059,,amazon,skipped,0,0,,0,0,0,0,1,,,data
8827,9780688162153,,amazon,skipped,0,0,,0,0,0,0,1,,,data
8828,9780373264742,,amazon,skipped,0,0,,0,0,0,0,1,,,data
8829,9780553233605,,amazon,skipped,0,0,,0,0,0,0,1,,,data
8830,9780688177874,,amazon,skipped,0,0,,0,0,0,0,1,,,data
8831,9780704380004,,amazon,skipped,0,0,,0,0,0,0,1,,,data
8832,9780860512639,,amazon,skipped,0,0,,0,0,0,0,1,,,data
8833,9780064442756,,amazon,skipped,0,0,,0,0,0,0,1,,,data
8834,9780446393270,,amazon,skipped,0,0,,0,0,0,0,1,,,data
8835,9789549103458,,amazon,skipped,0,0,,0,0,0,0,1,,,data
8836,9780448424934,,amazon,skipped,0,0,,0,0,0,0,1,,,data
8837,9780553157130,,amazon,skipped,0,0,,0,0,0,0,1,,,data
8838,9780553487084,,amazon,skipped,0,0,,0,0,0,0,1,,,data
8839,9783822872130,,amazon,skipped,0,0,,0,0,0,0,1,,,data
8840,9780664325633,,amazon,skipped,0,0,,0,0,0,0,1,,,data
8841,9780439369039,,amazon,skipped,0,0,,0,0,0,0,1,,,data
8842,9780373227464,,amazon,skipped,0,0,,0,0,0,0,1,,,data
8843,9780373512041,,amazon,skipped,0,0,,0,0,0,0,1,,,data
8844,9780439369046,,amazon,skipped,0,0,,0,0,0,0,1,,,data
8845,9780760738856,,amazon,skipped,0,0,,0,0,0,0,1,,,data
8846,9780452276956,,amazon,skipped,0,0,,0,0,0,0,1,,,data
8847,9781584850229,,amazon,skipped,0,0,,0,0,0,0,1,,,data
8848,9780760738900,,amazon,skipped,0,0,,0,0,0,0,1,,,data
8849,9780373512058,,amazon,skipped,0,0,,0,0,0,0,1,,,data
8850,9780140242706,,amazon,skipped,0,0,,0,0,0,0,1,,,data
8851,9781584850243,,amazon,skipped,0,0,,0,0,0,0,1,,,data
8852,9780913836286,,amazon,skipped,0,0,,0,0,0,0,1,,,data
8853,9780373227358,,amazon,skipped,0,0,,0,0,0,0,1,,,data
8854,9780688221140,,amazon,skipped,0,0,,0,0,0,0,1,,,data
8855,9780810928954,,amazon,skipped,0,0,,0,0,0,0,1,,,data
8856,9781402200373,,amazon,skipped,0,0,,0,0,0,0,1,,,data
8857,9780373169207,,amazon,skipped,0,0,,0,0,0,0,1,,,data
8858,9780814788080,,amazon,skipped,0,0,,0,0,0,0,1,,,data
8859,9780399144400,,amazon,skipped,0,0,,0,0,0,0,1,,,data
8860,9780140098686,,amazon,skipped,0,0,,0,0,0,0,1,,,data
8861,9780937702147,,amazon,skipped,0,0,,0,0,0,0,1,,,data
8862,9780316314770,,amazon,skipped,0,0,,0,0,0,0,1,,,data
8863,9781573248235,,amazon,skipped,0,0,,0,0,0,0,1,,,data
8864,9780938805076,,amazon,skipped,0,0,,0,0,0,0,1,,,data
8865,9780373192915,,amazon,skipped,0,0,,0,0,0,0,1,,,data
8866,9780521508759,,amazon,skipped,0,0,,0,0,0,0,1,,,data
8867,9780316314244,,amazon,skipped,0,0,,0,0,0,0,1,,,data
8868,9780373034918,,amazon,skipped,0,0,,0,0,0,0,1,,,data
8869,9780761305101,,amazon,skipped,0,0,,0,0,0,0,1,,,data
8870,9780517615331,,amazon,skipped,0,0,,0,0,0,0,1,,,data
8871,9780804101172,,amazon,skipped,0,0,,0,0,0,0,1,,,data
8872,9780812920796,,amazon,skipped,0,0,,0,0,0,0,1,,,data
8873,9780810919426,,amazon,skipped,0,0,,0,0,0,0,1,,,data
8874,9780974579009,,amazon,skipped,0,0,,0,0,0,0,1,,,data
8875,9780525944522,,amazon,skipped,0,0,,0,0,0,0,1,,,data
8876,9780471323778,,amazon,skipped,0,0,,0,0,0,0,1,,,data
8877,9780373201877,,amazon,skipped,0,0,,0,0,0,0,1,,,data
8878,9780060525699,,amazon,skipped,0,0,,0,0,0,0,1,,,data
8879,9780060187378,,amazon,skipped,0,0,,0,0,0,0,1,,,data
8880,9781890394288,,amazon,skipped,0,0,,0,0,0,0,1,,,data
8881,9780802138910,,amazon,skipped,0,0,,0,0,0,0,1,,,data
8882,9780684186696,,amazon,skipped,0,0,,0,0,0,0,1,,,data
8883,9780500283530,,amazon,skipped,0,0,,0,0,0,0,1,,,data
8884,9780974168531,,amazon,skipped,0,0,,0,0,0,0,1,,,data
8885,9780786885596,,amazon,skipped,0,0,,0,0,0,0,1,,,data
8886,9780385425292,,amazon,skipped,0,0,,0,0,0,0,1,,,data
8887,9782879392295,,amazon,skipped,0,0,,0,0,0,0,1,,,data
8888,9780679423980,,amazon,skipped,0,0,,0,0,0,0,1,,,data
8889,9780891348191,,amazon,skipped,0,0,,0,0,0,0,1,,,data
8890,9780898799125,,amazon,skipped,0,0,,0,0,0,0,1,,,data
8891,9780689116124,,amazon,skipped,0,0,,0,0,0,0,1,,,data
8892,9780849903762,,amazon,skipped,0,0,,0,0,0,0,1,,,data
8893,9780741414366,,amazon,skipped,0,0,,0,0,0,0,1,,,data
8894,9780521004381,,amazon,skipped,0,0,,0,0,0,0,1,,,data
8895,9780688045289,,amazon,skipped,0,0,,0,0,0,0,1,,,data
8896,9781886039247,,amazon,skipped,0,0,,0,0,0,0,1,,,data
8897,9780373511945,,amazon,skipped,0,0,,0,0,0,0,1,,,data
8898,9780764154850,,amazon,skipped,0,0,,0,0,0,0,1,,,data
8899,9780525245452,,amazon,skipped,0,0,,0,0,0,0,1,,,data
8900,9780373511969,,amazon,skipped,0,0,,0,0,0,0,1,,,data
8901,9780385121620,,amazon,skipped,0,0,,0,0,0,0,1,,,data
8902,9780963078308,,amazon,skipped,0,0,,0,0,0,0,1,,,data
8903,9780373512614,,amazon,skipped,0,0,,0,0,0,0,1,,,data
8904,9780932102119,,amazon,skipped,0,0,,0,0,0,0,1,,,data
8905,9780373512591,,amazon,skipped,0,0,,0,0,0,0,1,,,data
8906,9780380977567,,amazon,skipped,0,0,,0,0,0,0,1,,,data
8907,9780676601664,,amazon,skipped,0,0,,0,0,0,0,1,,,data
8908,9780873417518,,amazon,skipped,0,0,,0,0,0,0,1,,,data
8909,9780670818129,,amazon,skipped,0,0,,0,0,0,0,1,,,data
8910,9780020509875,,amazon,skipped,0,0,,0,0,0,0,1,,,data
8911,9780916856595,,amazon,skipped,0,0,,0,0,0,0,1,,,data
8912,9780786001736,,amazon,skipped,0,0,,0,0,0,0,1,,,data
8913,9780894860041,,amazon,skipped,0,0,,0,0,0,0,1,,,data
8914,9781878067586,,amazon,skipped,0,0,,0,0,0,0,1,,,data
8915,9780671001582,,amazon,skipped,0,0,,0,0,0,0,1,,,data
8916,9780316313278,,amazon,skipped,0,0,,0,0,0,0,1,,,data
8917,9780380760954,,amazon,skipped,0,0,,0,0,0,0,1,,,data
8918,9781557788061,,amazon,skipped,0,0,,0,0,0,0,1,,,data
8919,9780394576657,,amazon,skipped,0,0,,0,0,0,0,1,,,data
8920,9780380751709,,amazon,skipped,0,0,,0,0,0,0,1,,,data
8921,9780872862098,,amazon,skipped,0,0,,0,0,0,0,1,,,data
8922,9780882081410,,amazon,skipped,0,0,,0,0,0,0,1,,,data
8923,9780971663398,,amazon,skipped,0,0,,0,0,0,0,1,,,data
8924,9781583220443,,amazon,skipped,0,0,,0,0,0,0,1,,,data
8925,9780679441700,,amazon,skipped,0,0,,0,0,0,0,1,,,data
8926,9781583224649,,amazon,skipped,0,0,,0,0,0,0,1,,,data
8927,9780316313032,,amazon,skipped,0,0,,0,0,0,0,1,,,data
8928,9788472237810,,amazon,skipped,0,0,,0,0,0,0,1,,,data
8929,9780395302330,,amazon,skipped,0,0,,0,0,0,0,1,,,data
8930,9781583224908,,amazon,skipped,0,0,,0,0,0,0,1,,,data
8931,9788472238701,,amazon,skipped,0,0,,0,0,0,0,1,,,data
8932,9781859844113,,amazon,skipped,0,0,,0,0,0,0,1,,,data
8933,9780684832029,,amazon,skipped,0,0,,0,0,0,0,1,,,data
8934,9781572305274,,amazon,skipped,0,0,,0,0,0,0,1,,,data
8935,9780425165713,,amazon,skipped,0,0,,0,0,0,0,1,,,data
8936,9780029146736,,amazon,skipped,0,0,,0,0,0,0,1,,,data
8937,9780670032167,,amazon,skipped,0,0,,0,0,0,0,1,,,data
8938,9780395515983,,amazon,skipped,0,0,,0,0,0,0,1,,,data
8939,9780786707614,,amazon,skipped,0,0,,0,0,0,0,1,,,data
8940,9780807537817,,amazon,skipped,0,0,,0,0,0,0,1,,,data
8941,9781568217468,,amazon,skipped,0,0,,0,0,0,0,1,,,data
8942,9780393314038,,amazon,skipped,0,0,,0,0,0,0,1,,,data
8943,9780500051115,,amazon,skipped,0,0,,0,0,0,0,1,,,data
8944,9780590467377,,amazon,skipped,0,0,,0,0,0,0,1,,,data
8945,9780531159613,,amazon,skipped,0,0,,0,0,0,0,1,,,data
8946,9780525944966,,amazon,skipped,0,0,,0,0,0,0,1,,,data
8947,9780385322980,,amazon,skipped,0,0,,0,0,0,0,1,,,data
8948,9780805738650,,amazon,skipped,0,0,,0,0,0,0,1,,,data
8949,9781578611492,,amazon,skipped,0,0,,0,0,0,0,1,,,data
8950,9780395755181,,amazon,skipped,0,0,,0,0,0,0,1,,,data
8951,9781578614905,,amazon,skipped,0,0,,0,0,0,0,1,,,data
8952,9780891417644,,amazon,skipped,0,0,,0,0,0,0,1,,,data
8953,9780821774274,,amazon,skipped,0,0,,0,0,0,0,1,,,data
8954,9780192822468,,amazon,skipped,0,0,,0,0,0,0,1,,,data
8955,9781591132295,,amazon,skipped,0,0,,0,0,0,0,1,,,data
8956,9781931499033,,amazon,skipped,0,0,,0,0,0,0,1,,,data
8957,9780972555807,,amazon,skipped,0,0,,0,0,0,0,1,,,data
8958,9780895556448,,amazon,skipped,0,0,,0,0,0,0,1,,,data
8959,9780373076017,,amazon,skipped,0,0,,0,0,0,0,1,,,data
8960,9780781807890,,amazon,skipped,0,0,,0,0,0,0,1,,,data
8961,9780240803883,,amazon,skipped,0,0,,0,0,0,0,1,,,data
8962,9780373836338,,amazon,skipped,0,0,,0,0,0,0,1,,,data
8963,9780312291051,,amazon,skipped,0,0,,0,0,0,0,1,,,data
8964,9780156000062,,amazon,skipped,0,0,,0,0,0,0,1,,,data
8965,9780966517675,,amazon,skipped,0,0,,0,0,0,0,1,,,data
8966,9780671448134,,amazon,skipped,0,0,,0,0,0,0,1,,,data
8967,9780786003846,,amazon,skipped,0,0,,0,0,0,0,1,,,data
8968,9780871161956,,amazon,skipped,0,0,,0,0,0,0,1,,,data
8969,9780373512690,,amazon,skipped,0,0,,0,0,0,0,1,,,data
8970,9780373512669,,amazon,skipped,0,0,,0,0,0,0,1,,,data
8971,9780316197410,,amazon,skipped,0,0,,0,0,0,0,1,,,data
8972,9783822812570,,amazon,skipped,0,0,,0,0,0,0,1,,,data
8973,9780373512683,,amazon,skipped,0,0,,0,0,0,0,1,,,data
8974,9780517703489,,amazon,skipped,0,0,,0,0,0,0,1,,,data
8975,9780373512676,,amazon,skipped,0,0,,0,0,0,0,1,,,data
8976,9781841483757,,amazon,empty,0,7,title; authors; publisher; origin; date_of_publication; language; genres,0,0,0,0,10,,,data
8977,9780373264704,,amazon,skipped,0,0,,0,0,0,0,1,,,data
8978,9780425189153,,amazon,skipped,0,0,,0,0,0,0,1,,,data
8979,9780373264711,,amazon,skipped,0,0,,0,0,0,0,1,,,data
8980,9781573228725,,amazon,skipped,0,0,,0,0,0,0,1,,,data
8981,9780373264728,,amazon,skipped,0,0,,0,0,0,0,1,,,data
8982,9780151730957,,amazon,skipped,0,0,,0,0,0,0,1,,,data
8983,9780553250442,,amazon,skipped,0,0,,0,0,0,0,1,,,data
8984,9780964894273,,amazon,skipped,0,0,,0,0,0,0,1,,,data
8985,9780671786571,,amazon,skipped,0,0,,0,0,0,0,1,,,data
8986,9780964894297,,amazon,skipped,0,0,,0,0,0,0,1,,,data
8987,9780312873912,,amazon,skipped,0,0,,0,0,0,0,1,,,data
8988,9780590320016,,amazon,skipped,0,0,,0,0,0,0,1,,,data
8989,9781585420018,,amazon,skipped,0,0,,0,0,0,0,1,,,data
8990,9781572302099,,amazon,skipped,0,0,,0,0,0,0,1,,,data
8991,9780786888511,,amazon,skipped,0,0,,0,0,0,0,1,,,data
8992,9781891944338,,amazon,skipped,0,0,,0,0,0,0,1,,,data
8993,9780312170639,,amazon,skipped,0,0,,0,0,0,0,1,,,data
8994,9780152426576,,amazon,skipped,0,0,,0,0,0,0,1,,,data
8995,9780373273553,,amazon,skipped,0,0,,0,0,0,0,1,,,data
8996,9780767907484,,amazon,skipped,0,0,,0,0,0,0,1,,,data
8997,9780373273676,,amazon,skipped,0,0,,0,0,0,0,1,,,data
8998,9780679741060,,amazon,skipped,0,0,,0,0,0,0,1,,,data
8999,9780935111507,,amazon,skipped,0,0,,0,0,0,0,1,,,data
9000,9780688004774,,amazon,skipped,0,0,,0,0,0,0,1,,,data
9001,9781568651835,,amazon,skipped,0,0,,0,0,0,0,1,,,data
9002,9780446606899,,amazon,skipped,0,0,,0,0,0,0,1,,,data
9003,9780028635941,,amazon,skipped,0,0,,0,0,0,0,1,,,data
9004,9781566194129,,amazon,skipped,0,0,,0,0,0,0,1,,,data
9005,9780446603461,,amazon,skipped,0,0,,0,0,0,0,1,,,data
9006,9780803759916,,amazon,skipped,0,0,,0,0,0,0,1,,,data
9007,9780451162618,,amazon,skipped,0,0,,0,0,0,0,1,,,data
9008,9780671680732,,amazon,skipped,0,0,,0,0,0,0,1,,,data
9009,9780062500861,,amazon,skipped,0,0,,0,0,0,0,1,,,data
9010,9780972647304,,amazon,skipped,0,0,,0,0,0,0,1,,,data
9011,9780373691463,,amazon,skipped,0,0,,0,0,0,0,1,,,data
9012,9780671025953,,amazon,skipped,0,0,,0,0,0,0,1,,,data
9013,9780963411235,,amazon,skipped,0,0,,0,0,0,0,1,,,data
9014,9780373511952,,amazon,skipped,0,0,,0,0,0,0,1,,,data
9015,9781585742974,,amazon,skipped,0,0,,0,0,0,0,1,,,data
9016,9783446124233,,amazon,skipped,0,0,,0,0,0,0,1,,,data
9017,9780440242178,,amazon,skipped,0,0,,0,0,0,0,1,,,data
9018,9780252068294,,amazon,skipped,0,0,,0,0,0,0,1,,,data
9019,9783462024005,,amazon,skipped,0,0,,0,0,0,0,1,,,data
9020,9780440482031,,amazon,skipped,0,0,,0,0,0,0,1,,,data
9021,9780393039146,,amazon,skipped,0,0,,0,0,0,0,1,,,data
9022,9780345400536,,amazon,skipped,0,0,,0,0,0,0,1,,,data
9023,9780373511396,,amazon,skipped,0,0,,0,0,0,0,1,,,data
9024,9781932100051,,amazon,skipped,0,0,,0,0,0,0,1,,,data
9025,9783596151523,,amazon,skipped,0,0,,0,0,0,0,1,,,data
9026,9780316314862,,amazon,skipped,0,0,,0,0,0,0,1,,,data
9027,9783761080559,,amazon,skipped,0,0,,0,0,0,0,1,,,data
9028,9781932100013,,amazon,skipped,0,0,,0,0,0,0,1,,,data
9029,9780373264698,,amazon,skipped,0,0,,0,0,0,0,1,,,data
9030,9780451153920,,amazon,skipped,0,0,,0,0,0,0,1,,,data
9031,9783801230050,,amazon,skipped,0,0,,0,0,0,0,1,,,data
9032,9780595230068,,amazon,skipped,0,0,,0,0,0,0,1,,,data
9033,9780399144660,,amazon,skipped,0,0,,0,0,0,0,1,,,data
9034,9780312959234,,amazon,skipped,0,0,,0,0,0,0,1,,,data
9035,9780373264285,,amazon,skipped,0,0,,0,0,0,0,1,,,data
9036,9780373511976,,amazon,skipped,0,0,,0,0,0,0,1,,,data
9037,9780373263578,,amazon,skipped,0,0,,0,0,0,0,1,,,data
9038,9783453189874,,amazon,skipped,0,0,,0,0,0,0,1,,,data
9039,9780679755821,,amazon,skipped,0,0,,0,0,0,0,1,,,data
9040,9783404146444,,amazon,skipped,0,0,,0,0,0,0,1,,,data
9041,9780373512539,,amazon,skipped,0,0,,0,0,0,0,1,,,data
9042,9780812524703,,amazon,skipped,0,0,,0,0,0,0,1,,,data
9043,9780373512607,,amazon,skipped,0,0,,0,0,0,0,1,,,data
9044,9780595157976,,amazon,skipped,0,0,,0,0,0,0,1,,,data
9045,9783442729753,,amazon,skipped,0,0,,0,0,0,0,1,,,data
9046,9780373512522,,amazon,skipped,0,0,,0,0,0,0,1,,,data
9047,9781573441285,,amazon,skipped,0,0,,0,0,0,0,1,,,data
9048,9780373512515,,amazon,skipped,0,0,,0,0,0,0,1,,,data
9049,9783442727575,,amazon,skipped,0,0,,0,0,0,0,1,,,data
9050,9781893896178,,amazon,skipped,0,0,,0,0,0,0,1,,,data
9051,9780786001347,,amazon,skipped,0,0,,0,0,0,0,1,,,data
9052,9780385486071,,amazon,skipped,0,0,,0,0,0,0,1,,,data
9053,9783442449170,,amazon,skipped,0,0,,0,0,0,0,1,,,data
9054,9783257200959,,amazon,skipped,0,0,,0,0,0,0,1,,,data
9055,9780553158199,,amazon,skipped,0,0,,0,0,0,0,1,,,data
9056,9780440203148,,amazon,skipped,0,0,,0,0,0,0,1,,,data
9057,9780373806959,,amazon,skipped,0,0,,0,0,0,0,1,,,data
9058,9783462021967,,amazon,skipped,0,0,,0,0,0,0,1,,,data
9059,9780373201891,,amazon,skipped,0,0,,0,0,0,0,1,,,data
9060,9780312985028,,amazon,skipped,0,0,,0,0,0,0,1,,,data
9061,9783257260076,,amazon,skipped,0,0,,0,0,0,0,1,,,data
9062,9780373195640,,amazon,skipped,0,0,,0,0,0,0,1,,,data
9063,9780140280654,,amazon,skipped,0,0,,0,0,0,0,1,,,data
9064,9780345291103,,amazon,skipped,0,0,,0,0,0,0,1,,,data
9065,9783458319245,,amazon,skipped,0,0,,0,0,0,0,1,,,data
9066,9780373195053,,amazon,skipped,0,0,,0,0,0,0,1,,,data
9067,9780684801674,,amazon,skipped,0,0,,0,0,0,0,1,,,data
9068,9780671451707,,amazon,skipped,0,0,,0,0,0,0,1,,,data
9069,9780802774439,,amazon,skipped,0,0,,0,0,0,0,1,,,data
9070,9780140112801,,amazon,skipped,0,0,,0,0,0,0,1,,,data
9071,9780515133462,,amazon,skipped,0,0,,0,0,0,0,1,,,data
9072,9780671533502,,amazon,skipped,0,0,,0,0,0,0,1,,,data
9073,9780385306140,,amazon,skipped,0,0,,0,0,0,0,1,,,data
9074,9781564405067,,amazon,skipped,0,0,,0,0,0,0,1,,,data
9075,9780553443790,,amazon,skipped,0,0,,0,0,0,0,1,,,data
9076,9780896382893,,amazon,skipped,0,0,,0,0,0,0,1,,,data
9077,9780821774694,,amazon,skipped,0,0,,0,0,0,0,1,,,data
9078,9780553444711,,amazon,skipped,0,0,,0,0,0,0,1,,,data
9079,9780394546919,,amazon,skipped,0,0,,0,0,0,0,1,,,data
9081,9780786013616,,amazon,skipped,0,0,,0,0,0,0,1,,,data
9082,9780718127251,,amazon,skipped,0,0,,0,0,0,0,1,,,data
9083,9780156972154,,amazon,skipped,0,0,,0,0,0,0,1,,,data
9084,9780553445770,,amazon,skipped,0,0,,0,0,0,0,1,,,data
9085,9780590093200,,amazon,skipped,0,0,,0,0,0,0,1,,,data
9086,9780684848037,,amazon,skipped,0,0,,0,0,0,0,1,,,data
9087,9781559724739,,amazon,skipped,0,0,,0,0,0,0,1,,,data
9088,9780312273293,,amazon,skipped,0,0,,0,0,0,0,1,,,data
9089,9780893343859,,amazon,skipped,0,0,,0,0,0,0,1,,,data
9090,9780671517205,,amazon,skipped,0,0,,0,0,0,0,1,,,data
9091,9780060976682,,amazon,skipped,0,0,,0,0,0,0,1,,,data
9092,9780972914512,,amazon,skipped,0,0,,0,0,0,0,1,,,data
9093,9783879751532,,amazon,skipped,0,0,,0,0,0,0,1,,,data
9094,9780590317092,,amazon,skipped,0,0,,0,0,0,0,1,,,data
9095,9781930859043,,amazon,skipped,0,0,,0,0,0,0,1,,,data
9096,9783882432312,,amazon,skipped,0,0,,0,0,0,0,1,,,data
9097,9783891050118,,amazon,skipped,0,0,,0,0,0,0,1,,,data
9098,9781930586345,,amazon,skipped,0,0,,0,0,0,0,1,,,data
9099,9780897933919,,amazon,skipped,0,0,,0,0,0,0,1,,,data
9100,9781560445326,,amazon,skipped,0,0,,0,0,0,0,1,,,data
9101,9780451518989,,amazon,skipped,0,0,,0,0,0,0,1,,,data
9102,9780373073153,,amazon,skipped,0,0,,0,0,0,0,1,,,data
9103,9780373761401,,amazon,skipped,0,0,,0,0,0,0,1,,,data
9104,9783453212282,,amazon,skipped,0,0,,0,0,0,0,1,,,data
9105,9783423085328,,amazon,skipped,0,0,,0,0,0,0,1,,,data
9106,9780385295666,,amazon,skipped,0,0,,0,0,0,0,1,,,data
9107,9780307215956,,amazon,skipped,0,0,,0,0,0,0,1,,,data
9108,9780373166725,,amazon,skipped,0,0,,0,0,0,0,1,,,data
9109,9780373763337,,amazon,skipped,0,0,,0,0,0,0,1,,,data
9110,9780375702693,,amazon,skipped,0,0,,0,0,0,0,1,,,data
9111,9780373257898,,amazon,skipped,0,0,,0,0,0,0,1,,,data
9112,9780316305990,,amazon,skipped,0,0,,0,0,0,0,1,,,data
9113,9780373258253,,amazon,skipped,0,0,,0,0,0,0,1,,,data
9114,9783761081259,,amazon,skipped,0,0,,0,0,0,0,1,,,data
9115,9780520010703,,amazon,skipped,0,0,,0,0,0,0,1,,,data
9116,9781403376176,,amazon,skipped,0,0,,0,0,0,0,1,,,data
9117,9781570270741,,amazon,skipped,0,0,,0,0,0,0,1,,,data
9118,9783891360118,,amazon,skipped,0,0,,0,0,0,0,1,,,data
9119,9780373201105,,amazon,skipped,0,0,,0,0,0,0,1,,,data
9120,9780312989736,,amazon,skipped,0,0,,0,0,0,0,1,,,data
9121,9780020554103,,amazon,skipped,0,0,,0,0,0,0,1,,,data
9122,9780373259236,,amazon,skipped,0,0,,0,0,0,0,1,,,data
9123,9780804111447,,amazon,skipped,0,0,,0,0,0,0,1,,,data
9124,9780965190077,,amazon,skipped,0,0,,0,0,0,0,1,,,data
9125,9783426031766,,amazon,skipped,0,0,,0,0,0,0,1,,,data
9126,9780821774335,,amazon,skipped,0,0,,0,0,0,0,1,,,data
9127,9780821774861,,amazon,skipped,0,0,,0,0,0,0,1,,,data
9128,9780821774854,,amazon,skipped,0,0,,0,0,0,0,1,,,data
9129,9780440227717,,amazon,skipped,0,0,,0,0,0,0,1,,,data
9130,9780803495944,,amazon,skipped,0,0,,0,0,0,0,1,,,data
9131,9780786002931,,amazon,skipped,0,0,,0,0,0,0,1,,,data
9132,9780451517708,,amazon,skipped,0,0,,0,0,0,0,1,,,data
9133,9783888800573,,amazon,skipped,0,0,,0,0,0,0,1,,,data
9134,9780471178286,,amazon,skipped,0,0,,0,0,0,0,1,,,data
9135,9783442084968,,amazon,skipped,0,0,,0,0,0,0,1,,,data
9136,9781588984227,,amazon,skipped,0,0,,0,0,0,0,1,,,data
9137,9780140464979,,amazon,skipped,0,0,,0,0,0,0,1,,,data
9138,9780151008063,,amazon,skipped,0,0,,0,0,0,0,1,,,data
9139,9781562393724,,amazon,skipped,0,0,,0,0,0,0,1,,,data
9140,9780373034161,,amazon,skipped,0,0,,0,0,0,0,1,,,data
9141,9780713727784,,amazon,skipped,0,0,,0,0,0,0,1,,,data
9142,9780800757779,,amazon,skipped,0,0,,0,0,0,0,1,,,data
9143,9780590466165,,amazon,skipped,0,0,,0,0,0,0,1,,,data
9144,9783761005835,,amazon,skipped,0,0,,0,0,0,0,1,,,data
9145,9780060534264,,amazon,skipped,0,0,,0,0,0,0,1,,,data
9146,9780684818849,,amazon,skipped,0,0,,0,0,0,0,1,,,data
9147,9781400035007,,amazon,skipped,0,0,,0,0,0,0,1,,,data
9148,9780679765554,,amazon,skipped,0,0,,0,0,0,0,1,,,data
9149,9780373077496,,amazon,skipped,0,0,,0,0,0,0,1,,,data
9150,9780020264859,,amazon,skipped,0,0,,0,0,0,0,1,,,data
9151,9780373835829,,amazon,skipped,0,0,,0,0,0,0,1,,,data
9152,9780684813394,,amazon,skipped,0,0,,0,0,0,0,1,,,data
9153,9780898154139,,amazon,skipped,0,0,,0,0,0,0,1,,,data
9154,9781931402347,,amazon,skipped,0,0,,0,0,0,0,1,,,data
9155,9781575000848,,amazon,skipped,0,0,,0,0,0,0,1,,,data
9156,9781883011543,,amazon,skipped,0,0,,0,0,0,0,1,,,data
9157,9780446679589,,amazon,skipped,0,0,,0,0,0,0,1,,,data
9158,9780871138118,,amazon,skipped,0,0,,0,0,0,0,1,,,data
9159,9788408040231,,amazon,skipped,0,0,,0,0,0,0,1,,,data
9160,9781565076983,,amazon,skipped,0,0,,0,0,0,0,1,,,data
9161,9780373836321,,amazon,skipped,0,0,,0,0,0,0,1,,,data
9162,9780373612567,,amazon,skipped,0,0,,0,0,0,0,1,,,data
9163,9780141311333,,amazon,skipped,0,0,,0,0,0,0,1,,,data
9164,9780373079780,,amazon,skipped,0,0,,0,0,0,0,1,,,data
9165,9780887482847,,amazon,skipped,0,0,,0,0,0,0,1,,,data
9166,9780452275003,,amazon,skipped,0,0,,0,0,0,0,1,,,data
9167,9780373612598,,amazon,skipped,0,0,,0,0,0,0,1,,,data
9168,9780373196234,,amazon,skipped,0,0,,0,0,0,0,1,,,data
9169,9780802775993,,amazon,skipped,0,0,,0,0,0,0,1,,,data
9170,9783485003698,,amazon,skipped,0,0,,0,0,0,0,1,,,data
9171,9780373089673,,amazon,skipped,0,0,,0,0,0,0,1,,,data
9172,9780373185047,,amazon,skipped,0,0,,0,0,0,0,1,,,data
9173,9780553441895,,amazon,skipped,0,0,,0,0,0,0,1,,,data
9174,9780878055876,,amazon,skipped,0,0,,0,0,0,0,1,,,data
9175,9780879727369,,amazon,skipped,0,0,,0,0,0,0,1,,,data
9176,9780843931860,,amazon,skipped,0,0,,0,0,0,0,1,,,data
9177,9780679742135,,amazon,skipped,0,0,,0,0,0,0,1,,,data
9178,9783548251431,,amazon,skipped,0,0,,0,0,0,0,1,,,data
9179,9780140062861,,amazon,skipped,0,0,,0,0,0,0,1,,,data
9180,9780924486319,,amazon,skipped,0,0,,0,0,0,0,1,,,data
9181,9780787953843,,amazon,skipped,0,0,,0,0,0,0,1,,,data
9182,9780679507840,,amazon,skipped,0,0,,0,0,0,0,1,,,data
9183,9781893896215,,amazon,skipped,0,0,,0,0,0,0,1,,,data
9184,9780440226925,,amazon,skipped,0,0,,0,0,0,0,1,,,data
9185,9780373691272,,amazon,skipped,0,0,,0,0,0,0,1,,,data
9186,9780345280206,,amazon,skipped,0,0,,0,0,0,0,1,,,data
9187,9780060245375,,amazon,skipped,0,0,,0,0,0,0,1,,,data
9188,9780786862825,,amazon,skipped,0,0,,0,0,0,0,1,,,data
9189,9780139471285,,amazon,skipped,0,0,,0,0,0,0,1,,,data
9190,9780373691531,,amazon,skipped,0,0,,0,0,0,0,1,,,data
9191,9780966431537,,amazon,skipped,0,0,,0,0,0,0,1,,,data
9192,9780880012638,,amazon,skipped,0,0,,0,0,0,0,1,,,data
9193,9780373169375,,amazon,skipped,0,0,,0,0,0,0,1,,,data
9194,9780895990105,,amazon,skipped,0,0,,0,0,0,0,1,,,data
9195,9780312252687,,amazon,skipped,0,0,,0,0,0,0,1,,,data
9196,9780807085011,,amazon,skipped,0,0,,0,0,0,0,1,,,data
9197,9780684800738,,amazon,skipped,0,0,,0,0,0,0,1,,,data
9198,9780151813902,,amazon,skipped,0,0,,0,0,0,0,1,,,data
9199,9780671798062,,amazon,skipped,0,0,,0,0,0,0,1,,,data
9200,9782020220989,,amazon,skipped,0,0,,0,0,0,0,1,,,data
9201,9781930586161,,amazon,skipped,0,0,,0,0,0,0,1,,,data
9202,9780373765676,,amazon,skipped,0,0,,0,0,0,0,1,,,data
9203,9788433969231,,amazon,skipped,0,0,,0,0,0,0,1,,,data
9204,9783426602362,,amazon,skipped,0,0,,0,0,0,0,1,,,data
9205,9783423703307,,amazon,skipped,0,0,,0,0,0,0,1,,,data
9206,9780553801651,,amazon,skipped,0,0,,0,0,0,0,1,,,data
9207,9781572242876,,amazon,skipped,0,0,,0,0,0,0,1,,,data
9208,9780061085178,,amazon,skipped,0,0,,0,0,0,0,1,,,data
9209,9781931742016,,amazon,skipped,0,0,,0,0,0,0,1,,,data
9210,9780963906540,,amazon,skipped,0,0,,0,0,0,0,1,,,data
9211,9781900924245,,amazon,skipped,0,0,,0,0,0,0,1,,,data
9212,9780373096497,,amazon,skipped,0,0,,0,0,0,0,1,,,data
9213,9780759903869,,amazon,skipped,0,0,,0,0,0,0,1,,,data
9214,9781591050360,,amazon,skipped,0,0,,0,0,0,0,1,,,data
9215,9780373095414,,amazon,skipped,0,0,,0,0,0,0,1,,,data
9216,9780971734500,,amazon,skipped,0,0,,0,0,0,0,1,,,data
9217,9780373099924,,amazon,skipped,0,0,,0,0,0,0,1,,,data
9218,9781401033149,,amazon,skipped,0,0,,0,0,0,0,1,,,data
9219,9780373484607,,amazon,skipped,0,0,,0,0,0,0,1,,,data
9220,9780595220151,,amazon,skipped,0,0,,0,0,0,0,1,,,data
9221,9780373098187,,amazon,skipped,0,0,,0,0,0,0,1,,,data
9222,9780425134764,,amazon,skipped,0,0,,0,0,0,0,1,,,data
9223,9780806645544,,amazon,skipped,0,0,,0,0,0,0,1,,,data
9224,9780553380927,,amazon,skipped,0,0,,0,0,0,0,1,,,data
9225,9789580439110,,amazon,skipped,0,0,,0,0,0,0,1,,,data
9226,9780373192168,,amazon,skipped,0,0,,0,0,0,0,1,,,data
9227,9780028740027,,amazon,skipped,0,0,,0,0,0,0,1,,,data
9228,9780373270606,,amazon,skipped,0,0,,0,0,0,0,1,,,data
9229,9780373612833,,amazon,skipped,0,0,,0,0,0,0,1,,,data
9230,9780515071085,,amazon,skipped,0,0,,0,0,0,0,1,,,data
9231,9780140156805,,amazon,skipped,0,0,,0,0,0,0,1,,,data
9232,9780061083464,,amazon,skipped,0,0,,0,0,0,0,1,,,data
9233,9780373612819,,amazon,skipped,0,0,,0,0,0,0,1,,,data
9234,9780446360104,,amazon,skipped,0,0,,0,0,0,0,1,,,data
9235,9780373765560,,amazon,skipped,0,0,,0,0,0,0,1,,,data
9236,9780892961481,,amazon,skipped,0,0,,0,0,0,0,1,,,data
9237,9780006371649,,amazon,skipped,0,0,,0,0,0,0,1,,,data
9238,9780345429353,,amazon,skipped,0,0,,0,0,0,0,1,,,data
9239,9780373320127,,amazon,skipped,0,0,,0,0,0,0,1,,,data
9240,9780373765577,,amazon,skipped,0,0,,0,0,0,0,1,,,data
9241,9780312952365,,amazon,skipped,0,0,,0,0,0,0,1,,,data
9242,9780449216408,,amazon,skipped,0,0,,0,0,0,0,1,,,data
9243,9780373652259,,amazon,skipped,0,0,,0,0,0,0,1,,,data
9244,9780688100247,,amazon,skipped,0,0,,0,0,0,0,1,,,data
9245,9780312959401,,amazon,skipped,0,0,,0,0,0,0,1,,,data
9246,9780449001820,,amazon,skipped,0,0,,0,0,0,0,1,,,data
9247,9780764221231,,amazon,skipped,0,0,,0,0,0,0,1,,,data
9248,9780373032570,,amazon,skipped,0,0,,0,0,0,0,1,,,data
9249,9780373225477,,amazon,skipped,0,0,,0,0,0,0,1,,,data
9250,9780373035847,,amazon,skipped,0,0,,0,0,0,0,1,,,data
9251,9780140280166,,amazon,skipped,0,0,,0,0,0,0,1,,,data
9252,9780345433350,,amazon,skipped,0,0,,0,0,0,0,1,,,data
9253,9780385316989,,amazon,skipped,0,0,,0,0,0,0,1,,,data
9254,9780146000379,,amazon,skipped,0,0,,0,0,0,0,1,,,data
9255,9780060809225,,amazon,skipped,0,0,,0,0,0,0,1,,,data
9256,9780020859703,,amazon,skipped,0,0,,0,0,0,0,1,,,data
9257,9780749306236,,amazon,skipped,0,0,,0,0,0,0,1,,,data
9258,9781572971752,,amazon,skipped,0,0,,0,0,0,0,1,,,data
9259,9780862641986,,amazon,skipped,0,0,,0,0,0,0,1,,,data
9260,9780752903583,,amazon,skipped,0,0,,0,0,0,0,1,,,data
9261,9780821726662,,amazon,skipped,0,0,,0,0,0,0,1,,,data
9262,9780007119769,,amazon,skipped,0,0,,0,0,0,0,1,,,data
9263,9780743201223,,amazon,skipped,0,0,,0,0,0,0,1,,,data
9264,9780843953015,,amazon,skipped,0,0,,0,0,0,0,1,,,data
9265,9780373078844,,amazon,skipped,0,0,,0,0,0,0,1,,,data
9266,9780863581618,,amazon,skipped,0,0,,0,0,0,0,1,,,data
9267,9780373261710,,amazon,skipped,0,0,,0,0,0,0,1,,,data
9268,9780898150124,,amazon,skipped,0,0,,0,0,0,0,1,,,data
9269,9780373261338,,amazon,skipped,0,0,,0,0,0,0,1,,,data
9270,9780385145114,,amazon,skipped,0,0,,0,0,0,0,1,,,data
9271,9780785283133,,amazon,skipped,0,0,,0,0,0,0,1,,,data
9272,9780140282368,,amazon,skipped,0,0,,0,0,0,0,1,,,data
9273,9780446343817,,amazon,skipped,0,0,,0,0,0,0,1,,,data
9274,9780671644666,,amazon,skipped,0,0,,0,0,0,0,1,,,data
9275,9780373652365,,amazon,skipped,0,0,,0,0,0,0,1,,,data
9276,9788420401553,,amazon,skipped,0,0,,0,0,0,0,1,,,data
9277,9780373652334,,amazon,skipped,0,0,,0,0,0,0,1,,,data
9278,9788403092907,,amazon,skipped,0,0,,0,0,0,0,1,,,data
9279,9780446512541,,amazon,skipped,0,0,,0,0,0,0,1,,,data
9280,9780373652228,,amazon,skipped,0,0,,0,0,0,0,1,,,data
9281,9780684830353,,amazon,skipped,0,0,,0,0,0,0,1,,,data
9282,9780373652211,,amazon,skipped,0,0,,0,0,0,0,1,,,data
9283,9783464052198,,amazon,skipped,0,0,,0,0,0,0,1,,,data
9284,9780233983370,,amazon,skipped,0,0,,0,0,0,0,1,,,data
9285,9783442150045,,amazon,skipped,0,0,,0,0,0,0,1,,,data
9286,9780671735319,,amazon,skipped,0,0,,0,0,0,0,1,,,data
9287,9780373287741,,amazon,skipped,0,0,,0,0,0,0,1,,,data
9288,9783404143085,,amazon,skipped,0,0,,0,0,0,0,1,,,data
9289,9780446512657,,amazon,skipped,0,0,,0,0,0,0,1,,,data
9290,9780373163502,,amazon,skipped,0,0,,0,0,0,0,1,,,data
9291,9783423127028,,amazon,skipped,0,0,,0,0,0,0,1,,,data
9292,9780373078189,,amazon,skipped,0,0,,0,0,0,0,1,,,data
9293,9783257700510,,amazon,skipped,0,0,,0,0,0,0,1,,,data
9294,9780583134088,,amazon,skipped,0,0,,0,0,0,0,1,,,data
9295,9780373311330,,amazon,skipped,0,0,,0,0,0,0,1,,,data
9296,9781565970441,,amazon,skipped,0,0,,0,0,0,0,1,,,data
9297,9781841071220,,amazon,skipped,0,0,,0,0,0,0,1,,,data
9298,9780380727742,,amazon,skipped,0,0,,0,0,0,0,1,,,data
9299,9780349120768,,amazon,skipped,0,0,,0,0,0,0,1,,,data
9300,9780393313673,,amazon,skipped,0,0,,0,0,0,0,1,,,data
9301,9780711709843,,amazon,skipped,0,0,,0,0,0,0,1,,,data
9302,9780060973759,,amazon,skipped,0,0,,0,0,0,0,1,,,data
9303,9780380783045,,amazon,skipped,0,0,,0,0,0,0,1,,,data
9304,9781860195587,,amazon,skipped,0,0,,0,0,0,0,1,,,data
9305,9780373078721,,amazon,skipped,0,0,,0,0,0,0,1,,,data
9306,9780747557760,,amazon,skipped,0,0,,0,0,0,0,1,,,data
9307,9780743214629,,amazon,skipped,0,0,,0,0,0,0,1,,,data
9308,9780399136719,,amazon,skipped,0,0,,0,0,0,0,1,,,data
9309,9780373258901,,amazon,skipped,0,0,,0,0,0,0,1,,,data
9310,9780783801407,,amazon,skipped,0,0,,0,0,0,0,1,,,data
9311,9780732910303,,amazon,skipped,0,0,,0,0,0,0,1,,,data
9312,9780333989197,,amazon,skipped,0,0,,0,0,0,0,1,,,data
9313,9780345361585,,amazon,skipped,0,0,,0,0,0,0,1,,,data
9314,9780821772188,,amazon,skipped,0,0,,0,0,0,0,1,,,data
9315,9780671033255,,amazon,skipped,0,0,,0,0,0,0,1,,,data
9316,9781569752982,,amazon,skipped,0,0,,0,0,0,0,1,,,data
9317,9780719560286,,amazon,skipped,0,0,,0,0,0,0,1,,,data
9318,9780821763100,,amazon,skipped,0,0,,0,0,0,0,1,,,data
9319,9781857926811,,amazon,skipped,0,0,,0,0,0,0,1,,,data
9320,9780373222339,,amazon,skipped,0,0,,0,0,0,0,1,,,data
9321,9780708823200,,amazon,skipped,0,0,,0,0,0,0,1,,,data
9322,9780446606936,,amazon,skipped,0,0,,0,0,0,0,1,,,data
9323,9780340822487,,amazon,skipped,0,0,,0,0,0,0,1,,,data
9324,9780345406248,,amazon,skipped,0,0,,0,0,0,0,1,,,data
9325,9780671511487,,amazon,skipped,0,0,,0,0,0,0,1,,,data
9326,9780132963930,,amazon,skipped,0,0,,0,0,0,0,1,,,data
9327,9780762104208,,amazon,skipped,0,0,,0,0,0,0,1,,,data
9328,9780374399740,,amazon,skipped,0,0,,0,0,0,0,1,,,data
9329,9780333387658,,amazon,skipped,0,0,,0,0,0,0,1,,,data
9330,9780380765256,,amazon,skipped,0,0,,0,0,0,0,1,,,data
9331,9781555137687,,amazon,skipped,0,0,,0,0,0,0,1,,,data
9332,9780029253601,,amazon,skipped,0,0,,0,0,0,0,1,,,data
9333,9780553480382,,amazon,skipped,0,0,,0,0,0,0,1,,,data
9334,9780600420378,,amazon,skipped,0,0,,0,0,0,0,1,,,data
9335,9780449233931,,amazon,skipped,0,0,,0,0,0,0,1,,,data
9336,9780807554104,,amazon,skipped,0,0,,0,0,0,0,1,,,data
9337,9780821769911,,amazon,skipped,0,0,,0,0,0,0,1,,,data
9338,9780373614585,,amazon,skipped,0,0,,0,0,0,0,1,,,data
9339,9780718137533,,amazon,skipped,0,0,,0,0,0,0,1,,,data
9340,9780340654491,,amazon,skipped,0,0,,0,0,0,0,1,,,data
9341,9780590569002,,amazon,skipped,0,0,,0,0,0,0,1,,,data
9342,9780136585015,,amazon,skipped,0,0,,0,0,0,0,1,,,data
9343,9780812503753,,amazon,skipped,0,0,,0,0,0,0,1,,,data
9344,9780385298926,,amazon,skipped,0,0,,0,0,0,0,1,,,data
9345,9780590453752,,amazon,skipped,0,0,,0,0,0,0,1,,,data
9346,9780373833986,,amazon,skipped,0,0,,0,0,0,0,1,,,data
9347,9780356142302,,amazon,skipped,0,0,,0,0,0,0,1,,,data
9348,9780590475358,,amazon,skipped,0,0,,0,0,0,0,1,,,data
9349,9780373059690,,amazon,skipped,0,0,,0,0,0,0,1,,,data
9350,9781850292463,,amazon,skipped,0,0,,0,0,0,0,1,,,data
9351,9780932592156,,amazon,skipped,0,0,,0,0,0,0,1,,,data
9352,9780816708208,,amazon,skipped,0,0,,0,0,0,0,1,,,data
9353,9780855337193,,amazon,skipped,0,0,,0,0,0,0,1,,,data
9354,9780373611515,,amazon,skipped,0,0,,0,0,0,0,1,,,data
9355,9780879056308,,amazon,skipped,0,0,,0,0,0,0,1,,,data
9356,9780452261594,,amazon,skipped,0,0,,0,0,0,0,1,,,data
9357,9780590469388,,amazon,skipped,0,0,,0,0,0,0,1,,,data
9358,9780373484522,,amazon,skipped,0,0,,0,0,0,0,1,,,data
9359,9780582025035,,amazon,skipped,0,0,,0,0,0,0,1,,,data
9360,9780553404845,,amazon,skipped,0,0,,0,0,0,0,1,,,data
9361,9780684195650,,amazon,skipped,0,0,,0,0,0,0,1,,,data
9362,9780276423918,,amazon,skipped,0,0,,0,0,0,0,1,,,data
9363,9780345381736,,amazon,skipped,0,0,,0,0,0,0,1,,,data
9364,9780380977352,,amazon,skipped,0,0,,0,0,0,0,1,,,data
9365,9780851214900,,amazon,skipped,0,0,,0,0,0,0,1,,,data
9366,9780061082580,,amazon,skipped,0,0,,0,0,0,0,1,,,data
9367,9780174481218,,amazon,skipped,0,0,,0,0,0,0,1,,,data
9368,9780130693280,,amazon,skipped,0,0,,0,0,0,0,1,,,data
9369,9780449150481,,amazon,skipped,0,0,,0,0,0,0,1,,,data
9370,9780741404671,,amazon,skipped,0,0,,0,0,0,0,1,,,data
9371,9780449148907,,amazon,skipped,0,0,,0,0,0,0,1,,,data
9372,9780759660120,,amazon,skipped,0,0,,0,0,0,0,1,,,data
9373,9780553228557,,amazon,skipped,0,0,,0,0,0,0,1,,,data
9374,9780080066165,,amazon,skipped,0,0,,0,0,0,0,1,,,data
9375,9780312917401,,amazon,skipped,0,0,,0,0,0,0,1,,,data
9376,9780741413178,,amazon,skipped,0,0,,0,0,0,0,1,,,data
9377,9780812516791,,amazon,skipped,0,0,,0,0,0,0,1,,,data
9378,9780140444889,,amazon,skipped,0,0,,0,0,0,0,1,,,data
9379,9780486203263,,amazon,skipped,0,0,,0,0,0,0,1,,,data
9380,9780821732687,,amazon,skipped,0,0,,0,0,0,0,1,,,data
9381,9780312965549,,amazon,skipped,0,0,,0,0,0,0,1,,,data
9382,9780273030690,,amazon,skipped,0,0,,0,0,0,0,1,,,data
9383,9780451184764,,amazon,skipped,0,0,,0,0,0,0,1,,,data
9384,9780140233940,,amazon,skipped,0,0,,0,0,0,0,1,,,data
9385,9781850521693,,amazon,skipped,0,0,,0,0,0,0,1,,,data
9386,9780714527338,,amazon,skipped,0,0,,0,0,0,0,1,,,data
9387,9780312014551,,amazon,skipped,0,0,,0,0,0,0,1,,,data
9388,9780843943221,,amazon,skipped,0,0,,0,0,0,0,1,,,data
9389,9780440405825,,amazon,skipped,0,0,,0,0,0,0,1,,,data
9390,9780312977658,,amazon,skipped,0,0,,0,0,0,0,1,,,data
9391,9780030000935,,amazon,skipped,0,0,,0,0,0,0,1,,,data
9392,9781856191593,,amazon,skipped,0,0,,0,0,0,0,1,,,data
9393,9780451211439,,amazon,skipped,0,0,,0,0,0,0,1,,,data
9394,9780333409305,,amazon,skipped,0,0,,0,0,0,0,1,,,data
9395,9780897331715,,amazon,skipped,0,0,,0,0,0,0,1,,,data
9396,9780571056798,,amazon,skipped,0,0,,0,0,0,0,1,,,data
9397,9780852923870,,amazon,skipped,0,0,,0,0,0,0,1,,,data
9398,9780140053296,,amazon,skipped,0,0,,0,0,0,0,1,,,data
9399,9780441005024,,amazon,skipped,0,0,,0,0,0,0,1,,,data
9400,9780718131791,,amazon,skipped,0,0,,0,0,0,0,1,,,data
9401,9780679433491,,amazon,skipped,0,0,,0,0,0,0,1,,,data
9402,9780689121326,,amazon,skipped,0,0,,0,0,0,0,1,,,data
9403,9780903505215,,amazon,skipped,0,0,,0,0,0,0,1,,,data
9404,9780903505130,,amazon,skipped,0,0,,0,0,0,0,1,,,data
9405,9780316319362,,amazon,skipped,0,0,,0,0,0,0,1,,,data
9406,9780892966561,,amazon,skipped,0,0,,0,0,0,0,1,,,data
9407,9780684845630,,amazon,skipped,0,0,,0,0,0,0,1,,,data
9408,9780140227437,,amazon,skipped,0,0,,0,0,0,0,1,,,data
9409,9780385312240,,amazon,skipped,0,0,,0,0,0,0,1,,,data
9410,9780582297166,,amazon,skipped,0,0,,0,0,0,0,1,,,data
9411,9780935091007,,amazon,skipped,0,0,,0,0,0,0,1,,,data
9412,9780882668697,,amazon,skipped,0,0,,0,0,0,0,1,,,data
9413,9783785533956,,amazon,skipped,0,0,,0,0,0,0,1,,,data
9414,9780004123943,,amazon,skipped,0,0,,0,0,0,0,1,,,data
9415,9780684184869,,amazon,skipped,0,0,,0,0,0,0,1,,,data
9416,9781551669687,,amazon,skipped,0,0,,0,0,0,0,1,,,data
9417,9780140181876,,amazon,skipped,0,0,,0,0,0,0,1,,,data
9418,9780435905323,,amazon,skipped,0,0,,0,0,0,0,1,,,data
9419,9780739405338,,amazon,skipped,0,0,,0,0,0,0,1,,,data
9420,9781899606207,,amazon,skipped,0,0,,0,0,0,0,1,,,data
9421,9780198662518,,amazon,skipped,0,0,,0,0,0,0,1,,,data
9422,9780670827756,,amazon,skipped,0,0,,0,0,0,0,1,,,data
9423,9780671019853,,amazon,skipped,0,0,,0,0,0,0,1,,,data
9424,9780450542657,,amazon,skipped,0,0,,0,0,0,0,1,,,data
9425,9780805209013,,amazon,skipped,0,0,,0,0,0,0,1,,,data
9426,9780345375452,,amazon,skipped,0,0,,0,0,0,0,1,,,data
9427,9780804105651,,amazon,skipped,0,0,,0,0,0,0,1,,,data
9428,9780373292837,,amazon,skipped,0,0,,0,0,0,0,1,,,data
9429,9780425101735,,amazon,skipped,0,0,,0,0,0,0,1,,,data
9430,9780471291077,,amazon,skipped,0,0,,0,0,0,0,1,,,data
9431,9780786226443,,amazon,skipped,0,0,,0,0,0,0,1,,,data
9432,9780671468101,,amazon,skipped,0,0,,0,0,0,0,1,,,data
9433,9780345284938,,amazon,skipped,0,0,,0,0,0,0,1,,,data
9434,9780679803355,,amazon,skipped,0,0,,0,0,0,0,1,,,data
9435,9780340785416,,amazon,skipped,0,0,,0,0,0,0,1,,,data
9436,9781574534146,,amazon,skipped,0,0,,0,0,0,0,1,,,data
9437,9780843922905,,amazon,skipped,0,0,,0,0,0,0,1,,,data
9438,9780721404134,,amazon,skipped,0,0,,0,0,0,0,1,,,data
9439,9780747536482,,amazon,skipped,0,0,,0,0,0,0,1,,,data
9440,9780812540390,,amazon,skipped,0,0,,0,0,0,0,1,,,data
9441,9780866225069,,amazon,skipped,0,0,,0,0,0,0,1,,,data
9442,9780380768653,,amazon,skipped,0,0,,0,0,0,0,1,,,data
9443,9780765306937,,amazon,skipped,0,0,,0,0,0,0,1,,,data
9444,9780352333575,,amazon,skipped,0,0,,0,0,0,0,1,,,data
9445,9780821724507,,amazon,skipped,0,0,,0,0,0,0,1,,,data
9446,9780843947380,,amazon,skipped,0,0,,0,0,0,0,1,,,data
9447,9780151555567,,amazon,skipped,0,0,,0,0,0,0,1,,,data
9448,9780500274057,,amazon,skipped,0,0,,0,0,0,0,1,,,data
9449,9780373218363,,amazon,skipped,0,0,,0,0,0,0,1,,,data
9450,9781860495342,,amazon,skipped,0,0,,0,0,0,0,1,,,data
9451,9780688080938,,amazon,skipped,0,0,,0,0,0,0,1,,,data
9452,9780722149706,,amazon,skipped,0,0,,0,0,0,0,1,,,data
9453,9780894717833,,amazon,skipped,0,0,,0,0,0,0,1,,,data
9454,9780521827751,,amazon,skipped,0,0,,0,0,0,0,1,,,data
9455,9780061053955,,amazon,skipped,0,0,,0,0,0,0,1,,,data
9456,9780821731413,,amazon,skipped,0,0,,0,0,0,0,1,,,data
9457,9780373201853,,amazon,skipped,0,0,,0,0,0,0,1,,,data
9458,9780446404181,,amazon,skipped,0,0,,0,0,0,0,1,,,data
9459,9780671042530,,amazon,skipped,0,0,,0,0,0,0,1,,,data
9460,9780743412803,,amazon,skipped,0,0,,0,0,0,0,1,,,data
9461,9780373259373,,amazon,skipped,0,0,,0,0,0,0,1,,,data
9462,9780373762163,,amazon,skipped,0,0,,0,0,0,0,1,,,data
9463,9780373057115,,amazon,skipped,0,0,,0,0,0,0,1,,,data
9464,9780862411794,,amazon,skipped,0,0,,0,0,0,0,1,,,data
9465,9780425082706,,amazon,skipped,0,0,,0,0,0,0,1,,,data
9466,9780373078776,,amazon,skipped,0,0,,0,0,0,0,1,,,data
9467,9780380725731,,amazon,skipped,0,0,,0,0,0,0,1,,,data
9468,9780373046591,,amazon,skipped,0,0,,0,0,0,0,1,,,data
9469,9780571172078,,amazon,skipped,0,0,,0,0,0,0,1,,,data
9470,9780373272174,,amazon,skipped,0,0,,0,0,0,0,1,,,data
9471,9783442425556,,amazon,skipped,0,0,,0,0,0,0,1,,,data
9472,9781860495052,,amazon,skipped,0,0,,0,0,0,0,1,,,data
9473,9780312181680,,amazon,skipped,0,0,,0,0,0,0,1,,,data
9474,9780373075690,,amazon,skipped,0,0,,0,0,0,0,1,,,data
9475,9783499110573,,amazon,skipped,0,0,,0,0,0,0,1,,,data
9476,9780812565287,,amazon,skipped,0,0,,0,0,0,0,1,,,data
9477,9780112904199,,amazon,skipped,0,0,,0,0,0,0,1,,,data
9478,9780553445732,,amazon,skipped,0,0,,0,0,0,0,1,,,data
9479,9780553283150,,amazon,skipped,0,0,,0,0,0,0,1,,,data
9480,9780553445749,,amazon,skipped,0,0,,0,0,0,0,1,,,data
9481,9780553219944,,amazon,skipped,0,0,,0,0,0,0,1,,,data
9482,9780748662272,,amazon,skipped,0,0,,0,0,0,0,1,,,data
9483,9780969428763,,amazon,skipped,0,0,,0,0,0,0,1,,,data
9484,9781852243395,,amazon,skipped,0,0,,0,0,0,0,1,,,data
9485,9783257215403,,amazon,skipped,0,0,,0,0,0,0,1,,,data
9486,9780804102841,,amazon,skipped,0,0,,0,0,0,0,1,,,data
9487,9780060926915,,amazon,skipped,0,0,,0,0,0,0,1,,,data
9488,9780786702596,,amazon,skipped,0,0,,0,0,0,0,1,,,data
9489,9780517705865,,amazon,skipped,0,0,,0,0,0,0,1,,,data
9490,9780553061741,,amazon,skipped,0,0,,0,0,0,0,1,,,data
9491,9780224050180,,amazon,skipped,0,0,,0,0,0,0,1,,,data
9492,9781893896109,,amazon,skipped,0,0,,0,0,0,0,1,,,data
9493,9780933377332,,amazon,skipped,0,0,,0,0,0,0,1,,,data
9494,9780688143121,,amazon,skipped,0,0,,0,0,0,0,1,,,data
9495,9780802079527,,amazon,skipped,0,0,,0,0,0,0,1,,,data
9496,9783518398906,,amazon,skipped,0,0,,0,0,0,0,1,,,data
9497,9780373273263,,amazon,skipped,0,0,,0,0,0,0,1,,,data
9498,9780345314307,,amazon,skipped,0,0,,0,0,0,0,1,,,data
9499,9780312152345,,amazon,skipped,0,0,,0,0,0,0,1,,,data
9500,9780451122667,,amazon,skipped,0,0,,0,0,0,0,1,,,data
9501,9780679448587,,amazon,skipped,0,0,,0,0,0,0,1,,,data
9502,9780373242276,,amazon,skipped,0,0,,0,0,0,0,1,,,data
9503,9780805058369,,amazon,skipped,0,0,,0,0,0,0,1,,,data
9504,9780373241712,,amazon,skipped,0,0,,0,0,0,0,1,,,data
9505,9780440983750,,amazon,skipped,0,0,,0,0,0,0,1,,,data
9506,9780373094233,,amazon,skipped,0,0,,0,0,0,0,1,,,data
9507,9780373270620,,amazon,skipped,0,0,,0,0,0,0,1,,,data
9508,9780373059430,,amazon,skipped,0,0,,0,0,0,0,1,,,data
9509,9780373195909,,amazon,skipped,0,0,,0,0,0,0,1,,,data
9510,9780553294583,,amazon,skipped,0,0,,0,0,0,0,1,,,data
9511,9781853261534,,amazon,skipped,0,0,,0,0,0,0,1,,,data
9512,9780060972882,,amazon,skipped,0,0,,0,0,0,0,1,,,data
9513,9781899791378,,amazon,skipped,0,0,,0,0,0,0,1,,,data
9514,9780062592378,,amazon,skipped,0,0,,0,0,0,0,1,,,data
9515,9780830813780,,amazon,skipped,0,0,,0,0,0,0,1,,,data
9516,9780425053508,,amazon,skipped,0,0,,0,0,0,0,1,,,data
9517,9780802809704,,amazon,skipped,0,0,,0,0,0,0,1,,,data
9518,9780393318555,,amazon,skipped,0,0,,0,0,0,0,1,,,data
9519,9780830819799,,amazon,skipped,0,0,,0,0,0,0,1,,,data
9520,9780749918514,,amazon,skipped,0,0,,0,0,0,0,1,,,data
9521,9781565122031,,amazon,skipped,0,0,,0,0,0,0,1,,,data
9522,9780553146509,,amazon,skipped,0,0,,0,0,0,0,1,,,data
9523,9780373032778,,amazon,skipped,0,0,,0,0,0,0,1,,,data
9524,9780914101024,,amazon,skipped,0,0,,0,0,0,0,1,,,data
9525,9780373764099,,amazon,skipped,0,0,,0,0,0,0,1,,,data
9526,9781857026740,,amazon,skipped,0,0,,0,0,0,0,1,,,data
9527,9780373151547,,amazon,skipped,0,0,,0,0,0,0,1,,,data
9528,9780373258833,,amazon,skipped,0,0,,0,0,0,0,1,,,data
9529,9780749931483,,amazon,skipped,0,0,,0,0,0,0,1,,,data
9531,9780352324344,,amazon,skipped,0,0,,0,0,0,0,1,,,data
9532,9780752261942,,amazon,skipped,0,0,,0,0,0,0,1,,,data
9533,9780679745358,,amazon,skipped,0,0,,0,0,0,0,1,,,data
9534,9780385318730,,amazon,skipped,0,0,,0,0,0,0,1,,,data
9535,9780586087862,,amazon,skipped,0,0,,0,0,0,0,1,,,data
9536,9781558175600,,amazon,skipped,0,0,,0,0,0,0,1,,,data
9537,9780671735814,,amazon,skipped,0,0,,0,0,0,0,1,,,data
9538,9780380548743,,amazon,skipped,0,0,,0,0,0,0,1,,,data
9539,9780713632316,,amazon,skipped,0,0,,0,0,0,0,1,,,data
9540,9780373440313,,amazon,skipped,0,0,,0,0,0,0,1,,,data
9541,9780895262370,,amazon,skipped,0,0,,0,0,0,0,1,,,data
9542,9780812554625,,amazon,skipped,0,0,,0,0,0,0,1,,,data
9543,9780312968106,,amazon,skipped,0,0,,0,0,0,0,1,,,data
9544,9780445206182,,amazon,skipped,0,0,,0,0,0,0,1,,,data
9545,9781587541162,,amazon,skipped,0,0,,0,0,0,0,1,,,data
9546,9780312951580,,amazon,skipped,0,0,,0,0,0,0,1,,,data
9547,9780671653514,,amazon,skipped,0,0,,0,0,0,0,1,,,data
9548,9780373762095,,amazon,skipped,0,0,,0,0,0,0,1,,,data
9549,9780553289862,,amazon,skipped,0,0,,0,0,0,0,1,,,data
9550,9780425031742,,amazon,skipped,0,0,,0,0,0,0,1,,,data
9551,9780452264076,,amazon,skipped,0,0,,0,0,0,0,1,,,data
9552,9781560728917,,amazon,skipped,0,0,,0,0,0,0,1,,,data
9553,9780553259919,,amazon,skipped,0,0,,0,0,0,0,1,,,data
9554,9780385069502,,amazon,skipped,0,0,,0,0,0,0,1,,,data
9555,9780345343345,,amazon,skipped,0,0,,0,0,0,0,1,,,data
9556,9780821737422,,amazon,skipped,0,0,,0,0,0,0,1,,,data
9557,9780380798858,,amazon,skipped,0,0,,0,0,0,0,1,,,data
9558,9780553230574,,amazon,skipped,0,0,,0,0,0,0,1,,,data
9559,9780758205957,,amazon,skipped,0,0,,0,0,0,0,1,,,data
9560,9781895688597,,amazon,skipped,0,0,,0,0,0,0,1,,,data
9561,9780373079148,,amazon,skipped,0,0,,0,0,0,0,1,,,data
9562,9780446692465,,amazon,skipped,0,0,,0,0,0,0,1,,,data
9563,9780380897100,,amazon,skipped,0,0,,0,0,0,0,1,,,data
9564,9780393313611,,amazon,skipped,0,0,,0,0,0,0,1,,,data
9565,9780441071814,,amazon,skipped,0,0,,0,0,0,0,1,,,data
9566,9780373258796,,amazon,skipped,0,0,,0,0,0,0,1,,,data
9567,9783548254074,,amazon,skipped,0,0,,0,0,0,0,1,,,data
9568,9781559720373,,amazon,skipped,0,0,,0,0,0,0,1,,,data
9569,9780821762936,,amazon,skipped,0,0,,0,0,0,0,1,,,data
9570,9780446314213,,amazon,skipped,0,0,,0,0,0,0,1,,,data
9571,9780373520718,,amazon,skipped,0,0,,0,0,0,0,1,,,data
9572,9780345012517,,amazon,skipped,0,0,,0,0,0,0,1,,,data
9573,9780373765775,,amazon,skipped,0,0,,0,0,0,0,1,,,data
9574,9780373765553,,amazon,skipped,0,0,,0,0,0,0,1,,,data
9575,9780821745854,,amazon,skipped,0,0,,0,0,0,0,1,,,data
9576,9780671501143,,amazon,skipped,0,0,,0,0,0,0,1,,,data
9577,9780821753101,,amazon,skipped,0,0,,0,0,0,0,1,,,data
9578,9780374132774,,amazon,skipped,0,0,,0,0,0,0,1,,,data
9579,9780425194188,,amazon,skipped,0,0,,0,0,0,0,1,,,data
9580,9780689317460,,amazon,skipped,0,0,,0,0,0,0,1,,,data
9581,9780373292660,,amazon,skipped,0,0,,0,0,0,0,1,,,data
9582,9788484370048,,amazon,skipped,0,0,,0,0,0,0,1,,,data
9583,9780373484768,,amazon,skipped,0,0,,0,0,0,0,1,,,data
9584,9780380770229,,amazon,skipped,0,0,,0,0,0,0,1,,,data
9585,9780373242146,,amazon,skipped,0,0,,0,0,0,0,1,,,data
9586,9780449146538,,amazon,skipped,0,0,,0,0,0,0,1,,,data
9587,9780449220573,,amazon,skipped,0,0,,0,0,0,0,1,,,data
9588,9788320530711,,amazon,skipped,0,0,,0,0,0,0,1,,,data
9589,9780373272259,,amazon,skipped,0,0,,0,0,0,0,1,,,data
9590,9780380815524,,amazon,skipped,0,0,,0,0,0,0,1,,,data
9591,9780449148525,,amazon,skipped,0,0,,0,0,0,0,1,,,data
9592,9780743208031,,amazon,skipped,0,0,,0,0,0,0,1,,,data
9593,9780441872862,,amazon,skipped,0,0,,0,0,0,0,1,,,data
9594,9780886774073,,amazon,skipped,0,0,,0,0,0,0,1,,,data
9595,9780886772024,,amazon,skipped,0,0,,0,0,0,0,1,,,data
9596,9780812571899,,amazon,skipped,0,0,,0,0,0,0,1,,,data
9597,9780886772307,,amazon,skipped,0,0,,0,0,0,0,1,,,data
9598,9780812540369,,amazon,skipped,0,0,,0,0,0,0,1,,,data
9599,9780688046552,,amazon,skipped,0,0,,0,0,0,0,1,,,data
9600,9780446600385,,amazon,skipped,0,0,,0,0,0,0,1,,,data
9601,9780380812554,,amazon,skipped,0,0,,0,0,0,0,1,,,data
9602,9780821768426,,amazon,skipped,0,0,,0,0,0,0,1,,,data
9603,9780006269281,,amazon,skipped,0,0,,0,0,0,0,1,,,data
9604,9781551665580,,amazon,skipped,0,0,,0,0,0,0,1,,,data
9605,9780670805716,,amazon,skipped,0,0,,0,0,0,0,1,,,data
9606,9780345275479,,amazon,skipped,0,0,,0,0,0,0,1,,,data
9607,9780393036596,,amazon,skipped,0,0,,0,0,0,0,1,,,data
9608,9780739438206,,amazon,skipped,0,0,,0,0,0,0,1,,,data
9609,9780702222993,,amazon,skipped,0,0,,0,0,0,0,1,,,data
9610,9780445208445,,amazon,skipped,0,0,,0,0,0,0,1,,,data
9611,9780671618315,,amazon,skipped,0,0,,0,0,0,0,1,,,data
9612,9780373057962,,amazon,skipped,0,0,,0,0,0,0,1,,,data
9613,9780446328982,,amazon,skipped,0,0,,0,0,0,0,1,,,data
9614,9780609607053,,amazon,skipped,0,0,,0,0,0,0,1,,,data
9615,9780553343588,,amazon,skipped,0,0,,0,0,0,0,1,,,data
9616,9780373244850,,amazon,skipped,0,0,,0,0,0,0,1,,,data
9617,9780139218835,,amazon,skipped,0,0,,0,0,0,0,1,,,data
9618,9780843774030,,amazon,skipped,0,0,,0,0,0,0,1,,,data
9619,9781555215590,,amazon,skipped,0,0,,0,0,0,0,1,,,data
9620,9780747273509,,amazon,skipped,0,0,,0,0,0,0,1,,,data
9621,9780345281395,,amazon,skipped,0,0,,0,0,0,0,1,,,data
9622,9780897212175,,amazon,skipped,0,0,,0,0,0,0,1,,,data
9623,9780380795055,,amazon,skipped,0,0,,0,0,0,0,1,,,data
9624,9780439098236,,amazon,skipped,0,0,,0,0,0,0,1,,,data
9625,9783442426188,,amazon,skipped,0,0,,0,0,0,0,1,,,data
9626,9782877142939,,amazon,skipped,0,0,,0,0,0,0,1,,,data
9627,9780453005753,,amazon,skipped,0,0,,0,0,0,0,1,,,data
9628,9780606189958,,amazon,skipped,0,0,,0,0,0,0,1,,,data
9629,9782877141598,,amazon,skipped,0,0,,0,0,0,0,1,,,data
9630,9781558533639,,amazon,skipped,0,0,,0,0,0,0,1,,,data
9631,9780373272471,,amazon,skipped,0,0,,0,0,0,0,1,,,data
9632,9780340128725,,amazon,skipped,0,0,,0,0,0,0,1,,,data
9633,9780486202235,,amazon,skipped,0,0,,0,0,0,0,1,,,data
9634,9780373270859,,amazon,skipped,0,0,,0,0,0,0,1,,,data
9635,9780871881045,,amazon,skipped,0,0,,0,0,0,0,1,,,data
9636,9780310468424,,amazon,skipped,0,0,,0,0,0,0,1,,,data
9637,9780440206361,,amazon,skipped,0,0,,0,0,0,0,1,,,data
9638,9783596134199,,amazon,skipped,0,0,,0,0,0,0,1,,,data
9639,9780688087272,,amazon,skipped,0,0,,0,0,0,0,1,,,data
9640,9783442541935,,amazon,skipped,0,0,,0,0,0,0,1,,,data
9641,9780684854878,,amazon,skipped,0,0,,0,0,0,0,1,,,data
9642,9780801483899,,amazon,skipped,0,0,,0,0,0,0,1,,,data
9643,9780688087265,,amazon,skipped,0,0,,0,0,0,0,1,,,data
9644,9780671695712,,amazon,skipped,0,0,,0,0,0,0,1,,,data
9645,9780877959267,,amazon,skipped,0,0,,0,0,0,0,1,,,data
9646,9780375415166,,amazon,skipped,0,0,,0,0,0,0,1,,,data
9647,9780877957188,,amazon,skipped,0,0,,0,0,0,0,1,,,data
9648,9780373078196,,amazon,skipped,0,0,,0,0,0,0,1,,,data
9649,9780385326582,,amazon,skipped,0,0,,0,0,0,0,1,,,data
9650,9780373077076,,amazon,skipped,0,0,,0,0,0,0,1,,,data
9651,9780060007867,,amazon,skipped,0,0,,0,0,0,0,1,,,data
9652,9780395366141,,amazon,skipped,0,0,,0,0,0,0,1,,,data
9653,9780385230698,,amazon,skipped,0,0,,0,0,0,0,1,,,data
9654,9781580172387,,amazon,skipped,0,0,,0,0,0,0,1,,,data
9655,9780385286398,,amazon,skipped,0,0,,0,0,0,0,1,,,data
9656,9780060183820,,amazon,skipped,0,0,,0,0,0,0,1,,,data
9657,9780395355367,,amazon,skipped,0,0,,0,0,0,0,1,,,data
9658,9780448095707,,amazon,skipped,0,0,,0,0,0,0,1,,,data
9659,9780684852980,,amazon,skipped,0,0,,0,0,0,0,1,,,data
9660,9780743252140,,amazon,skipped,0,0,,0,0,0,0,1,,,data
9661,9788432206818,,amazon,skipped,0,0,,0,0,0,0,1,,,data
9662,9780553570939,,amazon,skipped,0,0,,0,0,0,0,1,,,data
9663,9780345462152,,amazon,skipped,0,0,,0,0,0,0,1,,,data
9664,9780836269130,,amazon,skipped,0,0,,0,0,0,0,1,,,data
9665,9780373258970,,amazon,skipped,0,0,,0,0,0,0,1,,,data
9666,9780449006368,,amazon,skipped,0,0,,0,0,0,0,1,,,data
9667,9781567310801,,amazon,skipped,0,0,,0,0,0,0,1,,,data
9668,9780740710209,,amazon,skipped,0,0,,0,0,0,0,1,,,data
9669,9782253037323,,amazon,skipped,0,0,,0,0,0,0,1,,,data
9670,9780345315601,,amazon,skipped,0,0,,0,0,0,0,1,,,data
9671,9780375814891,,amazon,skipped,0,0,,0,0,0,0,1,,,data
9672,9782070404490,,amazon,skipped,0,0,,0,0,0,0,1,,,data
9673,9780373258987,,amazon,skipped,0,0,,0,0,0,0,1,,,data
9674,9780821724255,,amazon,skipped,0,0,,0,0,0,0,1,,,data
9675,9780967431505,,amazon,skipped,0,0,,0,0,0,0,1,,,data
9676,9780373258888,,amazon,skipped,0,0,,0,0,0,0,1,,,data
9677,9780898653793,,amazon,skipped,0,0,,0,0,0,0,1,,,data
9678,9780375814914,,amazon,skipped,0,0,,0,0,0,0,1,,,data
9679,9780307475077,,amazon,skipped,0,0,,0,0,0,0,1,,,data
9680,9780446527767,,amazon,skipped,0,0,,0,0,0,0,1,,,data
9681,9780739301913,,amazon,skipped,0,0,,0,0,0,0,1,,,data
9682,9780807101506,,amazon,skipped,0,0,,0,0,0,0,1,,,data
9683,9780312275181,,amazon,skipped,0,0,,0,0,0,0,1,,,data
9684,9780964731349,,amazon,skipped,0,0,,0,0,0,0,1,,,data
9685,9780471149637,,amazon,skipped,0,0,,0,0,0,0,1,,,data
9686,9780449210840,,amazon,skipped,0,0,,0,0,0,0,1,,,data
9687,9780903505437,,amazon,skipped,0,0,,0,0,0,0,1,,,data
9688,9781841881485,,amazon,skipped,0,0,,0,0,0,0,1,,,data
9689,9780517886533,,amazon,skipped,0,0,,0,0,0,0,1,,,data
9690,9781571517135,,amazon,skipped,0,0,,0,0,0,0,1,,,data
9691,9780671875121,,amazon,skipped,0,0,,0,0,0,0,1,,,data
9692,9780441898541,,amazon,skipped,0,0,,0,0,0,0,1,,,data
9693,9781585420049,,amazon,skipped,0,0,,0,0,0,0,1,,,data
9694,9780794401498,,amazon,skipped,0,0,,0,0,0,0,1,,,data
9695,9780843935585,,amazon,skipped,0,0,,0,0,0,0,1,,,data
9696,9780525444473,,amazon,skipped,0,0,,0,0,0,0,1,,,data
9697,9780441138074,,amazon,skipped,0,0,,0,0,0,0,1,,,data
9698,9781566933070,,amazon,skipped,0,0,,0,0,0,0,1,,,data
9699,9780393313482,,amazon,skipped,0,0,,0,0,0,0,1,,,data
9700,9780062516633,,amazon,skipped,0,0,,0,0,0,0,1,,,data
9701,9780394873329,,amazon,skipped,0,0,,0,0,0,0,1,,,data
9702,9780739424995,,amazon,skipped,0,0,,0,0,0,0,1,,,data
9703,9781400031214,,amazon,skipped,0,0,,0,0,0,0,1,,,data
9704,9780884046417,,amazon,skipped,0,0,,0,0,0,0,1,,,data
9705,9780312054670,,amazon,skipped,0,0,,0,0,0,0,1,,,data
9706,9780689835605,,amazon,skipped,0,0,,0,0,0,0,1,,,data
9707,9780571136933,,amazon,skipped,0,0,,0,0,0,0,1,,,data
9708,9781581170245,,amazon,skipped,0,0,,0,0,0,0,1,,,data
9709,9780385488594,,amazon,skipped,0,0,,0,0,0,0,1,,,data
9710,9780380806218,,amazon,skipped,0,0,,0,0,0,0,1,,,data
9711,9780671877187,,amazon,skipped,0,0,,0,0,0,0,1,,,data
9712,9780345395351,,amazon,skipped,0,0,,0,0,0,0,1,,,data
9713,9781556612886,,amazon,skipped,0,0,,0,0,0,0,1,,,data
9714,9781556610844,,amazon,skipped,0,0,,0,0,0,0,1,,,data
9715,9780373764105,,amazon,skipped,0,0,,0,0,0,0,1,,,data
9716,9781556610004,,amazon,skipped,0,0,,0,0,0,0,1,,,data
9717,9780380717392,,amazon,skipped,0,0,,0,0,0,0,1,,,data
9718,9780373272297,,amazon,skipped,0,0,,0,0,0,0,1,,,data
9719,9780871239778,,amazon,skipped,0,0,,0,0,0,0,1,,,data
9720,9780891374145,,amazon,skipped,0,0,,0,0,0,0,1,,,data
9721,9780373764976,,amazon,skipped,0,0,,0,0,0,0,1,,,data
9722,9781569247877,,amazon,skipped,0,0,,0,0,0,0,1,,,data
9723,9780553288032,,amazon,skipped,0,0,,0,0,0,0,1,,,data
9724,9783798703315,,amazon,skipped,0,0,,0,0,0,0,1,,,data
9725,9780440226154,,amazon,skipped,0,0,,0,0,0,0,1,,,data
9726,9781580625821,,amazon,skipped,0,0,,0,0,0,0,1,,,data
9727,9780060185107,,amazon,skipped,0,0,,0,0,0,0,1,,,data
9728,9780373484362,,amazon,skipped,0,0,,0,0,0,0,1,,,data
9729,9780373272440,,amazon,skipped,0,0,,0,0,0,0,1,,,data
9730,9780671737672,,amazon,skipped,0,0,,0,0,0,0,1,,,data
9731,9781569247778,,amazon,skipped,0,0,,0,0,0,0,1,,,data
9732,9780224014793,,amazon,skipped,0,0,,0,0,0,0,1,,,data
9733,9780312998813,,amazon,skipped,0,0,,0,0,0,0,1,,,data
9734,9781580174480,,amazon,skipped,0,0,,0,0,0,0,1,,,data
9735,9780712646932,,amazon,skipped,0,0,,0,0,0,0,1,,,data
9736,9780440219477,,amazon,skipped,0,0,,0,0,0,0,1,,,data
9737,9780450485541,,amazon,skipped,0,0,,0,0,0,0,1,,,data
9738,9780345347213,,amazon,skipped,0,0,,0,0,0,0,1,,,data
9739,9780310951858,,amazon,skipped,0,0,,0,0,0,0,1,,,data
9740,9780304291946,,amazon,skipped,0,0,,0,0,0,0,1,,,data
9741,9780874775617,,amazon,skipped,0,0,,0,0,0,0,1,,,data
9742,9780373762880,,amazon,skipped,0,0,,0,0,0,0,1,,,data
9743,9780553352665,,amazon,skipped,0,0,,0,0,0,0,1,,,data
9744,9780972384209,,amazon,skipped,0,0,,0,0,0,0,1,,,data
9745,9780340201572,,amazon,skipped,0,0,,0,0,0,0,1,,,data
9746,9780882073446,,amazon,skipped,0,0,,0,0,0,0,1,,,data
9747,9780340596166,,amazon,skipped,0,0,,0,0,0,0,1,,,data
9748,9781578562312,,amazon,skipped,0,0,,0,0,0,0,1,,,data
9749,9780712638319,,amazon,skipped,0,0,,0,0,0,0,1,,,data
9750,9780333539095,,amazon,skipped,0,0,,0,0,0,0,1,,,data
9751,9780553290493,,amazon,skipped,0,0,,0,0,0,0,1,,,data
9752,9780140312669,,amazon,skipped,0,0,,0,0,0,0,1,,,data
9753,9780002210478,,amazon,skipped,0,0,,0,0,0,0,1,,,data
9754,9780425045435,,amazon,skipped,0,0,,0,0,0,0,1,,,data
9755,9780451208248,,amazon,skipped,0,0,,0,0,0,0,1,,,data
9756,9780394524290,,amazon,skipped,0,0,,0,0,0,0,1,,,data
9757,9789727110100,,amazon,skipped,0,0,,0,0,0,0,1,,,data
9758,9780551027503,,amazon,skipped,0,0,,0,0,0,0,1,,,data
9759,9780312130817,,amazon,skipped,0,0,,0,0,0,0,1,,,data
9760,9780684834221,,amazon,skipped,0,0,,0,0,0,0,1,,,data
9761,9781853024719,,amazon,skipped,0,0,,0,0,0,0,1,,,data
9762,9780877013686,,amazon,skipped,0,0,,0,0,0,0,1,,,data
9763,9780505523983,,amazon,skipped,0,0,,0,0,0,0,1,,,data
9764,9780932096098,,amazon,skipped,0,0,,0,0,0,0,1,,,data
9765,9780971447325,,amazon,skipped,0,0,,0,0,0,0,1,,,data
9766,9780884043799,,amazon,skipped,0,0,,0,0,0,0,1,,,data
9767,9780877932123,,amazon,skipped,0,0,,0,0,0,0,1,,,data
9768,9780385314343,,amazon,skipped,0,0,,0,0,0,0,1,,,data
9769,9780373258994,,amazon,skipped,0,0,,0,0,0,0,1,,,data
9770,9780425171905,,amazon,skipped,0,0,,0,0,0,0,1,,,data
9771,9780812572339,,amazon,skipped,0,0,,0,0,0,0,1,,,data
9772,9780736412612,,amazon,skipped,0,0,,0,0,0,0,1,,,data
9773,9780380808182,,amazon,skipped,0,0,,0,0,0,0,1,,,data
9774,9780373613816,,amazon,skipped,0,0,,0,0,0,0,1,,,data
9775,9780028632674,,amazon,skipped,0,0,,0,0,0,0,1,,,data
9776,9780345275394,,amazon,skipped,0,0,,0,0,0,0,1,,,data
9777,9780933855076,,amazon,skipped,0,0,,0,0,0,0,1,,,data
9778,9780395299173,,amazon,skipped,0,0,,0,0,0,0,1,,,data
9779,9780964140912,,amazon,skipped,0,0,,0,0,0,0,1,,,data
9780,9780785100331,,amazon,skipped,0,0,,0,0,0,0,1,,,data
9781,9780395276280,,amazon,skipped,0,0,,0,0,0,0,1,,,data
9782,9780395253601,,amazon,skipped,0,0,,0,0,0,0,1,,,data
9783,9780441078981,,amazon,skipped,0,0,,0,0,0,0,1,,,data
9784,9781929180127,,amazon,skipped,0,0,,0,0,0,0,1,,,data
9785,9780821754191,,amazon,skipped,0,0,,0,0,0,0,1,,,data
9786,9780394278308,,amazon,skipped,0,0,,0,0,0,0,1,,,data
9787,9780817455453,,amazon,skipped,0,0,,0,0,0,0,1,,,data
9788,9780448164557,,amazon,skipped,0,0,,0,0,0,0,1,,,data
9789,9780395249819,,amazon,skipped,0,0,,0,0,0,0,1,,,data
9790,9780395284285,,amazon,skipped,0,0,,0,0,0,0,1,,,data
9791,9780764560798,,amazon,skipped,0,0,,0,0,0,0,1,,,data
9792,9780425057612,,amazon,skipped,0,0,,0,0,0,0,1,,,data
9793,9780373264094,,amazon,skipped,0,0,,0,0,0,0,1,,,data
9794,9780439568456,,amazon,skipped,0,0,,0,0,0,0,1,,,data
9795,9781570670091,,amazon,skipped,0,0,,0,0,0,0,1,,,data
9796,9780931411199,,amazon,skipped,0,0,,0,0,0,0,1,,,data
9797,9780935526370,,amazon,skipped,0,0,,0,0,0,0,1,,,data
9798,9780060158651,,amazon,skipped,0,0,,0,0,0,0,1,,,data
9799,9780451519320,,amazon,skipped,0,0,,0,0,0,0,1,,,data
9800,9780899972138,,amazon,skipped,0,0,,0,0,0,0,1,,,data
9801,9781880032756,,amazon,skipped,0,0,,0,0,0,0,1,,,data
9802,9780380001989,,amazon,skipped,0,0,,0,0,0,0,1,,,data
9803,9781401902803,,amazon,skipped,0,0,,0,0,0,0,1,,,data
9804,9780525442387,,amazon,skipped,0,0,,0,0,0,0,1,,,data
9805,9780140234855,,amazon,skipped,0,0,,0,0,0,0,1,,,data
9806,9780060532680,,amazon,skipped,0,0,,0,0,0,0,1,,,data
9807,9780201091472,,amazon,skipped,0,0,,0,0,0,0,1,,,data
9808,9780380808014,,amazon,skipped,0,0,,0,0,0,0,1,,,data
9809,9780618176762,,amazon,skipped,0,0,,0,0,0,0,1,,,data
9810,9780884113867,,amazon,skipped,0,0,,0,0,0,0,1,,,data
9811,9780380787562,,amazon,skipped,0,0,,0,0,0,0,1,,,data
9812,9780553213485,,amazon,skipped,0,0,,0,0,0,0,1,,,data
9813,9780618176748,,amazon,skipped,0,0,,0,0,0,0,1,,,data
9814,9780768204766,,amazon,skipped,0,0,,0,0,0,0,1,,,data
9815,9780821770795,,amazon,skipped,0,0,,0,0,0,0,1,,,data
9816,9781564405272,,amazon,skipped,0,0,,0,0,0,0,1,,,data
9817,9780451458100,,amazon,skipped,0,0,,0,0,0,0,1,,,data
9818,9780789717962,,amazon,skipped,0,0,,0,0,0,0,1,,,data
9819,9780816024025,,amazon,skipped,0,0,,0,0,0,0,1,,,data
9820,9780060166038,,amazon,skipped,0,0,,0,0,0,0,1,,,data
9821,9780061084171,,amazon,skipped,0,0,,0,0,0,0,1,,,data
9822,9780316920292,,amazon,skipped,0,0,,0,0,0,0,1,,,data
9823,9780631175018,,amazon,skipped,0,0,,0,0,0,0,1,,,data
9824,9780671798567,,amazon,skipped,0,0,,0,0,0,0,1,,,data
9825,9780152001308,,amazon,skipped,0,0,,0,0,0,0,1,,,data
9826,9780375801600,,amazon,skipped,0,0,,0,0,0,0,1,,,data
9827,9780397324262,,amazon,skipped,0,0,,0,0,0,0,1,,,data
9828,9780679752554,,amazon,skipped,0,0,,0,0,0,0,1,,,data
9829,9780140268218,,amazon,skipped,0,0,,0,0,0,0,1,,,data
9830,9780439496872,,amazon,skipped,0,0,,0,0,0,0,1,,,data
9831,9780345353764,,amazon,skipped,0,0,,0,0,0,0,1,,,data
9832,9780671034788,,amazon,skipped,0,0,,0,0,0,0,1,,,data
9833,9780671737689,,amazon,skipped,0,0,,0,0,0,0,1,,,data
9834,9780373217359,,amazon,skipped,0,0,,0,0,0,0,1,,,data
9835,9780786709533,,amazon,skipped,0,0,,0,0,0,0,1,,,data
9836,9780684869162,,amazon,skipped,0,0,,0,0,0,0,1,,,data
9837,9780590442923,,amazon,skipped,0,0,,0,0,0,0,1,,,data
9838,9780142501559,,amazon,skipped,0,0,,0,0,0,0,1,,,data
9839,9780373241330,,amazon,skipped,0,0,,0,0,0,0,1,,,data
9840,9780060520465,,amazon,skipped,0,0,,0,0,0,0,1,,,data
9841,9780671676865,,amazon,skipped,0,0,,0,0,0,0,1,,,data
9842,9780756400439,,amazon,skipped,0,0,,0,0,0,0,1,,,data
9843,9788478886869,,amazon,skipped,0,0,,0,0,0,0,1,,,data
9844,9780671676377,,amazon,skipped,0,0,,0,0,0,0,1,,,data
9845,9780786012640,,amazon,empty,0,7,title; authors; publisher; origin; date_of_publication; language; genres,0,0,0,0,10,,,data
9846,9781567315332,,amazon,skipped,0,0,,0,0,0,0,1,,,data
9847,9780964628069,,amazon,skipped,0,0,,0,0,0,0,1,,,data
9848,9780886778309,,amazon,skipped,0,0,,0,0,0,0,1,,,data
9849,9780312317126,,amazon,skipped,0,0,,0,0,0,0,1,,,data
9850,9788408017233,,amazon,skipped,0,0,,0,0,0,0,1,,,data
9851,9780425080092,,amazon,skipped,0,0,,0,0,0,0,1,,,data
9852,9788432204760,,amazon,skipped,0,0,,0,0,0,0,1,,,data
9853,9780312317119,,amazon,skipped,0,0,,0,0,0,0,1,,,data
9854,9780525200154,,amazon,skipped,0,0,,0,0,0,0,1,,,data
9855,9788429709414,,amazon,skipped,0,0,,0,0,0,0,1,,,data
9856,9780590470704,,amazon,skipped,0,0,,0,0,0,0,1,,,data
9857,9780451520173,,amazon,skipped,0,0,,0,0,0,0,1,,,data
9858,9780312287559,,amazon,skipped,0,0,,0,0,0,0,1,,,data
9859,9781581822465,,amazon,skipped,0,0,,0,0,0,0,1,,,data
9860,9788408037415,,amazon,skipped,0,0,,0,0,0,0,1,,,data
9861,9780449204344,,amazon,skipped,0,0,,0,0,0,0,1,,,data
9862,9788432207334,,amazon,skipped,0,0,,0,0,0,0,1,,,data
9863,9780449213162,,amazon,skipped,0,0,,0,0,0,0,1,,,data
9864,9781584851356,,amazon,skipped,0,0,,0,0,0,0,1,,,data
9865,9780590485562,,amazon,skipped,0,0,,0,0,0,0,1,,,data
9866,9788433912732,,amazon,skipped,0,0,,0,0,0,0,1,,,data
9867,9781561708291,,amazon,skipped,0,0,,0,0,0,0,1,,,data
9868,9780962743702,,amazon,skipped,0,0,,0,0,0,0,1,,,data
9869,9780679960430,,amazon,skipped,0,0,,0,0,0,0,1,,,data
9870,9780380804252,,amazon,skipped,0,0,,0,0,0,0,1,,,data
9871,9780609804162,,amazon,skipped,0,0,,0,0,0,0,1,,,data
9872,9780861888955,,amazon,skipped,0,0,,0,0,0,0,1,,,data
9873,9780938753698,,amazon,skipped,0,0,,0,0,0,0,1,,,data
9874,9780722529607,,amazon,skipped,0,0,,0,0,0,0,1,,,data
9875,9781564584922,,amazon,skipped,0,0,,0,0,0,0,1,,,data
9876,9788401327186,,amazon,skipped,0,0,,0,0,0,0,1,,,data
9877,9780671794705,,amazon,skipped,0,0,,0,0,0,0,1,,,data
9878,9788433969026,,amazon,skipped,0,0,,0,0,0,0,1,,,data
9879,9780743436083,,amazon,skipped,0,0,,0,0,0,0,1,,,data
9880,9780505519146,,amazon,skipped,0,0,,0,0,0,0,1,,,data
9881,9781573220491,,amazon,skipped,0,0,,0,0,0,0,1,,,data
9882,9780446351942,,amazon,skipped,0,0,,0,0,0,0,1,,,data
9883,9780380708291,,amazon,skipped,0,0,,0,0,0,0,1,,,data
9884,9780821710340,,amazon,skipped,0,0,,0,0,0,0,1,,,data
9885,9781564020444,,amazon,skipped,0,0,,0,0,0,0,1,,,data
9886,9780345451828,,amazon,skipped,0,0,,0,0,0,0,1,,,data
9887,9788423988600,,amazon,skipped,0,0,,0,0,0,0,1,,,data
9888,9780671746902,,amazon,skipped,0,0,,0,0,0,0,1,,,data
9889,9780445208810,,amazon,skipped,0,0,,0,0,0,0,1,,,data
9890,9788472231634,,amazon,skipped,0,0,,0,0,0,0,1,,,data
9891,9780380755639,,amazon,skipped,0,0,,0,0,0,0,1,,,data
9892,9780307158161,,amazon,skipped,0,0,,0,0,0,0,1,,,data
9893,9780590469456,,amazon,skipped,0,0,,0,0,0,0,1,,,data
9894,9788484530251,,amazon,skipped,0,0,,0,0,0,0,1,,,data
9895,9788423331970,,amazon,skipped,0,0,,0,0,0,0,1,,,data
9896,9780517618134,,amazon,skipped,0,0,,0,0,0,0,1,,,data
9897,9788573023350,,amazon,skipped,0,0,,0,0,0,0,1,,,data
9898,9780307158277,,amazon,skipped,0,0,,0,0,0,0,1,,,data
9899,9780688019853,,amazon,skipped,0,0,,0,0,0,0,1,,,data
9900,9788481301632,,amazon,skipped,0,0,,0,0,0,0,1,,,data
9901,9788401901607,,amazon,skipped,0,0,,0,0,0,0,1,,,data
9902,9780139995668,,amazon,skipped,0,0,,0,0,0,0,1,,,data
9903,9780670816453,,amazon,skipped,0,0,,0,0,0,0,1,,,data
9904,9780590452137,,amazon,skipped,0,0,,0,0,0,0,1,,,data
9905,9780590428903,,amazon,skipped,0,0,,0,0,0,0,1,,,data
9906,9780893752446,,amazon,skipped,0,0,,0,0,0,0,1,,,data
9907,9780874491937,,amazon,skipped,0,0,,0,0,0,0,1,,,data
9908,9788484502524,,amazon,skipped,0,0,,0,0,0,0,1,,,data
9909,9780307621146,,amazon,skipped,0,0,,0,0,0,0,1,,,data
9910,9780061013652,,amazon,skipped,0,0,,0,0,0,0,1,,,data
9911,9780804119566,,amazon,skipped,0,0,,0,0,0,0,1,,,data
9912,9780590102940,,amazon,skipped,0,0,,0,0,0,0,1,,,data
9913,9780440226307,,amazon,skipped,0,0,,0,0,0,0,1,,,data
9914,9788478809684,,amazon,skipped,0,0,,0,0,0,0,1,,,data
9915,9780394897486,,amazon,skipped,0,0,,0,0,0,0,1,,,data
9916,9788483731611,,amazon,skipped,0,0,,0,0,0,0,1,,,data
9917,9780786001828,,amazon,skipped,0,0,,0,0,0,0,1,,,data
9918,9788484505341,,amazon,skipped,0,0,,0,0,0,0,1,,,data
9919,9780590451741,,amazon,skipped,0,0,,0,0,0,0,1,,,data
9920,9780440507185,,amazon,skipped,0,0,,0,0,0,0,1,,,data
9921,9780671534820,,amazon,skipped,0,0,,0,0,0,0,1,,,data
9922,9780316111201,,amazon,skipped,0,0,,0,0,0,0,1,,,data
9923,9788495359469,,amazon,skipped,0,0,,0,0,0,0,1,,,data
9924,9780517566466,,amazon,skipped,0,0,,0,0,0,0,1,,,data
9925,9780756401115,,amazon,skipped,0,0,,0,0,0,0,1,,,data
9926,9780689714139,,amazon,skipped,0,0,,0,0,0,0,1,,,data
9927,9780739404638,,amazon,skipped,0,0,,0,0,0,0,1,,,data
9928,9781581127126,,amazon,skipped,0,0,,0,0,0,0,1,,,data
9929,9780440228486,,amazon,skipped,0,0,,0,0,0,0,1,,,data
9930,9780690044287,,amazon,skipped,0,0,,0,0,0,0,1,,,data
9931,9788476516416,,amazon,skipped,0,0,,0,0,0,0,1,,,data
9932,9780690045239,,amazon,skipped,0,0,,0,0,0,0,1,,,data
9933,9780307100634,,amazon,skipped,0,0,,0,0,0,0,1,,,data
9934,9783821818276,,amazon,skipped,0,0,,0,0,0,0,1,,,data
9935,9780961474614,,amazon,skipped,0,0,,0,0,0,0,1,,,data
9936,9788423334445,,amazon,skipped,0,0,,0,0,0,0,1,,,data
9937,9783442094127,,amazon,skipped,0,0,,0,0,0,0,1,,,data
9938,9780373484751,,amazon,skipped,0,0,,0,0,0,0,1,,,data
9939,9788479017255,,amazon,skipped,0,0,,0,0,0,0,1,,,data
9940,9780590379304,,amazon,skipped,0,0,,0,0,0,0,1,,,data
9941,9788420465531,,amazon,skipped,0,0,,0,0,0,0,1,,,data
9942,9780441338504,,amazon,skipped,0,0,,0,0,0,0,1,,,data
9943,9780394868776,,amazon,skipped,0,0,,0,0,0,0,1,,,data
9944,9781854878731,,amazon,skipped,0,0,,0,0,0,0,1,,,data
9945,9780394747705,,amazon,skipped,0,0,,0,0,0,0,1,,,data
9946,9782707311740,,amazon,skipped,0,0,,0,0,0,0,1,,,data
9947,9782020338349,,amazon,skipped,0,0,,0,0,0,0,1,,,data
9948,9780064442640,,amazon,skipped,0,0,,0,0,0,0,1,,,data
9949,9782267015959,,amazon,skipped,0,0,,0,0,0,0,1,,,data
9950,9780064442374,,amazon,skipped,0,0,,0,0,0,0,1,,,data
9951,9788429744309,,amazon,skipped,0,0,,0,0,0,0,1,,,data
9952,9780140320848,,amazon,skipped,0,0,,0,0,0,0,1,,,data
9953,9780307020413,,amazon,skipped,0,0,,0,0,0,0,1,,,data
9954,9788484321781,,amazon,skipped,0,0,,0,0,0,0,1,,,data
9955,9780786004034,,amazon,skipped,0,0,,0,0,0,0,1,,,data
9956,9780375802157,,amazon,skipped,0,0,,0,0,0,0,1,,,data
9957,9780307010339,,amazon,skipped,0,0,,0,0,0,0,1,,,data
9958,9782070423125,,amazon,skipped,0,0,,0,0,0,0,1,,,data
9959,9780439098304,,amazon,skipped,0,0,,0,0,0,0,1,,,data
9960,9788423990443,,amazon,skipped,0,0,,0,0,0,0,1,,,data
9961,9782707302960,,amazon,skipped,0,0,,0,0,0,0,1,,,data
9962,9781557739704,,amazon,skipped,0,0,,0,0,0,0,1,,,data
9963,9782868693341,,amazon,skipped,0,0,,0,0,0,0,1,,,data
9964,9780307111548,,amazon,skipped,0,0,,0,0,0,0,1,,,data
9965,9781887178648,,amazon,skipped,0,0,,0,0,0,0,1,,,data
9966,9781558580282,,amazon,skipped,0,0,,0,0,0,0,1,,,data
9967,9780828908740,,amazon,skipped,0,0,,0,0,0,0,1,,,data
9968,9780821223642,,amazon,skipped,0,0,,0,0,0,0,1,,,data
9969,9780316358149,,amazon,skipped,0,0,,0,0,0,0,1,,,data
9970,9780312291686,,amazon,skipped,0,0,,0,0,0,0,1,,,data
9971,9780689714078,,amazon,skipped,0,0,,0,0,0,0,1,,,data
9972,9780690044225,,amazon,skipped,0,0,,0,0,0,0,1,,,data
9973,9780679740759,,amazon,skipped,0,0,,0,0,0,0,1,,,data
9974,9780064409094,,amazon,skipped,0,0,,0,0,0,0,1,,,data
9975,9780753700648,,amazon,skipped,0,0,,0,0,0,0,1,,,data
9976,9780553352788,,amazon,skipped,0,0,,0,0,0,0,1,,,data
9977,9780394715919,,amazon,skipped,0,0,,0,0,0,0,1,,,data
9978,9780670876662,,amazon,skipped,0,0,,0,0,0,0,1,,,data
9979,9780316111195,,amazon,skipped,0,0,,0,0,0,0,1,,,data
9980,9780517100899,,amazon,skipped,0,0,,0,0,0,0,1,,,data
9981,9780393300925,,amazon,skipped,0,0,,0,0,0,0,1,,,data
9982,9780385173971,,amazon,skipped,0,0,,0,0,0,0,1,,,data
9983,9780060616342,,amazon,skipped,0,0,,0,0,0,0,1,,,data
9984,9780940188037,,amazon,skipped,0,0,,0,0,0,0,1,,,data
9985,9780307030931,,amazon,skipped,0,0,,0,0,0,0,1,,,data
9986,9780671833015,,amazon,skipped,0,0,,0,0,0,0,1,,,data
9987,9780307602183,,amazon,skipped,0,0,,0,0,0,0,1,,,data
9988,9781575213163,,amazon,skipped,0,0,,0,0,0,0,1,,,data
9989,9780764503702,,amazon,skipped,0,0,,0,0,0,0,1,,,data
9990,9780312169923,,amazon,skipped,0,0,,0,0,0,0,1,,,data
9991,9781565072350,,amazon,skipped,0,0,,0,0,0,0,1,,,data
9992,9780816704194,,amazon,skipped,0,0,,0,0,0,0,1,,,data
9993,9780786887934,,amazon,skipped,0,0,,0,0,0,0,1,,,data
9994,9780671668723,,amazon,skipped,0,0,,0,0,0,0,1,,,data
9995,9780819311191,,amazon,skipped,0,0,,0,0,0,0,1,,,data
9996,9780819310279,,amazon,skipped,0,0,,0,0,0,0,1,,,data
9997,9780395270660,,amazon,skipped,0,0,,0,0,0,0,1,,,data
9998,9780394506579,,amazon,skipped,0,0,,0,0,0,0,1,,,data
9999,9780819309853,,amazon,skipped,0,0,,0,0,0,0,1,,,data
10000,9780819311931,,amazon,skipped,0,0,,0,0,0,0,1,,,data
10001,9780553107043,,amazon,skipped,0,0,,0,0,0,0,1,,,data
