9780001821323
9780001856363
9780001941946
9780001941960
9780001952805
9780001961722
9780002157100
9780002160094
9780002199797
9780002210478
9780002243018
9780002244084
9780002254120
9780002326834
9780002553681
9780002557290
9780003701180
9780003701586
9780004123943
9780006269281
9780006281252
9780006329497
9780006329534
9780006371649
9780006385950
9780006550266
9780006552390
9780006722977
9780006751182
9780006863052
9780007103867
9780007116249
9780007119769
9780007128907
9780020264859
9780020288305
9780020310211
9780020409205
9780020421900
9780020509875
9780020556404
9780020778202
9780020794301
9780023002908
9780023062513
9780023602405
9780023644306
9780023884405
9780023885815
9780023960505
9780025002432
9780025176508
9780025250000
9780026365581
9780026890229
9780026892698
9780026892711
9780027003611
9780027439601
9780027731903
9780027746051
9780027775808
9780027780260
9780028610986
9780028611273
9780028615738
9780028625096
9780028626352
9780028628592
9780028629049
9780028629308
9780028630359
9780028631967
9780028632674
9780028635941
9780028643724
9780028648965
9780028653341
9780028740027
9780028811123
9780029067055
9780029146736
9780029344378
9780029347706
9780030000836
9780030000935
9780030009990
9780030040689
9780030069567
9780030073243
9780030098758
9780030104558
9780030107214
9780030112645
9780030402418
9780030402463
9780030437267
9780030449567
9780030471261
9780030494932
9780030555473
9780030623288
9780030632563
9780030632570
9780030773259
9780030842573
9780041210194
9780060006655
9780060007867
9780060086206
9780060088057
9780060088941
9780060090623
9780060095291
9780060099107
9780060105402
9780060108564
9780060116279
9780060126544
9780060129736
9780060130343
9780060137380
9780060153939
9780060157395
9780060158651
9780060159290
9780060159368
9780060160616
9780060162757
9780060162849
9780060162900
9780060164416
9780060166038
9780060166090
9780060168865
9780060170325
9780060170790
9780060171049
9780060175825
9780060177386
9780060182007
9780060183820
9780060186265
9780060186456
9780060186876
9780060187378
9780060188917
9780060190255
9780060191023
9780060191795
9780060194185
9780060194390
9780060194758
9780060195564
9780060195588
9780060196226
9780060198268
9780060199043
9780060201142
9780060201432
9780060202491
9780060208004
9780060219987
9780060244057
9780060245375
9780060245870
9780060247331
9780060265533
9780060266868
9780060268558
9780060271633
9780060278953
9780060292850
9780060294519
9780060392321
9780060392512
9780060392628
9780060392888
9780060410339
9780060507831
9780060508715
9780060510626
9780060512811
9780060515591
9780060525699
9780060528881
9780060534264
9780060551377
9780060551841
9780060565497
9780060582579
9780060601799
9780060616342
9780060638450
9780060642822
9780060652852
9780060654238
9780060674694
9780060682385
9780060721954
9780060725365
9780060804404
9780060804848
9780060807610
9780060809102
9780060809225
9780060830939
9780060907273
9780060907525
9780060912413
9780060912550
9780060915469
9780060916619
9780060916824
9780060921996
9780060922672
9780060924638
9780060926250
9780060926915
9780060928377
9780060928728
9780060928834
9780060929299
9780060930219
9780060931841
9780060935443
9780060937546
9780060950019
9780060952303
9780060953102
9780060953607
9780060957063
9780060957476
9780060962043
9780060963002
9780060963934
9780060965051
9780060965419
9780060968748
9780060968793
9780060969141
9780060969745
9780060972882
9780060976682
9780060984328
9780061000881
9780061006784
9780061007255
9780061010200
9780061010972
9780061013652
9780061020049
9780061020193
9780061020247
9780061040771
9780061041228
9780061044359
9780061050282
9780061051104
9780061053955
9780061054570
9780061057953
9780061060830
9780061060854
9780061061202
9780061061691
9780061061752
9780061061806
9780061062599
9780061062926
9780061063985
9780061073557
9780061080128
9780061080364
9780061080449
9780061081965
9780061082283
9780061082290
9780061082306
9780061082580
9780061084164
9780061084171
9780061084614
9780061085178
9780061090912
9780061094811
9780061097911
9780061099090
9780061099861
9780061180088
9780062500298
9780062500861
9780062503985
9780062504685
9780062507013
9780062507983
9780062508515
9780062508928
9780062510594
9780062511188
9780062511720
9780062512994
9780062514660
9780062515681
9780062516305
9780062516633
9780062516848
9780062517777
9780062554109
9780062592378
9780062701879
9780062733795
9780062734426
9780064402835
9780064404259
9780064404860
9780064406291
9780064406536
9780064408073
9780064409094
9780064420563
9780064420839
9780064432511
9780064432542
9780064440325
9780064441865
9780064442640
9780064442756
9780064450164
9780064450935
9780064450942
9780064451130
9780064473545
9780064473781
9780066211268
9780066212586
9780066212722
9780066620039
9780066620565
9780066620763
9780070049239
9780070089655
9780070101951
9780070106178
9780070132207
9780070246652
9780070304871
9780070342064
9780070342507
9780070356009
9780070379374
9780070410923
9780070412194
9780070466142
9780070518940
9780070523531
9780070546660
9780070566446
9780070619968
9780070650039
9780070691803
9780070730014
9780071380393
9780074464151
9780075536536
9780078814211
9780080066165
9780080207162
9780091723903
9780091815196
9780094609808
9780099175629
9780099279457
9780099743613
9780099928201
9780112904199
9780122603402
9780130017604
9780130104700
9780130362292
9780130408952
9780130466983
9780130654342
9780130668417
9780130693280
9780130743114
9780130767783
9780130866011
9780130875525
9780131048782
9780131318717
9780131547582
9780132193955
9780132342049
9780132963930
9780133651980
9780133865325
9780133884630
9780134689678
9780135197295
9780135289105
9780135364338
9780136143147
9780136508137
9780136585015
9780136639480
9780136843252
9780138030995
9780138756093
9780138765903
9780138965235
9780139218835
9780139358913
9780139376818
9780139387791
9780139471285
9780139692055
9780139995668
9780140022230
9780140026566
9780140032666
9780140048261
9780140053296
9780140055665
9780140056693
9780140061956
9780140063066
9780140063639
9780140065718
9780140070422
9780140074161
9780140074659
9780140075670
9780140076943
9780140079746
9780140080551
9780140086003
9780140086041
9780140092189
9780140092387
9780140092561
9780140092677
9780140098686
9780140100679
9780140106800
9780140114232
9780140122879
9780140123463
9780140125290
9780140126518
9780140126860
9780140128635
9780140129199
9780140135510
9780140145618
9780140146554
9780140150056
9780140150681
9780140150810
9780140159165
9780140160000
9780140165951
9780140173192
9780140177886
9780140178388
9780140178746
9780140181876
9780140185423
9780140186772
9780140187007
9780140188172
9780140189308
9780140190090
9780140190601
9780140191189
9780140193534
9780140195606
9780140195996
9780140199130
9780140225358
9780140227437
9780140230659
9780140233940
9780140234855
9780140235869
9780140238013
9780140238389
9780140242706
9780140244052
9780140245158
9780140249286
9780140255362
9780140258509
9780140266702
9780140268027
9780140273298
9780140280166
9780140280654
9780140281231
9780140282368
9780140286236
9780140298413
9780140298420
9780140312669
9780140320848
9780140322194
9780140327137
9780140340488
9780140341683
9780140345698
9780140345780
9780140350340
9780140360028
9780140361742
9780140363807
9780140368413
9780140369267
9780140369984
9780140370331
9780140374964
9780140375138
9780140377941
9780140390520
9780140430332
9780140431247
9780140431544
9780140437966
9780140439304
9780140441048
9780140441635
9780140442847
9780140442984
9780140444063
9780140444889
9780140446494
9780140450255
9780140464979
9780140465655
9780140482379
9780140502299
9780140506617
9780140511369
9780140512274
9780140549928
9780141002941
9780141005225
9780141007403
9780141010977
9780141180991
9780141304960
9780141305806
9780141306506
9780141307435
9780141309699
9780142000410
9780142001875
9780142002957
9780142196069
9780142300992
9780142301005
9780143029717
9780146000379
9780146001079
9780146001765
9780151006472
9780151008063
9780151008940
9780151181018
9780151269303
9780151792566
9780151792603
9780151813902
9780152001308
9780152004316
9780152006723
9780152007829
9780152016555
9780152022006
9780152132125
9780152321598
9780153022319
9780155003774
9780155011274
9780155019775
9780155085114
9780155383128
9780155383135
9780155837751
9780155930216
9780156000062
9780156004404
9780156005708
9780156005746
9780156005845
9780156005883
9780156006040
9780156012898
9780156026932
9780156115001
9780156167741
9780156182898
9780156260275
9780156287876
9780156343206
9780156400930
9780156443562
9780156519984
9780156527996
9780156654722
9780156901772
9780156949521
9780156972154
9780174481218
9780192115591
9780192641601
9780192750914
9780192752666
9780192803733
9780192813442
9780192815835
9780192816344
9780192820358
9780192822703
9780192826428
9780192832320
9780192832917
9780192835291
9780192862105
9780192876201
9780194216456
9780194216661
9780194218207
9780194218214
9780194312820
9780194313629
9780194315890
9780195014327
9780195032727
9780195037227
9780195040746
9780195042382
9780195057430
9780195057812
9780195065770
9780195066166
9780195072792
9780195094121
9780195102840
9780195103663
9780195112092
9780195130966
9780195142006
9780195204667
9780195405729
9780195411041
9780195412208
9780195650839
9780195861389
9780198601319
9780198604600
9780198662518
9780198711919
9780199111213
9780201105544
9780201168808
9780201383065
9780201384079
9780201406535
9780201483048
9780201484083
9780201489163
9780201533774
9780201544329
9780201549799
9780201563184
9780201563276
9780201567410
9780201570304
9780201609998
9780201632248
9780201675160
9780201702712
9780201742169
9780201846720
9780202010823
9780205150274
9780205322442
9780205337408
9780207158636
9780207163746
9780207197161
9780208022493
9780224014793
9780224617833
9780226038643
9780226075853
9780226102450
9780226143163
9780226474847
9780226568225
9780226728216
9780226730721
9780226767161
9780226777108
9780226971506
9780226971513
9780226971537
9780226971544
9780231060899
9780231084246
9780231096256
9780231110884
9780233983370
9780233985503
9780240803883
9780241002506
9780241105221
9780241127001
9780241141540
9780252019814
9780252068294
9780252068775
9780253211194
9780256029307
9780256031409
9780261660588
9780261667907
9780262132152
9780262162180
9780262201063
9780262661652
9780263054965
9780263826982
9780273019138
9780273030690
9780275941147
9780276420351
9780276423918
9780295954547
9780297766926
9780299131203
9780299131548
9780299165406
9780299170943
9780299187347
9780300036725
9780300045871
9780300050257
9780300050295
9780300056617
9780300065954
9780300066609
9780300070859
9780300090215
9780300090925
9780304291946
9780304334834
9780304339396
9780304343393
9780304351275
9780304354344
9780306456275
9780306807497
9780306808425
9780306809408
9780307010339
9780307020413
9780307030603
9780307030931
9780307061539
9780307062536
9780307070524
9780307100023
9780307100214
9780307100634
9780307100757
9780307101730
9780307102720
9780307103840
9780307105042
9780307105509
9780307105554
9780307105622
9780307105660
9780307106520
9780307106537
9780307110565
9780307111548
9780307115850
9780307116543
9780307118202
9780307118448
9780307118943
9780307119124
9780307119452
9780307119469
9780307119773
9780307120137
9780307120915
9780307121073
9780307121097
9780307121417
9780307122025
9780307123305
9780307123398
9780307125835
9780307126375
9780307126894
9780307127662
9780307128201
9780307130228
9780307131560
9780307133250
9780307140043
9780307155573
9780307158161
9780307158277
9780307158499
9780307161819
9780307162618
9780307165480
9780307166043
9780307168023
9780307168122
9780307198976
9780307200136
9780307201607
9780307201621
9780307201652
9780307201669
9780307215093
9780307215413
9780307215505
9780307215512
9780307215529
9780307215864
9780307215956
9780307215987
9780307220127
9780307220134
9780307231253
9780307246509
9780307264039
9780307301314
9780307302601
9780307302687
9780307305015
9780307475077
9780307480040
9780307592613
9780307602183
9780307619624
9780307621146
9780307623461
9780307681034
9780307682703
9780307987549
9780310227946
9780310303213
9780310322207
9780310329619
9780310415510
9780310466529
9780310468028
9780310468424
9780310537618
9780310591634
9780310704621
9780310918844
9780312001865
9780312010003
9780312014551
9780312017101
9780312019914
9780312021733
9780312026455
9780312026745
9780312031381
9780312034412
9780312036560
9780312037284
9780312038120
9780312044695
9780312046026
9780312050719
9780312051006
9780312054670
9780312055042
9780312063634
9780312069209
9780312071837
9780312076696
9780312078119
9780312081447
9780312082659
9780312088620
9780312092900
9780312101381
9780312104269
9780312105013
9780312109288
9780312111076
9780312112578
9780312113933
9780312114367
9780312115364
9780312117481
9780312125530
9780312127688
9780312130787
9780312130817
9780312136192
9780312137939
9780312140328
9780312141394
9780312145316
9780312151171
9780312152345
9780312152444
9780312152451
9780312154271
9780312154875
9780312155223
9780312168698
9780312169923
9780312170639
9780312180867
9780312181505
9780312181680
9780312182229
9780312185190
9780312185626
9780312186852
9780312187774
9780312192525
9780312193072
9780312194819
9780312195236
9780312201739
9780312202019
9780312205522
9780312206598
9780312207687
9780312209490
9780312216597
9780312244675
9780312252885
9780312262570
9780312265885
9780312268817
9780312269869
9780312272043
9780312272814
9780312273293
9780312275181
9780312275693
9780312276966
9780312277017
9780312280819
9780312280987
9780312281991
9780312283032
9780312283360
9780312287559
9780312291051
9780312291686
9780312300401
9780312305543
9780312306915
9780312318499
9780312324780
9780312390471
9780312530105
9780312617455
9780312660222
9780312762513
9780312774868
9780312850999
9780312851545
9780312851842
9780312852917
9780312853037
9780312853921
9780312854096
9780312856335
9780312856625
9780312857134
9780312858049
9780312859138
9780312861025
9780312862046
9780312862961
9780312863319
9780312863548
9780312863869
9780312864057
9780312865122
9780312865436
9780312867065
9780312868314
9780312870317
9780312870362
9780312872052
9780312872786
9780312873912
9780312875299
9780312878863
9780312890285
9780312902605
9780312907457
9780312907723
9780312909192
9780312917401
9780312917791
9780312921040
9780312928285
9780312928445
9780312928568
9780312928865
9780312930448
9780312950477
9780312950514
9780312950989
9780312951443
9780312952365
9780312953935
9780312954154
9780312955151
9780312956790
9780312956806
9780312957179
9780312959234
9780312959364
9780312959401
9780312959685
9780312960414
9780312960957
9780312961596
9780312962630
9780312962647
9780312962845
9780312963576
9780312964832
9780312965174
9780312965549
9780312965662
9780312966485
9780312970581
9780312970819
9780312971885
9780312977139
9780312977658
9780312978594
9780312978662
9780312980412
9780312982478
9780312982874
9780312986032
9780312989736
9780312990022
9780312998868
9780314023537
9780314846907
9780314931702
9780316031318
9780316107501
9780316108843
9780316109222
9780316110471
9780316111164
9780316111195
9780316111201
9780316112468
9780316115445
9780316119597
9780316137928
9780316140539
9780316141260
9780316171847
9780316197410
9780316203951
9780316203968
9780316233705
9780316249553
9780316273053
9780316279017
9780316305990
9780316313032
9780316313278
9780316314244
9780316314626
9780316314770
9780316314862
9780316319362
9780316321402
9780316322256
9780316325769
9780316352505
9780316358149
9780316358446
9780316380096
9780316418737
9780316488891
9780316493475
9780316516006
9780316537698
9780316540919
9780316553513
9780316562034
9780316579667
9780316601030
9780316651134
9780316697705
9780316707411
9780316738712
9780316754491
9780316765114
9780316771641
9780316798112
9780316803595
9780316818155
9780316825849
9780316837057
9780316844444
9780316846875
9780316856355
9780316920292
9780316941358
9780316977418
9780321105790
9780321106698
9780321193759
9780324041668
9780324120806
9780325000909
9780330027847
9780330246330
9780330272353
9780330291156
9780330312707
9780330313087
9780330319393
9780330320184
9780330321556
9780330333511
9780330337847
9780330341165
9780330348904
9780330390484
9780330481144
9780330489072
9780330489126
9780333002148
9780333155165
9780333321836
9780333387658
9780333409305
9780333539095
9780333685235
9780333755310
9780333755884
9780333905081
9780333989197
9780340168813
9780340203804
9780340248522
9780340369074
9780340379547
9780340414248
9780340488010
9780340596166
9780340654491
9780340682562
9780340766293
9780340785416
9780340794920
9780340795057
9780340812457
9780340822012
9780340823200
9780340860946
9780340861707
9780340873618
9780345248237
9780345248503
9780345250773
9780345254535
9780345256560
9780345256621
9780345271594
9780345274922
9780345275394
9780345275479
9780345280206
9780345280336
9780345281395
9780345283399
9780345287700
9780345288561
9780345289728
9780345292513
9780345294814
9780345295545
9780345297969
9780345298966
9780345301796
9780345302489
9780345303356
9780345303721
9780345304421
9780345305763
9780345306401
9780345306883
9780345307354
9780345307729
9780345308504
9780345309235
9780345310521
9780345312372
9780345313850
9780345314307
9780345320100
9780345320612
9780345322463
9780345323835
9780345325518
9780345330864
9780345333308
9780345335258
9780345336460
9780345337962
9780345339522
9780345340740
9780345341198
9780345345806
9780345347213
9780345349965
9780345350701
9780345350725
9780345351586
9780345352170
9780345352187
9780345353023
9780345353764
9780345353887
9780345353986
9780345355416
9780345356703
9780345357656
9780345361585
9780345365620
9780345366511
9780345371621
9780345371713
9780345374028
9780345375322
9780345375452
9780345376022
9780345378033
9780345379597
9780345380807
9780345384003
9780345386403
9780345386649
9780345388353
9780345388780
9780345388902
9780345392466
9780345393562
9780345394439
9780345395351
9780345400536
9780345401564
9780345405838
9780345406248
9780345407986
9780345412744
9780345412874
9780345414939
9780345417787
9780345418562
9780345419972
9780345420398
9780345420794
9780345424655
9780345426390
9780345428127
9780345428141
9780345428653
9780345428660
9780345428752
9780345429353
9780345430533
9780345430564
9780345430755
9780345433039
9780345434012
9780345434227
9780345439987
9780345442581
9780345446596
9780345447418
9780345450289
9780345450647
9780345451187
9780345451828
9780345462152
9780349101095
9780349107660
9780349107752
9780349108568
9780349116501
9780352314826
9780352316974
9780352324344
9780352330703
9780352333575
9780352334480
9780352334589
9780352334916
9780352337276
9780352339003
9780356142302
9780356206585
9780373023097
9780373023936
9780373024568
9780373025510
9780373026821
9780373027446
9780373027521
9780373027866
9780373027903
9780373028160
9780373028481
9780373028528
9780373028573
9780373028658
9780373029525
9780373029631
9780373029648
9780373029792
9780373030804
9780373031009
9780373031221
9780373031641
9780373032235
9780373032570
9780373032716
9780373032778
9780373033133
9780373033324
9780373033355
9780373033393
9780373033454
9780373033515
9780373033539
9780373033577
9780373033584
9780373033645
9780373033980
9780373034079
9780373034109
9780373034130
9780373034161
9780373034284
9780373034291
9780373034369
9780373034383
9780373034543
9780373034918
9780373035847
9780373035946
9780373036783
9780373037476
9780373046591
9780373052547
9780373052585
9780373054213
9780373054374
9780373055418
9780373055968
9780373056224
9780373056736
9780373056781
9780373056941
9780373057115
9780373057962
9780373058631
9780373058891
9780373059430
9780373059577
9780373059652
9780373059690
9780373071609
9780373072569
9780373073153
9780373074419
9780373074624
9780373074952
9780373075270
9780373075690
9780373076017
9780373076147
9780373076666
9780373076840
9780373077076
9780373077090
9780373077496
9780373077731
9780373078189
9780373078196
9780373078271
9780373078721
9780373078769
9780373078776
9780373079070
9780373079117
9780373079148
9780373079605
9780373079780
9780373079919
9780373084081
9780373084197
9780373085293
9780373086986
9780373087341
9780373087808
9780373088133
9780373088355
9780373089666
9780373089673
9780373089970
9780373092833
9780373092901
9780373093380
9780373093731
9780373094233
9780373094394
9780373097982
9780373098132
9780373098187
9780373098491
9780373099450
9780373099856
9780373104062
9780373104178
9780373104345
9780373104369
9780373104567
9780373104789
9780373104895
9780373104970
9780373105052
9780373105083
9780373105250
9780373105311
9780373105861
9780373106431
9780373106462
9780373106493
9780373106639
9780373106653
9780373106882
9780373107087
9780373107384
9780373107698
9780373107919
9780373108299
9780373108305
9780373108893
9780373109494
9780373109975
9780373110469
9780373110735
9780373110810
9780373110940
9780373111299
9780373111398
9780373111701
9780373111886
9780373111992
9780373112111
9780373112197
9780373112296
9780373112890
9780373113231
9780373114146
9780373114344
9780373114559
9780373115051
9780373115068
9780373115082
9780373115099
9780373115358
9780373115822
9780373116027
9780373118229
9780373119790
9780373120789
9780373121809
9780373151547
9780373160075
9780373160167
9780373160549
9780373160761
9780373161102
9780373161218
9780373161881
9780373163052
9780373163502
9780373164301
9780373165186
9780373165896
9780373166008
9780373166190
9780373166374
9780373166398
9780373166602
9780373166664
9780373166688
9780373166725
9780373166756
9780373166770
9780373166848
9780373167081
9780373167166
9780373167784
9780373168071
9780373168149
9780373169009
9780373169207
9780373169252
9780373169375
9780373169511
9780373170630
9780373174072
9780373185047
9780373190195
9780373190515
9780373191017
9780373192168
9780373192809
9780373192915
9780373193509
9780373193707
9780373193943
9780373194155
9780373194377
9780373194902
9780373195053
9780373195640
9780373195909
9780373196234
9780373196456
9780373201105
9780373201303
9780373201853
9780373201860
9780373201877
9780373201891
9780373217328
9780373217359
9780373218363
9780373220618
9780373221356
9780373222339
9780373222742
9780373222766
9780373222902
9780373222919
9780373223206
9780373223251
9780373223275
9780373223664
9780373224319
9780373224371
9780373224401
9780373224746
9780373224760
9780373224807
9780373224982
9780373225088
9780373225156
9780373225477
9780373225651
9780373225743
9780373225781
9780373225798
9780373227198
9780373227327
9780373227341
9780373227358
9780373227464
9780373230167
9780373240159
9780373240388
9780373241330
9780373241712
9780373242146
9780373242276
9780373243396
9780373243846
9780373244409
9780373244560
9780373244676
9780373244850
9780373245789
9780373251254
9780373251377
9780373251407
9780373251681
9780373252527
9780373252541
9780373252756
9780373252879
9780373253425
9780373253487
9780373253692
9780373253760
9780373253975
9780373254170
9780373254217
9780373254255
9780373254262
9780373254309
9780373254354
9780373254538
9780373254965
9780373256112
9780373256266
9780373257799
9780373257898
9780373257980
9780373258185
9780373258253
9780373258390
9780373258796
9780373258833
9780373258888
9780373258901
9780373258970
9780373258994
9780373259236
9780373259373
9780373259465
9780373259755
9780373260058
9780373260973
9780373261192
9780373263097
9780373263578
9780373263622
9780373264094
9780373264285
9780373264391
9780373264698
9780373264704
9780373264711
9780373264728
9780373264773
9780373270460
9780373270606
9780373270620
9780373271528
9780373272174
9780373272259
9780373272297
9780373272440
9780373272471
9780373273263
9780373273553
9780373273676
9780373286508
9780373286843
9780373287543
9780373287741
9780373287956
9780373288670
9780373288762
9780373288779
9780373288809
9780373288977
9780373289707
9780373290031
9780373291083
9780373291977
9780373292349
9780373292660
9780373292837
9780373292967
9780373311330
9780373320127
9780373440313
9780373482177
9780373482405
9780373482627
9780373482641
9780373483419
9780373483631
9780373484034
9780373484362
9780373484522
9780373484607
9780373484751
9780373484768
9780373484942
9780373500710
9780373510023
9780373510054
9780373510146
9780373510153
9780373510337
9780373510368
9780373511211
9780373511242
9780373511273
9780373511297
9780373511396
9780373511945
9780373511952
9780373511969
9780373511976
9780373512041
9780373512058
9780373512102
9780373512126
9780373512515
9780373512522
9780373512539
9780373512591
9780373512607
9780373512614
9780373512669
9780373512676
9780373512683
9780373512690
9780373520718
9780373520855
9780373610402
9780373610440
9780373610464
9780373610648
9780373610655
9780373611515
9780373611614
9780373612536
9780373612567
9780373612598
9780373612765
9780373612819
9780373612833
9780373613151
9780373613816
9780373614011
9780373614585
9780373627059
9780373634125
9780373642243
9780373642250
9780373650088
9780373650095
9780373652211
9780373652228
9780373652259
9780373652334
9780373691173
9780373691272
9780373691463
9780373691531
9780373700417
9780373701124
9780373701230
9780373701339
9780373701971
9780373702275
9780373702336
9780373702732
9780373703852
9780373704279
9780373704293
9780373704811
9780373705085
9780373705221
9780373705320
9780373705467
9780373705474
9780373705788
9780373705849
9780373706051
9780373706174
9780373706808
9780373706853
9780373706945
9780373707171
9780373707331
9780373708253
9780373708871
9780373709144
9780373709489
9780373710539
9780373710676
9780373711727
9780373759989
9780373760039
9780373760244
9780373760398
9780373760510
9780373760688
9780373761401
9780373761791
9780373762095
9780373762163
9780373762378
9780373762767
9780373762880
9780373763115
9780373763184
9780373763276
9780373763306
9780373763337
9780373764099
9780373764105
9780373764976
9780373765553
9780373765560
9780373765577
9780373765676
9780373765775
9780373790074
9780373790098
9780373790111
9780373790135
9780373790418
9780373790494
9780373790715
9780373791040
9780373791118
9780373791149
9780373791248
9780373791255
9780373791309
9780373791347
9780373791361
9780373791385
9780373791408
9780373791439
9780373806959
9780373809219
9780373825387
9780373825622
9780373832286
9780373832613
9780373832712
9780373832736
9780373833580
9780373833726
9780373833986
9780373834303
9780373834327
9780373835058
9780373835829
9780373836321
9780373836338
9780373870875
9780373871117
9780373871179
9780373871438
9780373872404
9780373885428
9780373898053
9780373898732
9780373970131
9780373970155
9780374105341
9780374108304
9780374135300
9780374135522
9780374155094
9780374157586
9780374168254
9780374175832
9780374184179
9780374186258
9780374195625
9780374199449
9780374230715
9780374254285
9780374262235
9780374271831
9780374295981
9780374367800
9780374399740
9780374403447
9780374500603
9780374519681
9780374523824
9780374523947
9780374526511
9780374528348
9780374528553
9780375407215
9780375409202
9780375410086
9780375411502
9780375412394
9780375413803
9780375414671
9780375415166
9780375421341
9780375421945
9780375500282
9780375500343
9780375501098
9780375501685
9780375501975
9780375502422
9780375502828
9780375503283
9780375503405
9780375504280
9780375505386
9780375505447
9780375505669
9780375506284
9780375507076
9780375508851
9780375701276
9780375706493
9780375724589
9780375725180
9780375725586
9780375726071
9780375753305
9780375753770
9780375759062
9780375760266
9780375800276
9780375801600
9780375803864
9780375806360
9780375806377
9780375806384
9780375806391
9780375806612
9780375810657
9780375810978
9780375811562
9780375811654
9780375811661
9780375813108
9780375813122
9780375813146
9780375813153
9780375813320
9780375814433
9780375814464
9780375814570
9780375814655
9780375814839
9780375814891
9780375814914
9780375815119
9780375815270
9780375815324
9780375815331
9780375815782
9780375816048
9780375821707
9780375825064
9780376037824
9780380001989
9780380005536
9780380007387
9780380008926
9780380009183
9780380009572
9780380009923
9780380016778
9780380018246
9780380018369
9780380399338
9780380419210
9780380440993
9780380442225
9780380493463
9780380548743
9780380556571
9780380561841
9780380571093
9780380581313
9780380581498
9780380581566
9780380603503
9780380671083
9780380691463
9780380698509
9780380698776
9780380700943
9780380701773
9780380702893
9780380703111
9780380706440
9780380707843
9780380708291
9780380709960
9780380711659
9780380711789
9780380713011
9780380713189
9780380713318
9780380713837
9780380715220
9780380716753
9780380716999
9780380717095
9780380717392
9780380718221
9780380718672
9780380722068
9780380722136
9780380725847
9780380727742
9780380729098
9780380750986
9780380751594
9780380751709
9780380753826
9780380755578
9780380755639
9780380755776
9780380755837
9780380758630
9780380760954
9780380762828
9780380763115
9780380763337
9780380763504
9780380764464
9780380765164
9780380765256
9780380765355
9780380766345
9780380766413
9780380766864
9780380766888
9780380767472
9780380767830
9780380768530
9780380768769
9780380770229
9780380772100
9780380772865
9780380773176
9780380776337
9780380776566
9780380777624
9780380780075
9780380782123
9780380783045
9780380784011
9780380785551
9780380786329
9780380786435
9780380787562
9780380790067
9780380793372
9780380795055
9780380795604
9780380797295
9780380797301
9780380798735
9780380798858
9780380798971
9780380798988
9780380799152
9780380800568
9780380800612
9780380800667
9780380802487
9780380803187
9780380803668
9780380804252
9780380806218
9780380807024
9780380808014
9780380808182
9780380812554
9780380812561
9780380815524
9780380816255
9780380818594
9780380834020
9780380835683
9780380848225
9780380876358
9780380891931
9780380896479
9780380897100
9780380897117
9780380899432
9780380975556
9780380976805
9780380976935
9780380977024
9780380977352
9780380978601
9780385003438
9780385009485
9780385013932
9780385038560
9780385042383
9780385051972
9780385065498
9780385069502
9780385074216
9780385085793
9780385093767
9780385111614
9780385120456
9780385121620
9780385132572
9780385133173
9780385133913
9780385142274
9780385145114
9780385148313
9780385152747
9780385173971
9780385176002
9780385177269
9780385177337
9780385188067
9780385189262
9780385195775
9780385233590
9780385234139
9780385239264
9780385242271
9780385248914
9780385254229
9780385254892
9780385258074
9780385260336
9780385262187
9780385263450
9780385264587
9780385264914
9780385279475
9780385286398
9780385292870
9780385293631
9780385293716
9780385294966
9780385295628
9780385298834
9780385299275
9780385302371
9780385310925
9780385312240
9780385313537
9780385313803
9780385314343
9780385314879
9780385315487
9780385318211
9780385318228
9780385318730
9780385322980
9780385323628
9780385323758
9780385323864
9780385324045
9780385332941
9780385334631
9780385415149
9780385422420
9780385423625
9780385425292
9780385469333
9780385470353
9780385470506
9780385471428
9780385471688
9780385471893
9780385473361
9780385474023
9780385476492
9780385485142
9780385486071
9780385486613
9780385488587
9780385488594
9780385490108
9780385490535
9780385491600
9780385492102
9780385492782
9780385492843
9780385492911
9780385496100
9780385497060
9780385497930
9780385509008
9780385510097
9780385721370
9780393008449
9780393014297
9780393020311
9780393020397
9780393022353
9780393025118
9780393030020
9780393032123
9780393033564
9780393037548
9780393039146
9780393039412
9780393039986
9780393048544
9780393048797
9780393051537
9780393088311
9780393090406
9780393090666
9780393091250
9780393092981
9780393300925
9780393302943
9780393305005
9780393306309
9780393306651
9780393307122
9780393309430
9780393312577
9780393312904
9780393313468
9780393313673
9780393314038
9780393315592
9780393316490
9780393318555
9780393319637
9780393320923
9780393321975
9780393322293
9780393325232
9780393950397
9780393954166
9780393957365
9780393962994
9780393975086
9780394278308
9780394351117
9780394406039
9780394411590
9780394506579
9780394506609
9780394524290
9780394529165
9780394530499
9780394535425
9780394542867
9780394546285
9780394546919
9780394549408
9780394550329
9780394552569
9780394554273
9780394556338
9780394559278
9780394559285
9780394563688
9780394571188
9780394571591
9780394571645
9780394571836
9780394572697
9780394576657
9780394576671
9780394576718
9780394577678
9780394578477
9780394579184
9780394580197
9780394580449
9780394581651
9780394583020
9780394584324
9780394585888
9780394587349
9780394623610
9780394708409
9780394712598
9780394714127
9780394715919
9780394718842
9780394719566
9780394722160
9780394722269
9780394726199
9780394728117
9780394729442
9780394740799
9780394744292
9780394744551
9780394747705
9780394751641
9780394752495
9780394753430
9780394757599
9780394805719
9780394805757
9780394805771
9780394812885
9780394827056
9780394828183
9780394829111
9780394831305
9780394833415
9780394834603
9780394836645
9780394837888
9780394841090
9780394844947
9780394845333
9780394849614
9780394856407
9780394858272
9780394858579
9780394859187
9780394868776
9780394872261
9780394873046
9780394873329
9780394873862
9780394874203
9780394887166
9780394887821
9780394891279
9780394896250
9780394897486
9780394931272
9780395067994
9780395080825
9780395082546
9780395084106
9780395169957
9780395194898
9780395249819
9780395253601
9780395253991
9780395270660
9780395284285
9780395294321
9780395353011
9780395353363
9780395359686
9780395366141
9780395369111
9780395383988
9780395390313
9780395409275
9780395426227
9780395426401
9780395428573
9780395475652
9780395486832
9780395488904
9780395498545
9780395514252
9780395521052
9780395532713
9780395547908
9780395562635
9780395562673
9780395604786
9780395608357
9780395633250
9780395650257
9780395657850
9780395670255
9780395670644
9780395683965
9780395717592
9780395734414
9780395742815
9780395751855
9780395755181
9780395791257
9780395815687
9780395845417
9780395861387
9780395866641
9780395868270
9780395881682
9780395893630
9780395903315
9780395971857
9780396070047
9780396070184
9780396077169
9780396082477
9780397324262
9780399118517
9780399121197
9780399131271
9780399132032
9780399132643
9780399133541
9780399136665
9780399136719
9780399137662
9780399140129
9780399142819
9780399144387
9780399144400
9780399144660
9780399145384
9780399145896
9780399147548
9780399147951
9780399148712
9780399149337
9780399149467
9780399150616
9780399151576
9780399210730
9780399210808
9780399217807
9780399221279
9780399228179
9780399230196
9780399504884
9780399508028
9780399509308
9780399510335
9780399511813
9780399512513
9780399517808
9780399521546
9780399523878
9780399525087
9780413158703
9780413591807
9780413696809
9780415027991
9780415213684
9780415261272
9780415923200
9780416101607
9780416194890
9780416467109
9780416618709
9780416876703
9780416886009
9780421689909
9780423010602
9780425029879
9780425033661
9780425034057
9780425034156
9780425037034
9780425037737
9780425042946
9780425043042
9780425043820
9780425045268
9780425045435
9780425045633
9780425046814
9780425053508
9780425053812
9780425055328
9780425056523
9780425057339
9780425057704
9780425060520
9780425061275
9780425061299
9780425061480
9780425061664
9780425062678
9780425062746
9780425071304
9780425072547
9780425072608
9780425073230
9780425073674
9780425073841
9780425076897
9780425077634
9780425080092
9780425080153
9780425082683
9780425082706
9780425086742
9780425087664
9780425089996
9780425091159
9780425091388
9780425093368
9780425101735
9780425106860
9780425108956
9780425121665
9780425122402
9780425123133
9780425129432
9780425131770
9780425132067
9780425134009
9780425134764
9780425138410
9780425141205
9780425142950
9780425145425
9780425148693
9780425149003
9780425149805
9780425151907
9780425151945
9780425153406
9780425153840
9780425157008
9780425157930
9780425158111
9780425160367
9780425160909
9780425161906
9780425162415
9780425165713
9780425167113
9780425167359
9780425168127
9780425171189
9780425171295
9780425176498
9780425178614
9780425179468
9780425180648
9780425181522
9780425183083
9780425183434
9780425183441
9780425183779
9780425185421
9780425185957
9780425186824
9780425191309
9780425197448
9780434301133
9780435072216
9780435286187
9780435293994
9780435905323
9780435905361
9780435988326
9780439060356
9780439080835
9780439082099
9780439087636
9780439098236
9780439098304
9780439105965
9780439115230
9780439132992
9780439135252
9780439147736
9780439148795
9780439153065
9780439194464
9780439199988
9780439217873
9780439219181
9780439225106
9780439228404
9780439228428
9780439249546
9780439297240
9780439328746
9780439332460
9780439341264
9780439369039
9780439369046
9780439380485
9780439401869
9780439429887
9780439544108
9780439568456
9780439573757
9780439662154
9780439992367
9780440005339
9780440025351
9780440039174
9780440068914
9780440087595
9780440109358
9780440109365
9780440110323
9780440110736
9780440113218
9780440114246
9780440118749
9780440120919
9780440141105
9780440142034
9780440149989
9780440150701
9780440153207
9780440160618
9780440168171
9780440171676
9780440174417
9780440176336
9780440178101
9780440185116
9780440186892
9780440189763
9780440190240
9780440194712
9780440195344
9780440201434
9780440202363
9780440202592
9780440203148
9780440203582
9780440204268
9780440205302
9780440206132
9780440206231
9780440206361
9780440207122
9780440207764
9780440208525
9780440208617
9780440208778
9780440211990
9780440212294
9780440212362
9780440214977
9780440215066
9780440216476
9780440218548
9780440219170
9780440219194
9780440219477
9780440220022
9780440222118
9780440222217
9780440222316
9780440223269
9780440223306
9780440223719
9780440223863
9780440224105
9780440224136
9780440224952
9780440225669
9780440226154
9780440226307
9780440227496
9780440228486
9780440235538
9780440236252
9780440295570
9780440401964
9780440402893
9780440405788
9780440405924
9780440406525
9780440407362
9780440407454
9780440409151
9780440411239
9780440411741
9780440412588
9780440413332
9780440418436
9780440418597
9780440424857
9780440428107
9780440446514
9780440458579
9780440471943
9780440500285
9780440501022
9780440503583
9780440504597
9780440504900
9780440504962
9780440506300
9780440506850
9780440507253
9780440551843
9780440842521
9780440843023
9780440845928
9780440846895
9780440848356
9780440904939
9780440910480
9780440911340
9780440913399
9780440967668
9780440969778
9780440983750
9780440987130
9780441000678
9780441000746
9780441000883
9780441001187
9780441001347
9780441001880
9780441002139
9780441003631
9780441005024
9780441005383
9780441005611
9780441005956
9780441006113
9780441006960
9780441062249
9780441071722
9780441071814
9780441078981
9780441106035
9780441117918
9780441138074
9780441217724
9780441223367
9780441308774
9780441377503
9780441437269
9780441531837
9780441586950
9780441662203
9780441663972
9780441675746
9780441757398
9780441760992
9780441774081
9780441775675
9780441777662
9780441783748
9780441859474
9780441872862
9780441873616
9780441892402
9780441898541
9780441919703
9780442252571
9780442256340
9780443059742
9780445085367
9780445204485
9780445208445
9780445208810
9780445406872
9780446301725
9780446303194
9780446305907
9780446307840
9780446313049
9780446314213
9780446314350
9780446314442
9780446315180
9780446320047
9780446322164
9780446327107
9780446328135
9780446328821
9780446328982
9780446343770
9780446343817
9780446345576
9780446345972
9780446347174
9780446347624
9780446351942
9780446354103
9780446359375
9780446360104
9780446361354
9780446364997
9780446370325
9780446381505
9780446382953
9780446393270
9780446400503
9780446403726
9780446404181
9780446512541
9780446512633
9780446512657
9780446512879
9780446513128
9780446513661
9780446514620
9780446515542
9780446516884
9780446517225
9780446517485
9780446517584
9780446518161
9780446518277
9780446518864
9780446519854
9780446520638
9780446524230
9780446524490
9780446525367
9780446527170
9780446527767
9780446530866
9780446532976
9780446600385
9780446601221
9780446601344
9780446603461
9780446603720
9780446604147
9780446606899
9780446606936
9780446607810
9780446608688
9780446610049
9780446611022
9780446670364
9780446671194
9780446678278
9780446679589
9780446729079
9780446813310
9780446815031
9780446817776
9780446827881
9780446895576
9780446906159
9780446911719
9780446958868
9780446975728
9780448030944
9780448034874
9780448043357
9780448054582
9780448089072
9780448089256
9780448092836
9780448095400
9780448095707
9780448117515
9780448124070
9780448149554
9780448164557
9780448195025
9780448401782
9780448403083
9780448403823
9780448403878
9780448405285
9780448411026
9780448424934
9780449001158
9780449001288
9780449001585
9780449003220
9780449006368
9780449123744
9780449126226
9780449126561
9780449126820
9780449131732
9780449133026
9780449134269
9780449134375
9780449135532
9780449135679
9780449139028
9780449146538
9780449147696
9780449148020
9780449148259
9780449148518
9780449148525
9780449148761
9780449148907
9780449149157
9780449150481
9780449200407
9780449200766
9780449200896
9780449201961
9780449201992
9780449202005
9780449204344
9780449205303
9780449207628
9780449207635
9780449208311
9780449208724
9780449209486
9780449210840
9780449210932
9780449211120
9780449213162
9780449214657
9780449215180
9780449215821
9780449216064
9780449216156
9780449216859
9780449218044
9780449219645
9780449219843
9780449219997
9780449220481
9780449220573
9780449221921
9780449222010
9780449225233
9780449230572
9780449231357
9780449231685
9780449233931
9780449234020
9780449236901
9780449239988
9780449240113
9780449241585
9780449244005
9780449244708
9780449287682
9780449500972
9780449501153
9780449502150
9780449502655
9780449701577
9780449702338
9780449702413
9780449702659
9780449703809
9780449704554
9780449901854
9780449903117
9780449903391
9780449905135
9780449905531
9780449906613
9780449907139
9780449907535
9780450419041
9780450485541
9780450542657
9780451090195
9780451091635
9780451097453
9780451116109
9780451122438
9780451122667
9780451125293
9780451130532
9780451133403
9780451133649
9780451134721
9780451135193
9780451136350
9780451140043
9780451140388
9780451142320
9780451144195
9780451144768
9780451145383
9780451146120
9780451147318
9780451147561
9780451149589
9780451150059
9780451151537
9780451153319
9780451156259
9780451156631
9780451156884
9780451158406
9780451158468
9780451160577
9780451161215
9780451161376
9780451161857
9780451162618
9780451163318
9780451163783
9780451165947
9780451166326
9780451167651
9780451167705
9780451169693
9780451170293
9780451171146
9780451173119
9780451173577
9780451174246
9780451175731
9780451177223
9780451178732
9780451179197
9780451181343
9780451181473
9780451182494
9780451184764
9780451186737
9780451188656
9780451188823
9780451188960
9780451191755
9780451195524
9780451198891
9780451201072
9780451202383
9780451202659
9780451202932
9780451203809
9780451204363
9780451204509
9780451204783
9780451205025
9780451208248
9780451400932
9780451401038
9780451401328
9780451401601
9780451401649
9780451402424
9780451404756
9780451405074
9780451405357
9780451405395
9780451405685
9780451407016
9780451409102
9780451409843
9780451410337
9780451411044
9780451452344
9780451452566
9780451453617
9780451454614
9780451455000
9780451455901
9780451457929
9780451458100
9780451458162
9780451458230
9780451458643
9780451517708
9780451518767
9780451519153
9780451519979
9780451523464
9780451524379
9780451526854
9780451527400
9780451618719
9780451622105
9780451625625
9780451625670
9780451628060
9780451628244
9780451821119
9780451821898
9780452009295
9780452009868
9780452254299
9780452258310
9780452261143
9780452261594
9780452262546
9780452263468
9780452264076
9780452267763
9780452268562
9780452269217
9780452270275
9780452270947
9780452270985
9780452271029
9780452271890
9780452273146
9780452273313
9780452274129
9780452274303
9780452275102
9780452275904
9780452275959
9780452276956
9780452277359
9780452277366
9780452277618
9780452277724
9780452278530
9780452281110
9780452281745
9780452281868
9780452282056
9780452282476
9780452283664
9780453005753
9780460873161
9780460878098
9780460878692
9780460878715
9780460878777
9780460878951
9780465016402
9780465017300
9780465019915
9780465027286
9780465046294
9780465098385
9780471035329
9780471146117
9780471149637
9780471154037
9780471158929
9780471178286
9780471200246
9780471272427
9780471308249
9780471323778
9780471328872
9780471376804
9780471377900
9780471435969
9780471455080
9780471506607
9780471526124
9780471535874
9780471575634
9780471618089
9780471627784
9780471852230
9780471879015
9780471957140
9780472065219
9780472108268
9780486202235
9780486202471
9780486204154
9780486204222
9780486214467
9780486222011
9780486228259
9780486233994
9780486234441
9780486236469
9780486241760
9780486244426
9780486245782
9780486247779
9780486249018
9780486249162
9780486253404
9780486253411
9780486280226
9780486286914
9780486288598
9780486401010
9780486647623
9780500050576
9780500051061
9780500051115
9780500201954
9780500202982
9780500237038
9780500274057
9780500276228
9780500283530
9780500300343
9780500810330
9780505516466
9780505519146
9780505519702
9780505519870
9780505520098
9780505520593
9780505520951
9780505521842
9780505522023
9780505522160
9780505522351
9780505523396
9780505523983
9780515028317
9780515039740
9780515041255
9780515053883
9780515056457
9780515058659
9780515062960
9780515063240
9780515064261
9780515064834
9780515071085
9780515072174
9780515076387
9780515080551
9780515081824
9780515082494
9780515084412
9780515085884
9780515088410
9780515089295
9780515105148
9780515106411
9780515107319
9780515110104
9780515111217
9780515118407
9780515119442
9780515120660
9780515123838
9780515126938
9780515129076
9780515131901
9780515133462
9780516012759
9780516419664
9780517006603
9780517007006
9780517017401
9780517017470
9780517060261
9780517082409
9780517100899
9780517101100
9780517118405
9780517118900
9780517120675
9780517122334
9780517139110
9780517150320
9780517182390
9780517182871
9780517185049
9780517202692
9780517222478
9780517250150
9780517250204
9780517250211
9780517250228
9780517250235
9780517250426
9780517260005
9780517263020
9780517263037
9780517263075
9780517270806
9780517288580
9780517288634
9780517288719
9780517322451
9780517334195
9780517336458
9780517341728
9780517381151
9780517448526
9780517468883
9780517519097
9780517527467
9780517534700
9780517543221
9780517545836
9780517555729
9780517560815
9780517561072
9780517563458
9780517566466
9780517567289
9780517567302
9780517569863
9780517569894
9780517571149
9780517572412
9780517573280
9780517577639
9780517578087
9780517580141
9780517588048
9780517594940
9780517603543
9780517615331
9780517632086
9780517641026
9780517641033
9780517668436
9780517670071
9780517691281
9780517701720
9780517703489
9780517705865
9780517706985
9780517882016
9780517885307
9780517886533
9780520008274
9780520010703
9780520018709
9780520027268
9780520058767
9780520066151
9780520218352
9780521004381
9780521343060
9780521367745
9780521423717
9780521438780
9780521475709
9780521508759
9780521539777
9780521577663
9780521599788
9780521802796
9780521827751
9780523400723
9780523401669
9780523403113
9780523405155
9780523405438
9780523406602
9780523407234
9780523413198
9780523417844
9780523421018
9780523423937
9780523424019
9780523424392
9780523424675
9780523424699
9780523425252
9780523480046
9780523480282
9780523485843
9780525242529
9780525245452
9780525248279
9780525249849
9780525316305
9780525362456
9780525442387
9780525444473
9780525449591
9780525462330
9780525465218
9780525473602
9780525672890
9780525673156
9780525933434
9780525936404
9780525937302
9780525938293
9780525939054
9780525939450
9780525940654
9780525941040
9780525944522
9780525944966
9780525945284
9780528823220
9780528913662
9780531003343
9780531019436
9780531041697
9780531059142
9780531068571
9780531159613
9780531180471
9780532124825
9780533102082
9780534084004
9780534094447
9780534213244
9780534524432
9780534545444
9780551026568
9780551027503
9780552122108
9780552139182
9780552525282
9780552993760
9780552994651
9780553027709
9780553028812
9780553050967
9780553051216
9780553051872
9780553053678
9780553053746
9780553055771
9780553055795
9780553055818
9780553055832
9780553055863
9780553055894
9780553055986
9780553057324
9780553057652
9780553061741
9780553070385
9780553072228
9780553074192
9780553093520
9780553095005
9780553095456
9780553100907
9780553101935
9780553104431
9780553104967
9780553107043
9780553108040
9780553109399
9780553111064
9780553111491
9780553115574
9780553120189
9780553121032
9780553121360
9780553122893
9780553124132
9780553125849
9780553129779
9780553133646
9780553134438
9780553136852
9780553137835
9780553138030
9780553140064
9780553141429
9780553143379
9780553146509
9780553147087
9780553147124
9780553152517
9780553154849
9780553155211
9780553155310
9780553155341
9780553155389
9780553155563
9780553155631
9780553156362
9780553156553
9780553157130
9780553157772
9780553158106
9780553158199
9780553158359
9780553158588
9780553158830
9780553158946
9780553158991
9780553159165
9780553200287
9780553201574
9780553202038
9780553202694
9780553205244
9780553206661
9780553206746
9780553208924
9780553210408
9780553210934
9780553211054
9780553211641
9780553213997
9780553218565
9780553218879
9780553218985
9780553218992
9780553219111
9780553219135
9780553219784
9780553219791
9780553219807
9780553219944
9780553225761
9780553226652
9780553227840
9780553228090
9780553228427
9780553228557
9780553228571
9780553228786
9780553229691
9780553230222
9780553230697
9780553230925
9780553231441
9780553232707
9780553232721
9780553233223
9780553233322
9780553233605
9780553235463
9780553235760
9780553238075
9780553239867
9780553239904
9780553241310
9780553242454
9780553246384
9780553247343
9780553248852
9780553249507
9780553250442
9780553251418
9780553251616
9780553251920
9780553252033
9780553253535
9780553256246
9780553259100
9780553262056
9780553267228
9780553267662
9780553268867
9780553269512
9780553269772
9780553269895
9780553271300
9780553271799
9780553272420
9780553272451
9780553274158
9780553274288
9780553275469
9780553276022
9780553278569
9780553279139
9780553279320
9780553281569
9780553282153
9780553282825
9780553283150
9780553283167
9780553283457
9780553285079
9780553285888
9780553286298
9780553287660
9780553288032
9780553290493
9780553290899
9780553290936
9780553291056
9780553292350
9780553293043
9780553293654
9780553294323
9780553294552
9780553294583
9780553296518
9780553296716
9780553298871
9780553340969
9780553343588
9780553346374
9780553348668
9780553352665
9780553372120
9780553374698
9780553379372
9780553380385
9780553380927
9780553382181
9780553440362
9780553440652
9780553440836
9780553441093
9780553441178
9780553441451
9780553441895
9780553443790
9780553443806
9780553443943
9780553444247
9780553444704
9780553444711
9780553444728
9780553444858
9780553445732
9780553445749
9780553445770
9780553446098
9780553479553
9780553480382
9780553480733
9780553481686
9780553481914
9780553483239
9780553486575
9780553487053
9780553487084
9780553492187
9780553492378
9780553493092
9780553493382
9780553541724
9780553541779
9780553541892
9780553560039
9780553561289
9780553561982
9780553562002
9780553563092
9780553564761
9780553566574
9780553566925
9780553566932
9780553566963
9780553566987
9780553566994
9780553567014
9780553568608
9780553569810
9780553570939
9780553572254
9780553573725
9780553575576
9780553575590
9780553577464
9780553578034
9780553579383
9780553579598
9780553580129
9780553580372
9780553582390
9780553585759
9780553762990
9780553763041
9780553801651
9780553813760
9780563208112
9780563388319
9780563538127
9780570050247
9780570060666
9780570090489
9780571131419
9780571136933
9780571142422
9780571143801
9780571167494
9780571172078
9780571177158
9780571179350
9780571194742
9780571197606
9780571198641
9780571203673
9780572028558
9780575036567
9780575043534
9780575051768
9780575062603
9780575072404
9780575073968
9780575075160
9780575400979
9780582018181
9780582025035
9780582046122
9780582205444
9780582297166
9780582642317
9780582765757
9780583134088
9780583308021
9780586090855
9780586207901
9780590023900
9780590053877
9780590075862
9780590098908
9780590098946
9780590102797
9780590117135
9780590117142
9780590117388
9780590120098
9780590120708
9780590133708
9780590137416
9780590138581
9780590212847
9780590228671
9780590255134
9780590260244
9780590262620
9780590303828
9780590308441
9780590313506
9780590317092
9780590317238
9780590320016
9780590332101
9780590333917
9780590334815
9780590336673
9780590337786
9780590338134
9780590338172
9780590338462
9780590339322
9780590339575
9780590379304
9780590401647
9780590401838
9780590401869
9780590401876
9780590402446
9780590402774
9780590402781
9780590402996
9780590403542
9780590405102
9780590406321
9780590406918
9780590407496
9780590407755
9780590408455
9780590414784
9780590415507
9780590415651
9780590418164
9780590418201
9780590418409
9780590420310
9780590422215
9780590422451
9780590423120
9780590423595
9780590424356
9780590424431
9780590427906
9780590428040
9780590428088
9780590428903
9780590430159
9780590431019
9780590433075
9780590434416
9780590436212
9780590436830
9780590438148
9780590438674
9780590439039
9780590442923
9780590444545
9780590445757
9780590446952
9780590447386
9780590449601
9780590449625
9780590451222
9780590451741
9780590452137
9780590452465
9780590453455
9780590453752
9780590454032
9780590454230
9780590456401
9780590456449
9780590456487
9780590456494
9780590456524
9780590457163
9780590457347
9780590457361
9780590460675
9780590462280
9780590463102
9780590466165
9780590467377
9780590469456
9780590471183
9780590481540
9780590481571
9780590483063
9780590483209
9780590483582
9780590484800
9780590485562
9780590485869
9780590489331
9780590509527
9780590519250
9780590535298
9780590554305
9780590603812
9780590624299
9780590673273
9780590673297
9780590685375
9780590693356
9780590711883
9780590739108
9780590763424
9780590847438
9780590863704
9780590879927
9780590927130
9780590978774
9780590978798
9780590980685
9780593027479
9780595095315
9780595098521
9780595131198
9780595149230
9780595157976
9780595175017
9780595185023
9780595187287
9780595200658
9780595209309
9780595220151
9780595223718
9780595227693
9780595259748
9780595301867
9780595310272
9780595653188
9780596000264
9780596000851
9780596001087
9780600351818
9780600369264
9780600420378
9780600588566
9780603556876
9780606069571
9780609604274
9780609604908
9780609607053
9780609607909
9780609610299
9780609800027
9780609801963
9780609804094
9780609804148
9780609804162
9780609804896
9780609805428
9780613003193
9780615113579
9780618009961
9780618111305
9780618118823
9780618128471
9780618184248
9780618196258
9780618258024
9780618439102
9780631133926
9780631162278
9780631175018
9780631206767
9780632057962
9780658001727
9780658003745
9780664270049
9780664325633
9780668017626
9780669047141
9780669417418
9780670031764
9780670031887
9780670031979
9780670036011
9780670324880
9780670804948
9780670808175
9780670812356
9780670815241
9780670816453
9780670818129
9780670821747
9780670822461
9780670823017
9780670827756
9780670827893
9780670829132
9780670832422
9780670834129
9780670844791
9780670845507
9780670851669
9780670869336
9780670871933
9780670872794
9780670873012
9780670873692
9780670873999
9780670876662
9780670878277
9780670884087
9780670906420
9780670910205
9780671001292
9780671001582
9780671002022
9780671003111
9780671003371
9780671007706
9780671008925
9780671009908
9780671009953
9780671015404
9780671017163
9780671019426
9780671019723
9780671020200
9780671020248
9780671020613
9780671020682
9780671020712
9780671021986
9780671022938
9780671023232
9780671024383
9780671025953
9780671027070
9780671028428
9780671033255
9780671034788
9780671036393
9780671037017
9780671039868
9780671041748
9780671041885
9780671041908
9780671042202
9780671061883
9780671201531
9780671211486
9780671212797
9780671217860
9780671221461
9780671224066
9780671224233
9780671241995
9780671243166
9780671247041
9780671248222
9780671252519
9780671401108
9780671411169
9780671418663
9780671420413
9780671420437
9780671422172
9780671422981
9780671423612
9780671426095
9780671428495
9780671432171
9780671434922
9780671436094
9780671442118
9780671442378
9780671447168
9780671448134
9780671451592
9780671451639
9780671451707
9780671452858
9780671457570
9780671459512
9780671459758
9780671468101
9780671474430
9780671476991
9780671477257
9780671489939
9780671493318
9780671496524
9780671498054
9780671501495
9780671501914
9780671501945
9780671504052
9780671504465
9780671504700
9780671506926
9780671508937
9780671510343
9780671510350
9780671511487
9780671517205
9780671520977
9780671522933
9780671526719
9780671528294
9780671531201
9780671533502
9780671533809
9780671534813
9780671535292
9780671536244
9780671536312
9780671536329
9780671537654
9780671537920
9780671537944
9780671540791
9780671542047
9780671545536
9780671551391
9780671552817
9780671554255
9780671554750
9780671556037
9780671559359
9780671559885
9780671577780
9780671582708
9780671592301
9780671601027
9780671604134
9780671604295
9780671604370
9780671606497
9780671614348
9780671614584
9780671617493
9780671619060
9780671619268
9780671622404
9780671622442
9780671624644
9780671626303
9780671626723
9780671628994
9780671630805
9780671630904
9780671632854
9780671634971
9780671635862
9780671636487
9780671636760
9780671636913
9780671639648
9780671641412
9780671641979
9780671642273
9780671644062
9780671644635
9780671644666
9780671645267
9780671646615
9780671646738
9780671646875
9780671646882
9780671646899
9780671646905
9780671653361
9780671653514
9780671653590
9780671655587
9780671657598
9780671659042
9780671660444
9780671661571
9780671663087
9780671665241
9780671666033
9780671666897
9780671668150
9780671668167
9780671668723
9780671669409
9780671671358
9780671671556
9780671672607
9780671672645
9780671674656
9780671674687
9780671674885
9780671674939
9780671676339
9780671676575
9780671676865
9780671677596
9780671679651
9780671679903
9780671680534
9780671680732
9780671680978
9780671682224
9780671682477
9780671688073
9780671689070
9780671693350
9780671693824
9780671695712
9780671695811
9780671700201
9780671701123
9780671701505
9780671701765
9780671702687
9780671703172
9780671708139
9780671720285
9780671721329
9780671721459
9780671721602
9780671721664
9780671722258
9780671723422
9780671723453
9780671725709
9780671727703
9780671727734
9780671729592
9780671729707
9780671729929
9780671730741
9780671730918
9780671731328
9780671731823
9780671734114
9780671735302
9780671735319
9780671735814
9780671736033
9780671736408
9780671736743
9780671737276
9780671738709
9780671739232
9780671740078
9780671741884
9780671742966
9780671743529
9780671743543
9780671743901
9780671744373
9780671744991
9780671745684
9780671746902
9780671755768
9780671766009
9780671766917
9780671767327
9780671774639
9780671780562
9780671784614
9780671786007
9780671787301
9780671788025
9780671789626
9780671793142
9780671794255
9780671794347
9780671794705
9780671795238
9780671795337
9780671796600
9780671796914
9780671797904
9780671798062
9780671798567
9780671799489
9780671811402
9780671814151
9780671819576
9780671820046
9780671822101
9780671822675
9780671824846
9780671828226
9780671829605
9780671831547
9780671831585
9780671833015
9780671835019
9780671835323
9780671864354
9780671870386
9780671870881
9780671871161
9780671871574
9780671874360
9780671875121
9780671876517
9780671876548
9780671877293
9780671880019
9780671883799
9780671884390
9780671884581
9780671887070
9780671887292
9780671897949
9780672227158
9780672317354
9780672318634
9780672319945
9780672320316
9780672484407
9780673520449
9780674078550
9780674116634
9780674306882
9780674403697
9780674514713
9780674673571
9780676601664
9780679003205
9780679003366
9780679005391
9780679008491
9780679025061
9780679028277
9780679032595
9780679035381
9780679311195
9780679400349
9780679402565
9780679404552
9780679407775
9780679409427
9780679413677
9780679415695
9780679417521
9780679418382
9780679421696
9780679423980
9780679424277
9780679424598
9780679425434
9780679428176
9780679428558
9780679432449
9780679432906
9780679433491
9780679434481
9780679435051
9780679437048
9780679438311
9780679438465
9780679440352
9780679441090
9780679445937
9780679448587
9780679452935
9780679456254
9780679457015
9780679457732
9780679462941
9780679463146
9780679502364
9780679503637
9780679507840
9780679720485
9780679722205
9780679722410
9780679722991
9780679726807
9780679729587
9780679729891
9780679730613
9780679730675
9780679733089
9780679734215
9780679740612
9780679740759
9780679741060
9780679742135
9780679742807
9780679745167
9780679748403
9780679758280
9780679758662
9780679761075
9780679764014
9780679765202
9780679768531
9780679774129
9780679774143
9780679776116
9780679776222
9780679783510
9780679803218
9780679803355
9780679808091
9780679808145
9780679808466
9780679810490
9780679811817
9780679817215
9780679822370
9780679826590
9780679840336
9780679840343
9780679857112
9780679864271
9780679870012
9780679873525
9780679873853
9780679874379
9780679875918
9780679881278
9780679882213
9780679885290
9780679885474
9780679885603
9780679888215
9780679890485
9780679891246
9780679894568
9780679939474
9780679958345
9780679960430
9780681006195
9780681400948
9780681404519
9780681414419
9780681417373
9780683079210
9780684143880
9780684163833
9780684171630
9780684177953
9780684182353
9780684184869
9780684186627
9780684187204
9780684192833
9780684195100
9780684195124
9780684195650
9780684197388
9780684800738
9780684801674
9780684802862
9780684804194
9780684804415
9780684810003
9780684810539
9780684811192
9780684811284
9780684811390
9780684813134
9780684813394
9780684814131
9780684814643
9780684815695
9780684818849
9780684824680
9780684825625
9780684827667
9780684830339
9780684830353
9780684830452
9780684832029
9780684833613
9780684834818
9780684836447
9780684840062
9780684842417
9780684842639
9780684842646
9780684848037
9780684852843
9780684852980
9780684853284
9780684854090
9780684854809
9780684854878
9780684855486
9780684857329
9780684862101
9780684862361
9780684862552
9780684864105
9780684864389
9780684865065
9780684869162
9780684869834
9780684870311
9780684870342
9780684872209
9780687078165
9780688000059
9780688011123
9780688019853
9780688026578
9780688034573
9780688034894
9780688035938
9780688036461
9780688041960
9780688045289
9780688046552
9780688049188
9780688050108
9780688054298
9780688058364
9780688066215
9780688068851
9780688071622
9780688078768
9780688079734
9780688080938
9780688082208
9780688082963
9780688083571
9780688084271
9780688084707
9780688085322
9780688087524
9780688088941
9780688089016
9780688103262
9780688104801
9780688109165
9780688112714
9780688112899
9780688113759
9780688117306
9780688119362
9780688134549
9780688135768
9780688137502
9780688137557
9780688140342
9780688141790
9780688143121
9780688146061
9780688146580
9780688147747
9780688149987
9780688152246
9780688158057
9780688161989
9780688162153
9780688162191
9780688163785
9780688164430
9780688166069
9780688168391
9780688170837
9780688172053
9780688173654
9780688177874
9780688184742
9780688416409
9780689024689
9780689116124
9780689117978
9780689119811
9780689120893
9780689121326
9780689305245
9780689317460
9780689500091
9780689502958
9780689505218
9780689505430
9780689708008
9780689712135
9780689713873
9780689714078
9780689714139
9780689718793
9780689801129
9780689803628
9780689806568
9780689810657
9780689812859
9780689813849
9780689820472
9780689821257
9780689821721
9780689822384
9780689822766
9780689822889
9780689823862
9780689824401
9780689826696
9780689826764
9780689828409
9780689828416
9780689831218
9780689832567
9780689835605
9780689838330
9780689841743
9780689843013
9780689847530
9780689849640
9780689858871
9780689866999
9780689870576
9780690000108
9780690005660
9780690042238
9780690044225
9780690044287
9780690044812
9780690045239
9780691003153
9780691005140
9780691015989
9780691019024
9780691027951
9780691049199
9780691058375
9780691069500
9780691083612
9780694010424
9780694517480
9780694522057
9780696012259
9780696016257
9780696018992
9780696019135
9780696019203
9780696019722
9780696023354
9780696200403
9780696206788
9780696209765
9780697070609
9780697070623
9780697391872
9780698103207
9780698109612
9780698114272
9780698116917
9780698119185
9780698200449
9780702220982
9780702222993
9780702233869
9780702234088
9780704334748
9780704344969
9780704380004
9780708823200
9780708824092
9780708843185
9780708910597
9780709068846
9780711709843
9780711966277
9780712614191
9780712619196
9780712634809
9780712637664
9780712638319
9780712646932
9780713476095
9780713632316
9780713726558
9780713727494
9780713727784
9780714509747
9780714527338
9780714528755
9780714824222
9780715391761
9780715610169
9780715623244
9780715626108
9780715631515
9780716717751
9780716719564
9780716723141
9780717282890
9780717283347
9780718127251
9780719043949
9780719560286
9780721400860
9780721404134
9780721408491
9780721409986
9780721675527
9780722136997
9780722146019
9780722511619
9780722516249
9780722525661
9780722529607
9780722535509
9780722535660
9780722536964
9780722537312
9780722540060
9780723205944
9780723233282
9780723234869
9780723234876
9780727913685
9780731616237
9780732257132
9780732908379
9780732910303
9780735200937
9780735700789
9780735709010
9780735714113
9780735812994
9780736401258
9780736412360
9780736412612
9780736413220
9780736480093
9780736649605
9780736913249
9780737006001
9780737303230
9780738200170
9780738700618
9780738700960
9780738701721
9780738702001
9780738702780
9780738703480
9780738705132
9780738705415
9780738801520
9780738850139
9780738861081
9780738861128
9780739402528
9780739404393
9780739404782
9780739410684
9780739424995
9780739429129
9780739432327
9780739438206
9780740705557
9780740706813
9780740710070
9780740710209
9780740711572
9780740718540
9780740718649
9780740722189
9780740722424
9780740726774
9780740738050
9780740738173
9780740738265
9780740738371
9780741404473
9780741404671
9780741412942
9780741413178
9780741413253
9780741414366
9780743200226
9780743200233
9780743201223
9780743201599
9780743203159
9780743205184
9780743206983
9780743208031
9780743214346
9780743216036
9780743217347
9780743223263
9780743228336
9780743228633
9780743249669
9780743252140
9780743255974
9780743406697
9780743410274
9780743411271
9780743411509
9780743427821
9780743429696
9780743434980
9780743435369
9780743443067
9780743445344
9780743456128
9780743457224
9780743457989
9780743458146
9780743459037
9780743459488
9780743474511
9780743475044
9780743476133
9780743488228
9780743500463
9780743509602
9780743518215
9780743530200
9780744001945
9780744500363
9780744560497
9780744561012
9780744577815
9780744589207
9780745910314
9780745937014
9780746004692
9780746005101
9780746005637
9780746010822
9780746015292
9780747207917
9780747239994
9780747252382
9780747254003
9780747256069
9780747263326
9780747273509
9780747404279
9780747528890
9780747531005
9780747534891
9780747536482
9780747557708
9780747557760
9780747560319
9780747560555
9780748662272
9780749003883
9780749306236
9780749314422
9780749396084
9780749397098
9780749438517
9780749519872
9780749712686
9780749719128
9780749719678
9780749719685
9780749719692
9780749719708
9780749719715
9780749719722
9780749719739
9780749719753
9780749719791
9780749719807
9780749719821
9780749719838
9780749744830
9780749744847
9780749744854
9780749910860
9780749918514
9780749920500
9780749920968
9780749930752
9780749931483
9780749932282
9780749933203
9780750015813
9780750227308
9780750504188
9780750639521
9780750906876
9780750918473
9780750922838
9780751367454
9780751504958
9780751512908
9780751515633
9780751517514
9780751525427
9780751533798
9780752261942
9780752402659
9780752404141
9780752509228
9780752509273
9780752535463
9780752585390
9780752843452
9780752846088
9780752848297
9780752852379
9780752903583
9780752904085
9780753450253
9780753503034
9780753804926
9780753813508
9780753816837
9780753817551
9780754070047
9780754102717
9780754111894
9780754804505
9780754809616
9780756401092
9780756401115
9780757300387
9780757300882
9780758200389
9780758203618
9780758204998
9780758205698
9780758205872
9780758205957
9780758207746
9780759600560
9780759660120
9780759672963
9780759677845
9780759903869
9780760054178
9780760702444
9780760712108
9780760712481
9780760715192
9780760720677
9780760721056
9780760727935
9780760738856
9780760738900
9780761109600
9780761112396
9780761126423
9780761131786
9780761305101
9780761501022
9780761502968
9780761511243
9780761516262
9780761526476
9780761535492
9780761535638
9780761913139
9780762100088
9780762104208
9780762403011
9780762406050
9780762408078
9780762413812
9780762701452
9780762703951
9780762706389
9780762707560
9780762710133
9780762711581
9780762724406
9780763403058
9780763603816
9780763613976
9780763616137
9780763701796
9780764105692
9780764115752
9780764115769
9780764124419
9780764150371
9780764154850
9780764221422
9780764223433
9780764227127
9780764500091
9780764501067
9780764503702
9780764505942
9780764507335
9780764530036
9780764548079
9780764550515
9780764551352
9780764552595
9780764553264
9780764554292
9780764560798
9780764564420
9780764565557
9780764801723
9780765190628
9780765194251
9780765196941
9780765301536
9780765305985
9780765306937
9780765342324
9780765342447
9780765344427
9780766607217
9780766607224
9780766709522
9780766829299
9780767900119
9780767902281
9780767903561
9780767907415
9780767907484
9780767907552
9780767917179
9780768102093
9780768204766
9780768322521
9780768909111
9780768911763
9780769604343
9780769605630
9780769612720
9780769617565
9780770106997
9780770108403
9780770421748
9780770427856
9780771007804
9780771012082
9780771014772
9780771014949
9780771020032
9780771022319
9780771032134
9780771034503
9780771035456
9780771035463
9780771044175
9780771044519
9780771056727
9780771067778
9780771070372
9780771075568
9780771087257
9780771091780
9780771570308
9780771591389
9780771592515
9780771595660
9780771595929
9780771597251
9780773513877
9780773673687
9780773725720
9780773753259
9780773753600
9780773759909
9780773761056
9780773761339
9780774031998
9780774712156
9780778800040
9780778800132
9780781807890
9780782116564
9780782116649
9780782118902
9780782120141
9780782903621
9780783513515
9780783553085
9780783801407
9780783819747
9780783893914
9780784705414
9780784705421
9780785100331
9780785105763
9780785243632
9780785271888
9780785271932
9780785278887
9780785282419
9780785283133
9780785283140
9780785300427
9780785303282
9780785307907
9780785310693
9780785310709
9780785311430
9780785324461
9780785325178
9780785326021
9780785804390
9780785805090
9780785809036
9780785810735
9780785815327
9780786001347
9780786001736
9780786003358
9780786003846
9780786004034
9780786004492
9780786004935
9780786012640
9780786012893
9780786013616
9780786015610
9780786226443
9780786414086
9780786700301
9780786700318
9780786700424
9780786701056
9780786702596
9780786703081
9780786704149
9780786704460
9780786705283
9780786705887
9780786706464
9780786707614
9780786708123
9780786708475
9780786709533
9780786709656
9780786709823
9780786709991
9780786710379
9780786710461
9780786711284
9780786712946
9780786801091
9780786803040
9780786817290
9780786817306
9780786817313
9780786817320
9780786817955
9780786817979
9780786817986
9780786818372
9780786830879
9780786831470
9780786831784
9780786832477
9780786840830
9780786842292
9780786842551
9780786843145
9780786844173
9780786844319
9780786852550
9780786852574
9780786862825
9780786866618
9780786868698
9780786868926
9780786880676
9780786881352
9780786882236
9780786882755
9780786885428
9780786888153
9780786888511
9780786913343
9780786917631
9780786929085
9780787102265
9780787109189
9780787900809
9780787946050
9780787963941
9780789207647
9780789401878
9780789426420
9780789429605
9780789430281
9780789433022
9780789441164
9780789468062
9780789471918
9780789480668
9780789483492
9780789483508
9780789483515
9780789717962
9780789722997
9780791405536
9780792275381
9780792276838
9780792277262
9780792452454
9780792453741
9780792454021
9780792458302
9780792706830
9780793818815
9780793829316
9780794401498
9780795152399
9780800717070
9780800717162
9780800753740
9780800757779
9780800809645
9780800870225
9780801012266
9780801055584
9780801064036
9780801067426
9780801494284
9780801670657
9780801964893
9780801978241
9780801979187
9780801987755
9780802079527
9780802111166
9780802111609
9780802114068
9780802115089
9780802116291
9780802116529
9780802116703
9780802117243
9780802117328
9780802132635
9780802132642
9780802134769
9780802136855
9780802139856
9780802140418
9780802150301
9780802150394
9780802150981
9780802151063
9780802424112
9780802443755
9780802465849
9780802482372
9780802487599
9780802708021
9780802710581
9780802730824
9780802733443
9780802753847
9780802755278
9780802774439
9780802774521
9780802775245
9780802775993
9780802809704
9780802870100
9780803263307
9780803264045
9780803495944
9780803709058
9780803726123
9780803726710
9780803798960
9780804101172
9780804101660
9780804102292
9780804102841
9780804104449
9780804104845
9780804105590
9780804105651
9780804106122
9780804107648
9780804110099
9780804111447
9780804113359
9780804118729
9780804119566
9780804713368
9780804725019
9780804800587
9780805005196
9780805010060
9780805010954
9780805011852
9780805013504
9780805021394
9780805025347
9780805032000
9780805043815
9780805045598
9780805046175
9780805048834
9780805048872
9780805050271
9780805053685
9780805055030
9780805058437
9780805059625
9780805063684
9780805066708
9780805067415
9780805072174
9780805073300
9780805205305
9780805208818
9780805209013
9780805209587
9780805209600
9780805309706
9780805331400
9780805416862
9780805423242
9780805738650
9780805794397
9780805945904
9780806124599
9780806500393
9780806504186
9780806512709
9780806520315
9780806520438
9780806520940
9780806521305
9780806521374
9780806523408
9780806525594
9780806580166
9780806615721
9780806624990
9780806645544
9780806905648
9780806906089
9780806906188
9780806906508
9780806907512
9780806920658
9780806922775
9780806935638
9780806942346
9780806942384
9780806946641
9780806959634
9780806967646
9780806968636
9780806969534
9780806982663
9780806985305
9780806987798
9780806997612
9780806998558
9780807002094
9780807002179
9780807010372
9780807059197
9780807061558
9780807085011
9780807219966
9780807537817
9780807554043
9780807554104
9780807583081
9780809001330
9780809118540
9780809125814
9780809128921
9780809129591
9780809129997
9780809135042
9780809166244
9780809166336
9780809166343
9780809230556
9780809242764
9780809244096
9780809244751
9780809247349
9780809250813
9780809255351
9780809257614
9780809324804
9780809426683
9780809444588
9780809462049
9780809463138
9780809463176
9780809463336
9780809463374
9780809463411
9780809463497
9780809463640
9780809463855
9780809476794
9780809491865
9780809491889
9780810112780
9780810394261
9780810464506
9780810912779
9780810913714
9780810919426
9780810925533
9780810928695
9780810928954
9780810941557
9780811200615
9780811201001
9780811201186
9780811201629
9780811205566
9780811207768
9780811209984
9780811213769
9780811214841
9780811214940
9780811215428
9780811440790
9780811440844
9780811441568
9780811727990
9780811728447
9780811730693
9780811803076
9780811804523
9780811804974
9780811806831
9780811810487
9780811815864
9780811819268
9780811821049
9780811824378
9780811825726
9780811826013
9780811826884
9780811827607
9780811829519
9780811831574
9780812000399
9780812003307
9780812004335
9780812012545
9780812013566
9780812038781
9780812046953
9780812500240
9780812503753
9780812504286
9780812505818
9780812505870
9780812507140
9780812509625
9780812510089
9780812510669
9780812513585
9780812513929
9780812514131
9780812514315
9780812516647
9780812516791
9780812517828
9780812518986
9780812520057
9780812521641
9780812524703
9780812524932
9780812525526
9780812526424
9780812527445
9780812530094
9780812530360
9780812531084
9780812531206
9780812532005
9780812533187
9780812534092
9780812534290
9780812535877
9780812536713
9780812536737
9780812538236
9780812540390
9780812541687
9780812542950
9780812543872
9780812545234
9780812545418
9780812548075
9780812548150
9780812548488
9780812548624
9780812550542
9780812550641
9780812551044
9780812551167
9780812551594
9780812554625
9780812555073
9780812561517
9780812562613
9780812564235
9780812564761
9780812565287
9780812565621
9780812566536
9780812567588
9780812568707
9780812571349
9780812571578
9780812571899
9780812572339
9780812575248
9780812582703
9780812583755
9780812588354
9780812589009
9780812589573
9780812694321
9780812827293
9780812828627
9780812829969
9780812830347
9780812881424
9780812911503
9780812916331
9780812920796
9780812924305
9780812925913
9780812926231
9780812926712
9780812930573
9780812963892
9780812966930
9780812968538
9780812968873
9780812970937
9780812991512
9780812991802
9780813009100
9780813009483
9780813011943
9780813313719
9780813368528
9780813390161
9780813420707
9780813430324
9780813513591
9780813521886
9780813821047
9780814202678
9780814476178
9780814604120
9780814622056
9780814624111
9780814625460
9780814788080
9780814806401
9780815136859
9780816024025
9780816142712
9780816153091
9780816158201
9780816161737
9780816310531
9780816431618
9780816515615
9780816621125
9780816703807
9780816704194
9780816706099
9780816708208
9780816711437
9780816714155
9780816714667
9780816716760
9780816717071
9780816718726
9780816728282
9780816730117
9780816732630
9780816734276
9780816734320
9780816734382
9780816735815
9780816735822
9780816736904
9780816737215
9780816737819
9780816738373
9780816741281
9780816742011
9780816743971
9780816747252
9780816748129
9780816748198
9780816768721
9780817272869
9780817300319
9780817308841
9780817437121
9780817455453
9780817458904
9780818504389
9780819309815
9780819309853
9780819310279
9780819310552
9780819310675
9780819310910
9780819311092
9780819311191
9780819311931
9780819562708
9780819562715
9780819562777
9780819562784
9780819564474
9780820009049
9780820308845
9780820318714
9780820319612
9780821219980
9780821220566
9780821223642
9780821224809
9780821225578
9780821710197
9780821710241
9780821710340
9780821713846
9780821713860
9780821714317
9780821715697
9780821716403
9780821717073
9780821717783
9780821717790
9780821718384
9780821719220
9780821719251
9780821719381
9780821719435
9780821720042
9780821720073
9780821720097
9780821720615
9780821720622
9780821721117
9780821721377
9780821721797
9780821721919
9780821723036
9780821723579
9780821723715
9780821724033
9780821724255
9780821724507
9780821724651
9780821725986
9780821726624
9780821726662
9780821727126
9780821727263
9780821727546
9780821727898
9780821728383
9780821728574
9780821729496
9780821730089
9780821730959
9780821730980
9780821731161
9780821731413
9780821731628
9780821732571
9780821732632
9780821732687
9780821732731
9780821733158
9780821733301
9780821733363
9780821734360
9780821734421
9780821737170
9780821737330
9780821737422
9780821737804
9780821738146
9780821738542
9780821740361
9780821742129
9780821743164
9780821743386
9780821744222
9780821745038
9780821745847
9780821745854
9780821748213
9780821748473
9780821749630
9780821750360
9780821750926
9780821752067
9780821753989
9780821754191
9780821754245
9780821754382
9780821754658
9780821759950
9780821760628
9780821760659
9780821761052
9780821761823
9780821762899
9780821762936
9780821763025
9780821763100
9780821765388
9780821765449
9780821765456
9780821766095
9780821766170
9780821766811
9780821767221
9780821767306
9780821768464
9780821768693
9780821769911
9780821770054
9780821770795
9780821772188
9780821772447
9780821772553
9780821772713
9780821773093
9780821773109
9780821773703
9780821773772
9780821774045
9780821774335
9780821774694
9780821774854
9780821774861
9780821775233
9780822000204
9780822053378
9780822328605
9780822516408
9780822934882
9780822942207
9780823016556
9780823030354
9780823049004
9780823077069
9780823410163
9780824102906
9780824512170
9780824516468
9780824516833
9780824602109
9780824802875
9780824910716
9780824980351
9780824985448
9780825300837
9780826329707
9780826414793
9780826943002
9780828004640
9780828319515
9780828908740
9780830057566
9780830412990
9780830707652
9780830813780
9780830819096
9780830819119
9780830819553
9780830819799
9780831702878
9780831703943
9780831727901
9780831739362
9780831752910
9780831756383
9780831761103
9780831780159
9780831786984
9780831787875
9780831790646
9780832605529
9780832700026
9780832905049
9780833544926
9780833549532
9780834117334
9780834401044
9780834804944
9780835605434
9780836118681
9780836119305
9780836200553
9780836218091
9780836218121
9780836222319
9780836225235
9780836228083
9780836230192
9780836230307
9780836236620
9780836236644
9780836250763
9780836269130
9780836270433
9780836282894
9780837818245
9780837850672
9780837898582
9780838452103
9780838820698
9780839786429
9780839825135
9780840730756
9780840751225
9780840768964
9780840776525
9780842302142
9780842305228
9780842311274
9780842325103
9780842326155
9780842335607
9780842340434
9780842340977
9780842341769
9780842342940
9780842342957
9780842342964
9780842342995
9780842343121
9780842352925
9780842360654
9780842362290
9780842362504
9780842364454
9780842382243
9780843104134
9780843105520
9780843105629
9780843105766
9780843105872
9780843105902
9780843107999
9780843109979
9780843112078
9780843114010
9780843114492
9780843129052
9780843774030
9780843904505
9780843910841
9780843922707
9780843922905
9780843923605
9780843923803
9780843924343
9780843924657
9780843924978
9780843930382
9780843930771
9780843931860
9780843932027
9780843932812
9780843933253
9780843933888
9780843935189
9780843935585
9780843937879
9780843939415
9780843940510
9780843942231
9780843943221
9780843943320
9780843944457
9780843944501
9780843944594
9780843945638
9780843947236
9780843947380
9780843948004
9780843950427
9780843950748
9780843951028
9780843951134
9780843952650
9780844221298
9780844243337
9780844248134
9780844254807
9780844276304
9780844739137
9780847699124
9780847811311
9780847817375
9780848706975
9780848716103
9780848718985
9780848803704
9780849903762
9780849906138
9780849908774
9780849909658
9780849910678
9780849914560
9780849915109
9780849916946
9780849928499
9780849929830
9780849931338
9780849934728
9780849940279
9780849942723
9780849943447
9780849952746
9780849954009
9780849958304
9780849959110
9780849985317
9780849995507
9780850304459
9780850306842
9780850308150
9780850311020
9780850314397
9780851001210
9780851214900
9780851312309
9780851315003
9780851510880
9780851703602
9780852064702
9780852073520
9780852633663
9780852923870
9780854764143
9780854766246
9780855337193
9780856540301
9780856968815
9780860512639
9780861128167
9780861129898
9780861631476
9780861713547
9780861888955
9780862016081
9780862411794
9780862412777
9780862416294
9780862641986
9780862880200
9780863580017
9780863581427
9780863581618
9780864380357
9780864420053
9780864421463
9780864421999
9780864424297
9780865317499
9780865473881
9780865474222
9780865474710
9780865475595
9780865531635
9780865542457
9780865680449
9780866119726
9780866119863
9780866119870
9780866222815
9780866224437
9780866225069
9780866228299
9780866252164
9780866252218
9780866252249
9780866253123
9780866253185
9780867063509
9780867193466
9780867199024
9780867241259
9780867601336
9780868197142
9780869140994
9780869143308
9780869755211
9780870113994
9780870117985
9780870118661
9780870119514
9780870239236
9780870333477
9780870402531
9780870442438
9780870448645
9780870448669
9780870449079
9780870449086
9780870700248
9780870704581
9780871068675
9780871131386
9780871132512
9780871134684
9780871137265
9780871138569
9780871161956
9780871239778
9780871240750
9780871310620
9780871313492
9780871314178
9780871314376
9780871314550
9780871315540
9780871317742
9780871401748
9780871401762
9780871486097
9780871561992
9780871564191
9780871564719
9780871966292
9780871966698
9780872200746
9780872201880
9780872206113
9780872237452
9780872237537
9780872496347
9780872860643
9780872861435
9780872862098
9780872862708
9780872863279
9780873226721
9780873417518
9780873418690
9780873529860
9780873585866
9780873586870
9780873645744
9780873771863
9780873982696
9780874036886
9780874061826
9780874063950
9780874064230
9780874065862
9780874221206
9780874491937
9780874494983
9780874518047
9780874749090
9780874773750
9780874775617
9780874775730
9780874803532
9780875020600
9780875165837
9780875302096
9780875303123
9780875303215
9780875420479
9780875420516
9780875421711
9780875422534
9780875424392
9780875791784
9780875870908
9780875940120
9780875964782
9780875966724
9780875967660
9780875968230
9780875968681
9780876055021
9780876055267
9780876058329
9780876120415
9780876665565
9780876668764
9780876852033
9780876852293
9780876854242
9780877013686
9780877015369
9780877017110
9780877017592
9780877017745
9780877018544
9780877190202
9780877191926
9780877205388
9780877283621
9780877284239
9780877285175
9780877288404
9780877288695
9780877437017
9780877457527
9780877735427
9780877735489
9780877736271
9780877795087
9780877932123
9780877934356
9780877950493
9780877952190
9780878055876
9780878162444
9780878305506
9780878331710
9780878337217
9780878575152
9780878577743
9780878579419
9780879055547
9780879056261
9780879056308
9780879101039
9780879234317
9780879235147
9780879237004
9780879462338
9780879516468
9780879516529
9780879677855
9780879727369
9780879736934
9780879830472
9780879839680
9780879977696
9780880012638
9780880014076
9780880015578
9780880016322
9780880223706
9780880227971
9780880290142
9780880290692
9780880297226
9780880298148
9780880299039
9780880388382
9780880795111
9780880885751
9780880885850
9780880911306
9780880970792
9780881501322
9780881501582
9780881623710
9780881663266
9780881763065
9780881765915
9780881842128
9780881843323
9780881846720
9780881847314
9780881849134
9780881923766
9780882073446
9780882081410
9780882402475
9780882549408
9780882664705
9780882664910
9780882665917
9780882668697
9780882669083
9780882701400
9780882899404
9780882901565
9780882902036
9780883321096
9780883448991
9780883639962
9780883656990
9780883752012
9780883961841
9780883964675
9780884043799
9780884114246
9780884790235
9780884860822
9780884860884
9780884861553
9780884861607
9780886451882
9780886772307
9780886774073
9780886774486
9780886775094
9780886776145
9780886776268
9780886777340
9780886777432
9780886777906
9780886778231
9780886778309
9780886779795
9780886802943
9780887059278
9780887065415
9780887080265
9780887294488
9780887299360
9780887434181
9780887435379
9780887482847
9780887801563
9780887845840
9780887846311
9780887846694
9780887846755
9780888012524
9780888302526
9780888940063
9780888946805
9780888993823
9780889104563
9780889104846
9780889610064
9780889612105
9780889626393
9780889651173
9780889711631
9780889740341
9780889740419
9780889751514
9780889751552
9780889751699
9780889751712
9780889751743
9780889751798
9780889751866
9780889752047
9780889841116
9780889842076
9780889950764
9780889950818
9780889951679
9780890043486
9780890093894
9780890132111
9780890244210
9780890246177
9780890371008
9780890433829
9780890510575
9780890660843
9780890811825
9780890811870
9780890838679
9780890849330
9780890871096
9780890873403
9780890874929
9780890875247
9780890877265
9780890877852
9780891061472
9780891094241
9780891096795
9780891348191
9780891374145
9780891415275
9780891452423
9780891905349
9780891917090
9780892438778
9780892560783
9780892749232
9780892811571
9780892813483
9780892814060
9780892815036
9780892817580
9780892817740
9780892818778
9780892833931
9780892838547
9780892961160
9780892961238
9780892961481
9780892961993
9780892962518
9780892963782
9780892965670
9780892966844
9780893343859
9780893752446
9780893757519
9780894105807
9780894717833
9780894800818
9780894801242
9780894801389
9780894801532
9780894808593
9780894860041
9780894905858
9780895262370
9780895293930
9780895429230
9780895550132
9780895552594
9780895553478
9780895555106
9780895555342
9780895556448
9780895640390
9780895656179
9780895770868
9780895771971
9780895774040
9780895774170
9780895774187
9780895774200
9780895774248
9780895774279
9780895775023
9780895775030
9780895775054
9780895775412
9780895775429
9780895775436
9780895775443
9780895778550
9780895778628
9780895779007
9780895863751
9780895870322
9780895941824
9780895944115
9780895990105
9780896218918
9780896219007
9780896227309
9780896382893
9780896600164
9780896891241
9780896933712
9780896935419
9780897210058
9780897212175
9780897212298
9780897212496
9780897212595
9780897212809
9780897214223
9780897214230
9780897214247
9780897214285
9780897214346
9780897214438
9780897214629
9780897331715
9780897500449
9780897813594
9780897891226
9780897894456
9780897931779
9780898025507
9780898150124
9780898151978
9780898152326
9780898154139
9780898155938
9780898158427
9780898210910
9780898220414
9780898403480
9780898656350
9780898703924
9780898705249
9780898705805
9780898795073
9780898799057
9780898799125
9780898799293
9780899091679
9780899093147
9780899193113
9780899193366
9780899197012
9780899198378
9780899199238
9780899199696
9780899429502
9780899545103
9780899972138
9780900424267
9780903505130
9780903505215
9780903505437
9780904681352
9780906495841
9780906540909
9780906731956
9780907526018
9780910034975
9780910055628
9780910199018
9780910293068
9780910383189
9780910412575
9780911104219
9780911745122
9780912104621
9780912301402
9780912333137
9780912383118
9780912588308
9780912656069
9780912678580
9780912696119
9780912697000
9780913098608
9780913546956
9780913589779
9780913836286
9780913923313
9780913923320
9780913990421
9780914101024
9780914427827
9780914955870
9780915099818
9780915179244
9780915179626
9780915396382
9780915463176
9780915473274
9780915658831
9780915720132
9780915811168
9780915850013
9780915920679
9780916766689
9780916773489
9780916856595
9780916896676
9780916951160
9780917012938
9780917102882
9780917253065
9780918259011
9780918432681
9780918684486
9780919345188
9780919345638
9780919345911
9780919345959
9780919574342
9780919797468
9780919948297
9780919964730
9780920080733
9780920236918
9780920256367
9780920304570
9780920459379
9780920470381
9780920470480
9780920501924
9780920792339
9780920897010
9780920897270
9780920953334
9780921411642
9780921689782
9780921881049
9780921912583
9780922729777
9780922915422
9780924486319
9780927545709
9780929141947
9780929274188
9780929274232
9780929895284
9780930323998
9780930328627
9780931089022
9780931128028
9780931188237
9780931188435
9780931271571
9780931411175
9780931411199
9780931445163
9780931580390
9780931787485
9780931948329
9780932102119
9780932238016
9780932294098
9780932379399
9780932499158
9780932592156
9780932707178
9780932813862
9780932944801
9780933216242
9780933278035
9780933377332
9780933614093
9780933855076
9780934070195
9780934174022
9780934323116
9780934323123
9780934395038
9780934395458
9780934426794
9780934601849
9780934802451
9780934878005
9780935091007
9780935111507
9780935526370
9780936085104
9780936340012
9780936340098
9780936861302
9780937702147
9780938586425
9780938586487
9780938753698
9780938805076
9780939007776
9780939149858
9780939165278
9780939165452
9780939391295
9780939416820
9780939508044
9780939660377
9780939680429
9780939979219
9780940188037
9780940212084
9780940262850
9780940535961
9780940625464
9780940625990
9780940666436
9780940676039
9780940685383
9780941121040
9780941188548
9780941263825
9780941405102
9780941423694
9780941423861
9780941483759
9780941920162
9780941969024
9780942237610
9780942394368
9780942440232
9780942802931
9780943231990
9780943358277
9780943734200
9780944002186
9780944072813
9780944092279
9780944276747
9780944276761
9780944386163
9780944462072
9780944501108
9780945296157
9780945296188
9780945296225
9780945528005
9780945575764
9780946626946
9780947898663
9780952614715
9780952614760
9780953663132
9780953920402
9780954018207
9780960267675
9780960267699
9780960793402
9780961437008
9780961474614
9780961515003
9780961642617
9780962091841
9780962109515
9780962142208
9780962197932
9780962268311
9780962321337
9780962348303
9780962449338
9780962520617
9780962655678
9780962713828
9780962743702
9780962838811
9780962847424
9780962858703
9780962869877
9780962944703
9780962954115
9780963078308
9780963266712
9780963411235
9780963416315
9780963832757
9780963906540
9780963941909
9780963960771
9780963960788
9780963960795
9780963988225
9780964047938
9780964095595
9780964109971
9780964129290
9780964140912
9780964367517
9780964367531
9780964367586
9780964628069
9780964639164
9780964731349
9780964731608
9780964863507
9780964894273
9780964894297
9780964946408
9780965045018
9780965045032
9780965190077
9780965298407
9780965300315
9780965327503
9780965353311
9780965353380
9780965380874
9780965624763
9780965694858
9780965752510
9780965763868
9780965779302
9780965863902
9780965866873
9780966069808
9780966234169
9780966286052
9780966347326
9780966431537
9780966463316
9780966517675
9780966677300
9780967005607
9780967084084
9780967168333
9780967202907
9780967349701
9780967431505
9780967542997
9780967577111
9780967578866
9780967819983
9780967857008
9780967911915
9780967911984
9780967987897
9780968217504
9780969428763
9780969912613
9780970398802
9780970398819
9780970449009
9780970449016
9780970449023
9780970565204
9780970580443
9780970746863
9780970779502
9780970804907
9780971220607
9780971220614
9780971220621
9780971326675
9780971358409
9780971447325
9780971498815
9780971663398
9780971734500
9780971736603
9780972060523
9780972319171
9780972328500
9780972384209
9780972555807
9780972633901
9780972647304
9780972914512
9780973093001
9780973119701
9780974168531
9780974282909
9780974282916
9780974579009
9781400020294
9781400030644
9781400030668
9781400031214
9781400031832
9781400032525
9781400035007
9781400040254
9781400040988
9781400046119
9781400046133
9781400049394
9781401025854
9781401033149
9781401047313
9781401069049
9781401076221
9781401097868
9781401359256
9781401900625
9781401901929
9781401902803
9781402200373
9781402202698
9781402705878
9781403355744
9781403362940
9781403370280
9781403376176
9781410100320
9781410702760
9781410728418
9781410764270
9781410764386
9781411604667
9781411605022
9781413701135
9781413704273
9781414018690
9781414049397
9781418412067
9781550024678
9781550139334
9781550139990
9781550170870
9781550224078
9781550224108
9781550376265
9781550502039
9781550541762
9781550549805
9781550650242
9781550660180
9781550744637
9781551050560
9781551090696
9781551091266
9781551105055
9781551520339
9781551520674
9781551521039
9781551531533
9781551661728
9781551663197
9781551664613
9781551664637
9781551665726
9781551665917
9781551668024
9781551668048
9781551669687
9781551802077
9781551923017
9781551971193
9781551972848
9781551973067
9781551990484
9781551991085
9781552049914
9781552091418
9781552093115
9781552125137
9781552128206
9781552128527
9781552200834
9781552229804
9781552633281
9781552634042
9781552634745
9781552780855
9781552780923
9781553660941
9781553695486
9781553697787
9781555136093
9781555137687
9781555138219
9781555139889
9781555212407
9781555215590
9781555216979
9781555425395
9781555471910
9781555472573
9781555534073
9781555611224
9781555613105
9781555613440
9781555833541
9781555834104
9781555834807
9781555834975
9781555835729
9781555836207
9781555836344
9781555837655
9781555843847
9781555973100
9781555973674
9781556110146
9781556155956
9781556430718
9781556508202
9781556521799
9781556522611
9781556522819
9781556523236
9781556610004
9781556610844
9781556611711
9781556612169
9781556612176
9781556612886
9781556613883
9781556780509
9781557043665
9781557531315
9781557734778
9781557737656
9781557737717
9781557738820
9781557739513
9781557739704
9781557780386
9781557783714
9781557784667
9781557788061
9781557831255
9781557831279
9781557850737
9781557883599
9781557982193
9781558152076
9781558171176
9781558172449
9781558173125
9781558173569
9781558173729
9781558173750
9781558174214
9781558175273
9781558175594
9781558175600
9781558176133
9781558211186
9781558213760
9781558506138
9781558508194
9781558532311
9781558532854
9781558533639
9781558533660
9781558538115
9781558580282
9781558582200
9781558584532
9781558611948
9781558701069
9781558701694
9781558702271
9781558703087
9781558703629
9781558741034
9781558742956
9781558744233
9781558748989
9781558851832
9781558851986
9781558962606
9781559210393
9781559212472
9781559360623
9781559360722
9781559500678
9781559501194
9781559501323
9781559501378
9781559582339
9781559587600
9781559635332
9781559702478
9781559720373
9781559722308
9781559724739
9781560252702
9781560253389
9781560253518
9781560445326
9781560523086
9781560526087
9781560728917
9781560768364
9781561152322
9781561380374
9781561382880
9781561386086
9781561446032
9781561447268
9781561483303
9781561581306
9781561630707
9781561632909
9781561640423
9781561640706
9781561712694
9781561734955
9781561735389
9781561739851
9781561792214
9781561793464
9781561793471
9781561793488
9781561795666
9781561796724
9781561797127
9781562053697
9781562054083
9781562393724
9781562451905
9781562614652
9781562801427
9781562822484
9781562829292
9781562880668
9781562880675
9781562882235
9781562920302
9781562920586
9781562924669
9781562925123
9781562933371
9781563097249
9781563151880
9781563262067
9781563262555
9781563330698
9781563411120
9781563520648
9781563522284
9781563525223
9781563527319
9781563895685
9781563896279
9781563897221
9781563897504
9781563897962
9781563974021
9781563975141
9781564020444
9781564025487
9781564141361
9781564144065
9781564144188
9781564145031
9781564145222
9781564145666
9781564147110
9781564147165
9781564402370
9781564404787
9781564405067
9781564405272
9781564406156
9781564408747
9781564409546
9781564584922
9781564587039
9781564764164
9781564774620
9781564774798
9781564780010
9781564781994
9781565041929
9781565048720
9781565049246
9781565049642
9781565072350
9781565072527
9781565076983
9781565078178
9781565079458
9781565105133
9781565120532
9781565121782
9781565122031
9781565123656
9781565302372
9781565543461
9781565844841
9781565845657
9781565847750
9781565920903
9781565921047
9781565921528
9781565922617
9781565924642
9781565925168
9781565925250
9781565925823
9781565926219
9781565970441
9781565970731
9781565970809
9781566192538
9781566194129
9781566194334
9781566196888
9781566198080
9781566490443
9781566861021
9781566910248
9781566933070
9781567062892
9781567115260
9781567140378
9781567181005
9781567181517
9781567181647
9781567182286
9781567182736
9781567183030
9781567184631
9781567184679
9781567186369
9781567186949
9781567188172
9781567311532
9781567313253
9781567314526
9781567315073
9781567315165
9781567315295
9781567315332
9781567315844
9781567407815
9781567920970
9781567921717
9781567921984
9781567997439
9781568217468
9781568383668
9781568581293
9781568582191
9781568582221
9781568651835
9781568652047
9781568652962
9781568654232
9781568655710
9781568656465
9781568658650
9781568810720
9781568842011
9781569013137
9781569247778
9781569247877
9781569249178
9781569312537
9781569312629
9781569312988
9781569470015
9781569471074
9781569471487
9781569471753
9781569472132
9781569552216
9781569602119
9781569714379
9781569752784
9781569752982
9781569801239
9781569874233
9781570270741
9781570361401
9781570428043
9781570611230
9781570640087
9781570641282
9781570649448
9781570670091
9781570670251
9781570670268
9781570710025
9781570713750
9781570714825
9781570718601
9781570719394
9781570750625
9781570822797
9781570827280
9781571290298
9781571517135
9781571685483
9781572153516
9781572242876
9781572302099
9781572305274
9781572317178
9781572434516
9781572594227
9781572701045
9781572702325
9781572940130
9781572970366
9781572970915
9781572971097
9781572971158
9781572971752
9781573060400
9781573222617
9781573225458
9781573225656
9781573225809
9781573226516
9781573228572
9781573229098
9781573241274
9781573241366
9781573241434
9781573241724
9781573241960
9781573248235
9781573248532
9781573920452
9781573922371
9781574090741
9781574441758
9781574860214
9781574883589
9781574884135
9781575000848
9781575025155
9781575210841
9781575213163
9781575420240
9781575420363
9781575660424
9781575661209
9781575668468
9781575668697
9781576104699
9781576571453
9781576600870
9781576734025
9781576734919
9781576736937
9781576737040
9781576751169
9781577192718
9781577311331
9781577311652
9781577312161
9781577314011
9781577330882
9781577349860
9781577484325
9781577487128
9781577487913
9781577489757
9781577593447
9781577660590
9781577684077
9781578050499
9781578062690
9781578152537
9781578152674
9781578511433
9781578516735
9781578562312
9781578562343
9781578564187
9781578590513
9781578590544
9781578590926
9781578611492
9781578614905
9781578631131
9781578660308
9781578660650
9781578661015
9781579120610
9781579120658
9781579121051
9781579121464
9781579122461
9781579546274
9781579547080
9781579722029
9781579730000
9781579730017
9781579730024
9781579730031
9781579730048
9781579730055
9781579730079
9781579730086
9781579730093
9781579730109
9781579730116
9781579730123
9781579730130
9781579730147
9781579730154
9781579730192
9781580080941
9781580083522
9781580171052
9781580171274
9781580172028
9781580172387
9781580174480
9781580540407
9781580622424
9781580622509
9781580625821
9781580630412
9781580630870
9781580631556
9781580631679
9781580863353
9781580910101
9781580910262
9781580910798
9781581127126
9781581170245
9781581744163
9781581822465
9781581822953
9781582290065
9781582290959
9781582292052
9781582292304
9781582342801
9781582343341
9781582430164
9781582430966
9781582431529
9781582432373
9781582432588
9781582442617
9781582450858
9781582971599
9781582971865
9781582972473
9781583220443
9781583224649
9781583224908
9781583340417
9781583485477
9781583485514
9781583940334
9781584850229
9781584850243
9781584851356
9781584852032
9781584854234
9781585160211
9781585360659
9781585420018
9781585670079
9781585670390
9781585744657
9781585790395
9781586104337
9781586481445
9781586490003
9781586601430
9781586604004
9781586605131
9781586635961
9781586636111
9781586636128
9781586636159
9781587170829
9781587171024
9781587360381
9781587360671
9781587491627
9781587492099
9781587494123
9781587541162
9781587680021
9781587882982
9781588320216
9781588513502
9781588983688
9781588984227
9781589195912
9781589800199
9781589821026
9781590030028
9781590170519
9781590861455
9781591050360
9781591092599
9781591097747
9781591132295
9781591295402
9781591430049
9781591450559
9781591820543
9781592170074
9781592230204
9781592231492
9781592400164
9781593080051
9781593100650
9781740591065
9781840384352
9781840460537
9781840460735
9781840860016
9781841071220
9781841120393
9781841483757
9781841491851
9781841640938
9781841880952
9781841881485
9781842326664
9781842327371
9781843910633
9781850156291
9781850292463
9781851523696
9781851524228
9781851585557
9781851585564
9781851586042
9781851588015
9781851681945
9781851773879
9781852243395
9781852277635
9781852305758
9781852306168
9781852309022
9781852423810
9781852424251
9781852425586
9781852427146
9781852532901
9781852741013
9781852741112
9781853024719
9781853027109
9781853066580
9781853261176
9781853261206
9781853261534
9781853263460
9781853263972
9781853264061
9781853264405
9781853264894
9781853712623
9781853751103
9781853752490
9781853752506
9781853753374
9781853754128
9781853811395
9781853910586
9781853913563
9781854091291
9781854104953
9781854106278
9781854250872
9781854582744
9781854582751
9781854718105
9781854794451
9781854799876
9781854873156
9781854878731
9781854879325
9781855380455
9781855380653
9781855383449
9781855856318
9781855859135
9781856191593
9781856193115
9781856196086
9781856483223
9781856979313
9781857026740
9781857543865
9781857820430
9781857821871
9781857920178
9781857920727
9781857923940
9781857926811
9781857932867
9781857987874
9781858282411
9781858282572
9781858285054
9781858285184
9781858683157
9781858817903
9781859580554
9781859584927
9781859675151
9781859844113
9781860119217
9781860195587
9781860196546
9781860463655
9781860466403
9781860492525
9781860493492
9781860495052
9781860495342
9781860743993
9781861005274
9781861082152
9781862071384
9781863305792
9781863711425
9781864368093
9781864485240
9781865084008
9781865155128
9781868421022
9781869503352
9781869584283
9781870586115
9781871676877
9781873411308
9781873475935
9781873982471
9781874166177
9781875137794
9781875892167
9781877988288
9781878020048
9781878067586
9781878257499
9781878346407
9781878424174
9781878450586
9781878542779
9781878736659
9781878739278
9781878887344
9781878990907
9781878990914
9781879181762
9781879181861
9781879237230
9781879418295
9781879505155
9781879535091
9781879664012
9781879960428
9781880000939
9781880029978
9781880032756
9781880033265
9781880141168
9781880404195
9781880507001
9781880559437
9781880559659
9781880559741
9781880666258
9781880908129
9781881052227
9781881164166
9781881164173
9781881394075
9781881394488
9781881559764
9781881649717
9781881649847
9781881830238
9781881830368
9781881892045
9781881927211
9781882413607
9781882593279
9781882606023
9781882633043
9781882897360
9781882897568
9781883011543
9781883211035
9781883249168
9781883319656
9781883402082
9781883518059
9781883523039
9781883926137
9781884570858
9781885073044
9781885174017
9781885211460
9781885222985
9781885223630
9781885352675
9781885469007
9781885478375
9781885492166
9781885492333
9781886039247
9781886093119
9781886449060
9781886910782
9781886947382
9781887053068
9781887128780
9781887178150
9781887178648
9781887424417
9781887624046
9781888375251
9781888444186
9781888451030
9781888604108
9781888848335
9781889330167
9781889330280
9781889538006
9781889538020
9781889538082
9781889538129
9781889538587
9781889538594
9781889538600
9781889538617
9781889540818
9781889893105
9781889968537
9781890009816
9781890065003
9781890394288
9781890449001
9781890612139
9781891197109
9781891327032
9781891442131
9781891442230
9781891575136
9781891830600
9781891852022
9781891944338
9781892062130
9781892065063
9781892127181
9781892127198
9781892723024
9781893224087
9781893896062
9781893896109
9781893896178
9781893956261
9781894454087
9781894663465
9781895387933
9781895636222
9781895653113
9781895688597
9781895836639
9781895837377
9781896095547
9781896356136
9781896503110
9781896522142
9781897730553
9781898323600
9781898617174
9781899598205
9781899606207
9781899791378
9781900512534
9781900796620
9781900924245
9781901250244
9781901447156
9781902035024
9781902618104
9781902881478
9781903207499
9781903517086
9781903650080
9781928806097
9781928994077
9781928999089
9781929001064
9781929065004
9781929065493
9781929180127
9781929664108
9781930009004
9781930009011
9781930009028
9781930009035
9781930009073
9781930038134
9781930500082
9781930586161
9781930586345
9781930806122
9781930844025
9781930859043
9781931229173
9781931296113
9781931296120
9781931402347
9781931412933
9781931499033
9781931499118
9781931499217
9781931499255
9781931514590
9781931561518
9781931686686
9781931686808
9781931696906
9781931722186
9781931742016
9781931742207
9781932009101
9781932100006
9781932100068
9781932124071
9781932453089
9781932690002
9782010024818
9782013217859
9782020061889
9782020220194
9782020220989
9782020228923
9782020338349
9782020340748
9782020362412
9782020416382
9782020525718
9782070366743
9782070372188
9782070374069
9782070375523
9782070381944
9782070404490
9782070421671
9782070423125
9782070531431
9782070545933
9782070752782
9782070764839
9782080720375
9782081646049
9782207247341
9782207249192
9782207249376
9782207249499
9782207250327
9782207250433
9782207250891
9782207301999
9782207303320
9782207303337
9782207303580
9782207303832
9782207303931
9782207304297
9782207304327
9782207304754
9782207304815
9782207304921
9782207305577
9782207305997
9782207503065
9782207503850
9782207505069
9782207505366
9782211082082
9782226034212
9782226034236
9782226048677
9782226089441
9782226113276
9782246493518
9782246586012
9782253036371
9782253037323
9782253040835
9782253053286
9782253076407
9782253097884
9782253137504
9782253145592
9782253151418
9782253152460
9782253154327
9782253171577
9782253171768
9782253171782
9782253172260
9782264011091
9782264030382
9782264031471
9782264032409
9782264034915
9782266107532
9782266112901
9782266113984
9782266121750
9782266123181
9782267011258
9782267013047
9782267015959
9782268024059
9782277300076
9782290153529
9782290302958
9782290306123
9782290312070
9782290316306
9782290318638
9782290327609
9782702124284
9782702705650
9782706110443
9782707125286
9782707302960
9782707311740
9782709623186
9782710300021
9782715222762
9782742741199
9782800100067
9782800100081
9782800100104
9782800100111
9782800100142
9782831557168
9782831578491
9782841721030
9782843235146
9782866004217
9782867441387
9782868693341
9782868698407
9782869306554
9782877141598
9782877142939
9782877305396
9782879392295
9782884454940
9782890515000
9782894293935
9782894330135
9782894641989
9782921171366
9782921556415
9783100052209
9783100463180
9783100767134
9783110133776
9783125217157
9783129295199
9783129295229
9783150069547
9783257200959
9783257204131
9783257211566
9783257215403
9783257215847
9783257220247
9783257227758
9783257232707
9783257232813
9783257233445
9783257233711
9783257260076
9783257700015
9783372003831
9783379015561
9783401019413
9783401021577
9783401047133
9783402034248
9783404120437
9783404128952
9783404129102
9783404138357
9783404138456
9783404142361
9783404143085
9783404144679
9783404144853
9783404145959
9783404146444
9783404146543
9783404147335
9783404148103
9783404148486
9783404149131
9783404201105
9783404605149
9783404921218
9783406340277
9783406421013
9783406502712
9783407783356
9783407807625
9783423017664
9783423072397
9783423085328
9783423090223
9783423124485
9783423127028
9783423127998
9783423130028
9783423130752
9783423201889
9783423202077
9783423204354
9783423243117
9783423250870
9783423621052
9783423703307
9783423704946
9783424015096
9783425067254
9783425068619
9783425068626
9783426031766
9783426602362
9783426612743
9783426615225
9783426615263
9783426617076
9783426618240
9783426621592
9783426640098
9783431036145
9783442037148
9783442084968
9783442094127
9783442098231
9783442117581
9783442118045
9783442126804
9783442133116
9783442133413
9783442150045
9783442151370
9783442151479
9783442245925
9783442248780
9783442306268
9783442309177
9783442351909
9783442351961
9783442353446
9783442355372
9783442356089
9783442356171
9783442415397
9783442422739
9783442424764
9783442426188
9783442432721
9783442433766
9783442434244
9783442435388
9783442435586
9783442437740
9783442438594
9783442439645
9783442439904
9783442442720
9783442442737
9783442443208
9783442443222
9783442443901
9783442447107
9783442447961
9783442449170
9783442451289
9783442453573
9783442454648
9783442540686
9783442553211
9783442711758
9783442721412
9783442721443
9783442724062
9783442726400
9783442727124
9783442729753
9783442761272
9783446123359
9783446124233
9783446146501
9783446161870
9783446192904
9783446193130
9783446200395
9783446202108
9783446202221
9783446203501
9783453011175
9783453048881
9783453082045
9783453082595
9783453090491
9783453092426
9783453130678
9783453132252
9783453152717
9783453152724
9783453155824
9783453160187
9783453160606
9783453160798
9783453162792
9783453169968
9783453171534
9783453174108
9783453177246
9783453178113
9783453179264
9783453179318
9783453179981
9783453188051
9783453189874
9783453190252
9783453195929
9783453196186
9783453196766
9783453199965
9783453206342
9783453212053
9783453212282
9783453213401
9783453213593
9783453303324
9783453861664
9783453864733
9783453867628
9783453870857
9783454521802
9783455013573
9783458319245
9783462021967
9783462024005
9783462028584
9783462029048
9783462029260
9783462029505
9783462032550
9783462035025
9783462035117
9783463401348
9783464052198
9783466203024
9783471770313
9783472613688
9783473520558
9783473580224
9783478088046
9783485003698
9783491240582
9783492040006
9783492041652
9783492043557
9783492223003
9783492227216
9783492230520
9783492237772
9783492238663
9783492270168
9783492270458
9783492270465
9783499109935
9783499110573
9783499112232
9783499153600
9783499194658
9783499205378
9783499207983
9783499224706
9783499230950
9783499231582
9783499433467
9783502120605
9783502144953
9783502146681
9783502517849
9783518067086
9783518374528
9783518374580
9783518386422
9783518388549
9783518388556
9783518388563
9783518390818
9783518392041
9783518398906
9783548026312
9783548250687
9783548251431
9783548254074
9783548254401
9783548256771
9783548603391
9783548680460
9783550071072
9783550071508
9783551735676
9783570205624
9783570261163
9783596112982
9783596118021
9783596132515
9783596134199
9783596134588
9783596136193
9783596140138
9783596143696
9783596149643
9783596150571
9783596151523
9783596151820
9783596152919
9783596153923
9783596221325
9783596247219
9783596247349
9783608910384
9783612273598
9783629005007
9783716502525
9783726005382
9783729600508
9783729606296
9783746616957
9783746618333
9783746618616
9783761005835
9783761080559
9783761081259
9783762604679
9783766837196
9783768810913
9783770108091
9783770131891
9783770147816
9783774223899
9783774254633
9783781751316
9783783116007
9783784415802
9783785533956
9783785538968
9783785544204
9783785702277
9783789106972
9783791322216
9783791504575
9783791530376
9783798703315
9783800050185
9783800166824
9783801230050
9783802526992
9783802527005
9783802527159
9783806217735
9783813402148
9783813501278
9783815717004
9783821808857
9783821818276
9783821830438
9783821830605
9783821837413
9783822808344
9783822812570
9783822855584
9783822872130
9783822881644
9783855023158
9783857910487
9783871735370
9783879751532
9783882430776
9783882432312
9783887690137
9783888800573
9783890291536
9783891050118
9783891360118
9783896021847
9783905252057
9783922028000
9783923880522
9784311700026
9784770019226
9784770023933
9784887755178
9785551172871
9785845105127
9788320530711
9788401011696
9788401327186
9788401418938
9788401433665
9788401461675
9788401467318
9788401476426
9788401491863
9788401499814
9788401570520
9788401570537
9788401570544
9788401570599
9788401901607
9788403092907
9788408001997
9788408010104
9788408017233
9788408037415
9788408040231
9788408042822
9788408048367
9788420401553
9788420428192
9788420436142
9788420442884
9788420485249
9788420602646
9788420616414
9788420618050
9788420635545
9788420661056
9788420661063
9788423331970
9788423333196
9788423334445
9788423901005
9788423903467
9788423976614
9788423988600
9788423988792
9788423988945
9788423990443
9788423992164
9788426410894
9788427200265
9788427201163
9788427201248
9788427201514
9788427202610
9788427202757
9788427202801
9788427202931
9788427202993
9788428208932
9788429704600
9788429709414
9788429744309
9788430577026
9788431504120
9788431504380
9788432021473
9788432021497
9788432203077
9788432204760
9788432207334
9788432207785
9788433908896
9788433911681
9788433912282
9788433912732
9788433914934
9788433914958
9788433924490
9788433966902
9788433969026
9788433969163
9788433970039
9788433970237
9788434837973
9788434896109
9788437601502
9788437602356
9788437602790
9788437606385
9788439702092
9788440622792
9788440653147
9788440659514
9788440663801
9788440666895
9788440676078
9788440676382
9788440691453
9788440695673
9788441401174
9788441402362
9788449502705
9788449503696
9788466610773
9788470780950
9788471663948
9788472231634
9788472237810
9788472238701
9788472452787
9788474171358
9788474324594
9788475967783
9788476308462
9788476308585
9788477271055
9788478095803
9788478444335
9788478447107
9788478809684
9788478887040
9788479017255
9788479530785
9788479534851
9788481301632
9788482384221
9788483240502
9788483731611
9788484031369
9788484321781
9788484370048
9788484502050
9788484502203
9788484502524
9788484505341
9788484507765
9788484508274
9788484530251
9788484539599
9788485815081
9788485815296
9788485815371
9788486311506
9788486623685
9788488793362
9788489693425
9788495002938
9788495359469
9788495501431
9788495971012
9788495971128
9788526708068
9788571644823
9788573023350
9788586821073
9788804323426
9788804362746
9788804374299
9788804436621
9788804482642
9788806147419
9788811738435
9788817150125
9788817537551
9788817661034
9788822112187
9788823003088
9788833910147
9788839710284
9788842056898
9789010017314
9789021479866
9789021490502
9789023438847
9789026303746
9789029000208
9789029005425
9789029017282
9789029042727
9789029051781
9789029535946
9789029547000
9789038845432
9789050180948
9789053330562
9789053334560
9789060126462
9789061695004
9789062130450
9789070066321
9789070066451
9789070066741
9789073978966
9789074336994
9789100560232
9789171491718
9789501322743
9789501519518
9789505115877
9789507313721
9789518841473
9789549103458
9789580439110
9789605401108
9789681502713
9789681906146
9789684063167
9789684110182
9789721040168
9789722007092
9789722013987
9789722109741
9789722112437
9789722504379
9789723703665
9789727084814
9789729484735
9789748303017
9789748303680
9789813068933
9789879789971
9789991291208
